relative_path,bytes,csv_header,site_count_found,parameters_found
site_inventory/noaa_coops_station_encyclopedia_classified.csv,1505833,"tidal,greatlakes,shefcode,details,sensors,floodlevels,datums,supersededdatums,harmonicConstituents,benchmarks,tidePredOffsets,ofsMapOffsets,state,timezone,timezonecorr,observedst,stormsurge,nearby,forecast,outlook,HTFhistorical,HTFmonthly,nonNavigational,inundationdb,id,name,lat,lng,affiliations,portscode,products,disclaimers,notices,self,expand,tideType,source_network,noaa_station_type_query,lon,station_id,x_utm,y_utm,inside_active_mask,distance_to_active_mask_m,within_10km_of_mask,within_50km_of_mask,inside_mask_bbox_utm,mask_tier",3,
site_inventory/usgs_r_pull_candidates_FULL_BROAD_INVENTORY.csv,1343185,"site_no,station_id,station_name,lon,lat,x_utm,y_utm,mask_tier,pull_priority,inside_active_mask,inside_mask_bbox_utm,distance_to_active_mask_m,within_10km_of_mask,within_50km_of_mask",418,
site_inventory/usgs_r_pull_candidates_FIRST25_SMOKE.csv,4400,"site_no,station_id,station_name,lon,lat,x_utm,y_utm,mask_tier,pull_priority,inside_active_mask,inside_mask_bbox_utm,distance_to_active_mask_m,within_10km_of_mask,within_50km_of_mask",25,
site_inventory/usgs_r_pull_candidates_MODEL_DOMAIN_SURFACE_ONLY_FIRST20.csv,213,"site_no,station_id,station_name,lon,lat,x_utm,y_utm,mask_tier,pull_priority,inside_active_mask,inside_mask_bbox_utm,distance_to_active_mask_m,within_10km_of_mask,within_50km_of_mask,site_type,site_type_for_filter",0,
site_inventory/usgs_r_pull_candidates_MODEL_DOMAIN_SURFACE_ONLY.csv,213,"site_no,station_id,station_name,lon,lat,x_utm,y_utm,mask_tier,pull_priority,inside_active_mask,inside_mask_bbox_utm,distance_to_active_mask_m,within_10km_of_mask,within_50km_of_mask,site_type,site_type_for_filter",0,
site_inventory/usgs_gauge_encyclopedia_classified.csv,4816973,,0,
site_inventory/usgs_r_pull_candidates_VERIFIED_ACTIVE_MASK_ALL.csv,499393,"site_no,station_id,station_name,lon,lat,verified_x_utm,verified_y_utm,mask_tier,pull_priority,inside_active_mask,verified_inside_active_mask,verified_mask_value,distance_to_active_mask_m,old_inside_active_mask_from_file,site_type",143,
site_inventory/combined_usgs_noaa_gauge_encyclopedia_classified.csv,7141945,,0,
site_inventory/usgs_verified_active_mask_audit.csv,5933531,,0,
site_inventory/usgs_r_pull_candidates_VERIFIED_ACTIVE_SURFACE_HAS_2024_BOTH_00065_AND_00060.csv,20297,"site_no,station_id,station_name,lon,lat,verified_x_utm,verified_y_utm,mask_tier,verified_inside_active_mask,verified_mask_value,n_time_series_00065,units_00065,statistic_ids_00065,earliest_begin_utc_00065,latest_end_utc_00065,has_metadata_00065,overlaps_2024_00065,n_time_series_00060,units_00060,statistic_ids_00060,earliest_begin_utc_00060,latest_end_utc_00060,has_metadata_00060,overlaps_2024_00060,has_ever_00065_or_00060,has_ever_both_00065_and_00060,has_2024_00065_or_00060,has_2024_both_00065_and_00060,station_name_lower,likely_storm_drain_or_sewer",51,00060; 00065
site_inventory/usgs_r_pull_candidates_VERIFIED_ACTIVE_SURFACE_HAS_EVER_00065_OR_00060.csv,33425,"site_no,station_id,station_name,lon,lat,verified_x_utm,verified_y_utm,mask_tier,verified_inside_active_mask,verified_mask_value,n_time_series_00065,units_00065,statistic_ids_00065,earliest_begin_utc_00065,latest_end_utc_00065,has_metadata_00065,overlaps_2024_00065,n_time_series_00060,units_00060,statistic_ids_00060,earliest_begin_utc_00060,latest_end_utc_00060,has_metadata_00060,overlaps_2024_00060,has_ever_00065_or_00060,has_ever_both_00065_and_00060,has_2024_00065_or_00060,has_2024_both_00065_and_00060,station_name_lower,likely_storm_drain_or_sewer",90,00060; 00065
site_inventory/combined_usgs_noaa_gauge_encyclopedia_REVIEW_SUBSET.csv,2969309,,0,
site_inventory/mask_and_query_bbox_metadata.json,678,,0,
site_inventory/usgs_173_timeseries_metadata_summary.csv,58806,"site_no,station_id,station_name,lon,lat,verified_x_utm,verified_y_utm,mask_tier,verified_inside_active_mask,verified_mask_value,n_time_series_00065,units_00065,statistic_ids_00065,earliest_begin_utc_00065,latest_end_utc_00065,has_metadata_00065,overlaps_2024_00065,n_time_series_00060,units_00060,statistic_ids_00060,earliest_begin_utc_00060,latest_end_utc_00060,has_metadata_00060,overlaps_2024_00060,has_ever_00065_or_00060,has_ever_both_00065_and_00060,has_2024_00065_or_00060,has_2024_both_00065_and_00060,station_name_lower,likely_storm_drain_or_sewer",125,00060; 00065
site_inventory/usgs_monitoring_locations_broad_bbox_classified.csv,4681089,,0,
site_inventory/usgs_2024_confirmed_download_audit.csv,7506,"site_no,parameter_code,downloaded_file,downloaded_file_size_bytes,downloaded_n_rows_est,downloaded_exists",22,00060; 00065
site_inventory/usgs_r_pull_candidates_VERIFIED_ACTIVE_SURFACE_2024_CONFIRMED_DATA.csv,4642,"site_no,station_id,station_name,lon,lat,verified_x_utm,verified_y_utm,mask_tier,pull_priority,inside_active_mask,verified_inside_active_mask,verified_mask_value,distance_to_active_mask_m,old_inside_active_mask_from_file,site_type,has_2024_00065,has_2024_00060,has_2024_any_target,has_both_2024",21,00060; 00065
site_inventory/usgs_r_pull_candidates_VERIFIED_ACTIVE_MASK_FIRST100.csv,19160,"site_no,station_id,station_name,lon,lat,verified_x_utm,verified_y_utm,mask_tier,pull_priority,inside_active_mask,verified_inside_active_mask,verified_mask_value,distance_to_active_mask_m,old_inside_active_mask_from_file,site_type",101,
site_inventory/usgs_r_pull_candidates_REVIEW_SUBSET.csv,683980,"site_no,station_id,station_name,lon,lat,x_utm,y_utm,mask_tier,pull_priority,inside_active_mask,inside_mask_bbox_utm,distance_to_active_mask_m,within_10km_of_mask,within_50km_of_mask",192,
site_inventory/usgs_r_pull_candidates_VERIFIED_ACTIVE_2024_CONFIRMED_DATA.csv,4642,"site_no,station_id,station_name,lon,lat,verified_x_utm,verified_y_utm,mask_tier,pull_priority,inside_active_mask,verified_inside_active_mask,verified_mask_value,distance_to_active_mask_m,old_inside_active_mask_from_file,site_type,has_2024_00065,has_2024_00060,has_2024_any_target,has_both_2024",21,00060; 00065
site_inventory/usgs_r_pull_candidates_VERIFIED_ACTIVE_MASK_SURFACE_NAME_FILTER.csv,34137,"site_no,station_id,station_name,lon,lat,verified_x_utm,verified_y_utm,mask_tier,pull_priority,inside_active_mask,verified_inside_active_mask,verified_mask_value,distance_to_active_mask_m,old_inside_active_mask_from_file,site_type",125,
site_inventory/usgs_173_timeseries_metadata_raw_20260709_124515.csv,83146,"monitoring_location_id,parameter_code,parameter_name,parameter_description,unit_of_measure,statistic_id,begin_utc,end_utc,primary,web_description,computation_identifier,time_series_id",91,00060; 00065
site_inventory/usgs_r_pull_candidates_VERIFIED_ACTIVE_SURFACE_HAS_2024_00065_OR_00060.csv,22600,"site_no,station_id,station_name,lon,lat,verified_x_utm,verified_y_utm,mask_tier,verified_inside_active_mask,verified_mask_value,n_time_series_00065,units_00065,statistic_ids_00065,earliest_begin_utc_00065,latest_end_utc_00065,has_metadata_00065,overlaps_2024_00065,n_time_series_00060,units_00060,statistic_ids_00060,earliest_begin_utc_00060,latest_end_utc_00060,has_metadata_00060,overlaps_2024_00060,has_ever_00065_or_00060,has_ever_both_00065_and_00060,has_2024_00065_or_00060,has_2024_both_00065_and_00060,station_name_lower,likely_storm_drain_or_sewer",58,00060; 00065
normalized_v1/modern/_normalization_metadata/modern_pre_datum_normalization_manifest_v1.csv,537528,"source_system,site_no,parameter_code,source_year,schema_id,contract_action,source_file,source_sha256,contract_expected_numeric_rows,normalized_output_rows,normalized_output_file,normalized_output_sha256,status",95,00060; 00065
normalized_v1/legacy/_normalization_metadata/legacy_pre_datum_normalization_manifest_v1.csv,526339,"source_system,site_no,parameter_code,source_year,schema_id,contract_action,source_file,source_sha256,contract_expected_numeric_rows,normalized_output_rows,normalized_output_file,normalized_output_sha256,timezone_token_counts,status",69,00060; 00065
merged_raw_pre_datum_v1/_merge_metadata/lossless_merged_raw_pre_datum_group_manifest_v1.csv,321610,"site_no,parameter_code,source_year,merged_output_file,modern_input_files,legacy_input_files,modern_rows,legacy_rows,expected_merged_rows,actual_csv_rows,merged_output_sha256,merge_type,deduplicated_rows,datum_offsets_applied,unit_conversions_applied,values_rewritten,status",80,00060; 00065
merged_raw_pre_datum_v1/_merge_metadata/lossless_merged_raw_pre_datum_input_file_manifest_v1.csv,577217,"merged_output_file,append_sequence,append_order_is_not_source_precedence,site_no,parameter_code,source_year,source_system,normalized_input_file,normalized_input_sha256,normalized_input_rows,original_source_file,merged_output_data_row_start,merged_output_data_row_end",78,00060; 00065
merged_raw_pre_datum_v1/_merge_metadata/legacy_pre_datum_normalization_manifest_used_v1.csv,526339,"source_system,site_no,parameter_code,source_year,schema_id,contract_action,source_file,source_sha256,contract_expected_numeric_rows,normalized_output_rows,normalized_output_file,normalized_output_sha256,timezone_token_counts,status",69,00060; 00065
merged_raw_pre_datum_v1/_merge_metadata/modern_pre_datum_normalization_manifest_used_v1.csv,537528,"source_system,site_no,parameter_code,source_year,schema_id,contract_action,source_file,source_sha256,contract_expected_numeric_rows,normalized_output_rows,normalized_output_file,normalized_output_sha256,status",95,00060; 00065
datum_adjusted_v1/_datum_metadata/USGS_DATUM_ADJUSTED_V1_SOURCE_MANIFEST.csv,729,"role,path,sha256",0,
datum_adjusted_v1/_datum_metadata/USGS_DATUM_ADJUSTED_V1_FILE_MANIFEST.csv,318597,"site_no,source_year,input_file,output_file,timestamp_column,original_value_column,rows_read,rows_written,rows_with_offset_applied,rows_without_offset,apply_v1_reference,change_date_local,reference_offset_ft,reference_offset_m,decision_status,input_sha256,output_sha256",77,00065
metadata/usgs_year_2012_EVER89_manifest_backup_20260709_164836.csv,60565,"task_key,site_no,station_name,parameter_code,year_label,start_time_local,end_time_local,status,unit_of_measure,first_time,last_time,out_file,error_message,api_request_made,n_rows,min_value,max_value,file_size_bytes",89,00060; 00065
metadata/usgs_year_1983_EVER89_manifest_backup_20260710_134041.csv,56300,"task_key,site_no,station_name,parameter_code,year_label,start_time_local,end_time_local,status,unit_of_measure,first_time,last_time,out_file,error_message,api_request_made,n_rows,min_value,max_value,file_size_bytes",89,00060; 00065
metadata/usgs_year_2008_EVER89_manifest.csv,60449,"task_key,site_no,station_name,parameter_code,year_label,start_time_local,end_time_local,status,unit_of_measure,first_time,last_time,out_file,error_message,api_request_made,n_rows,min_value,max_value,file_size_bytes",89,00060; 00065
metadata/usgs_year_2001_EVER89_manifest_backup_20260710_115438.csv,57472,"task_key,site_no,station_name,parameter_code,year_label,start_time_local,end_time_local,status,unit_of_measure,first_time,last_time,out_file,error_message,api_request_made,n_rows,min_value,max_value,file_size_bytes",89,00060; 00065
metadata/usgs_active_year_batch_summary_20260709_152705.csv,1189,"year,parameter_code,status,n_tasks,total_rows,total_file_size_gb,year_run_ok,year_error",0,00060; 00065
metadata/usgs_year_2006_EVER89_manifest.csv,57557,"task_key,site_no,station_name,parameter_code,year_label,start_time_local,end_time_local,status,unit_of_measure,first_time,last_time,out_file,error_message,api_request_made,n_rows,min_value,max_value,file_size_bytes",89,00060; 00065
metadata/usgs_year_2024_EVER89_manifest.csv,60302,"task_key,site_no,station_name,parameter_code,year_label,start_time_local,end_time_local,status,unit_of_measure,first_time,last_time,out_file,error_message,api_request_made,n_rows,min_value,max_value,file_size_bytes",89,00060; 00065
metadata/usgs_2024_FIRST25_SMOKE_manifest_20260709_121208.csv,13736,"site_no,station_name,mask_tier,pull_priority,distance_to_active_mask_m,parameter_code,status,n_rows,unit_of_measure,first_time,last_time,min_value,max_value,out_file,error_message",25,00060; 00065
metadata/usgs_year_2014_EVER89_manifest.csv,60594,"task_key,site_no,station_name,parameter_code,year_label,start_time_local,end_time_local,status,unit_of_measure,first_time,last_time,out_file,error_message,api_request_made,n_rows,min_value,max_value,file_size_bytes",89,00060; 00065
metadata/usgs_year_2019_EVER89_manifest.csv,60687,"task_key,site_no,station_name,parameter_code,year_label,start_time_local,end_time_local,status,unit_of_measure,first_time,last_time,out_file,error_message,api_request_made,n_rows,min_value,max_value,file_size_bytes",89,00060; 00065
metadata/usgs_year_2001_EVER89_manifest.csv,57472,"task_key,site_no,station_name,parameter_code,year_label,start_time_local,end_time_local,status,unit_of_measure,first_time,last_time,out_file,error_message,api_request_made,n_rows,min_value,max_value,file_size_bytes",89,00060; 00065
metadata/usgs_year_2009_EVER89_manifest.csv,60459,"task_key,site_no,station_name,parameter_code,year_label,start_time_local,end_time_local,status,unit_of_measure,first_time,last_time,out_file,error_message,api_request_made,n_rows,min_value,max_value,file_size_bytes",89,00060; 00065
metadata/usgs_year_1994_EVER89_manifest_backup_20260710_121721.csv,56865,"task_key,site_no,station_name,parameter_code,year_label,start_time_local,end_time_local,status,unit_of_measure,first_time,last_time,out_file,error_message,api_request_made,n_rows,min_value,max_value,file_size_bytes",89,00060; 00065
metadata/usgs_year_1981_EVER89_manifest.csv,56346,"task_key,site_no,station_name,parameter_code,year_label,start_time_local,end_time_local,status,unit_of_measure,first_time,last_time,out_file,error_message,api_request_made,n_rows,min_value,max_value,file_size_bytes",89,00060; 00065
metadata/usgs_year_1994_EVER89_manifest.csv,56865,"task_key,site_no,station_name,parameter_code,year_label,start_time_local,end_time_local,status,unit_of_measure,first_time,last_time,out_file,error_message,api_request_made,n_rows,min_value,max_value,file_size_bytes",89,00060; 00065
metadata/usgs_year_2016_EVER89_manifest_backup_20260709_152706.csv,60673,"task_key,site_no,station_name,parameter_code,year_label,start_time_local,end_time_local,status,unit_of_measure,first_time,last_time,out_file,error_message,api_request_made,n_rows,min_value,max_value,file_size_bytes",89,00060; 00065
metadata/usgs_year_1992_EVER89_manifest_backup_20260710_122700.csv,56958,"task_key,site_no,station_name,parameter_code,year_label,start_time_local,end_time_local,status,unit_of_measure,first_time,last_time,out_file,error_message,api_request_made,n_rows,min_value,max_value,file_size_bytes",89,00060; 00065
metadata/usgs_year_1979_EVER89_manifest_backup_20260710_135641.csv,56438,"task_key,site_no,station_name,parameter_code,year_label,start_time_local,end_time_local,status,unit_of_measure,first_time,last_time,out_file,error_message,api_request_made,n_rows,min_value,max_value,file_size_bytes",89,00060; 00065
metadata/usgs_year_2007_EVER89_manifest.csv,60346,"task_key,site_no,station_name,parameter_code,year_label,start_time_local,end_time_local,status,unit_of_measure,first_time,last_time,out_file,error_message,api_request_made,n_rows,min_value,max_value,file_size_bytes",89,00060; 00065
metadata/usgs_year_1989_EVER89_manifest.csv,56779,"task_key,site_no,station_name,parameter_code,year_label,start_time_local,end_time_local,status,unit_of_measure,first_time,last_time,out_file,error_message,api_request_made,n_rows,min_value,max_value,file_size_bytes",89,00060; 00065
metadata/usgs_year_2003_EVER89_manifest_backup_20260710_112842.csv,57448,"task_key,site_no,station_name,parameter_code,year_label,start_time_local,end_time_local,status,unit_of_measure,first_time,last_time,out_file,error_message,api_request_made,n_rows,min_value,max_value,file_size_bytes",89,00060; 00065
metadata/usgs_year_2015_EVER89_manifest_backup_20260709_155332.csv,60668,"task_key,site_no,station_name,parameter_code,year_label,start_time_local,end_time_local,status,unit_of_measure,first_time,last_time,out_file,error_message,api_request_made,n_rows,min_value,max_value,file_size_bytes",89,00060; 00065
metadata/usgs_year_2008_EVER89_manifest_backup_20260710_103111.csv,60449,"task_key,site_no,station_name,parameter_code,year_label,start_time_local,end_time_local,status,unit_of_measure,first_time,last_time,out_file,error_message,api_request_made,n_rows,min_value,max_value,file_size_bytes",89,00060; 00065
metadata/usgs_year_2019_EVER89_manifest_backup_20260709_141330.csv,60687,"task_key,site_no,station_name,parameter_code,year_label,start_time_local,end_time_local,status,unit_of_measure,first_time,last_time,out_file,error_message,api_request_made,n_rows,min_value,max_value,file_size_bytes",89,00060; 00065
metadata/usgs_year_2014_EVER89_manifest_backup_20260709_162134.csv,60594,"task_key,site_no,station_name,parameter_code,year_label,start_time_local,end_time_local,status,unit_of_measure,first_time,last_time,out_file,error_message,api_request_made,n_rows,min_value,max_value,file_size_bytes",89,00060; 00065
metadata/usgs_year_2003_EVER89_manifest.csv,57448,"task_key,site_no,station_name,parameter_code,year_label,start_time_local,end_time_local,status,unit_of_measure,first_time,last_time,out_file,error_message,api_request_made,n_rows,min_value,max_value,file_size_bytes",89,00060; 00065
metadata/usgs_year_1979_EVER89_manifest.csv,56438,"task_key,site_no,station_name,parameter_code,year_label,start_time_local,end_time_local,status,unit_of_measure,first_time,last_time,out_file,error_message,api_request_made,n_rows,min_value,max_value,file_size_bytes",89,00060; 00065
metadata/usgs_year_1984_EVER89_manifest_backup_20260710_124457.csv,56468,"task_key,site_no,station_name,parameter_code,year_label,start_time_local,end_time_local,status,unit_of_measure,first_time,last_time,out_file,error_message,api_request_made,n_rows,min_value,max_value,file_size_bytes",89,00060; 00065
metadata/usgs_year_1998_EVER89_manifest.csv,57064,"task_key,site_no,station_name,parameter_code,year_label,start_time_local,end_time_local,status,unit_of_measure,first_time,last_time,out_file,error_message,api_request_made,n_rows,min_value,max_value,file_size_bytes",89,00060; 00065
metadata/usgs_year_1998_EVER89_manifest_backup_20260710_120647.csv,57064,"task_key,site_no,station_name,parameter_code,year_label,start_time_local,end_time_local,status,unit_of_measure,first_time,last_time,out_file,error_message,api_request_made,n_rows,min_value,max_value,file_size_bytes",89,00060; 00065
metadata/usgs_year_2015_EVER89_manifest.csv,60668,"task_key,site_no,station_name,parameter_code,year_label,start_time_local,end_time_local,status,unit_of_measure,first_time,last_time,out_file,error_message,api_request_made,n_rows,min_value,max_value,file_size_bytes",89,00060; 00065
metadata/usgs_2024_smoke_pull_manifest_20260708_160742.csv,920,"site_no,parameter_code,status,n_rows,out_file,error_message",2,00060; 00065
metadata/usgs_year_1983_EVER89_manifest.csv,56300,"task_key,site_no,station_name,parameter_code,year_label,start_time_local,end_time_local,status,unit_of_measure,first_time,last_time,out_file,error_message,api_request_made,n_rows,min_value,max_value,file_size_bytes",89,00060; 00065
metadata/usgs_year_2009_EVER89_manifest_backup_20260710_100851.csv,60459,"task_key,site_no,station_name,parameter_code,year_label,start_time_local,end_time_local,status,unit_of_measure,first_time,last_time,out_file,error_message,api_request_made,n_rows,min_value,max_value,file_size_bytes",89,00060; 00065
metadata/usgs_year_1992_EVER89_manifest.csv,56958,"task_key,site_no,station_name,parameter_code,year_label,start_time_local,end_time_local,status,unit_of_measure,first_time,last_time,out_file,error_message,api_request_made,n_rows,min_value,max_value,file_size_bytes",89,00060; 00065
metadata/usgs_active_year_batch_summary_20260710_100850.csv,3493,"year,parameter_code,status,n_tasks,total_rows,total_file_size_gb,year_run_ok,year_error",0,00060; 00065
metadata/usgs_year_2017_EVER89_manifest_backup_20260709_145337.csv,60733,"task_key,site_no,station_name,parameter_code,year_label,start_time_local,end_time_local,status,unit_of_measure,first_time,last_time,out_file,error_message,api_request_made,n_rows,min_value,max_value,file_size_bytes",89,00060; 00065
metadata/usgs_2024_FULL_BROAD_INVENTORY_manifest_20260709_122054.csv,18922,"site_no,station_name,mask_tier,pull_priority,distance_to_active_mask_m,parameter_code,status,n_rows,unit_of_measure,first_time,last_time,min_value,max_value,file_size_bytes,out_file,error_message",35,00060; 00065
metadata/usgs_year_1981_EVER89_manifest_backup_20260710_134849.csv,56346,"task_key,site_no,station_name,parameter_code,year_label,start_time_local,end_time_local,status,unit_of_measure,first_time,last_time,out_file,error_message,api_request_made,n_rows,min_value,max_value,file_size_bytes",89,00060; 00065
metadata/usgs_year_2012_EVER89_manifest.csv,60565,"task_key,site_no,station_name,parameter_code,year_label,start_time_local,end_time_local,status,unit_of_measure,first_time,last_time,out_file,error_message,api_request_made,n_rows,min_value,max_value,file_size_bytes",89,00060; 00065
metadata/usgs_2024_smoke_pull_manifest_20260708_160359.csv,920,"site_no,parameter_code,status,n_rows,out_file,error_message",2,00060; 00065
metadata/usgs_year_2006_EVER89_manifest_backup_20260710_111338.csv,57557,"task_key,site_no,station_name,parameter_code,year_label,start_time_local,end_time_local,status,unit_of_measure,first_time,last_time,out_file,error_message,api_request_made,n_rows,min_value,max_value,file_size_bytes",89,00060; 00065
metadata/usgs_year_2002_EVER89_manifest.csv,57423,"task_key,site_no,station_name,parameter_code,year_label,start_time_local,end_time_local,status,unit_of_measure,first_time,last_time,out_file,error_message,api_request_made,n_rows,min_value,max_value,file_size_bytes",89,00060; 00065
metadata/usgs_year_1989_EVER89_manifest_backup_20260710_123633.csv,56779,"task_key,site_no,station_name,parameter_code,year_label,start_time_local,end_time_local,status,unit_of_measure,first_time,last_time,out_file,error_message,api_request_made,n_rows,min_value,max_value,file_size_bytes",89,00060; 00065
metadata/usgs_year_1984_EVER89_manifest.csv,56468,"task_key,site_no,station_name,parameter_code,year_label,start_time_local,end_time_local,status,unit_of_measure,first_time,last_time,out_file,error_message,api_request_made,n_rows,min_value,max_value,file_size_bytes",89,00060; 00065
metadata/usgs_year_2007_EVER89_manifest_backup_20260710_105441.csv,60346,"task_key,site_no,station_name,parameter_code,year_label,start_time_local,end_time_local,status,unit_of_measure,first_time,last_time,out_file,error_message,api_request_made,n_rows,min_value,max_value,file_size_bytes",89,00060; 00065
metadata/usgs_year_2024_EVER89_manifest_backup_20260709_140859.csv,60302,"task_key,site_no,station_name,parameter_code,year_label,start_time_local,end_time_local,status,unit_of_measure,first_time,last_time,out_file,error_message,api_request_made,n_rows,min_value,max_value,file_size_bytes",89,00060; 00065
metadata/usgs_year_2017_EVER89_manifest.csv,60733,"task_key,site_no,station_name,parameter_code,year_label,start_time_local,end_time_local,status,unit_of_measure,first_time,last_time,out_file,error_message,api_request_made,n_rows,min_value,max_value,file_size_bytes",89,00060; 00065
metadata/usgs_year_2002_EVER89_manifest_backup_20260710_114149.csv,57423,"task_key,site_no,station_name,parameter_code,year_label,start_time_local,end_time_local,status,unit_of_measure,first_time,last_time,out_file,error_message,api_request_made,n_rows,min_value,max_value,file_size_bytes",89,00060; 00065
metadata/usgs_year_2016_EVER89_manifest.csv,60673,"task_key,site_no,station_name,parameter_code,year_label,start_time_local,end_time_local,status,unit_of_measure,first_time,last_time,out_file,error_message,api_request_made,n_rows,min_value,max_value,file_size_bytes",89,00060; 00065
metadata/usgs_2024_FIRST25_SMOKE_timeseries_duplicate_QA_20260709_121845.csv,5372,"file,n_rows,site,parameter_code,unit_of_measure,n_unique_times,n_time_series_id,time_series_ids,statistic_ids,duplicate_site_param_times,first_time,last_time,min_value,max_value",15,00060; 00065
metadata/post_merge_audits/lossless_merged_raw_pre_datum_fidelity_audit_20260714_184508/lossless_merged_raw_pre_datum_input_byte_replay_results_v1.csv,517174,"merged_output_file,append_sequence,source_system,normalized_input_file,expected_input_sha256,actual_input_sha256,input_body_bytes_replayed,byte_stream_match,status",78,00060; 00065
metadata/post_merge_audits/lossless_merged_raw_pre_datum_fidelity_audit_20260714_184508/lossless_merged_raw_pre_datum_group_fidelity_results_v1.csv,206509,"site_no,parameter_code,source_year,merged_output_file,expected_rows,expected_modern_rows,expected_legacy_rows,input_files_replayed,input_body_bytes_replayed,parsed_csv_rows,parsed_modern_rows,parsed_legacy_rows,malformed_csv_rows,identity_mismatch_rows,unexpected_source_system_rows,auxiliary_site_rows,byte_stream_match,merged_output_hash_match,status",60,00060; 00065
metadata/post_merge_audits/lossless_merged_raw_pre_datum_fidelity_audit_20260714_184508/lossless_merged_raw_pre_datum_fidelity_report_v1.txt,2225,,0,
metadata/post_merge_audits/lossless_merged_raw_pre_datum_fidelity_audit_20260714_184508/lossless_merged_raw_pre_datum_fidelity_issues_v1.csv,52,"scope,merged_output_file,issue,affected_rows,detail",0,
metadata/post_normalization_audits/legacy_pre_datum_fidelity_audit_20260714_175146/legacy_pre_datum_fidelity_issues_v1.csv,51,"source_file,output_file,issue,affected_rows,detail",0,
metadata/post_normalization_audits/legacy_pre_datum_fidelity_audit_20260714_175146/legacy_pre_datum_file_fidelity_results_v1.csv,310740,"source_file,output_file,expected_rows,manifest_rows,audited_rows,source_sha256_match,output_sha256_match,source_row_set_match,status",62,00060; 00065
metadata/post_normalization_audits/legacy_pre_datum_fidelity_audit_20260714_175146/legacy_pre_datum_fidelity_report_v1.txt,1109,,0,
metadata/post_normalization_audits/modern_pre_datum_fidelity_audit_20260714_173406/modern_pre_datum_fidelity_issues_v1.csv,51,"source_file,output_file,issue,affected_rows,detail",0,
metadata/post_normalization_audits/modern_pre_datum_fidelity_audit_20260714_173406/modern_pre_datum_fidelity_report_v1.txt,1080,,0,
metadata/post_normalization_audits/modern_pre_datum_fidelity_audit_20260714_173406/modern_pre_datum_file_fidelity_results_v1.csv,288988,"source_file,output_file,expected_rows,manifest_rows,audited_rows,source_sha256_match,output_sha256_match,source_row_set_match,status",61,00060; 00065
metadata/pre_normalization_audits/source_format_audit_20260714_145343/source_site_parameter_year_coverage.csv,112320,"source_system,site_no_from_path,parameter_from_path,year_from_path,file_count,total_file_bytes,readable_files,empty_sample_files,schema_count",63,00060; 00065
metadata/pre_normalization_audits/source_format_audit_20260714_145343/source_site_parameter_summary.csv,5108,"site_no,source_systems,parameters,distinct_parameters,first_year,last_year,distinct_years,file_count,readable_files,total_file_bytes,has_00060,has_00065",63,00060; 00065
metadata/pre_normalization_audits/source_format_audit_20260714_145343/source_unreadable_or_suspicious_files.csv,265797,"severity,issue,source_system,site_no,parameter_code,year,relative_path,detail",62,00060; 00065
metadata/pre_normalization_audits/source_format_audit_20260714_145343/source_expected_89_site_check.csv,3309,"site_no,in_selected_89_site_inventory,present_in_source_files,has_00060_source_file,has_00065_source_file,modern_file_count,legacy_file_count",90,00060; 00065
metadata/pre_normalization_audits/source_format_audit_20260714_145343/source_duplicate_task_files.csv,112,"source_system,site_no_from_path,parameter_from_path,year_from_path,file_count,total_file_bytes,files,schema_ids",0,
metadata/pre_normalization_audits/source_format_audit_20260714_145343/source_schema_columns.csv,3754803,,0,
metadata/pre_normalization_audits/source_format_audit_20260714_145343/source_candidate_inventory_files.csv,5479,"path,filename,site_column,distinct_sites,matches_expected_89,error,modified_time",0,00060; 00065
metadata/pre_normalization_audits/source_format_audit_20260714_145343/source_schema_signatures.csv,14924,"source_system,parameter_from_path,schema_id,schema_signature,file_count,distinct_sites,distinct_years,first_year,last_year,total_file_bytes",0,00060; 00065
metadata/pre_normalization_audits/source_format_audit_20260714_145343/source_audit_report.txt,2085,,28,00060; 00065
metadata/pre_normalization_audits/source_format_audit_20260714_145343/source_file_inventory.csv,2140911,,0,
metadata/pre_normalization_audits/source_format_audit_20260714_151053/source_site_parameter_year_coverage.csv,112320,"source_system,site_no_from_path,parameter_from_path,year_from_path,file_count,total_file_bytes,readable_files,empty_sample_files,schema_count",63,00060; 00065
metadata/pre_normalization_audits/source_format_audit_20260714_151053/source_site_parameter_summary.csv,5108,"site_no,source_systems,parameters,distinct_parameters,first_year,last_year,distinct_years,file_count,readable_files,total_file_bytes,has_00060,has_00065",63,00060; 00065
metadata/pre_normalization_audits/source_format_audit_20260714_151053/source_unreadable_or_suspicious_files.csv,265797,"severity,issue,source_system,site_no,parameter_code,year,relative_path,detail",62,00060; 00065
metadata/pre_normalization_audits/source_format_audit_20260714_151053/source_expected_89_site_check.csv,5805,"site_no,inventory_source_class,in_selected_89_site_inventory,present_in_source_files,has_00060_source_file,has_00065_source_file,modern_file_count,legacy_file_count",90,00060; 00065
metadata/pre_normalization_audits/source_format_audit_20260714_151053/source_duplicate_task_files.csv,112,"source_system,site_no_from_path,parameter_from_path,year_from_path,file_count,total_file_bytes,files,schema_ids",0,
metadata/pre_normalization_audits/source_format_audit_20260714_151053/source_schema_columns.csv,3754803,,0,
metadata/pre_normalization_audits/source_format_audit_20260714_151053/source_candidate_inventory_files.csv,5479,"path,filename,site_column,distinct_sites,matches_expected_89,error,modified_time",0,00060; 00065
metadata/pre_normalization_audits/source_format_audit_20260714_151053/source_schema_signatures.csv,14924,"source_system,parameter_from_path,schema_id,schema_signature,file_count,distinct_sites,distinct_years,first_year,last_year,total_file_bytes",0,00060; 00065
metadata/pre_normalization_audits/source_format_audit_20260714_151053/source_audit_report.txt,2670,,28,00060; 00065
metadata/pre_normalization_audits/source_format_audit_20260714_151053/source_file_inventory.csv,2140911,,0,
metadata/datum_offset_references/datum_offset_reference_v1_20260715_142644/USGS_DATUM_OFFSET_REFERENCE_V1.csv,22854,"site_no,apply_v1,date_changed_to_navd88,offset_to_add_before_change_ft,offset_to_add_before_change_m,decision_status,manual_override_or_review,decision_basis,original_llm_consensus_date,original_llm_consensus_offset_ft,original_llm_consensus_offset_m,original_comparison_class,llm_01_flags,llm_02_flags,reference_version",89,
metadata/datum_offset_references/datum_offset_reference_v1_20260715_142644/SOURCE_USGS_DATUM_FINAL_SIMPLE_OFFSETS_V1.csv,1674,"site_no,date_changed_to_navd88,offset_to_add_before_change_m",89,
metadata/datum_offset_references/datum_offset_reference_v1_20260715_142644/SOURCE_USGS_DATUM_FINAL_STATUS_V1.csv,19540,"site_no,final_status,has_current_merged_00065_rows,comparison_class,llm_01_flags,llm_02_flags,final_date_changed_to_navd88,final_offset_to_add_before_change_m,basis",89,00065
metadata/datum_offset_references/datum_offset_reference_v1_20260715_142644/USGS_DATUM_OFFSET_APPLICATION_V1.csv,1680,"site_no,date_changed_to_navd88,offset_to_add_before_change_m",89,
metadata/datum_offset_references/datum_offset_reference_v1_20260715_142644/USGS_DATUM_OFFSET_REFERENCE_V1_SOURCE_MANIFEST.csv,1161,"role,path,sha256",0,
metadata/datum_offset_references/datum_offset_reference_v1_20260715_142644/USGS_DATUM_OFFSET_REFERENCE_V1_REPORT.txt,3608,,16,00065
metadata/audits/modern_archive_status_summary_by_year_param.csv,4716,"year,parameter_code,status,n_tasks,total_rows_manifest,total_file_size_gb_manifest",0,00060; 00065
metadata/audits/modern_archive_year_task_summary.csv,765,"year,latest_tasks,latest_error_tasks,latest_ok_tasks,latest_empty_tasks,latest_skipped_no_metadata_overlap,expected_tasks,task_count_ok",0,
metadata/audits/modern_archive_latest_task_rows.csv,1280631,"task_key,site_no,station_name,parameter_code,year_label,start_time_local,end_time_local,status,unit_of_measure,first_time,last_time,out_file,error_message,api_request_made,n_rows,min_value,max_value,file_size_bytes,year,_row_id",89,00060; 00065
metadata/audits/modern_archive_coverage_by_year_param.csv,8241,"year,parameter_code,latest_tasks,ok_tasks,empty_tasks,skipped_no_metadata_overlap_tasks,error_tasks,total_rows_manifest,total_file_size_gb_manifest,raw_dir,n_raw_csv_files,raw_csv_rows_fast,raw_csv_size_gb,legacy_priority",0,00060; 00065
metadata/audits/modern_archive_latest_errors.csv,228,"task_key,site_no,station_name,parameter_code,year_label,start_time_local,end_time_local,status,unit_of_measure,first_time,last_time,out_file,error_message,api_request_made,n_rows,min_value,max_value,file_size_bytes,year,_row_id",0,
metadata/normalizer_design_audits/actual_availability_20260714_153339/actual_target_site_summary_89.csv,5689,"site_no,has_usable_event_year_data_00060,has_usable_event_year_data_00065,usable_file_count_00060,usable_file_count_00065,modern_usable_file_count_00060,modern_usable_file_count_00065,legacy_usable_file_count_00060,legacy_usable_file_count_00065,nonempty_task_file_count_00060,nonempty_task_file_count_00065,empty_task_file_count_00060,empty_task_file_count_00065,actual_parameter_availability",89,00060; 00065
metadata/normalizer_design_audits/actual_availability_20260714_153339/actual_source_file_classification.csv,2332442,,0,
metadata/normalizer_design_audits/actual_availability_20260714_153339/actual_auxiliary_source_files.csv,2623,"source_system,relative_path,absolute_path,filename,site_no_from_path,parameter_from_path,year_from_path,file_size_bytes,suffix,sample_rows_read,exact_row_count,column_count,schema_signature,schema_id,site_columns,parameter_columns,datetime_columns,date_columns,time_columns,timezone_columns,unit_columns,qualifier_columns,approval_columns,method_columns,requested_parameter_value_columns,generic_value_columns,sample_nonempty_counts_json,sha256,read_status,read_error,site_no,parameter_code,year,is_target_site,has_any_value_candidate,is_known_accepted_exception,availability_class,usable_for_normalization,excluded_reason",1,00060; 00065
metadata/normalizer_design_audits/actual_availability_20260714_153339/actual_target_site_parameter_availability.csv,26738,"site_no,parameter_code,task_file_count,nonempty_task_file_count,usable_file_count,empty_task_file_count,unusable_nonempty_file_count,source_systems,first_usable_year,last_usable_year,usable_years,modern_usable_file_count,legacy_usable_file_count,has_any_task_file,has_nonempty_source_file,has_usable_event_year_data,has_modern_usable_data,has_legacy_usable_data,availability_status",89,00060; 00065
metadata/normalizer_design_audits/actual_availability_20260714_153339/actual_unusable_nonempty_files.csv,1456,"source_system,relative_path,absolute_path,filename,site_no_from_path,parameter_from_path,year_from_path,file_size_bytes,suffix,sample_rows_read,exact_row_count,column_count,schema_signature,schema_id,site_columns,parameter_columns,datetime_columns,date_columns,time_columns,timezone_columns,unit_columns,qualifier_columns,approval_columns,method_columns,requested_parameter_value_columns,generic_value_columns,sample_nonempty_counts_json,sha256,read_status,read_error,site_no,parameter_code,year,is_target_site,has_any_value_candidate,is_known_accepted_exception,availability_class,usable_for_normalization,excluded_reason",1,00060; 00065
metadata/normalizer_design_audits/actual_availability_20260714_153339/actual_availability_report.txt,1243,,1,00060; 00065
metadata/normalizer_design_audits/full_layout_value_scan_20260714_155432/verified_site_parameter_availability.csv,6155,"site_no,parameter_code,source_file_count,numeric_value_rows,missing_value_rows,malformed_value_rows,blocked_file_count,has_verified_numeric_data",89,00060; 00065
metadata/normalizer_design_audits/full_layout_value_scan_20260714_155432/verified_numeric_files.csv,150444,"source_system,site_no,parameter_code,source_year,schema_id,relative_path,absolute_path,is_target_site,all_columns,value_layout,selected_value_column,selected_parameter_column,value_layout_status,datetime_layout,selected_datetime_primary,selected_datetime_secondary,datetime_layout_status,selected_site_column,site_layout_status,selected_timezone_column,timezone_layout_status,selected_qualifier_column,qualifier_layout_status,selected_approval_column,approval_layout_status,selected_method_column,method_layout_status,selected_unit_column,unit_layout_status,total_rows,requested_parameter_rows,other_parameter_rows,requested_missing_value_rows,requested_numeric_value_rows,requested_malformed_value_rows,numeric_rows_with_missing_datetime,numeric_rows_with_unparseable_datetime,numeric_rows_with_parseable_datetime,numeric_rows_with_explicit_timezone_in_datetime,numeric_rows_with_missing_timezone,numeric_rows_with_missing_site,site_mismatch_rows,local_datetime_year_mismatch_rows,timezone_unique_values,file_classification,blocking_reason",34,00060; 00065
metadata/normalizer_design_audits/full_layout_value_scan_20260714_155432/blocking_files.csv,1021740,"source_system,site_no,parameter_code,source_year,schema_id,relative_path,absolute_path,is_target_site,all_columns,value_layout,selected_value_column,selected_parameter_column,value_layout_status,datetime_layout,selected_datetime_primary,selected_datetime_secondary,datetime_layout_status,selected_site_column,site_layout_status,selected_timezone_column,timezone_layout_status,selected_qualifier_column,qualifier_layout_status,selected_approval_column,approval_layout_status,selected_method_column,method_layout_status,selected_unit_column,unit_layout_status,total_rows,requested_parameter_rows,other_parameter_rows,requested_missing_value_rows,requested_numeric_value_rows,requested_malformed_value_rows,numeric_rows_with_missing_datetime,numeric_rows_with_unparseable_datetime,numeric_rows_with_parseable_datetime,numeric_rows_with_explicit_timezone_in_datetime,numeric_rows_with_missing_timezone,numeric_rows_with_missing_site,site_mismatch_rows,local_datetime_year_mismatch_rows,timezone_unique_values,file_classification,blocking_reason",60,00060; 00065
metadata/normalizer_design_audits/full_layout_value_scan_20260714_155432/full_layout_value_scan_report.txt,992,,0,00060; 00065
metadata/normalizer_design_audits/full_layout_value_scan_20260714_155432/verified_target_site_summary_89.csv,3813,"site_no,has_verified_numeric_data_00060,has_verified_numeric_data_00065,numeric_value_rows_00060,numeric_value_rows_00065,blocked_file_count_00060,blocked_file_count_00065,verified_parameter_availability",89,00060; 00065
metadata/normalizer_design_audits/full_layout_value_scan_20260714_155432/excluded_auxiliary_files.csv,1041,"source_system,site_no,parameter_code,source_year,schema_id,relative_path,absolute_path,is_target_site,all_columns,value_layout,selected_value_column,selected_parameter_column,value_layout_status,datetime_layout,selected_datetime_primary,selected_datetime_secondary,datetime_layout_status,selected_site_column,site_layout_status,selected_timezone_column,timezone_layout_status,selected_qualifier_column,qualifier_layout_status,selected_approval_column,approval_layout_status,selected_method_column,method_layout_status,selected_unit_column,unit_layout_status,total_rows,requested_parameter_rows,other_parameter_rows,requested_missing_value_rows,requested_numeric_value_rows,requested_malformed_value_rows,numeric_rows_with_missing_datetime,numeric_rows_with_unparseable_datetime,numeric_rows_with_parseable_datetime,numeric_rows_with_explicit_timezone_in_datetime,numeric_rows_with_missing_timezone,numeric_rows_with_missing_site,site_mismatch_rows,local_datetime_year_mismatch_rows,timezone_unique_values,file_classification,blocking_reason",0,
metadata/normalizer_design_audits/full_layout_value_scan_20260714_155432/verified_zero_row_files.csv,990487,"source_system,site_no,parameter_code,source_year,schema_id,relative_path,absolute_path,is_target_site,all_columns,value_layout,selected_value_column,selected_parameter_column,value_layout_status,datetime_layout,selected_datetime_primary,selected_datetime_secondary,datetime_layout_status,selected_site_column,site_layout_status,selected_timezone_column,timezone_layout_status,selected_qualifier_column,qualifier_layout_status,selected_approval_column,approval_layout_status,selected_method_column,method_layout_status,selected_unit_column,unit_layout_status,total_rows,requested_parameter_rows,other_parameter_rows,requested_missing_value_rows,requested_numeric_value_rows,requested_malformed_value_rows,numeric_rows_with_missing_datetime,numeric_rows_with_unparseable_datetime,numeric_rows_with_parseable_datetime,numeric_rows_with_explicit_timezone_in_datetime,numeric_rows_with_missing_timezone,numeric_rows_with_missing_site,site_mismatch_rows,local_datetime_year_mismatch_rows,timezone_unique_values,file_classification,blocking_reason",62,00060; 00065
metadata/normalizer_design_audits/full_layout_value_scan_20260714_155432/full_file_layout_value_profile.csv,2162377,,0,
metadata/normalizer_design_audits/modern_year_mismatch_anatomy_20260714_163017/modern_year_mismatch_samples.csv,1060516,"site_no,parameter_code,source_year,relative_path,source_row_number,timestamp_raw,timestamp_utc,raw_calendar_year,utc_calendar_year,value_raw,value_numeric,hours_outside_nominal_utc_year",60,00060; 00065
metadata/normalizer_design_audits/modern_year_mismatch_anatomy_20260714_163017/modern_year_mismatch_report.txt,1231,,0,
metadata/normalizer_design_audits/modern_year_mismatch_anatomy_20260714_163017/narrow_representation_or_boundary_cases.csv,372619,"site_no,parameter_code,source_year,schema_id,relative_path,numeric_requested_rows,raw_year_match_rows,raw_year_mismatch_rows,utc_year_match_rows,utc_year_mismatch_rows,rows_where_either_raw_or_utc_year_matches,rows_where_neither_raw_nor_utc_year_matches,previous_utc_year_rows,next_utc_year_rows,nonadjacent_year_rows,adjacent_rows_within_boundary_tolerance,adjacent_rows_beyond_boundary_tolerance,maximum_hours_outside_nominal_utc_year,first_numeric_timestamp_raw,last_numeric_timestamp_raw,first_numeric_timestamp_utc,last_numeric_timestamp_utc,raw_year_counts,utc_year_counts,classification,read_error",60,00060; 00065
metadata/normalizer_design_audits/modern_year_mismatch_anatomy_20260714_163017/broad_or_unresolved_year_cases.csv,605,"site_no,parameter_code,source_year,schema_id,relative_path,numeric_requested_rows,raw_year_match_rows,raw_year_mismatch_rows,utc_year_match_rows,utc_year_mismatch_rows,rows_where_either_raw_or_utc_year_matches,rows_where_neither_raw_nor_utc_year_matches,previous_utc_year_rows,next_utc_year_rows,nonadjacent_year_rows,adjacent_rows_within_boundary_tolerance,adjacent_rows_beyond_boundary_tolerance,maximum_hours_outside_nominal_utc_year,first_numeric_timestamp_raw,last_numeric_timestamp_raw,first_numeric_timestamp_utc,last_numeric_timestamp_utc,raw_year_counts,utc_year_counts,classification,read_error",0,
metadata/normalizer_design_audits/modern_year_mismatch_anatomy_20260714_163017/modern_year_mismatch_by_file.csv,372619,"site_no,parameter_code,source_year,schema_id,relative_path,numeric_requested_rows,raw_year_match_rows,raw_year_mismatch_rows,utc_year_match_rows,utc_year_mismatch_rows,rows_where_either_raw_or_utc_year_matches,rows_where_neither_raw_nor_utc_year_matches,previous_utc_year_rows,next_utc_year_rows,nonadjacent_year_rows,adjacent_rows_within_boundary_tolerance,adjacent_rows_beyond_boundary_tolerance,maximum_hours_outside_nominal_utc_year,first_numeric_timestamp_raw,last_numeric_timestamp_raw,first_numeric_timestamp_utc,last_numeric_timestamp_utc,raw_year_counts,utc_year_counts,classification,read_error",60,00060; 00065
metadata/normalizer_design_audits/normalization_contract_20260714_165050/unresolved_contract_items.csv,1,,0,
metadata/normalizer_design_audits/normalization_contract_20260714_165050/contract_verified_target_site_summary_89.csv,3796,"site_no,has_verified_numeric_data_00060,has_verified_numeric_data_00065,numeric_value_rows_00060,numeric_value_rows_00065,blocked_file_count_00060,blocked_file_count_00065,verified_parameter_availability",89,00060; 00065
metadata/normalizer_design_audits/normalization_contract_20260714_165050/proposed_normalization_contract_by_schema.csv,7021,"source_system,parameter_code,schema_id,file_count,site_count,first_source_year,last_source_year,mapping_signature_count,value_layout,value_column,parameter_column,datetime_layout,datetime_primary,datetime_secondary,site_column,timezone_column,qualifier_column,approval_column,method_column,unit_column,numeric_row_count,missing_value_row_count,contract_status",0,00060; 00065
metadata/normalizer_design_audits/normalization_contract_20260714_165050/proposed_zero_row_and_exclusion_manifest.csv,2080094,,0,
metadata/normalizer_design_audits/normalization_contract_20260714_165050/proposed_normalization_contract_by_file.csv,3149490,,0,
metadata/normalizer_design_audits/normalization_contract_20260714_165050/contract_verified_site_parameter_availability.csv,6366,"site_no,parameter_code,source_file_count,numeric_value_rows,missing_value_rows,malformed_value_rows,blocked_file_count,has_verified_numeric_data",89,00060; 00065
metadata/normalizer_design_audits/normalization_contract_20260714_165050/normalization_contract_report.txt,1323,,0,
metadata/normalizer_design_audits/full_layout_value_scan_20260714_155947/verified_site_parameter_availability.csv,6441,"site_no,parameter_code,source_file_count,numeric_value_rows,missing_value_rows,malformed_value_rows,blocked_file_count,has_verified_numeric_data",89,00060; 00065
metadata/normalizer_design_audits/full_layout_value_scan_20260714_155947/verified_numeric_files.csv,236410,"source_system,site_no,parameter_code,source_year,schema_id,relative_path,absolute_path,is_target_site,all_columns,value_layout,selected_value_column,selected_parameter_column,value_layout_status,datetime_layout,selected_datetime_primary,selected_datetime_secondary,datetime_layout_status,selected_site_column,site_layout_status,selected_timezone_column,timezone_layout_status,selected_qualifier_column,qualifier_layout_status,selected_approval_column,approval_layout_status,selected_method_column,method_layout_status,selected_unit_column,unit_layout_status,total_rows,requested_parameter_rows,other_parameter_rows,requested_missing_value_rows,requested_numeric_value_rows,requested_malformed_value_rows,numeric_rows_with_missing_datetime,numeric_rows_with_unparseable_datetime,numeric_rows_with_parseable_datetime,numeric_rows_with_explicit_timezone_in_datetime,numeric_rows_with_missing_timezone,numeric_rows_with_missing_site,site_mismatch_rows,local_datetime_year_mismatch_rows,timezone_unique_values,file_classification,blocking_reason",43,00060; 00065
metadata/normalizer_design_audits/full_layout_value_scan_20260714_155947/blocking_files.csv,845169,"source_system,site_no,parameter_code,source_year,schema_id,relative_path,absolute_path,is_target_site,all_columns,value_layout,selected_value_column,selected_parameter_column,value_layout_status,datetime_layout,selected_datetime_primary,selected_datetime_secondary,datetime_layout_status,selected_site_column,site_layout_status,selected_timezone_column,timezone_layout_status,selected_qualifier_column,qualifier_layout_status,selected_approval_column,approval_layout_status,selected_method_column,method_layout_status,selected_unit_column,unit_layout_status,total_rows,requested_parameter_rows,other_parameter_rows,requested_missing_value_rows,requested_numeric_value_rows,requested_malformed_value_rows,numeric_rows_with_missing_datetime,numeric_rows_with_unparseable_datetime,numeric_rows_with_parseable_datetime,numeric_rows_with_explicit_timezone_in_datetime,numeric_rows_with_missing_timezone,numeric_rows_with_missing_site,site_mismatch_rows,local_datetime_year_mismatch_rows,timezone_unique_values,file_classification,blocking_reason",60,00060; 00065
metadata/normalizer_design_audits/full_layout_value_scan_20260714_155947/full_layout_value_scan_report.txt,996,,0,00060; 00065
metadata/normalizer_design_audits/full_layout_value_scan_20260714_155947/verified_target_site_summary_89.csv,3871,"site_no,has_verified_numeric_data_00060,has_verified_numeric_data_00065,numeric_value_rows_00060,numeric_value_rows_00065,blocked_file_count_00060,blocked_file_count_00065,verified_parameter_availability",89,00060; 00065
metadata/normalizer_design_audits/full_layout_value_scan_20260714_155947/excluded_auxiliary_files.csv,2609,"source_system,site_no,parameter_code,source_year,schema_id,relative_path,absolute_path,is_target_site,all_columns,value_layout,selected_value_column,selected_parameter_column,value_layout_status,datetime_layout,selected_datetime_primary,selected_datetime_secondary,datetime_layout_status,selected_site_column,site_layout_status,selected_timezone_column,timezone_layout_status,selected_qualifier_column,qualifier_layout_status,selected_approval_column,approval_layout_status,selected_method_column,method_layout_status,selected_unit_column,unit_layout_status,total_rows,requested_parameter_rows,other_parameter_rows,requested_missing_value_rows,requested_numeric_value_rows,requested_malformed_value_rows,numeric_rows_with_missing_datetime,numeric_rows_with_unparseable_datetime,numeric_rows_with_parseable_datetime,numeric_rows_with_explicit_timezone_in_datetime,numeric_rows_with_missing_timezone,numeric_rows_with_missing_site,site_mismatch_rows,local_datetime_year_mismatch_rows,timezone_unique_values,file_classification,blocking_reason",1,00060; 00065
metadata/normalizer_design_audits/full_layout_value_scan_20260714_155947/verified_zero_row_files.csv,990487,"source_system,site_no,parameter_code,source_year,schema_id,relative_path,absolute_path,is_target_site,all_columns,value_layout,selected_value_column,selected_parameter_column,value_layout_status,datetime_layout,selected_datetime_primary,selected_datetime_secondary,datetime_layout_status,selected_site_column,site_layout_status,selected_timezone_column,timezone_layout_status,selected_qualifier_column,qualifier_layout_status,selected_approval_column,approval_layout_status,selected_method_column,method_layout_status,selected_unit_column,unit_layout_status,total_rows,requested_parameter_rows,other_parameter_rows,requested_missing_value_rows,requested_numeric_value_rows,requested_malformed_value_rows,numeric_rows_with_missing_datetime,numeric_rows_with_unparseable_datetime,numeric_rows_with_parseable_datetime,numeric_rows_with_explicit_timezone_in_datetime,numeric_rows_with_missing_timezone,numeric_rows_with_missing_site,site_mismatch_rows,local_datetime_year_mismatch_rows,timezone_unique_values,file_classification,blocking_reason",62,00060; 00065
metadata/normalizer_design_audits/full_layout_value_scan_20260714_155947/full_file_layout_value_profile.csv,2071552,,0,
metadata/normalizer_design_audits/full_layout_value_scan_20260714_164549/verified_site_parameter_availability.csv,6366,"site_no,parameter_code,source_file_count,numeric_value_rows,missing_value_rows,malformed_value_rows,blocked_file_count,has_verified_numeric_data",89,00060; 00065
metadata/normalizer_design_audits/full_layout_value_scan_20260714_164549/verified_numeric_files.csv,1066060,"source_system,site_no,parameter_code,source_year,schema_id,relative_path,absolute_path,is_target_site,all_columns,value_layout,selected_value_column,selected_parameter_column,value_layout_status,datetime_layout,selected_datetime_primary,selected_datetime_secondary,datetime_layout_status,selected_site_column,site_layout_status,selected_timezone_column,timezone_layout_status,selected_qualifier_column,qualifier_layout_status,selected_approval_column,approval_layout_status,selected_method_column,method_layout_status,selected_unit_column,unit_layout_status,total_rows,requested_parameter_rows,other_parameter_rows,requested_missing_value_rows,requested_numeric_value_rows,requested_malformed_value_rows,numeric_rows_with_missing_datetime,numeric_rows_with_unparseable_datetime,numeric_rows_with_parseable_datetime,numeric_rows_with_explicit_timezone_in_datetime,numeric_rows_with_missing_timezone,numeric_rows_with_missing_site,site_mismatch_rows,local_datetime_year_mismatch_rows,timezone_unique_values,file_classification,blocking_reason",60,00060; 00065
metadata/normalizer_design_audits/full_layout_value_scan_20260714_164549/blocking_files.csv,1041,"source_system,site_no,parameter_code,source_year,schema_id,relative_path,absolute_path,is_target_site,all_columns,value_layout,selected_value_column,selected_parameter_column,value_layout_status,datetime_layout,selected_datetime_primary,selected_datetime_secondary,datetime_layout_status,selected_site_column,site_layout_status,selected_timezone_column,timezone_layout_status,selected_qualifier_column,qualifier_layout_status,selected_approval_column,approval_layout_status,selected_method_column,method_layout_status,selected_unit_column,unit_layout_status,total_rows,requested_parameter_rows,other_parameter_rows,requested_missing_value_rows,requested_numeric_value_rows,requested_malformed_value_rows,numeric_rows_with_missing_datetime,numeric_rows_with_unparseable_datetime,numeric_rows_with_parseable_datetime,numeric_rows_with_explicit_timezone_in_datetime,numeric_rows_with_missing_timezone,numeric_rows_with_missing_site,site_mismatch_rows,local_datetime_year_mismatch_rows,timezone_unique_values,file_classification,blocking_reason",0,
metadata/normalizer_design_audits/full_layout_value_scan_20260714_164549/full_layout_value_scan_report.txt,966,,0,00060; 00065
metadata/normalizer_design_audits/full_layout_value_scan_20260714_164549/verified_target_site_summary_89.csv,3796,"site_no,has_verified_numeric_data_00060,has_verified_numeric_data_00065,numeric_value_rows_00060,numeric_value_rows_00065,blocked_file_count_00060,blocked_file_count_00065,verified_parameter_availability",89,00060; 00065
metadata/normalizer_design_audits/full_layout_value_scan_20260714_164549/excluded_auxiliary_files.csv,2607,"source_system,site_no,parameter_code,source_year,schema_id,relative_path,absolute_path,is_target_site,all_columns,value_layout,selected_value_column,selected_parameter_column,value_layout_status,datetime_layout,selected_datetime_primary,selected_datetime_secondary,datetime_layout_status,selected_site_column,site_layout_status,selected_timezone_column,timezone_layout_status,selected_qualifier_column,qualifier_layout_status,selected_approval_column,approval_layout_status,selected_method_column,method_layout_status,selected_unit_column,unit_layout_status,total_rows,requested_parameter_rows,other_parameter_rows,requested_missing_value_rows,requested_numeric_value_rows,requested_malformed_value_rows,numeric_rows_with_missing_datetime,numeric_rows_with_unparseable_datetime,numeric_rows_with_parseable_datetime,numeric_rows_with_explicit_timezone_in_datetime,numeric_rows_with_missing_timezone,numeric_rows_with_missing_site,site_mismatch_rows,local_datetime_year_mismatch_rows,timezone_unique_values,file_classification,blocking_reason",1,00060; 00065
metadata/normalizer_design_audits/full_layout_value_scan_20260714_164549/verified_zero_row_files.csv,990487,"source_system,site_no,parameter_code,source_year,schema_id,relative_path,absolute_path,is_target_site,all_columns,value_layout,selected_value_column,selected_parameter_column,value_layout_status,datetime_layout,selected_datetime_primary,selected_datetime_secondary,datetime_layout_status,selected_site_column,site_layout_status,selected_timezone_column,timezone_layout_status,selected_qualifier_column,qualifier_layout_status,selected_approval_column,approval_layout_status,selected_method_column,method_layout_status,selected_unit_column,unit_layout_status,total_rows,requested_parameter_rows,other_parameter_rows,requested_missing_value_rows,requested_numeric_value_rows,requested_malformed_value_rows,numeric_rows_with_missing_datetime,numeric_rows_with_unparseable_datetime,numeric_rows_with_parseable_datetime,numeric_rows_with_explicit_timezone_in_datetime,numeric_rows_with_missing_timezone,numeric_rows_with_missing_site,site_mismatch_rows,local_datetime_year_mismatch_rows,timezone_unique_values,file_classification,blocking_reason",62,00060; 00065
metadata/normalizer_design_audits/full_layout_value_scan_20260714_164549/full_file_layout_value_profile.csv,2057072,,0,
metadata/normalizer_design_audits/mapping_candidates_20260714_153514/mapping_validation_by_schema.csv,13985,"source_system,parameter_code,schema_id,file_count,distinct_sites,distinct_years,first_year,last_year,mapping_statuses,pass_file_count,failure_file_count,accepted_exception_count,selected_value_columns,datetime_mapping_types,datetime_primary_columns,datetime_secondary_columns,minimum_value_parse_fraction,minimum_datetime_parse_fraction,timezone_columns,unit_columns,qualifier_columns,approval_columns,method_columns",0,00060; 00065
metadata/normalizer_design_audits/mapping_candidates_20260714_153514/mapping_failures.csv,663937,"source_system,site_no,parameter_code,year,schema_id,relative_path,absolute_path,sample_rows,value_mapping_status,selected_value_column,value_nonblank_count,value_numeric_count,value_parse_fraction,datetime_mapping_status,datetime_mapping_type,selected_datetime_primary,selected_datetime_secondary,datetime_nonblank_count,datetime_parsed_count,datetime_parse_fraction,timezone_columns,unit_columns,qualifier_columns,approval_columns,method_columns,mapping_status,error,_status_rank",61,00060; 00065
metadata/normalizer_design_audits/mapping_candidates_20260714_153514/mapping_validation_by_file.csv,771546,"source_system,site_no,parameter_code,year,schema_id,relative_path,absolute_path,sample_rows,value_mapping_status,selected_value_column,value_nonblank_count,value_numeric_count,value_parse_fraction,datetime_mapping_status,datetime_mapping_type,selected_datetime_primary,selected_datetime_secondary,datetime_nonblank_count,datetime_parsed_count,datetime_parse_fraction,timezone_columns,unit_columns,qualifier_columns,approval_columns,method_columns,mapping_status,error",61,00060; 00065
metadata/normalizer_design_audits/mapping_candidates_20260714_153514/representative_schema_files.csv,41992,"source_system,parameter_code,schema_id,site_no,year,relative_path,absolute_path,sample_rows,value_mapping_status,selected_value_column,value_nonblank_count,value_numeric_count,value_parse_fraction,datetime_mapping_status,datetime_mapping_type,selected_datetime_primary,selected_datetime_secondary,datetime_nonblank_count,datetime_parsed_count,datetime_parse_fraction,timezone_columns,unit_columns,qualifier_columns,approval_columns,method_columns,mapping_status,error",35,00060; 00065
metadata/normalizer_design_audits/mapping_candidates_20260714_153514/mapping_audit_report.txt,1024,,0,
metadata/event_validation_builds/master_archive_validation_rebuild_20260716_114356/validation_candidate_build_summary.csv,5201,"event,selected_points,selected_lines,combined_records,combined_rows,exact_source_duplicates_removed,dst_repeated_local_rows_removed,candidate_file,active_file_untouched",0,
metadata/event_validation_builds/master_archive_validation_rebuild_20260716_114356/verified_crs_site_geometry_mapping.csv,7305,"line_id,line_order,site_no,gauge_name,x1,y1,x2,y2,events_seen",29,
metadata/event_validation_builds/master_archive_validation_rebuild_20260716_131701/validation_candidate_build_summary.csv,5201,"event,selected_points,selected_lines,combined_records,combined_rows,exact_source_duplicates_removed,dst_repeated_local_rows_removed,candidate_file,active_file_untouched",0,
metadata/event_validation_builds/master_archive_validation_rebuild_20260716_131701/verified_crs_site_geometry_mapping.csv,7305,"line_id,line_order,site_no,gauge_name,x1,y1,x2,y2,events_seen",29,
metadata/event_validation_builds/master_archive_validation_rebuild_20260716_131701/validation_candidate_promotion_report.csv,11880,"event,active_rows,candidate_rows,active_records,candidate_records,candidate_points,candidate_lines,line_ids_removed_by_95pct_rule,line_ids_newly_present,active_sha256,candidate_sha256,active_file,candidate_file,backup_file,promotion_status,promoted_at",0,
metadata/event_validation_builds/master_archive_validation_rebuild_20260716_131701/validation_candidate_pre_promotion_audit.csv,11445,"event,active_rows,candidate_rows,active_records,candidate_records,candidate_points,candidate_lines,line_ids_removed_by_95pct_rule,line_ids_newly_present,active_sha256,candidate_sha256,active_file,candidate_file,backup_file",0,
metadata/time_series_audits/merged_raw_time_series_structure_pre_datum_audit_20260714_192649/merged_raw_source_cadence_summary_pre_datum_v1.csv,369090,"merged_output_file,site_no,parameter_code,source_year,source_system,row_count,unique_timestamp_count,earliest_datetime_utc,latest_datetime_utc,storage_order_backward_steps,dominant_interval_seconds,dominant_interval_share,median_positive_interval_seconds,minimum_positive_interval_seconds,maximum_interval_seconds,intervals_over_1_hour,intervals_over_6_hours,intervals_over_24_hours,top_interval_counts",60,00060; 00065
metadata/time_series_audits/merged_raw_time_series_structure_pre_datum_audit_20260714_192649/merged_raw_largest_gap_examples_pre_datum_v1.csv,1050478,"merged_output_file,site_no,parameter_code,source_year,source_system,gap_rank_within_series,gap_start_datetime_utc,gap_end_datetime_utc,gap_seconds,gap_readable,dominant_interval_seconds,gap_multiple_of_dominant",60,00060; 00065
metadata/time_series_audits/merged_raw_time_series_structure_pre_datum_audit_20260714_192649/merged_raw_time_series_group_summary_pre_datum_v1.csv,207837,"merged_output_file,site_no,parameter_code,source_year,expected_rows,actual_rows_read,expected_modern_rows,actual_modern_rows,expected_legacy_rows,actual_legacy_rows,unparseable_datetime_rows,unparseable_or_nonfinite_value_rows,identity_mismatch_rows,unexpected_source_system_rows,auxiliary_site_rows,within_source_duplicate_timestamp_groups,within_source_conflicting_duplicate_timestamp_groups,storage_order_backward_steps,shared_equal_rows,cross_source_value_conflict_rows,modern_only_rows_in_paired_group,legacy_only_rows_in_paired_group,overlap_baseline_match,status",60,00060; 00065
metadata/time_series_audits/merged_raw_time_series_structure_pre_datum_audit_20260714_192649/merged_raw_modern_legacy_overlap_reproduction_pre_datum_v1.csv,29805,"merged_output_file,site_no,parameter_code,source_year,expected_shared_equal_rows,reproduced_shared_equal_rows,expected_cross_source_value_conflict_rows,reproduced_cross_source_value_conflict_rows,expected_modern_only_rows,reproduced_modern_only_rows,expected_legacy_only_rows,reproduced_legacy_only_rows,baseline_match",34,00060
metadata/time_series_audits/merged_raw_time_series_structure_pre_datum_audit_20260714_192649/merged_raw_time_series_structure_issues_pre_datum_v1.csv,81,"merged_output_file,site_no,parameter_code,source_year,issue,affected_rows,detail",0,
metadata/time_series_audits/merged_raw_time_series_structure_pre_datum_audit_20260714_192649/merged_raw_time_series_structure_report_pre_datum_v1.txt,2799,,0,
metadata/time_series_audits/merged_raw_time_series_structure_pre_datum_audit_20260714_195029/merged_raw_source_cadence_summary_pre_datum_v1.csv,369615,"merged_output_file,site_no,parameter_code,source_year,source_system,row_count,unique_timestamp_count,earliest_datetime_utc,latest_datetime_utc,storage_order_backward_steps,dominant_interval_seconds,dominant_interval_share,median_positive_interval_seconds,minimum_positive_interval_seconds,maximum_interval_seconds,intervals_over_1_hour,intervals_over_6_hours,intervals_over_24_hours,top_interval_counts",60,00060; 00065
metadata/time_series_audits/merged_raw_time_series_structure_pre_datum_audit_20260714_195029/merged_raw_largest_gap_examples_pre_datum_v1.csv,997655,"merged_output_file,site_no,parameter_code,source_year,source_system,gap_rank_within_series,gap_start_datetime_utc,gap_end_datetime_utc,gap_seconds,gap_readable,dominant_interval_seconds,gap_multiple_of_dominant",60,00060; 00065
metadata/time_series_audits/merged_raw_time_series_structure_pre_datum_audit_20260714_195029/merged_raw_time_series_group_summary_pre_datum_v1.csv,207837,"merged_output_file,site_no,parameter_code,source_year,expected_rows,actual_rows_read,expected_modern_rows,actual_modern_rows,expected_legacy_rows,actual_legacy_rows,unparseable_datetime_rows,unparseable_or_nonfinite_value_rows,identity_mismatch_rows,unexpected_source_system_rows,auxiliary_site_rows,within_source_duplicate_timestamp_groups,within_source_conflicting_duplicate_timestamp_groups,storage_order_backward_steps,shared_equal_rows,cross_source_value_conflict_rows,modern_only_rows_in_paired_group,legacy_only_rows_in_paired_group,overlap_baseline_match,status",60,00060; 00065
metadata/time_series_audits/merged_raw_time_series_structure_pre_datum_audit_20260714_195029/merged_raw_modern_legacy_overlap_reproduction_pre_datum_v1.csv,29805,"merged_output_file,site_no,parameter_code,source_year,expected_shared_equal_rows,reproduced_shared_equal_rows,expected_cross_source_value_conflict_rows,reproduced_cross_source_value_conflict_rows,expected_modern_only_rows,reproduced_modern_only_rows,expected_legacy_only_rows,reproduced_legacy_only_rows,baseline_match",34,00060
metadata/time_series_audits/merged_raw_time_series_structure_pre_datum_audit_20260714_195029/merged_raw_time_series_structure_issues_pre_datum_v1.csv,81,"merged_output_file,site_no,parameter_code,source_year,issue,affected_rows,detail",0,
metadata/time_series_audits/merged_raw_time_series_structure_pre_datum_audit_20260714_195029/merged_raw_time_series_structure_report_pre_datum_v1.txt,2801,,0,
metadata/time_series_audits/merged_raw_time_series_structure_pre_datum_audit_20260714_194212/merged_raw_source_cadence_summary_pre_datum_v1.csv,37253,"merged_output_file,site_no,parameter_code,source_year,source_system,row_count,unique_timestamp_count,earliest_datetime_utc,latest_datetime_utc,storage_order_backward_steps,dominant_interval_seconds,dominant_interval_share,median_positive_interval_seconds,minimum_positive_interval_seconds,maximum_interval_seconds,intervals_over_1_hour,intervals_over_6_hours,intervals_over_24_hours,top_interval_counts",21,00060; 00065
metadata/time_series_audits/merged_raw_time_series_structure_pre_datum_audit_20260714_194212/merged_raw_largest_gap_examples_pre_datum_v1.csv,131107,"merged_output_file,site_no,parameter_code,source_year,source_system,gap_rank_within_series,gap_start_datetime_utc,gap_end_datetime_utc,gap_seconds,gap_readable,dominant_interval_seconds,gap_multiple_of_dominant",21,00060; 00065
metadata/time_series_audits/merged_raw_time_series_structure_pre_datum_audit_20260714_194212/merged_raw_time_series_group_summary_pre_datum_v1.csv,202304,"merged_output_file,site_no,parameter_code,source_year,expected_rows,actual_rows_read,expected_modern_rows,actual_modern_rows,expected_legacy_rows,actual_legacy_rows,unparseable_datetime_rows,unparseable_or_nonfinite_value_rows,identity_mismatch_rows,unexpected_source_system_rows,auxiliary_site_rows,within_source_duplicate_timestamp_groups,within_source_conflicting_duplicate_timestamp_groups,storage_order_backward_steps,shared_equal_rows,cross_source_value_conflict_rows,modern_only_rows_in_paired_group,legacy_only_rows_in_paired_group,overlap_baseline_match,status",60,00060; 00065
metadata/time_series_audits/merged_raw_time_series_structure_pre_datum_audit_20260714_194212/merged_raw_modern_legacy_overlap_reproduction_pre_datum_v1.csv,3354,"merged_output_file,site_no,parameter_code,source_year,expected_shared_equal_rows,reproduced_shared_equal_rows,expected_cross_source_value_conflict_rows,reproduced_cross_source_value_conflict_rows,expected_modern_only_rows,reproduced_modern_only_rows,expected_legacy_only_rows,reproduced_legacy_only_rows,baseline_match",12,00060
metadata/time_series_audits/merged_raw_time_series_structure_pre_datum_audit_20260714_194212/merged_raw_time_series_structure_issues_pre_datum_v1.csv,461432,"merged_output_file,site_no,parameter_code,source_year,issue,affected_rows,detail",60,00060; 00065
metadata/time_series_audits/merged_raw_time_series_structure_pre_datum_audit_20260714_194212/merged_raw_time_series_structure_report_pre_datum_v1.txt,2714,,0,
metadata/universal_validation_points/universal_validation_points_20260716_143618/universal_waterlevel_points_master.csv,33430,"obs_order,site_id,site_no,site_name,gauge_id,station_key,network,kind,role_guess,observed_parameter,obs_point_use,independent_validation_candidate,x_utm15n,y_utm15n,lat,lon,has_coords,archive_file_count_00065,first_archive_year_00065,last_archive_year_00065,archive_year_count_00065,sfincs_grid_row,sfincs_grid_col,domain_filter_source,source_registry,notes",59,00060; 00065
metadata/universal_validation_points/universal_validation_points_20260716_143618/universal_validation_point_candidate_report.csv,9662,"event,active_filename,file_type,rows,header,bytes,sha256,utf8_bom,crlf,lf_only,ends_with_newline,candidate_path",1,00065
metadata/legacy/usgs_legacy_uv_year_1992_manifest_backup_20260713_183737.csv,169452,"task_key,site_no,station_name,parameter_code,year_label,begin_date,end_date,status,selected_style,selected_url,http_status,rdb_detected,parsed_ok,no_data_text_detected,n_rows,n_cols,value_cols,raw_file,parsed_file,raw_file_size_bytes,parsed_file_size_bytes,error_message",89,00060; 00065
metadata/legacy/usgs_legacy_uv_year_1984_manifest.csv,168847,"task_key,site_no,station_name,parameter_code,year_label,begin_date,end_date,status,selected_style,selected_url,http_status,rdb_detected,parsed_ok,no_data_text_detected,n_rows,n_cols,value_cols,raw_file,parsed_file,raw_file_size_bytes,parsed_file_size_bytes,error_message",89,00060; 00065
metadata/legacy/usgs_legacy_uv_year_2006_manifest_backup_20260710_152434.csv,112208,"task_key,site_no,station_name,parameter_code,year_label,begin_date,end_date,status,selected_style,selected_url,http_status,rdb_detected,parsed_ok,no_data_text_detected,n_rows,n_cols,value_cols,raw_file,parsed_file,raw_file_size_bytes,parsed_file_size_bytes,error_message",89,00060; 00065
metadata/legacy/usgs_legacy_uv_year_2002_manifest_backup_20260713_180616.csv,169959,"task_key,site_no,station_name,parameter_code,year_label,begin_date,end_date,status,selected_style,selected_url,http_status,rdb_detected,parsed_ok,no_data_text_detected,n_rows,n_cols,value_cols,raw_file,parsed_file,raw_file_size_bytes,parsed_file_size_bytes,error_message",89,00060; 00065
metadata/legacy/usgs_legacy_uv_year_1998_manifest_backup_20260713_182229.csv,169597,"task_key,site_no,station_name,parameter_code,year_label,begin_date,end_date,status,selected_style,selected_url,http_status,rdb_detected,parsed_ok,no_data_text_detected,n_rows,n_cols,value_cols,raw_file,parsed_file,raw_file_size_bytes,parsed_file_size_bytes,error_message",89,00060; 00065
metadata/legacy/usgs_legacy_uv_year_2007_manifest.csv,169007,"task_key,site_no,station_name,parameter_code,year_label,begin_date,end_date,status,selected_style,selected_url,http_status,rdb_detected,parsed_ok,no_data_text_detected,n_rows,n_cols,value_cols,raw_file,parsed_file,raw_file_size_bytes,parsed_file_size_bytes,error_message",89,00060; 00065
metadata/legacy/usgs_legacy_uv_year_1981_manifest_backup_20260713_190607.csv,168741,"task_key,site_no,station_name,parameter_code,year_label,begin_date,end_date,status,selected_style,selected_url,http_status,rdb_detected,parsed_ok,no_data_text_detected,n_rows,n_cols,value_cols,raw_file,parsed_file,raw_file_size_bytes,parsed_file_size_bytes,error_message",89,00060; 00065
metadata/legacy/usgs_legacy_uv_year_1979_manifest.csv,167521,"task_key,site_no,station_name,parameter_code,year_label,begin_date,end_date,status,selected_style,selected_url,http_status,rdb_detected,parsed_ok,no_data_text_detected,n_rows,n_cols,value_cols,raw_file,parsed_file,raw_file_size_bytes,parsed_file_size_bytes,error_message",89,00060; 00065
metadata/legacy/usgs_legacy_uv_FULL_batch_summary_20260714_110028.csv,1119,"year_label,parameter_code,status,n_tasks,total_rows,total_raw_gb,total_parsed_gb,year_run_ok,manifest_file",0,00060; 00065
metadata/legacy/usgs_legacy_uv_year_1984_manifest_backup_20260713_185200.csv,168847,"task_key,site_no,station_name,parameter_code,year_label,begin_date,end_date,status,selected_style,selected_url,http_status,rdb_detected,parsed_ok,no_data_text_detected,n_rows,n_cols,value_cols,raw_file,parsed_file,raw_file_size_bytes,parsed_file_size_bytes,error_message",89,00060; 00065
metadata/legacy/usgs_legacy_uv_year_1981_manifest_backup_20260710_175031.csv,112419,"task_key,site_no,station_name,parameter_code,year_label,begin_date,end_date,status,selected_style,selected_url,http_status,rdb_detected,parsed_ok,no_data_text_detected,n_rows,n_cols,value_cols,raw_file,parsed_file,raw_file_size_bytes,parsed_file_size_bytes,error_message",89,00060; 00065
metadata/legacy/usgs_legacy_uv_year_1984_manifest_backup_20260710_172336.csv,112503,"task_key,site_no,station_name,parameter_code,year_label,begin_date,end_date,status,selected_style,selected_url,http_status,rdb_detected,parsed_ok,no_data_text_detected,n_rows,n_cols,value_cols,raw_file,parsed_file,raw_file_size_bytes,parsed_file_size_bytes,error_message",89,00060; 00065
metadata/legacy/usgs_legacy_uv_year_1983_manifest.csv,168779,"task_key,site_no,station_name,parameter_code,year_label,begin_date,end_date,status,selected_style,selected_url,http_status,rdb_detected,parsed_ok,no_data_text_detected,n_rows,n_cols,value_cols,raw_file,parsed_file,raw_file_size_bytes,parsed_file_size_bytes,error_message",89,00060; 00065
metadata/legacy/usgs_legacy_uv_year_1981_manifest.csv,168741,"task_key,site_no,station_name,parameter_code,year_label,begin_date,end_date,status,selected_style,selected_url,http_status,rdb_detected,parsed_ok,no_data_text_detected,n_rows,n_cols,value_cols,raw_file,parsed_file,raw_file_size_bytes,parsed_file_size_bytes,error_message",89,00060; 00065
metadata/legacy/usgs_legacy_uv_year_2003_manifest_backup_20260710_154006.csv,112044,"task_key,site_no,station_name,parameter_code,year_label,begin_date,end_date,status,selected_style,selected_url,http_status,rdb_detected,parsed_ok,no_data_text_detected,n_rows,n_cols,value_cols,raw_file,parsed_file,raw_file_size_bytes,parsed_file_size_bytes,error_message",89,00060; 00065
metadata/legacy/usgs_legacy_uv_year_2006_manifest.csv,168929,"task_key,site_no,station_name,parameter_code,year_label,begin_date,end_date,status,selected_style,selected_url,http_status,rdb_detected,parsed_ok,no_data_text_detected,n_rows,n_cols,value_cols,raw_file,parsed_file,raw_file_size_bytes,parsed_file_size_bytes,error_message",89,00060; 00065
metadata/legacy/usgs_legacy_uv_year_2003_manifest_backup_20260713_175750.csv,168707,"task_key,site_no,station_name,parameter_code,year_label,begin_date,end_date,status,selected_style,selected_url,http_status,rdb_detected,parsed_ok,no_data_text_detected,n_rows,n_cols,value_cols,raw_file,parsed_file,raw_file_size_bytes,parsed_file_size_bytes,error_message",89,00060; 00065
metadata/legacy/usgs_legacy_uv_year_1979_manifest_backup_20260710_180353.csv,111199,"task_key,site_no,station_name,parameter_code,year_label,begin_date,end_date,status,selected_style,selected_url,http_status,rdb_detected,parsed_ok,no_data_text_detected,n_rows,n_cols,value_cols,raw_file,parsed_file,raw_file_size_bytes,parsed_file_size_bytes,error_message",89,00060; 00065
metadata/legacy/usgs_legacy_uv_FULL_batch_summary_20260713_173244.csv,13877,"year_label,parameter_code,status,n_tasks,total_rows,total_raw_gb,total_parsed_gb,year_run_ok,manifest_file",0,00060; 00065
metadata/legacy/usgs_legacy_uv_year_1998_manifest_backup_20260710_162706.csv,113043,"task_key,site_no,station_name,parameter_code,year_label,begin_date,end_date,status,selected_style,selected_url,http_status,rdb_detected,parsed_ok,no_data_text_detected,n_rows,n_cols,value_cols,raw_file,parsed_file,raw_file_size_bytes,parsed_file_size_bytes,error_message",89,00060; 00065
metadata/legacy/usgs_legacy_uv_year_1994_manifest_backup_20260710_164134.csv,112971,"task_key,site_no,station_name,parameter_code,year_label,begin_date,end_date,status,selected_style,selected_url,http_status,rdb_detected,parsed_ok,no_data_text_detected,n_rows,n_cols,value_cols,raw_file,parsed_file,raw_file_size_bytes,parsed_file_size_bytes,error_message",89,00060; 00065
metadata/legacy/usgs_legacy_uv_year_1983_manifest_backup_20260710_173706.csv,112447,"task_key,site_no,station_name,parameter_code,year_label,begin_date,end_date,status,selected_style,selected_url,http_status,rdb_detected,parsed_ok,no_data_text_detected,n_rows,n_cols,value_cols,raw_file,parsed_file,raw_file_size_bytes,parsed_file_size_bytes,error_message",89,00060; 00065
metadata/legacy/usgs_legacy_uv_year_1989_manifest_backup_20260713_184454.csv,169252,"task_key,site_no,station_name,parameter_code,year_label,begin_date,end_date,status,selected_style,selected_url,http_status,rdb_detected,parsed_ok,no_data_text_detected,n_rows,n_cols,value_cols,raw_file,parsed_file,raw_file_size_bytes,parsed_file_size_bytes,error_message",89,00060; 00065
metadata/legacy/usgs_legacy_uv_year_2001_manifest.csv,169941,"task_key,site_no,station_name,parameter_code,year_label,begin_date,end_date,status,selected_style,selected_url,http_status,rdb_detected,parsed_ok,no_data_text_detected,n_rows,n_cols,value_cols,raw_file,parsed_file,raw_file_size_bytes,parsed_file_size_bytes,error_message",89,00060; 00065
metadata/legacy/usgs_legacy_uv_year_2001_manifest_backup_20260710_161202.csv,113291,"task_key,site_no,station_name,parameter_code,year_label,begin_date,end_date,status,selected_style,selected_url,http_status,rdb_detected,parsed_ok,no_data_text_detected,n_rows,n_cols,value_cols,raw_file,parsed_file,raw_file_size_bytes,parsed_file_size_bytes,error_message",89,00060; 00065
metadata/legacy/usgs_legacy_uv_year_1992_manifest.csv,169452,"task_key,site_no,station_name,parameter_code,year_label,begin_date,end_date,status,selected_style,selected_url,http_status,rdb_detected,parsed_ok,no_data_text_detected,n_rows,n_cols,value_cols,raw_file,parsed_file,raw_file_size_bytes,parsed_file_size_bytes,error_message",89,00060; 00065
metadata/legacy/usgs_legacy_uv_FULL_batch_summary_20260710_145252.csv,14617,"year_label,parameter_code,status,n_tasks,total_rows,total_raw_gb,total_parsed_gb,year_run_ok,manifest_file",0,00060; 00065
metadata/legacy/usgs_legacy_uv_year_1994_manifest.csv,225915,"task_key,site_no,station_name,parameter_code,year_label,begin_date,end_date,status,selected_style,selected_url,http_status,rdb_detected,parsed_ok,no_data_text_detected,n_rows,n_cols,value_cols,raw_file,parsed_file,raw_file_size_bytes,parsed_file_size_bytes,error_message",89,00060; 00065
metadata/legacy/usgs_legacy_uv_year_2002_manifest.csv,169959,"task_key,site_no,station_name,parameter_code,year_label,begin_date,end_date,status,selected_style,selected_url,http_status,rdb_detected,parsed_ok,no_data_text_detected,n_rows,n_cols,value_cols,raw_file,parsed_file,raw_file_size_bytes,parsed_file_size_bytes,error_message",89,00060; 00065
metadata/legacy/usgs_legacy_uv_year_2006_manifest_backup_20260713_174923.csv,168929,"task_key,site_no,station_name,parameter_code,year_label,begin_date,end_date,status,selected_style,selected_url,http_status,rdb_detected,parsed_ok,no_data_text_detected,n_rows,n_cols,value_cols,raw_file,parsed_file,raw_file_size_bytes,parsed_file_size_bytes,error_message",89,00060; 00065
metadata/legacy/usgs_legacy_uv_year_2007_manifest_backup_20260710_150836.csv,112260,"task_key,site_no,station_name,parameter_code,year_label,begin_date,end_date,status,selected_style,selected_url,http_status,rdb_detected,parsed_ok,no_data_text_detected,n_rows,n_cols,value_cols,raw_file,parsed_file,raw_file_size_bytes,parsed_file_size_bytes,error_message",89,00060; 00065
metadata/legacy/usgs_legacy_uv_year_1979_manifest_backup_20260713_191308.csv,167521,"task_key,site_no,station_name,parameter_code,year_label,begin_date,end_date,status,selected_style,selected_url,http_status,rdb_detected,parsed_ok,no_data_text_detected,n_rows,n_cols,value_cols,raw_file,parsed_file,raw_file_size_bytes,parsed_file_size_bytes,error_message",89,00060; 00065
metadata/legacy/usgs_legacy_uv_year_1998_manifest.csv,169597,"task_key,site_no,station_name,parameter_code,year_label,begin_date,end_date,status,selected_style,selected_url,http_status,rdb_detected,parsed_ok,no_data_text_detected,n_rows,n_cols,value_cols,raw_file,parsed_file,raw_file_size_bytes,parsed_file_size_bytes,error_message",89,00060; 00065
metadata/legacy/usgs_legacy_uv_year_1994_manifest_backup_20260713_183001.csv,169485,"task_key,site_no,station_name,parameter_code,year_label,begin_date,end_date,status,selected_style,selected_url,http_status,rdb_detected,parsed_ok,no_data_text_detected,n_rows,n_cols,value_cols,raw_file,parsed_file,raw_file_size_bytes,parsed_file_size_bytes,error_message",89,00060; 00065
metadata/legacy/usgs_legacy_uv_year_2002_manifest_backup_20260710_155558.csv,113303,"task_key,site_no,station_name,parameter_code,year_label,begin_date,end_date,status,selected_style,selected_url,http_status,rdb_detected,parsed_ok,no_data_text_detected,n_rows,n_cols,value_cols,raw_file,parsed_file,raw_file_size_bytes,parsed_file_size_bytes,error_message",89,00060; 00065
metadata/legacy/usgs_legacy_uv_year_2001_manifest_backup_20260713_181434.csv,169941,"task_key,site_no,station_name,parameter_code,year_label,begin_date,end_date,status,selected_style,selected_url,http_status,rdb_detected,parsed_ok,no_data_text_detected,n_rows,n_cols,value_cols,raw_file,parsed_file,raw_file_size_bytes,parsed_file_size_bytes,error_message",89,00060; 00065
metadata/legacy/usgs_legacy_uv_year_1994_manifest_backup_20260714_110337.csv,225915,"task_key,site_no,station_name,parameter_code,year_label,begin_date,end_date,status,selected_style,selected_url,http_status,rdb_detected,parsed_ok,no_data_text_detected,n_rows,n_cols,value_cols,raw_file,parsed_file,raw_file_size_bytes,parsed_file_size_bytes,error_message",89,00060; 00065
metadata/legacy/usgs_legacy_uv_year_1992_manifest_backup_20260710_165609.csv,112941,"task_key,site_no,station_name,parameter_code,year_label,begin_date,end_date,status,selected_style,selected_url,http_status,rdb_detected,parsed_ok,no_data_text_detected,n_rows,n_cols,value_cols,raw_file,parsed_file,raw_file_size_bytes,parsed_file_size_bytes,error_message",89,00060; 00065
metadata/legacy/usgs_legacy_uv_TEST_manifest.csv,22137,"site_no,parameter_code,year_label,begin_date,end_date,status,selected_attempt_id,selected_url,http_status,rdb_detected,parsed_ok,n_rows,n_cols,value_col_guess,raw_file,parsed_file,error_message",5,00060; 00065
metadata/legacy/usgs_legacy_uv_year_2003_manifest.csv,168707,"task_key,site_no,station_name,parameter_code,year_label,begin_date,end_date,status,selected_style,selected_url,http_status,rdb_detected,parsed_ok,no_data_text_detected,n_rows,n_cols,value_cols,raw_file,parsed_file,raw_file_size_bytes,parsed_file_size_bytes,error_message",89,00060; 00065
metadata/legacy/usgs_legacy_uv_year_1989_manifest_backup_20260710_171003.csv,112797,"task_key,site_no,station_name,parameter_code,year_label,begin_date,end_date,status,selected_style,selected_url,http_status,rdb_detected,parsed_ok,no_data_text_detected,n_rows,n_cols,value_cols,raw_file,parsed_file,raw_file_size_bytes,parsed_file_size_bytes,error_message",89,00060; 00065
metadata/legacy/usgs_legacy_uv_year_2007_manifest_backup_20260713_174051.csv,169007,"task_key,site_no,station_name,parameter_code,year_label,begin_date,end_date,status,selected_style,selected_url,http_status,rdb_detected,parsed_ok,no_data_text_detected,n_rows,n_cols,value_cols,raw_file,parsed_file,raw_file_size_bytes,parsed_file_size_bytes,error_message",89,00060; 00065
metadata/legacy/usgs_legacy_uv_year_1989_manifest.csv,169252,"task_key,site_no,station_name,parameter_code,year_label,begin_date,end_date,status,selected_style,selected_url,http_status,rdb_detected,parsed_ok,no_data_text_detected,n_rows,n_cols,value_cols,raw_file,parsed_file,raw_file_size_bytes,parsed_file_size_bytes,error_message",89,00060; 00065
metadata/legacy/usgs_legacy_uv_year_1983_manifest_backup_20260713_185902.csv,168779,"task_key,site_no,station_name,parameter_code,year_label,begin_date,end_date,status,selected_style,selected_url,http_status,rdb_detected,parsed_ok,no_data_text_detected,n_rows,n_cols,value_cols,raw_file,parsed_file,raw_file_size_bytes,parsed_file_size_bytes,error_message",89,00060; 00065
metadata/legacy/audits/legacy_uv_00065_rdb_probe_results.csv,25897,"site_no,parameter_code,window_label,begin_date,end_date,style,http_status,error,parse_error,looks_html,has_rdb_header,has_parameter_text,n_rows,n_cols,columns_joined,value_cols,url",5,00060; 00065
metadata/legacy/audits/legacy_uv_TEST_modern_compare.csv,8117,"year_label,site_no,parameter_code,legacy_status,legacy_rows,modern_manifest_exists,modern_latest_status,modern_latest_n_rows,modern_out_file",5,00060; 00065
metadata/legacy/audits/legacy_uv_TEST_file_audit.csv,22301,"year_label,site_no,parameter_code,status,raw_exists,parsed_exists,raw_size_bytes,parsed_size_bytes,n_rows_manifest,n_rows_actual,n_cols_actual,datetime_col_guess,tz_col_guess,value_col_guess_python,value_col_guess_r,raw_file,parsed_file,selected_attempt_id,selected_url,error_message",5,00060; 00065
metadata/legacy/audits/legacy_uv_parameter_periods_all89.csv,55,"site_no,parameter_code,description,begin_date,end_date",0,
metadata/legacy/audits/legacy_uv_00065_availability_summary.csv,3953,"site_no,has_00060,begin_00060,end_00060,description_00060,has_00065,begin_00065,end_00065,description_00065,class_00065_begin",89,00060; 00065
metadata/legacy/audits/legacy_uv_TEST_recommendation.txt,4130,,3,00060; 00065
metadata/legacy/audits/legacy_uv_TEST_status_summary.csv,320,"year_label,parameter_code,status,n_tasks,total_rows",0,00060; 00065
metadata/legacy/audits/legacy_uv_TEST_schema_audit.csv,4077,"year_label,site_no,parameter_code,status,n_rows_actual,n_cols_actual,columns_joined,datetime_col_guess,tz_col_guess,value_col_guess_python",5,00060; 00065
metadata/legacy/audits/legacy_00065_diagnosis_recommendation.txt,5491,,5,00060; 00065
metadata/merge_design_audits/modern_legacy_overlap_pre_datum_audit_20260714_175936/overlap_audit_structural_issues_v1.csv,48,"site_no,parameter_code,source_year,issue,detail",0,
metadata/merge_design_audits/modern_legacy_overlap_pre_datum_audit_20260714_175936/modern_legacy_overlap_summary_by_site_parameter_year_v1.csv,17585,"site_no,parameter_code,source_year,modern_rows,legacy_rows,modern_unique_timestamps,legacy_unique_timestamps,joined_comparison_records,shared_timestamp_count,row_class_exact_value_and_metadata_agreement,row_class_exact_value_agreement_metadata_difference,row_class_value_conflict,row_class_modern_only_record,row_class_legacy_only_record,timestamp_class_exact_value_and_metadata_agreement_timestamp,timestamp_class_exact_value_metadata_difference_timestamp,timestamp_class_value_conflict_timestamp,timestamp_class_same_timestamp_multiplicity_difference,timestamp_class_modern_only_timestamp,timestamp_class_legacy_only_timestamp",34,00060
metadata/merge_design_audits/modern_legacy_overlap_pre_datum_audit_20260714_175936/modern_legacy_metadata_difference_examples_v1.csv,1873339,"site_no,parameter_code,source_year,datetime_utc,timestamp_occurrence,row_class,value_modern,value_legacy,absolute_value_difference,metadata_modern,metadata_legacy,source_reference_modern,source_reference_legacy",1,00060
metadata/merge_design_audits/modern_legacy_overlap_pre_datum_audit_20260714_175936/modern_legacy_value_conflict_examples_v1.csv,1,,0,
metadata/merge_design_audits/modern_legacy_overlap_pre_datum_audit_20260714_175936/modern_legacy_one_sided_record_examples_v1.csv,1004527,"site_no,parameter_code,source_year,datetime_utc,timestamp_occurrence,row_class,value_modern,value_legacy,absolute_value_difference,metadata_modern,metadata_legacy,source_reference_modern,source_reference_legacy",1,00060
metadata/merge_design_audits/modern_legacy_overlap_pre_datum_audit_20260714_175936/lossless_pre_datum_merge_authorization_v1.csv,1137,"policy_version,authorized,authorized_merge_type,preserve_every_modern_row,preserve_every_legacy_row,deduplicate_cross_source_rows,deduplicate_within_source_rows,source_precedence,apply_datum_offsets,convert_measurement_units,fill_or_interpolate,expected_modern_rows,expected_legacy_rows,expected_lossless_merged_rows,modern_manifest_sha256,legacy_manifest_sha256,modern_fidelity_audit,legacy_fidelity_audit,overlap_audit_directory",0,
metadata/merge_design_audits/modern_legacy_overlap_pre_datum_audit_20260714_175936/within_source_duplicate_timestamp_summary_v1.csv,148,"source_system,site_no,parameter_code,source_year,datetime_utc,row_count,unique_value_count,duplicate_class,value_examples,source_reference_examples",0,
metadata/merge_design_audits/modern_legacy_overlap_pre_datum_audit_20260714_175936/modern_legacy_overlap_pre_datum_report_v1.txt,2543,,0,
metadata/final_audits/final_audit_modern_latest_rows_20260713_101430.csv,1645288,"task_key,site_no,station_name,parameter_code,year_label,start_time_local,end_time_local,status,unit_of_measure,first_time,last_time,out_file,error_message,api_request_made,n_rows,min_value,max_value,file_size_bytes,_row_id,source,manifest_file,n_rows_num",89,00060; 00065
metadata/final_audits/final_audit_modern_latest_rows_20260713_172419.csv,1645288,"task_key,site_no,station_name,parameter_code,year_label,start_time_local,end_time_local,status,unit_of_measure,first_time,last_time,out_file,error_message,api_request_made,n_rows,min_value,max_value,file_size_bytes,_row_id,source,manifest_file,n_rows_num",89,00060; 00065
metadata/final_audits/final_audit_report_20260713_101430.txt,30137,,4,00060; 00065
metadata/final_audits/final_audit_report_20260713_172419.txt,30137,,4,00060; 00065
metadata/final_audits/final_event_year_legacy_file_audit_20260714_105656.csv,174459,"year_label,site_no,parameter_code,status,selected_style,n_rows_manifest,parsed_rows_line_count,raw_exists,parsed_exists,raw_size_bytes,parsed_size_bytes,value_cols_manifest,value_cols_from_header,raw_file,parsed_file",34,00060; 00065
metadata/final_audits/final_event_year_legacy_latest_rows_20260714_105656.csv,1714287,"task_key,site_no,station_name,parameter_code,year_label,begin_date,end_date,status,selected_style,selected_url,http_status,rdb_detected,parsed_ok,no_data_text_detected,n_rows,n_cols,value_cols,raw_file,parsed_file,raw_file_size_bytes,parsed_file_size_bytes,error_message,_row_id,source,manifest_file,n_rows_num",89,00060; 00065
metadata/final_audits/final_event_year_archive_size_20260714_105656.csv,880,"path,size_bytes,size_human,size_gib,size_tib",0,
metadata/final_audits/final_audit_legacy_summary_20260713_172419.csv,3823,"source,year_label,parameter_code,status,n_tasks,total_rows",0,00060; 00065
metadata/final_audits/final_event_year_modern_summary_20260714_105656.csv,4533,"source,year_label,parameter_code,status,n_tasks,total_rows",0,00060; 00065
metadata/final_audits/final_audit_legacy_summary_20260713_101430.csv,3823,"source,year_label,parameter_code,status,n_tasks,total_rows",0,00060; 00065
metadata/final_audits/final_event_year_modern_summary_20260714_110455.csv,4533,"source,year_label,parameter_code,status,n_tasks,total_rows",0,00060; 00065
metadata/final_audits/final_audit_legacy_latest_rows_20260713_101430.csv,1718248,"task_key,site_no,station_name,parameter_code,year_label,begin_date,end_date,status,selected_style,selected_url,http_status,rdb_detected,parsed_ok,no_data_text_detected,n_rows,n_cols,value_cols,raw_file,parsed_file,raw_file_size_bytes,parsed_file_size_bytes,error_message,_row_id,source,manifest_file,n_rows_num",89,00060; 00065
metadata/final_audits/final_event_year_legacy_file_audit_20260714_110455.csv,174459,"year_label,site_no,parameter_code,status,selected_style,n_rows_manifest,parsed_rows_line_count,raw_exists,parsed_exists,raw_size_bytes,parsed_size_bytes,value_cols_manifest,value_cols_from_header,raw_file,parsed_file",34,00060; 00065
metadata/final_audits/final_event_year_modern_latest_rows_20260714_105656.csv,1667655,"task_key,site_no,station_name,parameter_code,year_label,start_time_local,end_time_local,status,unit_of_measure,first_time,last_time,out_file,error_message,api_request_made,n_rows,min_value,max_value,file_size_bytes,_row_id,source,manifest_file,n_rows_num,valid_ok_like",89,00060; 00065
metadata/final_audits/final_event_year_modern_latest_rows_20260714_110455.csv,1667655,"task_key,site_no,station_name,parameter_code,year_label,start_time_local,end_time_local,status,unit_of_measure,first_time,last_time,out_file,error_message,api_request_made,n_rows,min_value,max_value,file_size_bytes,_row_id,source,manifest_file,n_rows_num,valid_ok_like",89,00060; 00065
metadata/final_audits/final_event_year_combined_coverage_20260714_105656.csv,2721,"source,year_label,parameter_code,latest_tasks,valid_ok_like_tasks,empty_like_tasks,skipped_no_metadata_overlap_tasks,failed_or_error_tasks,total_rows",0,00060; 00065
metadata/final_audits/final_audit_anomalies_20260713_172419.csv,7880,"severity,source,year_label,site_no,parameter_code,status,issue,manifest_file,path",4,00065
metadata/final_audits/final_audit_anomalies_20260713_101430.csv,7880,"severity,source,year_label,site_no,parameter_code,status,issue,manifest_file,path",4,00065
metadata/final_audits/final_audit_combined_coverage_20260713_172419.csv,3115,"source,year_label,parameter_code,latest_tasks,ok_like_tasks,empty_like_tasks,skipped_no_metadata_overlap_tasks,failed_or_error_tasks,total_rows",0,00060; 00065
metadata/final_audits/final_event_year_legacy_summary_20260714_105656.csv,3099,"source,year_label,parameter_code,status,n_tasks,total_rows",0,00060; 00065
metadata/final_audits/final_event_year_combined_coverage_20260714_110455.csv,2721,"source,year_label,parameter_code,latest_tasks,valid_ok_like_tasks,empty_like_tasks,skipped_no_metadata_overlap_tasks,failed_or_error_tasks,total_rows",0,00060; 00065
metadata/final_audits/final_audit_legacy_file_audit_20260713_172419.csv,170526,"year_label,site_no,parameter_code,status,selected_style,n_rows_manifest,parsed_rows_line_count,raw_exists,parsed_exists,raw_size_bytes,parsed_size_bytes,value_cols_manifest,value_cols_from_header,raw_file,parsed_file",34,00060; 00065
metadata/final_audits/final_audit_legacy_latest_rows_20260713_172419.csv,1718248,"task_key,site_no,station_name,parameter_code,year_label,begin_date,end_date,status,selected_style,selected_url,http_status,rdb_detected,parsed_ok,no_data_text_detected,n_rows,n_cols,value_cols,raw_file,parsed_file,raw_file_size_bytes,parsed_file_size_bytes,error_message,_row_id,source,manifest_file,n_rows_num",89,00060; 00065
metadata/final_audits/final_event_year_anomalies_20260714_105656.csv,475,"severity,source,year_label,site_no,parameter_code,status,issue,manifest_file,path",1,00065
metadata/final_audits/final_event_year_archive_size_20260714_110455.csv,881,"path,size_bytes,size_human,size_gib,size_tib",0,
metadata/final_audits/final_event_year_legacy_latest_rows_20260714_110455.csv,1714287,"task_key,site_no,station_name,parameter_code,year_label,begin_date,end_date,status,selected_style,selected_url,http_status,rdb_detected,parsed_ok,no_data_text_detected,n_rows,n_cols,value_cols,raw_file,parsed_file,raw_file_size_bytes,parsed_file_size_bytes,error_message,_row_id,source,manifest_file,n_rows_num",89,00060; 00065
metadata/final_audits/final_audit_combined_coverage_20260713_101430.csv,3115,"source,year_label,parameter_code,latest_tasks,ok_like_tasks,empty_like_tasks,skipped_no_metadata_overlap_tasks,failed_or_error_tasks,total_rows",0,00060; 00065
metadata/final_audits/final_audit_modern_summary_20260713_172419.csv,4533,"source,year_label,parameter_code,status,n_tasks,total_rows",0,00060; 00065
metadata/final_audits/final_audit_modern_summary_20260713_101430.csv,4533,"source,year_label,parameter_code,status,n_tasks,total_rows",0,00060; 00065
metadata/final_audits/final_audit_legacy_file_audit_20260713_101430.csv,170526,"year_label,site_no,parameter_code,status,selected_style,n_rows_manifest,parsed_rows_line_count,raw_exists,parsed_exists,raw_size_bytes,parsed_size_bytes,value_cols_manifest,value_cols_from_header,raw_file,parsed_file",34,00060; 00065
metadata/final_audits/final_event_year_anomalies_20260714_110455.csv,475,"severity,source,year_label,site_no,parameter_code,status,issue,manifest_file,path",1,00065
metadata/final_audits/final_event_year_audit_report_20260714_105656.txt,13456,,1,00060; 00065
metadata/final_audits/final_event_year_legacy_summary_20260714_110455.csv,3099,"source,year_label,parameter_code,status,n_tasks,total_rows",0,00060; 00065
metadata/final_audits/final_event_year_audit_report_20260714_110455.txt,13456,,1,00060; 00065
metadata/datum_llm_parse_inputs/datum_llm_parse_input_20260715_101411/USGS_DATUM_METADATA_SOURCE_MANIFEST.csv,41245,"site_no,source_type,source_path,characters,sha256,status",53,
metadata/datum_llm_parse_inputs/datum_llm_parse_input_20260715_101411/USGS_DATUM_LLM_PARSE_TEMPLATE_5_COLUMNS.csv,464787,"site_no,flags,date_changed_to_navd88,offset_to_add_before_change_m,metadata_notes",91,00060; 00065
metadata/datum_llm_parse_inputs/datum_llm_parse_input_20260715_101411/MASTER_KERNEL_USGS_DATUM_LLM_PARSE_VERSION_1.md,7432,,0,00060; 00065
metadata/datum_llm_parse_inputs/datum_llm_parse_input_20260715_101411/USGS_DATUM_LLM_PARSE_INPUT_BUILD_REPORT.txt,1924,,0,00065
metadata/datum_llm_parse_inputs/datum_llm_parse_input_20260715_101411/llm_completions/LLM_02/USGS_DATUM_LLM_PARSE_COMPLETED_LLM02_5_COLUMNS.csv,464260,"site_no,flags,date_changed_to_navd88,offset_to_add_before_change_m,metadata_notes",91,00060; 00065
metadata/datum_llm_parse_inputs/datum_llm_parse_input_20260715_101411/llm_completions/LLM_02/USGS_DATUM_LLM_PARSE_COMPLETION_AUDIT_LLM02.txt,1692,,3,
metadata/datum_llm_parse_inputs/datum_llm_parse_input_20260715_101411/llm_completions/LLM_01/USGS_DATUM_LLM_PARSE_COMPLETION_AUDIT_LLM01.txt,2663,,33,
metadata/datum_llm_parse_inputs/datum_llm_parse_input_20260715_101411/llm_completions/LLM_01/USGS_DATUM_LLM_PARSE_COMPLETED_LLM01_5_COLUMNS.csv,464241,"﻿site_no,flags,date_changed_to_navd88,offset_to_add_before_change_m,metadata_notes",91,00060; 00065
metadata/datum_llm_parse_inputs/datum_llm_parse_input_20260715_101411/llm_comparison_20260715_104946/USGS_DATUM_EXACT_AGREEMENT_LARGE_OFFSET_REVIEW_V1.csv,112781,"site_no,comparison_class,contract_status,llm_01_valid,llm_02_valid,llm_01_flags,llm_02_flags,llm_01_date_changed_to_navd88,llm_02_date_changed_to_navd88,llm_01_offset_to_add_before_change_m,llm_02_offset_to_add_before_change_m,llm_01_validation_reasons,llm_02_validation_reasons,large_offset_review,maximum_absolute_offset_m,metadata_notes",13,00060; 00065
metadata/datum_llm_parse_inputs/datum_llm_parse_input_20260715_101411/llm_comparison_20260715_104946/USGS_DATUM_OFFSET_VISIBILITY_WINDOW_DETAILS_20260715_124125.csv,21699,"site_no,change_date,offset_m,offset_ft,window_days,pre_days,post_days,pre_median_ft,post_median_ft,raw_median_jump_ft,median_residual_ft,adjusted_median_jump_m,pre_q20_ft,post_q20_ft,raw_q20_jump_ft,q20_residual_ft,adjusted_q20_jump_m",34,
metadata/datum_llm_parse_inputs/datum_llm_parse_input_20260715_101411/llm_comparison_20260715_104946/USGS_DATUM_LLM_COMPARISON_ALL_89_V1.csv,475221,"site_no,comparison_class,contract_status,llm_01_valid,llm_02_valid,llm_01_flags,llm_02_flags,llm_01_date_changed_to_navd88,llm_02_date_changed_to_navd88,llm_01_offset_to_add_before_change_m,llm_02_offset_to_add_before_change_m,llm_01_validation_reasons,llm_02_validation_reasons,large_offset_review,maximum_absolute_offset_m,metadata_notes",91,00060; 00065
metadata/datum_llm_parse_inputs/datum_llm_parse_input_20260715_101411/llm_comparison_20260715_104946/USGS_DATUM_LLM_COMPLETION_VALIDATION_SUMMARY_V1.csv,1392,"llm,completion_file,completion_sha256,completion_audit_file,audit_declared_sha256,audit_hash_match,rows_found,unique_sites_found,header_exact,row_count_exact,row_order_unchanged,metadata_rows_unchanged,valid_parse_rows,invalid_parse_rows,issue_records",0,
metadata/datum_llm_parse_inputs/datum_llm_parse_input_20260715_101411/llm_comparison_20260715_104946/USGS_DATUM_EXACT_RESOLVED_AGREEMENTS_V1.csv,275132,"site_no,comparison_class,contract_status,llm_01_valid,llm_02_valid,llm_01_flags,llm_02_flags,llm_01_date_changed_to_navd88,llm_02_date_changed_to_navd88,llm_01_offset_to_add_before_change_m,llm_02_offset_to_add_before_change_m,llm_01_validation_reasons,llm_02_validation_reasons,large_offset_review,maximum_absolute_offset_m,metadata_notes",34,00060; 00065
metadata/datum_llm_parse_inputs/datum_llm_parse_input_20260715_101411/llm_comparison_20260715_104946/USGS_DATUM_LLM_COMPLETION_VALIDATION_ISSUES_V1.csv,99,"llm,site_no,issue,detail",1,
metadata/datum_llm_parse_inputs/datum_llm_parse_input_20260715_101411/llm_comparison_20260715_104946/USGS_DATUM_LLM_COMPARISON_REPORT_V1.txt,2056,,0,
metadata/datum_llm_parse_inputs/datum_llm_parse_input_20260715_101411/llm_comparison_20260715_104946/USGS_DATUM_STANDARD_CONTRACT_CANDIDATES_V1.csv,162691,"site_no,comparison_class,contract_status,llm_01_valid,llm_02_valid,llm_01_flags,llm_02_flags,llm_01_date_changed_to_navd88,llm_02_date_changed_to_navd88,llm_01_offset_to_add_before_change_m,llm_02_offset_to_add_before_change_m,llm_01_validation_reasons,llm_02_validation_reasons,large_offset_review,maximum_absolute_offset_m,metadata_notes",21,00060; 00065
metadata/datum_llm_parse_inputs/datum_llm_parse_input_20260715_101411/llm_comparison_20260715_104946/USGS_DATUM_OFFSET_VISIBILITY_SANITY_CHECK_20260715_124125.csv,8186,"site_no,change_date,expected_offset_m,expected_raw_step_ft,source_files_loaded,unique_observations_loaded,duplicate_timestamp_value_conflicts,last_pre_datetime_utc,first_post_datetime_utc,nearest_gap_hours,nearest_raw_jump_ft,primary_window_days,pre_daily_values,post_daily_values,raw_median_jump_ft,median_observed_minus_expected_ft,adjusted_median_jump_m,raw_q20_jump_ft,q20_observed_minus_expected_ft,adjusted_q20_jump_m,visibility_status",34,
metadata/datum_llm_parse_inputs/datum_llm_parse_input_20260715_101411/llm_comparison_20260715_104946/USGS_DATUM_FINAL_SIMPLE_OFFSETS_V1.csv,1674,"site_no,date_changed_to_navd88,offset_to_add_before_change_m",89,
metadata/datum_llm_parse_inputs/datum_llm_parse_input_20260715_101411/llm_comparison_20260715_104946/USGS_DATUM_LLM_COMPARISON_SOURCE_MANIFEST_V1.csv,878,"role,path,sha256",0,
metadata/datum_llm_parse_inputs/datum_llm_parse_input_20260715_101411/llm_comparison_20260715_104946/USGS_DATUM_CONSENSUS_UNRESOLVED_V1.csv,191850,"site_no,comparison_class,contract_status,llm_01_valid,llm_02_valid,llm_01_flags,llm_02_flags,llm_01_date_changed_to_navd88,llm_02_date_changed_to_navd88,llm_01_offset_to_add_before_change_m,llm_02_offset_to_add_before_change_m,llm_01_validation_reasons,llm_02_validation_reasons,large_offset_review,maximum_absolute_offset_m,metadata_notes",56,00060; 00065
metadata/datum_llm_parse_inputs/datum_llm_parse_input_20260715_101411/llm_comparison_20260715_104946/USGS_DATUM_LLM_DISAGREEMENTS_MANUAL_REVIEW_V1.csv,8919,"site_no,comparison_class,contract_status,llm_01_valid,llm_02_valid,llm_01_flags,llm_02_flags,llm_01_date_changed_to_navd88,llm_02_date_changed_to_navd88,llm_01_offset_to_add_before_change_m,llm_02_offset_to_add_before_change_m,llm_01_validation_reasons,llm_02_validation_reasons,large_offset_review,maximum_absolute_offset_m,metadata_notes",1,00060; 00065
metadata/datum_llm_parse_inputs/datum_llm_parse_input_20260715_101411/llm_comparison_20260715_104946/USGS_DATUM_FINAL_STATUS_V1.csv,19540,"site_no,final_status,has_current_merged_00065_rows,comparison_class,llm_01_flags,llm_02_flags,final_date_changed_to_navd88,final_offset_to_add_before_change_m,basis",89,00065
