file,line_no,category,matched_text,context
/proj/zefflab/projects/Flooding/pipeline/code/review_prepare_obs_gauges.py,53,OTHER_PROJECT_ABSOLUTE_PATH,/proj/zefflab/projects/Flooding/pipeline,"PIPELINE_ROOT = Path(""/proj/zefflab/projects/Flooding/pipeline"")"
/proj/zefflab/projects/Flooding/pipeline/code/review_run.py,41,OTHER_PROJECT_ABSOLUTE_PATH,/proj/zefflab/projects/Flooding/sfincs_runs,"DEFAULT_RUN_ROOT = Path(""/proj/zefflab/projects/Flooding/sfincs_runs"")"
/proj/zefflab/projects/Flooding/pipeline/code/compare_job_manager.py,41,OTHER_PROJECT_ABSOLUTE_PATH,/proj/zefflab/projects/Flooding/pipeline,"PIPELINE_ROOT = Path(""/proj/zefflab/projects/Flooding/pipeline"")"
/proj/zefflab/projects/Flooding/pipeline/code/compare_job_manager.py,43,OTHER_PROJECT_ABSOLUTE_PATH,/proj/zefflab/projects/Flooding/sfincs_runs,"RUN_ROOT = Path(""/proj/zefflab/projects/Flooding/sfincs_runs"")"
/proj/zefflab/projects/Flooding/pipeline/code/compare_job_manager.py,50,OTHER_PROJECT_ABSOLUTE_PATH,/proj/zefflab/projects/Flooding/sfincs_runs,"Path(""/proj/zefflab/projects/Flooding/sfincs_runs""),"
/proj/zefflab/projects/Flooding/pipeline/code/compare_job_manager.py,51,OTHER_USERS_ABSOLUTE_PATH,/work/users/e/p/epsilon/sfincs_runs,"Path(""/work/users/e/p/epsilon/sfincs_runs""),"
/proj/zefflab/projects/Flooding/pipeline/code/config_schema.py,36,OTHER_USERS_ABSOLUTE_PATH,/users/e/p/epsilon/sfincs_project/envs/sfincs/bin/python,"FALLBACK_CONDA_PYTHON = ""/users/e/p/epsilon/sfincs_project/envs/sfincs/bin/python"""
/proj/zefflab/projects/Flooding/pipeline/code/config_schema.py,37,OTHER_USERS_ABSOLUTE_PATH,/users/e/p/epsilon/sfincs_project/envs/sfincs,"FALLBACK_CONDA_ENV_PATH = ""/users/e/p/epsilon/sfincs_project/envs/sfincs"""
/proj/zefflab/projects/Flooding/pipeline/code/config_schema.py,39,OLD_PROJ_DATA_ROOT,/proj/zefflab/projects/Flooding/Data/harris_county,"DEFAULT_DATA_ROOT = ""/proj/zefflab/projects/Flooding/Data/harris_county"""
/proj/zefflab/projects/Flooding/pipeline/code/config_schema.py,40,OTHER_PROJECT_ABSOLUTE_PATH,/proj/zefflab/projects/Flooding/sfincs_runs,"DEFAULT_OUTPUT_ROOT = ""/proj/zefflab/projects/Flooding/sfincs_runs"""
/proj/zefflab/projects/Flooding/pipeline/code/config_schema.py,42,OLD_PROJ_DATA_ROOT,/proj/zefflab/projects/Flooding/Data/harris_county/catalogs/static/harris_county_ppp,"""/proj/zefflab/projects/Flooding/Data/harris_county/catalogs/static/harris_county_ppp"""
/proj/zefflab/projects/Flooding/pipeline/code/config_schema.py,736,OTHER_PROJECT_ABSOLUTE_PATH,/proj/zefflab/projects/Flooding/pipeline,"root = pipeline_root or Path(""/proj/zefflab/projects/Flooding/pipeline"")"
/proj/zefflab/projects/Flooding/pipeline/code/Flooding CPU Usage to Time Computer Script.py,22,OTHER_PROJECT_ABSOLUTE_PATH,/proj/zefflab/projects/Flooding/sfincs_runs,"RUN_ROOT = Path(""/proj/zefflab/projects/Flooding/sfincs_runs"")"
/proj/zefflab/projects/Flooding/pipeline/code/compare_job_manager_before_ram_tune_20260528_185337.py,41,OTHER_PROJECT_ABSOLUTE_PATH,/proj/zefflab/projects/Flooding/pipeline,"PIPELINE_ROOT = Path(""/proj/zefflab/projects/Flooding/pipeline"")"
/proj/zefflab/projects/Flooding/pipeline/code/compare_job_manager_before_ram_tune_20260528_185337.py,43,OTHER_PROJECT_ABSOLUTE_PATH,/proj/zefflab/projects/Flooding/sfincs_runs,"RUN_ROOT = Path(""/proj/zefflab/projects/Flooding/sfincs_runs"")"
/proj/zefflab/projects/Flooding/pipeline/code/compare_job_manager_before_ram_tune_20260528_185337.py,50,OTHER_PROJECT_ABSOLUTE_PATH,/proj/zefflab/projects/Flooding/sfincs_runs,"Path(""/proj/zefflab/projects/Flooding/sfincs_runs""),"
/proj/zefflab/projects/Flooding/pipeline/code/compare_job_manager_before_ram_tune_20260528_185337.py,51,OTHER_USERS_ABSOLUTE_PATH,/work/users/e/p/epsilon/sfincs_runs,"Path(""/work/users/e/p/epsilon/sfincs_runs""),"
/proj/zefflab/projects/Flooding/pipeline/code/Flooding CPU Wait Time.py,15,OTHER_PROJECT_ABSOLUTE_PATH,/proj/zefflab/projects/Flooding/sfincs_runs,"RUN_ROOT = Path(""/proj/zefflab/projects/Flooding/sfincs_runs"")"
/proj/zefflab/projects/Flooding/pipeline/code/review_prepare_animation.py,29,OTHER_PROJECT_ABSOLUTE_PATH,/proj/zefflab/projects/Flooding/pipeline/envs/sfincs/bin/ffmpeg,"FFMPEG = Path(""/proj/zefflab/projects/Flooding/pipeline/envs/sfincs/bin/ffmpeg"")"
/proj/zefflab/projects/Flooding/pipeline/code/review_prepare_animation.py,41,OTHER_PROJECT_ABSOLUTE_PATH,/proj/zefflab/projects/Flooding/sfincs_runs/pure_test_override_001,"DEFAULT_RUN = Path(""/proj/zefflab/projects/Flooding/sfincs_runs/pure_test_override_001"")"
/proj/zefflab/projects/Flooding/pipeline/code/runner_core.py,113,OTHER_USERS_ABSOLUTE_PATH,/users/e/p/epsilon/sfincs_project,"old_personal_root = ""/users/e/p/epsilon/sfincs_project"""
/proj/zefflab/projects/Flooding/pipeline/code/runner_core.py,163,OTHER_USERS_ABSOLUTE_PATH,/users/e/p/epsilon/sfincs_project/envs/sfincs/bin/python,"out[""conda_python""] = ""/users/e/p/epsilon/sfincs_project/envs/sfincs/bin/python"""
/proj/zefflab/projects/Flooding/pipeline/code/runner_core.py,164,OTHER_USERS_ABSOLUTE_PATH,/users/e/p/epsilon/sfincs_project/envs/sfincs,"out[""conda_env_path""] = ""/users/e/p/epsilon/sfincs_project/envs/sfincs"""
/proj/zefflab/projects/Flooding/pipeline/code/runner_core.py,437,OTHER_PROJECT_ABSOLUTE_PATH,/proj/zefflab/projects/Flooding/pipeline,"pipeline_root = Path(cfg.get(""project_root"", ""/proj/zefflab/projects/Flooding/pipeline""))"
/proj/zefflab/projects/Flooding/pipeline/code/review_submit_animation.py,18,OTHER_PROJECT_ABSOLUTE_PATH,/proj/zefflab/projects/Flooding/pipeline,"PIPE = Path(""/proj/zefflab/projects/Flooding/pipeline"")"
/proj/zefflab/projects/Flooding/pipeline/code/review_submit_animation.py,21,OTHER_PROJECT_ABSOLUTE_PATH,/proj/zefflab/projects/Flooding/sfincs_runs,"RUNS = Path(""/proj/zefflab/projects/Flooding/sfincs_runs"")"
/proj/zefflab/projects/Flooding/pipeline/code/Run CPU Efficiceny Checker.py,25,OTHER_PROJECT_ABSOLUTE_PATH,/proj/zefflab/projects/Flooding/sfincs_runs,"RUN_ROOT = Path(""/proj/zefflab/projects/Flooding/sfincs_runs"")"
/proj/zefflab/projects/Flooding/pipeline/code/review_submit_obs_gauges.py,46,OTHER_PROJECT_ABSOLUTE_PATH,/proj/zefflab/projects/Flooding/pipeline/code/review_prepare_obs_gauges.py,"script = Path(""/proj/zefflab/projects/Flooding/pipeline/code/review_prepare_obs_gauges.py"")"
/proj/zefflab/projects/Flooding/pipeline/code/review_submit_obs_gauges.py,47,OTHER_PROJECT_ABSOLUTE_PATH,/proj/zefflab/projects/Flooding/pipeline/envs/sfincs/bin/python,"py = Path(os.environ.get(""SFINCS_REVIEW_PYTHON"", ""/proj/zefflab/projects/Flooding/pipeline/envs/sfincs/bin/python""))"
/proj/zefflab/projects/Flooding/pipeline/code/review_prepare_maps.py,30,OTHER_PROJECT_ABSOLUTE_PATH,/proj/zefflab/projects/Flooding/sfincs_runs/harvey_2017_mrms_manual_020,"DEFAULT_RUN = Path(""/proj/zefflab/projects/Flooding/sfincs_runs/harvey_2017_mrms_manual_020"")"
/proj/zefflab/projects/Flooding/pipeline/code/Slurm Job Efficiency Graph.py,23,OTHER_PROJECT_ABSOLUTE_PATH,/proj/zefflab/projects/Flooding/sfincs_runs,"RUN_ROOT = Path(""/proj/zefflab/projects/Flooding/sfincs_runs"")"
/proj/zefflab/projects/Flooding/pipeline/code/review_submit_maps.py,19,OTHER_PROJECT_ABSOLUTE_PATH,/proj/zefflab/projects/Flooding/sfincs_runs/harvey_2017_mrms_manual_020,"DEFAULT_RUN = Path(""/proj/zefflab/projects/Flooding/sfincs_runs/harvey_2017_mrms_manual_020"")"
/proj/zefflab/projects/Flooding/pipeline/code/review_submit_maps.py,20,OTHER_PROJECT_ABSOLUTE_PATH,/proj/zefflab/projects/Flooding/pipeline,"PIPE = Path(""/proj/zefflab/projects/Flooding/pipeline"")"
/proj/zefflab/projects/Flooding/pipeline/code/Temp.py,8,OTHER_PROJECT_ABSOLUTE_PATH,/proj/zefflab/projects/Flooding/pipeline/code/preprocess_stage.py,"CODE = Path(""/proj/zefflab/projects/Flooding/pipeline/code/preprocess_stage.py"")"
/proj/zefflab/projects/Flooding/pipeline/code/Temp.py,9,OTHER_PROJECT_ABSOLUTE_PATH,/proj/zefflab/projects/Flooding/sfincs_runs/harvey_2017_mrms_manual_012/run_config.json,"CFG_012 = Path(""/proj/zefflab/projects/Flooding/sfincs_runs/harvey_2017_mrms_manual_012/run_config.json"")"
/proj/zefflab/projects/Flooding/pipeline/code/preprocess_stage.py,963,OTHER_MATCH,/proj/.../dem.tif,"hydromt_dem_sources = [{""elevation"": ""/proj/.../dem.tif"", ""zmin"": 0.001}]"
/proj/zefflab/projects/Flooding/pipeline/code/check_sfincs_run.py,29,OTHER_PROJECT_ABSOLUTE_PATH,/proj/zefflab/projects/Flooding/sfincs_runs,"DEFAULT_RUN_ROOT = Path(""/proj/zefflab/projects/Flooding/sfincs_runs"")"
/proj/zefflab/projects/Flooding/pipeline/code/check_manual_021.py,12,OTHER_PROJECT_ABSOLUTE_PATH,/proj/zefflab/projects/Flooding/sfincs_runs/harvey_2017_mrms_manual_021,"RUN = Path(""/proj/zefflab/projects/Flooding/sfincs_runs/harvey_2017_mrms_manual_021"")"
/proj/zefflab/projects/Flooding/pipeline/code/check_manual_021.py,18,OTHER_PROJECT_ABSOLUTE_PATH,/proj/zefflab/projects/Flooding/sfincs_runs/_launcher_configs,"LAUNCHER_CONFIGS = Path(""/proj/zefflab/projects/Flooding/sfincs_runs/_launcher_configs"")"
/proj/zefflab/projects/Flooding/pipeline/web_launcher/manual.html,598,OLD_PROJ_DATA_ROOT,/proj/zefflab/projects/Flooding/Data/harris_county,"<input type=""hidden"" data-key=""data_root"" data-type=""string"" value=""/proj/zefflab/projects/Flooding/Data/harris_county"">"
/proj/zefflab/projects/Flooding/pipeline/web_launcher/manual.html,599,OTHER_PROJECT_ABSOLUTE_PATH,/proj/zefflab/projects/Flooding/pipeline/containers/sfincs-v2.3.0-mt-Faber-Release.sif,"<input type=""hidden"" data-key=""sfincs_container"" data-type=""string"" value=""/proj/zefflab/projects/Flooding/pipeline/containers/sfincs-v2.3.0-mt-Faber-Release.sif"">"
/proj/zefflab/projects/Flooding/pipeline/web_launcher/manual.html,667,OTHER_PROJECT_ABSOLUTE_PATH,/proj/zefflab/projects/Flooding/pipeline,"<tr><td>project_root</td><td><input data-key=""project_root"" data-type=""string"" value=""/proj/zefflab/projects/Flooding/pipeline""></td><td>Backend pipeline bundle root.</td></tr>"
/proj/zefflab/projects/Flooding/pipeline/web_launcher/manual.html,668,OTHER_PROJECT_ABSOLUTE_PATH,/proj/zefflab/projects/Flooding/sfincs_runs,"<tr><td>output_root</td><td><input data-key=""output_root"" data-type=""string"" value=""/proj/zefflab/projects/Flooding/sfincs_runs""></td><td>Run folders will be created under this path by the backend.</td></tr>"
/proj/zefflab/projects/Flooding/pipeline/web_launcher/manual.html,775,OLD_PROJ_DATA_ROOT,/proj/zefflab/projects/Flooding/Data/harris_county/catalogs/static/harris_county,"placeholder=""/proj/zefflab/projects/Flooding/Data/harris_county/catalogs/static/harris_county"""
/proj/zefflab/projects/Flooding/pipeline/web_launcher/manual.html,785,OLD_PROJ_DATA_ROOT,/proj/zefflab/projects/Flooding/Data/harris_county/catalogs,"data-browse-start=""/proj/zefflab/projects/Flooding/Data/harris_county/catalogs"""
/proj/zefflab/projects/Flooding/pipeline/web_launcher/manual.html,1451,OTHER_PROJECT_ABSOLUTE_PATH,/proj/zefflab/projects/Flooding/pipeline/code/preprocess_stage.py,"<td><input data-key=""preprocess_stage_script"" data-type=""string"" value=""/proj/zefflab/projects/Flooding/pipeline/code/preprocess_stage.py""></td>"
/proj/zefflab/projects/Flooding/pipeline/web_launcher/manual.html,1457,OTHER_PROJECT_ABSOLUTE_PATH,/proj/zefflab/projects/Flooding/pipeline/code/postprocess_stage.py,"<td><input data-key=""postprocess_stage_script"" data-type=""string"" value=""/proj/zefflab/projects/Flooding/pipeline/code/postprocess_stage.py""></td>"
/proj/zefflab/projects/Flooding/pipeline/web_launcher/manual.html,1463,OTHER_PROJECT_ABSOLUTE_PATH,/proj/zefflab/projects/Flooding/pipeline/envs/sfincs,"<td><input data-key=""conda_env_path"" data-type=""string"" value=""/proj/zefflab/projects/Flooding/pipeline/envs/sfincs""></td>"
/proj/zefflab/projects/Flooding/pipeline/web_launcher/manual.html,1469,OTHER_PROJECT_ABSOLUTE_PATH,/proj/zefflab/projects/Flooding/pipeline/envs/sfincs/bin/python,"<td><input data-key=""conda_python"" data-type=""string"" value=""/proj/zefflab/projects/Flooding/pipeline/envs/sfincs/bin/python""></td>"
/proj/zefflab/projects/Flooding/pipeline/web_launcher/manual.html,1475,OTHER_PROJECT_ABSOLUTE_PATH,/proj/zefflab/projects/Flooding/pipeline/containers/sfincs-v2.3.0-mt-Faber-Release.sif,"<td><input data-key=""sfincs_container_path"" data-type=""string"" value=""/proj/zefflab/projects/Flooding/pipeline/containers/sfincs-v2.3.0-mt-Faber-Release.sif""></td>"
/proj/zefflab/projects/Flooding/pipeline/web_launcher/manual.html,3632,OLD_PROJ_DATA_ROOT,/proj/zefflab/projects/Flooding/Data/harris_county,"defaultStart: ""/proj/zefflab/projects/Flooding/Data/harris_county"""
/proj/zefflab/projects/Flooding/pipeline/web_launcher/manual.html,3655,OTHER_PROJECT_ABSOLUTE_PATH,/proj/zefflab/projects/Flooding/pipeline,"projectRoot: ""/proj/zefflab/projects/Flooding/pipeline"","
/proj/zefflab/projects/Flooding/pipeline/web_launcher/manual.html,3656,OTHER_PROJECT_ABSOLUTE_PATH,/proj/zefflab/projects/Flooding/pipeline/envs/sfincs,"condaEnvPath: ""/proj/zefflab/projects/Flooding/pipeline/envs/sfincs"","
/proj/zefflab/projects/Flooding/pipeline/web_launcher/manual.html,3657,OTHER_PROJECT_ABSOLUTE_PATH,/proj/zefflab/projects/Flooding/pipeline/envs/sfincs/bin/python,"condaPython: ""/proj/zefflab/projects/Flooding/pipeline/envs/sfincs/bin/python"","
/proj/zefflab/projects/Flooding/pipeline/web_launcher/manual.html,3658,OTHER_PROJECT_ABSOLUTE_PATH,/proj/zefflab/projects/Flooding/pipeline/containers/sfincs-v2.3.0-mt-Faber-Release.sif,"sfincsContainerPath: ""/proj/zefflab/projects/Flooding/pipeline/containers/sfincs-v2.3.0-mt-Faber-Release.sif"""
/proj/zefflab/projects/Flooding/pipeline/web_launcher/compare.html,346,OTHER_PROJECT_ABSOLUTE_PATH,/proj/zefflab/projects/Flooding/sfincs_runs,"<input id=""searchRoot"" value=""/proj/zefflab/projects/Flooding/sfincs_runs"">"
/proj/zefflab/projects/Flooding/pipeline/web_launcher/compare.html,350,OTHER_PROJECT_ABSOLUTE_PATH,/proj/zefflab/projects/Flooding/sfincs_runs,"data-browse-start=""/proj/zefflab/projects/Flooding/sfincs_runs"">"
/proj/zefflab/projects/Flooding/pipeline/web_launcher/compare.html,366,OTHER_PROJECT_ABSOLUTE_PATH,/proj/zefflab/projects/Flooding/sfincs_runs/...,"<input id=""manualPath"" placeholder=""/proj/zefflab/projects/Flooding/sfincs_runs/..."">"
/proj/zefflab/projects/Flooding/pipeline/web_launcher/launcher_site_defaults.json,2,OLD_PROJ_DATA_ROOT,/proj/zefflab/projects/Flooding/Data/harris_county/catalogs,"""catalogRoot"": ""/proj/zefflab/projects/Flooding/Data/harris_county/catalogs"","
/proj/zefflab/projects/Flooding/pipeline/web_launcher/launcher_site_defaults.json,3,OTHER_PROJECT_ABSOLUTE_PATH,/proj/zefflab/projects/Flooding/pipeline/envs/sfincs,"""condaEnvPath"": ""/proj/zefflab/projects/Flooding/pipeline/envs/sfincs"","
/proj/zefflab/projects/Flooding/pipeline/web_launcher/launcher_site_defaults.json,4,OTHER_PROJECT_ABSOLUTE_PATH,/proj/zefflab/projects/Flooding/pipeline/envs/sfincs/bin/python,"""condaPython"": ""/proj/zefflab/projects/Flooding/pipeline/envs/sfincs/bin/python"","
/proj/zefflab/projects/Flooding/pipeline/web_launcher/launcher_site_defaults.json,5,OLD_PROJ_DATA_ROOT,/proj/zefflab/projects/Flooding/Data/harris_county,"""dataRoot"": ""/proj/zefflab/projects/Flooding/Data/harris_county"","
/proj/zefflab/projects/Flooding/pipeline/web_launcher/launcher_site_defaults.json,6,OLD_PROJ_DATA_ROOT,/proj/zefflab/projects/Flooding/Data/harris_county/catalogs,"""eventCatalogRoot"": ""/proj/zefflab/projects/Flooding/Data/harris_county/catalogs"","
/proj/zefflab/projects/Flooding/pipeline/web_launcher/launcher_site_defaults.json,7,OLD_PROJ_DATA_ROOT,/proj/zefflab/projects/Flooding/Data/harris_county/catalogs,"""nativeSfincsRoot"": ""/proj/zefflab/projects/Flooding/Data/harris_county/catalogs"","
/proj/zefflab/projects/Flooding/pipeline/web_launcher/launcher_site_defaults.json,8,OLD_PROJ_DATA_ROOT,/proj/zefflab/projects/Flooding/Data/harris_county/catalogs,"""overrideSourceRoot"": ""/proj/zefflab/projects/Flooding/Data/harris_county/catalogs"","
/proj/zefflab/projects/Flooding/pipeline/web_launcher/launcher_site_defaults.json,9,OTHER_PROJECT_ABSOLUTE_PATH,/proj/zefflab/projects/Flooding/pipeline,"""projectRoot"": ""/proj/zefflab/projects/Flooding/pipeline"","
/proj/zefflab/projects/Flooding/pipeline/web_launcher/launcher_site_defaults.json,10,OTHER_PROJECT_ABSOLUTE_PATH,/proj/zefflab/projects/Flooding/sfincs_runs,"""runRoot"": ""/proj/zefflab/projects/Flooding/sfincs_runs"","
/proj/zefflab/projects/Flooding/pipeline/web_launcher/launcher_site_defaults.json,11,OTHER_PROJECT_ABSOLUTE_PATH,/proj/zefflab/projects/Flooding/pipeline/containers/sfincs-v2.3.0-mt-Faber-Release.sif,"""sfincsContainerPath"": ""/proj/zefflab/projects/Flooding/pipeline/containers/sfincs-v2.3.0-mt-Faber-Release.sif"""
/proj/zefflab/projects/Flooding/pipeline/web_launcher/override.html,813,OTHER_PROJECT_ABSOLUTE_PATH,/proj/zefflab/projects/Flooding,"data-browse-start=""/proj/zefflab/projects/Flooding"">"
/proj/zefflab/projects/Flooding/pipeline/web_launcher/override.html,881,OTHER_PROJECT_ABSOLUTE_PATH,/proj/zefflab/projects/Flooding/pipeline,"<tr><td>project_root</td><td><input data-key=""project_root"" data-type=""string"" value=""/proj/zefflab/projects/Flooding/pipeline""></td><td>Shared pipeline root.</td></tr>"
/proj/zefflab/projects/Flooding/pipeline/web_launcher/override.html,882,OTHER_PROJECT_ABSOLUTE_PATH,/proj/zefflab/projects/Flooding/sfincs_runs,"<tr><td>output_root</td><td><input data-key=""output_root"" data-type=""string"" value=""/proj/zefflab/projects/Flooding/sfincs_runs""></td><td>Root where the backend will create the run folder.</td></tr>"
/proj/zefflab/projects/Flooding/pipeline/web_launcher/override.html,955,OLD_PROJ_DATA_ROOT,/proj/zefflab/projects/Flooding/Data/harris_county/catalogs/events/harvey_2017_mrms,"placeholder=""/proj/zefflab/projects/Flooding/Data/harris_county/catalogs/events/harvey_2017_mrms"""
/proj/zefflab/projects/Flooding/pipeline/web_launcher/override.html,971,OLD_PROJ_DATA_ROOT,/proj/zefflab/projects/Flooding/Data/harris_county/catalogs/events/harvey_2017_mrms,"placeholder=""/proj/zefflab/projects/Flooding/Data/harris_county/catalogs/events/harvey_2017_mrms"""
/proj/zefflab/projects/Flooding/pipeline/web_launcher/override.html,981,OLD_PROJ_DATA_ROOT,/proj/zefflab/projects/Flooding/Data/harris_county/catalogs,"data-browse-start=""/proj/zefflab/projects/Flooding/Data/harris_county/catalogs"""
/proj/zefflab/projects/Flooding/pipeline/web_launcher/override.html,1366,OTHER_PROJECT_ABSOLUTE_PATH,/proj/zefflab/projects/Flooding/pipeline/code/preprocess_stage.py,"<tr><td>preprocess_stage_script</td><td><input data-key=""preprocess_stage_script"" data-type=""string"" value=""/proj/zefflab/projects/Flooding/pipeline/code/preprocess_stage.py""></td><td>Shared backend script.</td></tr>"
/proj/zefflab/projects/Flooding/pipeline/web_launcher/override.html,1367,OTHER_PROJECT_ABSOLUTE_PATH,/proj/zefflab/projects/Flooding/pipeline/code/postprocess_stage.py,"<tr><td>postprocess_stage_script</td><td><input data-key=""postprocess_stage_script"" data-type=""string"" value=""/proj/zefflab/projects/Flooding/pipeline/code/postprocess_stage.py""></td><td>Shared backend script.</td></tr>"
/proj/zefflab/projects/Flooding/pipeline/web_launcher/override.html,1368,OTHER_PROJECT_ABSOLUTE_PATH,/proj/zefflab/projects/Flooding/pipeline/envs/sfincs,"<tr><td>conda_env_path</td><td><input data-key=""conda_env_path"" data-type=""string"" value=""/proj/zefflab/projects/Flooding/pipeline/envs/sfincs""></td><td>Shared bundled SFINCS/HydroMT environment.</td></tr>"
/proj/zefflab/projects/Flooding/pipeline/web_launcher/override.html,1369,OTHER_PROJECT_ABSOLUTE_PATH,/proj/zefflab/projects/Flooding/pipeline/envs/sfincs/bin/python,"<tr><td>conda_python</td><td><input data-key=""conda_python"" data-type=""string"" value=""/proj/zefflab/projects/Flooding/pipeline/envs/sfincs/bin/python""></td><td>Shared bundled Python path for backend stages.</td></tr>"
/proj/zefflab/projects/Flooding/pipeline/web_launcher/override.html,1370,OTHER_PROJECT_ABSOLUTE_PATH,/proj/zefflab/projects/Flooding/pipeline/containers/sfincs-v2.3.0-mt-Faber-Release.sif,"<tr><td>sfincs_container_path</td><td><input data-key=""sfincs_container_path"" data-type=""string"" value=""/proj/zefflab/projects/Flooding/pipeline/containers/sfincs-v2.3.0-mt-Faber-Release.sif""></td><td>SFINCS Apptainer image.</td></tr>"
/proj/zefflab/projects/Flooding/pipeline/web_launcher/override.html,1670,OTHER_PROJECT_ABSOLUTE_PATH,/proj/zefflab/projects/Flooding,browse.dataset.browseStart = '/proj/zefflab/projects/Flooding';
/proj/zefflab/projects/Flooding/pipeline/web_launcher/override.html,2624,OLD_PROJ_DATA_ROOT,/proj/zefflab/projects/Flooding/Data/harris_county,": ""/proj/zefflab/projects/Flooding/Data/harris_county"""
/proj/zefflab/projects/Flooding/pipeline/web_launcher/override.html,3226,RELATIVE_OR_PARTIAL_DATA_REFERENCE,fragment_match,return dataRoot.includes('/Data/harris_county') || sources.includes('/Data/harris_county');
/proj/zefflab/projects/Flooding/pipeline/web_launcher/override.html,3896,OTHER_PROJECT_ABSOLUTE_PATH,/proj/zefflab/projects/Flooding/pipeline/envs/sfincs,const sharedCondaEnv = '/proj/zefflab/projects/Flooding/pipeline/envs/sfincs';
/proj/zefflab/projects/Flooding/pipeline/web_launcher/override.html,3897,OTHER_PROJECT_ABSOLUTE_PATH,/proj/zefflab/projects/Flooding/pipeline/envs/sfincs/bin/python,const sharedCondaPython = '/proj/zefflab/projects/Flooding/pipeline/envs/sfincs/bin/python';
/proj/zefflab/projects/Flooding/pipeline/web_launcher/override.html,3898,OTHER_USERS_ABSOLUTE_PATH,/users/e/p/epsilon/sfincs_project/envs/sfincs/bin/python,const oldPersonalCondaPython = '/users/e/p/epsilon/sfincs_project/envs/sfincs/bin/python';
/proj/zefflab/projects/Flooding/pipeline/web_launcher/override.html,4196,OLD_PROJ_DATA_ROOT,/proj/zefflab/projects/Flooding/Data/harris_county,"defaultStart: ""/proj/zefflab/projects/Flooding/Data/harris_county"""
/proj/zefflab/projects/Flooding/pipeline/web_launcher/override.html,4211,OLD_PROJ_DATA_ROOT,/proj/zefflab/projects/Flooding/Data/harris_county/catalogs,"""/proj/zefflab/projects/Flooding/Data/harris_county/catalogs"";"
/proj/zefflab/projects/Flooding/pipeline/web_launcher/override.html,4303,OTHER_PROJECT_ABSOLUTE_PATH,/proj/zefflab/projects/Flooding/pipeline,"projectRoot: ""/proj/zefflab/projects/Flooding/pipeline"","
/proj/zefflab/projects/Flooding/pipeline/web_launcher/override.html,4304,OTHER_PROJECT_ABSOLUTE_PATH,/proj/zefflab/projects/Flooding/pipeline/envs/sfincs,"condaEnvPath: ""/proj/zefflab/projects/Flooding/pipeline/envs/sfincs"","
/proj/zefflab/projects/Flooding/pipeline/web_launcher/override.html,4305,OTHER_PROJECT_ABSOLUTE_PATH,/proj/zefflab/projects/Flooding/pipeline/envs/sfincs/bin/python,"condaPython: ""/proj/zefflab/projects/Flooding/pipeline/envs/sfincs/bin/python"","
/proj/zefflab/projects/Flooding/pipeline/web_launcher/override.html,4306,OTHER_PROJECT_ABSOLUTE_PATH,/proj/zefflab/projects/Flooding/pipeline/containers/sfincs-v2.3.0-mt-Faber-Release.sif,"sfincsContainerPath: ""/proj/zefflab/projects/Flooding/pipeline/containers/sfincs-v2.3.0-mt-Faber-Release.sif"""
/proj/zefflab/projects/Flooding/pipeline/web_launcher/app.py,47,OTHER_PROJECT_ABSOLUTE_PATH,/proj/zefflab/projects/Flooding,"Path(""/proj/zefflab/projects/Flooding""),"
/proj/zefflab/projects/Flooding/pipeline/web_launcher/app.py,48,OTHER_MATCH,/work/users,"Path(""/work/users""),"
/proj/zefflab/projects/Flooding/pipeline/web_launcher/app.py,62,OTHER_PROJECT_ABSOLUTE_PATH,/proj/zefflab/projects/Flooding/pipeline/envs/sfincs/bin/python,"""/proj/zefflab/projects/Flooding/pipeline/envs/sfincs/bin/python"","
/proj/zefflab/projects/Flooding/pipeline/web_launcher/app.py,370,OLD_PROJ_DATA_ROOT,/proj/zefflab/projects/Flooding/Data/harris_county,"""dataRoot"": ""/proj/zefflab/projects/Flooding/Data/harris_county"","
/proj/zefflab/projects/Flooding/pipeline/web_launcher/app.py,371,OLD_PROJ_DATA_ROOT,/proj/zefflab/projects/Flooding/Data/harris_county/catalogs,"""catalogRoot"": ""/proj/zefflab/projects/Flooding/Data/harris_county/catalogs"","
/proj/zefflab/projects/Flooding/pipeline/web_launcher/app.py,372,OLD_PROJ_DATA_ROOT,/proj/zefflab/projects/Flooding/Data/harris_county/catalogs/events_reduced,"""eventCatalogRoot"": ""/proj/zefflab/projects/Flooding/Data/harris_county/catalogs/events_reduced"","
/proj/zefflab/projects/Flooding/pipeline/web_launcher/app.py,373,OLD_PROJ_DATA_ROOT,/proj/zefflab/projects/Flooding/Data/harris_county/catalogs,"""nativeSfincsRoot"": ""/proj/zefflab/projects/Flooding/Data/harris_county/catalogs"","
/proj/zefflab/projects/Flooding/pipeline/web_launcher/app.py,374,OLD_PROJ_DATA_ROOT,/proj/zefflab/projects/Flooding/Data/harris_county/catalogs,"""overrideSourceRoot"": ""/proj/zefflab/projects/Flooding/Data/harris_county/catalogs"","
/proj/zefflab/projects/Flooding/pipeline/web_launcher/app.py,375,OTHER_PROJECT_ABSOLUTE_PATH,/proj/zefflab/projects/Flooding/sfincs_runs,"""runRoot"": ""/proj/zefflab/projects/Flooding/sfincs_runs"","
/proj/zefflab/projects/Flooding/pipeline/web_launcher/app.py,376,OTHER_PROJECT_ABSOLUTE_PATH,/proj/zefflab/projects/Flooding/pipeline/containers/sfincs-v2.3.0-mt-Faber-Release.sif,"""sfincsContainerPath"": ""/proj/zefflab/projects/Flooding/pipeline/containers/sfincs-v2.3.0-mt-Faber-Release.sif"","
/proj/zefflab/projects/Flooding/pipeline/web_launcher/app.py,377,OTHER_PROJECT_ABSOLUTE_PATH,/proj/zefflab/projects/Flooding/pipeline/envs/sfincs/bin/python,"""condaPython"": ""/proj/zefflab/projects/Flooding/pipeline/envs/sfincs/bin/python"","
/proj/zefflab/projects/Flooding/pipeline/web_launcher/app.py,378,OTHER_PROJECT_ABSOLUTE_PATH,/proj/zefflab/projects/Flooding/pipeline/envs/sfincs,"""condaEnvPath"": ""/proj/zefflab/projects/Flooding/pipeline/envs/sfincs"","
/proj/zefflab/projects/Flooding/pipeline/web_launcher/app.py,379,OTHER_PROJECT_ABSOLUTE_PATH,/proj/zefflab/projects/Flooding/pipeline,"""projectRoot"": ""/proj/zefflab/projects/Flooding/pipeline"","
/proj/zefflab/projects/Flooding/pipeline/web_launcher/app.py,1618,OTHER_PROJECT_ABSOLUTE_PATH,/proj/zefflab/projects/Flooding/pipeline/envs/sfincs/bin/python,"py = Path(""/proj/zefflab/projects/Flooding/pipeline/envs/sfincs/bin/python"")"
/proj/zefflab/projects/Flooding/pipeline/web_launcher/app.py,1619,OTHER_PROJECT_ABSOLUTE_PATH,/proj/zefflab/projects/Flooding/pipeline/code/review_animation_info.py,"script = Path(""/proj/zefflab/projects/Flooding/pipeline/code/review_animation_info.py"")"
/proj/zefflab/projects/Flooding/pipeline/web_launcher/app.py,1755,OTHER_PROJECT_ABSOLUTE_PATH,/proj/zefflab/projects/Flooding/pipeline/code/review_submit_obs_gauges.py,"script = Path(""/proj/zefflab/projects/Flooding/pipeline/code/review_submit_obs_gauges.py"")"
/proj/zefflab/projects/Flooding/pipeline/web_launcher/app.py,1997,OTHER_PROJECT_ABSOLUTE_PATH,/proj/zefflab/projects/Flooding/pipeline/code/review_submit_animation.py,"script = Path(""/proj/zefflab/projects/Flooding/pipeline/code/review_submit_animation.py"")"
/proj/zefflab/projects/Flooding/pipeline/web_launcher/app.py,3520,OTHER_PROJECT_ABSOLUTE_PATH,/proj/zefflab/projects/Flooding/pipeline,"PIPELINE_ROOT = Path(""/proj/zefflab/projects/Flooding/pipeline"")"
/proj/zefflab/projects/Flooding/pipeline/web_launcher/app.py,3523,OTHER_PROJECT_ABSOLUTE_PATH,/proj/zefflab/projects/Flooding/sfincs_runs/_compare_jobs,"COMPARE_ROOT = Path(""/proj/zefflab/projects/Flooding/sfincs_runs/_compare_jobs"").resolve()"
/proj/zefflab/projects/Flooding/pipeline/web_launcher/app.py,3526,OTHER_PROJECT_ABSOLUTE_PATH,/proj/zefflab/projects/Flooding/sfincs_runs,"Path(""/proj/zefflab/projects/Flooding/sfincs_runs""),"
/proj/zefflab/projects/Flooding/pipeline/web_launcher/app.py,3527,OTHER_USERS_ABSOLUTE_PATH,/work/users/e/p/epsilon/sfincs_runs,"Path(""/work/users/e/p/epsilon/sfincs_runs""),"
/proj/zefflab/projects/Flooding/pipeline/web_launcher/app.py,3625,OTHER_PROJECT_ABSOLUTE_PATH,/proj/zefflab/projects/Flooding,"Path(""/proj/zefflab/projects/Flooding""),"
/proj/zefflab/projects/Flooding/pipeline/web_launcher/app.py,3626,OTHER_MATCH,/work/users,"Path(""/work/users""),"
/proj/zefflab/projects/Flooding/pipeline/web_launcher/app.py,3832,OTHER_PROJECT_ABSOLUTE_PATH,/proj/zefflab/projects/Flooding,"Path(""/proj/zefflab/projects/Flooding""),"
/proj/zefflab/projects/Flooding/pipeline/web_launcher/app.py,3833,OTHER_USERS_ABSOLUTE_PATH,/work/users/e/p/epsilon,"Path(""/work/users/e/p/epsilon""),"
/proj/zefflab/projects/Flooding/pipeline/web_launcher/app.py,3834,OTHER_USERS_ABSOLUTE_PATH,/users/e/p/epsilon,"Path(""/users/e/p/epsilon""),"
/proj/zefflab/projects/Flooding/pipeline/web_launcher/app.py,4089,OTHER_PROJECT_ABSOLUTE_PATH,/proj/zefflab/projects/Flooding/sfincs_runs,"return _ReviewPath(""/proj/zefflab/projects/Flooding/sfincs_runs"")"
/proj/zefflab/projects/Flooding/pipeline/web_launcher/app.py,4104,OTHER_PROJECT_ABSOLUTE_PATH,/proj/zefflab/projects/Flooding/pipeline/envs/sfincs/bin/python,"return ""/proj/zefflab/projects/Flooding/pipeline/envs/sfincs/bin/python"""
/proj/zefflab/projects/Flooding/pipeline/web_launcher/app.py,4352,OTHER_PROJECT_ABSOLUTE_PATH,/proj/zefflab/projects/Flooding/sfincs_runs,"runs_root = Path(""/proj/zefflab/projects/Flooding/sfincs_runs"").resolve()"
/proj/zefflab/projects/Flooding/pipeline/web_launcher/app.py,4443,OTHER_PROJECT_ABSOLUTE_PATH,/proj/zefflab/projects/Flooding/pipeline/envs/sfincs_contextily/bin/python,"py = Path(""/proj/zefflab/projects/Flooding/pipeline/envs/sfincs_contextily/bin/python"")"
/proj/zefflab/projects/Flooding/pipeline/web_launcher/app.py,4447,OTHER_PROJECT_ABSOLUTE_PATH,/proj/zefflab/projects/Flooding/pipeline/code/review_prepare_maps.py,"builder = Path(""/proj/zefflab/projects/Flooding/pipeline/code/review_prepare_maps.py"")"
/proj/zefflab/projects/Flooding/pipeline/web_launcher/app.py,4494,OTHER_PROJECT_ABSOLUTE_PATH,/proj/zefflab/projects/Flooding/pipeline/envs/sfincs_contextily/bin/python,"py = Path(""/proj/zefflab/projects/Flooding/pipeline/envs/sfincs_contextily/bin/python"")"
/proj/zefflab/projects/Flooding/pipeline/web_launcher/app.py,4495,OTHER_PROJECT_ABSOLUTE_PATH,/proj/zefflab/projects/Flooding/pipeline/code/review_submit_maps.py,"script = Path(""/proj/zefflab/projects/Flooding/pipeline/code/review_submit_maps.py"")"
/proj/zefflab/projects/Flooding/pipeline/web_launcher/static/config_path_browse_buttons.js,4,OLD_PROJ_DATA_ROOT,/proj/zefflab/projects/Flooding/Data/harris_county,"const DEFAULT_DATA_ROOT = ""/proj/zefflab/projects/Flooding/Data/harris_county"";"
/proj/zefflab/projects/Flooding/pipeline/web_launcher/static/config_path_browse_buttons.js,73,OTHER_PROJECT_ABSOLUTE_PATH,/proj/zefflab/projects/Flooding/pipeline,"""/proj/zefflab/projects/Flooding/pipeline"""
/proj/zefflab/projects/Flooding/pipeline/web_launcher/static/review.js,1955,OLD_PROJ_DATA_ROOT,/proj/zefflab/projects/Flooding/Data/harris_county,"""/proj/zefflab/projects/Flooding/Data/harris_county"""
/proj/zefflab/projects/Flooding/pipeline/web_launcher/static/launcher_defaults.js,10,OLD_PROJ_DATA_ROOT,/proj/zefflab/projects/Flooding/Data/harris_county,"dataRoot: ""/proj/zefflab/projects/Flooding/Data/harris_county"","
/proj/zefflab/projects/Flooding/pipeline/web_launcher/static/launcher_defaults.js,11,OLD_PROJ_DATA_ROOT,/proj/zefflab/projects/Flooding/Data/harris_county/catalogs,"catalogRoot: ""/proj/zefflab/projects/Flooding/Data/harris_county/catalogs"","
/proj/zefflab/projects/Flooding/pipeline/web_launcher/static/launcher_defaults.js,12,OLD_PROJ_DATA_ROOT,/proj/zefflab/projects/Flooding/Data/harris_county/catalogs/events_reduced,"eventCatalogRoot: ""/proj/zefflab/projects/Flooding/Data/harris_county/catalogs/events_reduced"","
/proj/zefflab/projects/Flooding/pipeline/web_launcher/static/launcher_defaults.js,13,OLD_PROJ_DATA_ROOT,/proj/zefflab/projects/Flooding/Data/harris_county/catalogs,"nativeSfincsRoot: ""/proj/zefflab/projects/Flooding/Data/harris_county/catalogs"","
/proj/zefflab/projects/Flooding/pipeline/web_launcher/static/launcher_defaults.js,14,OLD_PROJ_DATA_ROOT,/proj/zefflab/projects/Flooding/Data/harris_county/catalogs,"overrideSourceRoot: ""/proj/zefflab/projects/Flooding/Data/harris_county/catalogs"","
/proj/zefflab/projects/Flooding/pipeline/web_launcher/static/launcher_defaults.js,15,OTHER_PROJECT_ABSOLUTE_PATH,/proj/zefflab/projects/Flooding/sfincs_runs,"runRoot: ""/proj/zefflab/projects/Flooding/sfincs_runs"","
/proj/zefflab/projects/Flooding/pipeline/web_launcher/static/launcher_defaults.js,16,OTHER_PROJECT_ABSOLUTE_PATH,/proj/zefflab/projects/Flooding/pipeline,"projectRoot: ""/proj/zefflab/projects/Flooding/pipeline"","
/proj/zefflab/projects/Flooding/pipeline/web_launcher/static/launcher_defaults.js,17,OTHER_PROJECT_ABSOLUTE_PATH,/proj/zefflab/projects/Flooding/pipeline/envs/sfincs,"condaEnvPath: ""/proj/zefflab/projects/Flooding/pipeline/envs/sfincs"","
/proj/zefflab/projects/Flooding/pipeline/web_launcher/static/launcher_defaults.js,18,OTHER_PROJECT_ABSOLUTE_PATH,/proj/zefflab/projects/Flooding/pipeline/envs/sfincs/bin/python,"condaPython: ""/proj/zefflab/projects/Flooding/pipeline/envs/sfincs/bin/python"","
/proj/zefflab/projects/Flooding/pipeline/web_launcher/static/launcher_defaults.js,19,OTHER_PROJECT_ABSOLUTE_PATH,/proj/zefflab/projects/Flooding/pipeline/containers/sfincs-v2.3.0-mt-Faber-Release.sif,"sfincsContainerPath: ""/proj/zefflab/projects/Flooding/pipeline/containers/sfincs-v2.3.0-mt-Faber-Release.sif"""
/proj/zefflab/projects/Flooding/pipeline/web_launcher/_guide_audits/manual_notes_and_behavior_20260602_150544.json,3,OTHER_PROJECT_ABSOLUTE_PATH,/proj/zefflab/projects/Flooding/pipeline/web_launcher/manual.html,"""manual_html"": ""/proj/zefflab/projects/Flooding/pipeline/web_launcher/manual.html"","
/proj/zefflab/projects/Flooding/pipeline/web_launcher/_guide_audits/manual_notes_and_behavior_20260602_150544.json,4,OTHER_PROJECT_ABSOLUTE_PATH,/proj/zefflab/projects/Flooding/pipeline/web_launcher/guide.html,"""guide_html"": ""/proj/zefflab/projects/Flooding/pipeline/web_launcher/guide.html"","
/proj/zefflab/projects/Flooding/pipeline/web_launcher/_guide_audits/manual_notes_and_behavior_20260602_150544.json,153,OTHER_PROJECT_ABSOLUTE_PATH,/proj/zefflab/projects/Flooding/pipeline,"""default"": ""/proj/zefflab/projects/Flooding/pipeline"","
/proj/zefflab/projects/Flooding/pipeline/web_launcher/_guide_audits/manual_notes_and_behavior_20260602_150544.json,169,OTHER_PROJECT_ABSOLUTE_PATH,/proj/zefflab/projects/Flooding/sfincs_runs,"""default"": ""/proj/zefflab/projects/Flooding/sfincs_runs"","
/proj/zefflab/projects/Flooding/pipeline/web_launcher/_guide_audits/manual_notes_and_behavior_20260602_150544.json,4353,OTHER_PROJECT_ABSOLUTE_PATH,/proj/zefflab/projects/Flooding/pipeline/code/preprocess_stage.py,"""default"": ""/proj/zefflab/projects/Flooding/pipeline/code/preprocess_stage.py"","
/proj/zefflab/projects/Flooding/pipeline/web_launcher/_guide_audits/manual_notes_and_behavior_20260602_150544.json,4369,OTHER_PROJECT_ABSOLUTE_PATH,/proj/zefflab/projects/Flooding/pipeline/code/postprocess_stage.py,"""default"": ""/proj/zefflab/projects/Flooding/pipeline/code/postprocess_stage.py"","
/proj/zefflab/projects/Flooding/pipeline/web_launcher/_guide_audits/manual_notes_and_behavior_20260602_150544.json,4385,OTHER_PROJECT_ABSOLUTE_PATH,/proj/zefflab/projects/Flooding/pipeline/envs/sfincs,"""default"": ""/proj/zefflab/projects/Flooding/pipeline/envs/sfincs"","
/proj/zefflab/projects/Flooding/pipeline/web_launcher/_guide_audits/manual_notes_and_behavior_20260602_150544.json,4401,OTHER_PROJECT_ABSOLUTE_PATH,/proj/zefflab/projects/Flooding/pipeline/envs/sfincs/bin/python,"""default"": ""/proj/zefflab/projects/Flooding/pipeline/envs/sfincs/bin/python"","
/proj/zefflab/projects/Flooding/pipeline/web_launcher/_guide_audits/manual_notes_and_behavior_20260602_150544.json,4417,OTHER_PROJECT_ABSOLUTE_PATH,/proj/zefflab/projects/Flooding/pipeline/containers/sfincs-v2.3.0-mt-Faber-Release.sif,"""default"": ""/proj/zefflab/projects/Flooding/pipeline/containers/sfincs-v2.3.0-mt-Faber-Release.sif"","
/proj/zefflab/projects/Flooding/pipeline/web_launcher/_guide_audits/manual_notes_and_behavior_20260602_150544.json,4554,OLD_PROJ_DATA_ROOT,/proj/zefflab/projects/Flooding/Data/harris_county\,"""   L0464: </head>\n   L0465: <body>\n>> L0466:   <input type=\""hidden\"" data-key=\""pipeline_mode\"" data-type=\""string\"" value=\""preflight_only\"">\n   L0467:   <input type=\""hidden\"" data-key=\""preprocess_mode\"" data-type=\""string\"" value=\""hydromt_build\"">\n   L0468:   <input type=\""hidden\"" data-key=\""data_root\"" data-type=\""string\"" value=\""/proj/zefflab/projects/Flooding/Data/harris_county\"">"","
/proj/zefflab/projects/Flooding/pipeline/web_launcher/_guide_audits/manual_notes_and_behavior_20260602_150544.json,4555,OLD_PROJ_DATA_ROOT,/proj/zefflab/projects/Flooding/Data/harris_county\ | /proj/zefflab/projects/Flooding/pipeline/containers/sfincs-v2.3.0-mt-Faber-Release.sif\,"""   L0465: <body>\n   L0466:   <input type=\""hidden\"" data-key=\""pipeline_mode\"" data-type=\""string\"" value=\""preflight_only\"">\n>> L0467:   <input type=\""hidden\"" data-key=\""preprocess_mode\"" data-type=\""string\"" value=\""hydromt_build\"">\n   L0468:   <input type=\""hidden\"" data-key=\""data_root\"" data-type=\""string\"" value=\""/proj/zefflab/projects/Flooding/Data/harris_county\"">\n   L0469:   <input type=\""hidden\"" data-key=\""sfincs_container\"" data-type=\""string\"" value=\""/proj/zefflab/projects/Flooding/pipeline/containers/sfincs-v2.3.0-mt-Faber-Release.sif\"">"","
/proj/zefflab/projects/Flooding/pipeline/web_launcher/_guide_audits/manual_notes_and_behavior_20260602_150544.json,4559,OTHER_PROJECT_ABSOLUTE_PATH,/proj/zefflab/projects/Flooding/sfincs_runs\,"""   L0538:               <tr><td>output_root</td><td><input data-key=\""output_root\"" data-type=\""string\"" value=\""/proj/zefflab/projects/Flooding/sfincs_runs\""></td><td>Run folders will be created under this path by the backend.</td></tr>\n   L0539:               <tr><td>planned run root</td><td><div id=\""run-root-preview\"" class=\""path-preview\""></div></td><td>Preview only. This is computed as output_root / run_name.</td></tr>\n>> L0540:               <tr><td>overwrite_existing_run</td><td><select data-key=\""overwrite_existing_run\"" data-type=\""bool\""><option value=\""false\"" selected>false</o"
/proj/zefflab/projects/Flooding/pipeline/web_launcher/_guide_audits/manual_guide_audit_20260602_150041.json,2,OTHER_PROJECT_ABSOLUTE_PATH,/proj/zefflab/projects/Flooding/pipeline/web_launcher/manual.html,"""manual_html"": ""/proj/zefflab/projects/Flooding/pipeline/web_launcher/manual.html"","
/proj/zefflab/projects/Flooding/pipeline/web_launcher/_guide_audits/manual_guide_audit_20260602_150041.json,3,OTHER_PROJECT_ABSOLUTE_PATH,/proj/zefflab/projects/Flooding/pipeline/web_launcher/guide.html,"""guide_html"": ""/proj/zefflab/projects/Flooding/pipeline/web_launcher/guide.html"","
/proj/zefflab/projects/Flooding/pipeline/web_launcher/_guide_audits/manual_guide_audit_20260602_150041.json,511,OLD_PROJ_DATA_ROOT,/proj/zefflab/projects/Flooding/Data/harris_county,"""value"": ""/proj/zefflab/projects/Flooding/Data/harris_county"","
/proj/zefflab/projects/Flooding/pipeline/web_launcher/_guide_audits/manual_guide_audit_20260602_150041.json,531,OTHER_PROJECT_ABSOLUTE_PATH,/proj/zefflab/projects/Flooding/pipeline/containers/sfincs-v2.3.0-mt-Faber-Release.sif,"""value"": ""/proj/zefflab/projects/Flooding/pipeline/containers/sfincs-v2.3.0-mt-Faber-Release.sif"","
/proj/zefflab/projects/Flooding/pipeline/web_launcher/_guide_audits/manual_guide_audit_20260602_150041.json,1091,OTHER_PROJECT_ABSOLUTE_PATH,/proj/zefflab/projects/Flooding/pipeline,"""value"": ""/proj/zefflab/projects/Flooding/pipeline"","
/proj/zefflab/projects/Flooding/pipeline/web_launcher/_guide_audits/manual_guide_audit_20260602_150041.json,1111,OTHER_PROJECT_ABSOLUTE_PATH,/proj/zefflab/projects/Flooding/sfincs_runs,"""value"": ""/proj/zefflab/projects/Flooding/sfincs_runs"","
/proj/zefflab/projects/Flooding/pipeline/web_launcher/_guide_audits/manual_guide_audit_20260602_150041.json,5171,OTHER_PROJECT_ABSOLUTE_PATH,/proj/zefflab/projects/Flooding/pipeline/code/preprocess_stage.py,"""value"": ""/proj/zefflab/projects/Flooding/pipeline/code/preprocess_stage.py"","
/proj/zefflab/projects/Flooding/pipeline/web_launcher/_guide_audits/manual_guide_audit_20260602_150041.json,5191,OTHER_PROJECT_ABSOLUTE_PATH,/proj/zefflab/projects/Flooding/pipeline/code/postprocess_stage.py,"""value"": ""/proj/zefflab/projects/Flooding/pipeline/code/postprocess_stage.py"","
/proj/zefflab/projects/Flooding/pipeline/web_launcher/_guide_audits/manual_guide_audit_20260602_150041.json,5211,OTHER_PROJECT_ABSOLUTE_PATH,/proj/zefflab/projects/Flooding/pipeline/envs/sfincs,"""value"": ""/proj/zefflab/projects/Flooding/pipeline/envs/sfincs"","
/proj/zefflab/projects/Flooding/pipeline/web_launcher/_guide_audits/manual_guide_audit_20260602_150041.json,5231,OTHER_PROJECT_ABSOLUTE_PATH,/proj/zefflab/projects/Flooding/pipeline/envs/sfincs/bin/python,"""value"": ""/proj/zefflab/projects/Flooding/pipeline/envs/sfincs/bin/python"","
/proj/zefflab/projects/Flooding/pipeline/web_launcher/_guide_audits/manual_guide_audit_20260602_150041.json,5251,OTHER_PROJECT_ABSOLUTE_PATH,/proj/zefflab/projects/Flooding/pipeline/containers/sfincs-v2.3.0-mt-Faber-Release.sif,"""value"": ""/proj/zefflab/projects/Flooding/pipeline/containers/sfincs-v2.3.0-mt-Faber-Release.sif"","
/proj/zefflab/projects/Flooding/pipeline/web_launcher/_guide_audits/manual_field_guide_coverage_20260602_150333.json,2,OTHER_PROJECT_ABSOLUTE_PATH,/proj/zefflab/projects/Flooding/pipeline/web_launcher/manual.html,"""manual_html"": ""/proj/zefflab/projects/Flooding/pipeline/web_launcher/manual.html"","
/proj/zefflab/projects/Flooding/pipeline/web_launcher/_guide_audits/manual_field_guide_coverage_20260602_150333.json,3,OTHER_PROJECT_ABSOLUTE_PATH,/proj/zefflab/projects/Flooding/pipeline/web_launcher/guide.html,"""guide_html"": ""/proj/zefflab/projects/Flooding/pipeline/web_launcher/guide.html"","
/proj/zefflab/projects/Flooding/pipeline/web_launcher/_guide_audits/manual_field_guide_coverage_20260602_150333.json,74,OTHER_PROJECT_ABSOLUTE_PATH,/proj/zefflab/projects/Flooding/pipeline,"""value"": ""/proj/zefflab/projects/Flooding/pipeline"","
/proj/zefflab/projects/Flooding/pipeline/web_launcher/_guide_audits/manual_field_guide_coverage_20260602_150333.json,91,OTHER_PROJECT_ABSOLUTE_PATH,/proj/zefflab/projects/Flooding/sfincs_runs,"""value"": ""/proj/zefflab/projects/Flooding/sfincs_runs"","
/proj/zefflab/projects/Flooding/pipeline/web_launcher/_guide_audits/manual_field_guide_coverage_20260602_150333.json,4624,OTHER_PROJECT_ABSOLUTE_PATH,/proj/zefflab/projects/Flooding/pipeline/code/preprocess_stage.py,"""value"": ""/proj/zefflab/projects/Flooding/pipeline/code/preprocess_stage.py"","
/proj/zefflab/projects/Flooding/pipeline/web_launcher/_guide_audits/manual_field_guide_coverage_20260602_150333.json,4641,OTHER_PROJECT_ABSOLUTE_PATH,/proj/zefflab/projects/Flooding/pipeline/code/postprocess_stage.py,"""value"": ""/proj/zefflab/projects/Flooding/pipeline/code/postprocess_stage.py"","
/proj/zefflab/projects/Flooding/pipeline/web_launcher/_guide_audits/manual_field_guide_coverage_20260602_150333.json,4658,OTHER_PROJECT_ABSOLUTE_PATH,/proj/zefflab/projects/Flooding/pipeline/envs/sfincs,"""value"": ""/proj/zefflab/projects/Flooding/pipeline/envs/sfincs"","
/proj/zefflab/projects/Flooding/pipeline/web_launcher/_guide_audits/manual_field_guide_coverage_20260602_150333.json,4675,OTHER_PROJECT_ABSOLUTE_PATH,/proj/zefflab/projects/Flooding/pipeline/envs/sfincs/bin/python,"""value"": ""/proj/zefflab/projects/Flooding/pipeline/envs/sfincs/bin/python"","
/proj/zefflab/projects/Flooding/pipeline/web_launcher/_guide_audits/manual_field_guide_coverage_20260602_150333.json,4692,OTHER_PROJECT_ABSOLUTE_PATH,/proj/zefflab/projects/Flooding/pipeline/containers/sfincs-v2.3.0-mt-Faber-Release.sif,"""value"": ""/proj/zefflab/projects/Flooding/pipeline/containers/sfincs-v2.3.0-mt-Faber-Release.sif"","
/proj/zefflab/projects/Flooding/pipeline/web_launcher/_guide_audits/manual_notes_and_behavior_20260602_150544.md,475,OLD_PROJ_DATA_ROOT,/proj/zefflab/projects/Flooding/Data/harris_county,"L0468:   <input type=""hidden"" data-key=""data_root"" data-type=""string"" value=""/proj/zefflab/projects/Flooding/Data/harris_county"">"
/proj/zefflab/projects/Flooding/pipeline/web_launcher/_guide_audits/manual_notes_and_behavior_20260602_150544.md,482,OLD_PROJ_DATA_ROOT,/proj/zefflab/projects/Flooding/Data/harris_county,"L0468:   <input type=""hidden"" data-key=""data_root"" data-type=""string"" value=""/proj/zefflab/projects/Flooding/Data/harris_county"">"
/proj/zefflab/projects/Flooding/pipeline/web_launcher/_guide_audits/manual_notes_and_behavior_20260602_150544.md,483,OTHER_PROJECT_ABSOLUTE_PATH,/proj/zefflab/projects/Flooding/pipeline/containers/sfincs-v2.3.0-mt-Faber-Release.sif,"L0469:   <input type=""hidden"" data-key=""sfincs_container"" data-type=""string"" value=""/proj/zefflab/projects/Flooding/pipeline/containers/sfincs-v2.3.0-mt-Faber-Release.sif"">"
/proj/zefflab/projects/Flooding/pipeline/web_launcher/_guide_audits/manual_notes_and_behavior_20260602_150544.md,511,OTHER_PROJECT_ABSOLUTE_PATH,/proj/zefflab/projects/Flooding/sfincs_runs,"L0538:               <tr><td>output_root</td><td><input data-key=""output_root"" data-type=""string"" value=""/proj/zefflab/projects/Flooding/sfincs_runs""></td><td>Run folders will be created under this path by the backend.</td></tr>"
/proj/zefflab/projects/Flooding/pipeline/web_launcher/_audit_reports/hydromt_yaml_state_audit_20260612_183824.txt,3,OLD_PROJ_DATA_ROOT,fragment_match,catalog_root: /proj/zefflab/projects/Flooding/Data/harris_county/catalogs
/proj/zefflab/projects/Flooding/pipeline/web_launcher/_audit_reports/hydromt_yaml_state_audit_20260612_183824.txt,70,OLD_PROJ_DATA_ROOT,fragment_match,- /proj/zefflab/projects/Flooding/Data/harris_county/catalogs/events/beryl_2024/event_pressure/README_HYDROMT_DATA_CATALOGS.md
/proj/zefflab/projects/Flooding/pipeline/web_launcher/_audit_reports/hydromt_yaml_state_audit_20260612_183824.txt,71,OLD_PROJ_DATA_ROOT,fragment_match,- /proj/zefflab/projects/Flooding/Data/harris_county/catalogs/events/beryl_2024/event_wind/README_HYDROMT_DATA_CATALOGS.md
/proj/zefflab/projects/Flooding/pipeline/web_launcher/_audit_reports/hydromt_yaml_state_audit_20260612_183824.txt,72,OLD_PROJ_DATA_ROOT,fragment_match,- /proj/zefflab/projects/Flooding/Data/harris_county/catalogs/events/flood_2009_04/event_pressure/README_HYDROMT_DATA_CATALOGS.md
/proj/zefflab/projects/Flooding/pipeline/web_launcher/_audit_reports/hydromt_yaml_state_audit_20260612_183824.txt,73,OLD_PROJ_DATA_ROOT,fragment_match,- /proj/zefflab/projects/Flooding/Data/harris_county/catalogs/events/harvey_2017/event_wind/README_HYDROMT_DATA_CATALOGS.md
/proj/zefflab/projects/Flooding/pipeline/web_launcher/_audit_reports/hydromt_yaml_state_audit_20260612_183824.txt,74,OLD_PROJ_DATA_ROOT,fragment_match,- /proj/zefflab/projects/Flooding/Data/harris_county/catalogs/events/harvey_2017_full/event_wind/README_HYDROMT_DATA_CATALOGS.md
/proj/zefflab/projects/Flooding/pipeline/web_launcher/_audit_reports/hydromt_yaml_state_audit_20260612_183824.txt,75,OLD_PROJ_DATA_ROOT,fragment_match,- /proj/zefflab/projects/Flooding/Data/harris_county/catalogs/events/harvey_2017_mrms/_manifests/boundary_table_audit/README_HYDROMT_DATA_CATALOGS.md
/proj/zefflab/projects/Flooding/pipeline/web_launcher/_audit_reports/hydromt_yaml_state_audit_20260612_183824.txt,76,OLD_PROJ_DATA_ROOT,fragment_match,- /proj/zefflab/projects/Flooding/Data/harris_county/catalogs/events/harvey_2017_mrms/event_validation_lines/reviewed_crs_lines/review_figures/README_HYDROMT_DATA_CATALOGS.md
/proj/zefflab/projects/Flooding/pipeline/web_launcher/_audit_reports/hydromt_yaml_state_audit_20260612_183824.txt,77,OLD_PROJ_DATA_ROOT,fragment_match,- /proj/zefflab/projects/Flooding/Data/harris_county/catalogs/events/harvey_2017_ppe/restarts/README_HYDROMT_DATA_CATALOGS.md
/proj/zefflab/projects/Flooding/pipeline/web_launcher/_audit_reports/hydromt_yaml_state_audit_20260612_183824.txt,78,OLD_PROJ_DATA_ROOT,fragment_match,- /proj/zefflab/projects/Flooding/Data/harris_county/catalogs/events/imelda_2019/event_wind/README_HYDROMT_DATA_CATALOGS.md
/proj/zefflab/projects/Flooding/pipeline/web_launcher/_audit_reports/hydromt_yaml_state_audit_20260612_183824.txt,79,OLD_PROJ_DATA_ROOT,fragment_match,- /proj/zefflab/projects/Flooding/Data/harris_county/catalogs/events_reduced/beryl_2024/event_pressure/README_HYDROMT_DATA_CATALOGS.md
/proj/zefflab/projects/Flooding/pipeline/web_launcher/_audit_reports/hydromt_yaml_state_audit_20260612_183824.txt,80,OLD_PROJ_DATA_ROOT,fragment_match,- /proj/zefflab/projects/Flooding/Data/harris_county/catalogs/events_reduced/beryl_2024/event_wind/README_HYDROMT_DATA_CATALOGS.md
/proj/zefflab/projects/Flooding/pipeline/web_launcher/_audit_reports/hydromt_yaml_state_audit_20260612_183824.txt,81,OLD_PROJ_DATA_ROOT,fragment_match,- /proj/zefflab/projects/Flooding/Data/harris_county/catalogs/events_reduced/harvey_2017/event_wind/README_HYDROMT_DATA_CATALOGS.md
/proj/zefflab/projects/Flooding/pipeline/web_launcher/_audit_reports/hydromt_yaml_state_audit_20260612_183824.txt,82,OLD_PROJ_DATA_ROOT,fragment_match,- /proj/zefflab/projects/Flooding/Data/harris_county/catalogs/events_reduced/harvey_2017_full/event_wind/README_HYDROMT_DATA_CATALOGS.md
/proj/zefflab/projects/Flooding/pipeline/web_launcher/_audit_reports/hydromt_yaml_state_audit_20260612_183824.txt,83,OLD_PROJ_DATA_ROOT,fragment_match,- /proj/zefflab/projects/Flooding/Data/harris_county/catalogs/events_reduced/imelda_2019/event_wind/README_HYDROMT_DATA_CATALOGS.md
/proj/zefflab/projects/Flooding/pipeline/web_launcher/_audit_reports/hydromt_yaml_state_audit_20260612_183824.txt,84,OLD_PROJ_DATA_ROOT,fragment_match,- /proj/zefflab/projects/Flooding/Data/harris_county/catalogs/static/harris_county/bathy/README_HYDROMT_DATA_CATALOGS.md
/proj/zefflab/projects/Flooding/pipeline/web_launcher/_audit_reports/hydromt_yaml_state_audit_20260612_183824.txt,85,OLD_PROJ_DATA_ROOT,fragment_match,- /proj/zefflab/projects/Flooding/Data/harris_county/catalogs/static/harris_county/boundary_points_static/README_HYDROMT_DATA_CATALOGS.md
/proj/zefflab/projects/Flooding/pipeline/web_launcher/_audit_reports/hydromt_yaml_state_audit_20260612_183824.txt,86,OLD_PROJ_DATA_ROOT,fragment_match,- /proj/zefflab/projects/Flooding/Data/harris_county/catalogs/static/harris_county/curve_number/README_HYDROMT_DATA_CATALOGS.md
/proj/zefflab/projects/Flooding/pipeline/web_launcher/_audit_reports/hydromt_yaml_state_audit_20260612_183824.txt,88,OLD_PROJ_DATA_ROOT,fragment_match,- /proj/zefflab/projects/Flooding/Data/harris_county/catalogs/_retired_active_hydromt_yamls_20260612_183817/events/harvey_2017_mrms/event_metadata/hydromt_data.yml
/proj/zefflab/projects/Flooding/pipeline/web_launcher/_audit_reports/hydromt_yaml_state_audit_20260612_183824.txt,89,OLD_PROJ_DATA_ROOT,fragment_match,- /proj/zefflab/projects/Flooding/Data/harris_county/catalogs/_retired_active_hydromt_yamls_20260612_183817/static/harris_county/static_metadata/hydromt_data.yml
/proj/zefflab/projects/Flooding/pipeline/web_launcher/_audit_reports/hydromt_yaml_state_audit_20260612_183824.txt,90,OLD_PROJ_DATA_ROOT,fragment_match,- /proj/zefflab/projects/Flooding/Data/harris_county/catalogs/_yaml_backups/hydromt_yaml_backup_20260612_181807/event_hydromt_data_old.yml
/proj/zefflab/projects/Flooding/pipeline/web_launcher/_audit_reports/hydromt_yaml_state_audit_20260612_183824.txt,91,OLD_PROJ_DATA_ROOT,fragment_match,- /proj/zefflab/projects/Flooding/Data/harris_county/catalogs/_yaml_backups/hydromt_yaml_backup_20260612_181807/static_hydromt_data_old.yml
/proj/zefflab/projects/Flooding/pipeline/web_launcher/_audit_reports/hydromt_yaml_state_audit_20260612_183544.txt,3,OLD_PROJ_DATA_ROOT,fragment_match,catalog_root: /proj/zefflab/projects/Flooding/Data/harris_county/catalogs
/proj/zefflab/projects/Flooding/pipeline/web_launcher/_audit_reports/hydromt_yaml_state_audit_20260612_183544.txt,70,OLD_PROJ_DATA_ROOT,fragment_match,- /proj/zefflab/projects/Flooding/Data/harris_county/catalogs/events/beryl_2024/event_pressure/README_HYDROMT_DATA_CATALOGS.md
/proj/zefflab/projects/Flooding/pipeline/web_launcher/_audit_reports/hydromt_yaml_state_audit_20260612_183544.txt,71,OLD_PROJ_DATA_ROOT,fragment_match,- /proj/zefflab/projects/Flooding/Data/harris_county/catalogs/events/beryl_2024/event_wind/README_HYDROMT_DATA_CATALOGS.md
/proj/zefflab/projects/Flooding/pipeline/web_launcher/_audit_reports/hydromt_yaml_state_audit_20260612_183544.txt,72,OLD_PROJ_DATA_ROOT,fragment_match,- /proj/zefflab/projects/Flooding/Data/harris_county/catalogs/events/flood_2009_04/event_pressure/README_HYDROMT_DATA_CATALOGS.md
/proj/zefflab/projects/Flooding/pipeline/web_launcher/_audit_reports/hydromt_yaml_state_audit_20260612_183544.txt,73,OLD_PROJ_DATA_ROOT,fragment_match,- /proj/zefflab/projects/Flooding/Data/harris_county/catalogs/events/harvey_2017/event_wind/README_HYDROMT_DATA_CATALOGS.md
/proj/zefflab/projects/Flooding/pipeline/web_launcher/_audit_reports/hydromt_yaml_state_audit_20260612_183544.txt,74,OLD_PROJ_DATA_ROOT,fragment_match,- /proj/zefflab/projects/Flooding/Data/harris_county/catalogs/events/harvey_2017_full/event_wind/README_HYDROMT_DATA_CATALOGS.md
/proj/zefflab/projects/Flooding/pipeline/web_launcher/_audit_reports/hydromt_yaml_state_audit_20260612_183544.txt,75,OLD_PROJ_DATA_ROOT,fragment_match,- /proj/zefflab/projects/Flooding/Data/harris_county/catalogs/events/harvey_2017_mrms/_manifests/boundary_table_audit/README_HYDROMT_DATA_CATALOGS.md
/proj/zefflab/projects/Flooding/pipeline/web_launcher/_audit_reports/hydromt_yaml_state_audit_20260612_183544.txt,76,OLD_PROJ_DATA_ROOT,fragment_match,- /proj/zefflab/projects/Flooding/Data/harris_county/catalogs/events/harvey_2017_mrms/event_validation_lines/reviewed_crs_lines/review_figures/README_HYDROMT_DATA_CATALOGS.md
/proj/zefflab/projects/Flooding/pipeline/web_launcher/_audit_reports/hydromt_yaml_state_audit_20260612_183544.txt,77,OLD_PROJ_DATA_ROOT,fragment_match,- /proj/zefflab/projects/Flooding/Data/harris_county/catalogs/events/harvey_2017_ppe/restarts/README_HYDROMT_DATA_CATALOGS.md
/proj/zefflab/projects/Flooding/pipeline/web_launcher/_audit_reports/hydromt_yaml_state_audit_20260612_183544.txt,78,OLD_PROJ_DATA_ROOT,fragment_match,- /proj/zefflab/projects/Flooding/Data/harris_county/catalogs/events/imelda_2019/event_wind/README_HYDROMT_DATA_CATALOGS.md
/proj/zefflab/projects/Flooding/pipeline/web_launcher/_audit_reports/hydromt_yaml_state_audit_20260612_183544.txt,79,OLD_PROJ_DATA_ROOT,fragment_match,- /proj/zefflab/projects/Flooding/Data/harris_county/catalogs/events_reduced/beryl_2024/event_pressure/README_HYDROMT_DATA_CATALOGS.md
/proj/zefflab/projects/Flooding/pipeline/web_launcher/_audit_reports/hydromt_yaml_state_audit_20260612_183544.txt,80,OLD_PROJ_DATA_ROOT,fragment_match,- /proj/zefflab/projects/Flooding/Data/harris_county/catalogs/events_reduced/beryl_2024/event_wind/README_HYDROMT_DATA_CATALOGS.md
/proj/zefflab/projects/Flooding/pipeline/web_launcher/_audit_reports/hydromt_yaml_state_audit_20260612_183544.txt,81,OLD_PROJ_DATA_ROOT,fragment_match,- /proj/zefflab/projects/Flooding/Data/harris_county/catalogs/events_reduced/harvey_2017/event_wind/README_HYDROMT_DATA_CATALOGS.md
/proj/zefflab/projects/Flooding/pipeline/web_launcher/_audit_reports/hydromt_yaml_state_audit_20260612_183544.txt,82,OLD_PROJ_DATA_ROOT,fragment_match,- /proj/zefflab/projects/Flooding/Data/harris_county/catalogs/events_reduced/harvey_2017_full/event_wind/README_HYDROMT_DATA_CATALOGS.md
/proj/zefflab/projects/Flooding/pipeline/web_launcher/_audit_reports/hydromt_yaml_state_audit_20260612_183544.txt,83,OLD_PROJ_DATA_ROOT,fragment_match,- /proj/zefflab/projects/Flooding/Data/harris_county/catalogs/events_reduced/imelda_2019/event_wind/README_HYDROMT_DATA_CATALOGS.md
/proj/zefflab/projects/Flooding/pipeline/web_launcher/_audit_reports/hydromt_yaml_state_audit_20260612_183544.txt,84,OLD_PROJ_DATA_ROOT,fragment_match,- /proj/zefflab/projects/Flooding/Data/harris_county/catalogs/static/harris_county/bathy/README_HYDROMT_DATA_CATALOGS.md
/proj/zefflab/projects/Flooding/pipeline/web_launcher/_audit_reports/hydromt_yaml_state_audit_20260612_183544.txt,85,OLD_PROJ_DATA_ROOT,fragment_match,- /proj/zefflab/projects/Flooding/Data/harris_county/catalogs/static/harris_county/boundary_points_static/README_HYDROMT_DATA_CATALOGS.md
/proj/zefflab/projects/Flooding/pipeline/web_launcher/_audit_reports/hydromt_yaml_state_audit_20260612_183544.txt,86,OLD_PROJ_DATA_ROOT,fragment_match,- /proj/zefflab/projects/Flooding/Data/harris_county/catalogs/static/harris_county/curve_number/README_HYDROMT_DATA_CATALOGS.md
/proj/zefflab/projects/Flooding/pipeline/web_launcher/_audit_reports/hydromt_yaml_state_audit_20260612_183544.txt,88,OLD_PROJ_DATA_ROOT,fragment_match,- /proj/zefflab/projects/Flooding/Data/harris_county/catalogs/_yaml_backups/hydromt_yaml_backup_20260612_181807/event_hydromt_data_old.yml
/proj/zefflab/projects/Flooding/pipeline/web_launcher/_audit_reports/hydromt_yaml_state_audit_20260612_183544.txt,89,OLD_PROJ_DATA_ROOT,fragment_match,- /proj/zefflab/projects/Flooding/Data/harris_county/catalogs/_yaml_backups/hydromt_yaml_backup_20260612_181807/static_hydromt_data_old.yml
/proj/zefflab/projects/Flooding/pipeline/web_launcher/_audit_reports/hydromt_yaml_state_audit_20260612_183544.txt,90,OLD_PROJ_DATA_ROOT,fragment_match,- /proj/zefflab/projects/Flooding/Data/harris_county/catalogs/events/harvey_2017_mrms/event_metadata/hydromt_data.yml
/proj/zefflab/projects/Flooding/pipeline/web_launcher/_audit_reports/hydromt_yaml_state_audit_20260612_183544.txt,91,OLD_PROJ_DATA_ROOT,fragment_match,- /proj/zefflab/projects/Flooding/Data/harris_county/catalogs/static/harris_county/static_metadata/hydromt_data.yml
/proj/zefflab/projects/Flooding/pipeline/web_launcher/_audit_reports/backend_hydromt_catalog_audit_20260612_174808.txt,14,OLD_PROJ_DATA_ROOT,fragment_match,OK   STATIC_CATALOG                   dir                /proj/zefflab/projects/Flooding/Data/harris_county/catalogs/static/harris_county
/proj/zefflab/projects/Flooding/pipeline/web_launcher/_audit_reports/backend_hydromt_catalog_audit_20260612_174808.txt,15,OLD_PROJ_DATA_ROOT,fragment_match,OK   EVENT_CATALOG                    dir                /proj/zefflab/projects/Flooding/Data/harris_county/catalogs/events/harvey_2017_mrms
/proj/zefflab/projects/Flooding/pipeline/web_launcher/_audit_reports/backend_hydromt_catalog_audit_20260612_174808.txt,16,OLD_PROJ_DATA_ROOT,fragment_match,OK   STATIC hydromt YAML              file  5370         /proj/zefflab/projects/Flooding/Data/harris_county/catalogs/static/harris_county/static_metadata/hydromt_data.yml
/proj/zefflab/projects/Flooding/pipeline/web_launcher/_audit_reports/backend_hydromt_catalog_audit_20260612_174808.txt,17,OLD_PROJ_DATA_ROOT,fragment_match,OK   EVENT hydromt YAML               file  5370         /proj/zefflab/projects/Flooding/Data/harris_county/catalogs/events/harvey_2017_mrms/event_metadata/hydromt_data.yml
/proj/zefflab/projects/Flooding/pipeline/web_launcher/_audit_reports/backend_hydromt_catalog_audit_20260612_174808.txt,18,OLD_PROJ_DATA_ROOT,fragment_match,OK   EVENT runtime CSV                file  269          /proj/zefflab/projects/Flooding/Data/harris_county/catalogs/events/harvey_2017_mrms/event_runtime_window/event_runtime_window.csv
/proj/zefflab/projects/Flooding/pipeline/web_launcher/_audit_reports/backend_hydromt_catalog_audit_20260612_174808.txt,25,OLD_PROJ_DATA_ROOT,/proj/zefflab/projects/Flooding/Data/harris_county/catalogs/events/harvey_2017_mrms,"""/proj/zefflab/projects/Flooding/Data/harris_county/catalogs/events/harvey_2017_mrms"","
/proj/zefflab/projects/Flooding/pipeline/web_launcher/_audit_reports/backend_hydromt_catalog_audit_20260612_174808.txt,26,OLD_PROJ_DATA_ROOT,/proj/zefflab/projects/Flooding/Data/harris_county/catalogs/static/harris_county,"""/proj/zefflab/projects/Flooding/Data/harris_county/catalogs/static/harris_county"""
/proj/zefflab/projects/Flooding/pipeline/web_launcher/_audit_reports/backend_hydromt_catalog_audit_20260612_174808.txt,34,OLD_PROJ_DATA_ROOT,/proj/zefflab/projects/Flooding/Data/harris_county/catalogs/events/harvey_2017_mrms/event_metadata/hydromt_data.yml,"""/proj/zefflab/projects/Flooding/Data/harris_county/catalogs/events/harvey_2017_mrms/event_metadata/hydromt_data.yml"","
/proj/zefflab/projects/Flooding/pipeline/web_launcher/_audit_reports/backend_hydromt_catalog_audit_20260612_174808.txt,35,OLD_PROJ_DATA_ROOT,/proj/zefflab/projects/Flooding/Data/harris_county/catalogs/static/harris_county/static_metadata/hydromt_data.yml,"""/proj/zefflab/projects/Flooding/Data/harris_county/catalogs/static/harris_county/static_metadata/hydromt_data.yml"""
/proj/zefflab/projects/Flooding/pipeline/web_launcher/_audit_reports/backend_hydromt_catalog_audit_20260612_174808.txt,41,OLD_PROJ_DATA_ROOT,/proj/zefflab/projects/Flooding/Data/harris_county/catalogs/events/harvey_2017_mrms,"""/proj/zefflab/projects/Flooding/Data/harris_county/catalogs/events/harvey_2017_mrms"","
/proj/zefflab/projects/Flooding/pipeline/web_launcher/_audit_reports/backend_hydromt_catalog_audit_20260612_174808.txt,42,OLD_PROJ_DATA_ROOT,/proj/zefflab/projects/Flooding/Data/harris_county/catalogs/static/harris_county,"""/proj/zefflab/projects/Flooding/Data/harris_county/catalogs/static/harris_county"""
/proj/zefflab/projects/Flooding/pipeline/web_launcher/_audit_reports/backend_hydromt_catalog_audit_20260612_174808.txt,45,OLD_PROJ_DATA_ROOT,/proj/zefflab/projects/Flooding/Data/harris_county/catalogs/events/harvey_2017_mrms/event_metadata/hydromt_data.yml,"""/proj/zefflab/projects/Flooding/Data/harris_county/catalogs/events/harvey_2017_mrms/event_metadata/hydromt_data.yml"","
/proj/zefflab/projects/Flooding/pipeline/web_launcher/_audit_reports/backend_hydromt_catalog_audit_20260612_174808.txt,46,OLD_PROJ_DATA_ROOT,/proj/zefflab/projects/Flooding/Data/harris_county/catalogs/static/harris_county/static_metadata/hydromt_data.yml,"""/proj/zefflab/projects/Flooding/Data/harris_county/catalogs/static/harris_county/static_metadata/hydromt_data.yml"""
/proj/zefflab/projects/Flooding/pipeline/web_launcher/_audit_reports/backend_hydromt_catalog_audit_20260612_174808.txt,52,OLD_PROJ_DATA_ROOT,fragment_match,--- /proj/zefflab/projects/Flooding/Data/harris_county/catalogs/events/harvey_2017_mrms/event_metadata/hydromt_data.yml ---
/proj/zefflab/projects/Flooding/pipeline/web_launcher/_audit_reports/backend_hydromt_catalog_audit_20260612_174808.txt,85,OLD_PROJ_DATA_ROOT,fragment_match,--- /proj/zefflab/projects/Flooding/Data/harris_county/catalogs/static/harris_county/static_metadata/hydromt_data.yml ---
/proj/zefflab/projects/Flooding/pipeline/web_launcher/_audit_reports/backend_hydromt_catalog_audit_20260612_174808.txt,1555,OTHER_PROJECT_ABSOLUTE_PATH,/proj/zefflab/projects/Flooding/pipeline,"639:     root = pipeline_root or Path(""/proj/zefflab/projects/Flooding/pipeline"")"
/proj/zefflab/projects/Flooding/pipeline/web_launcher/_audit_reports/backend_hydromt_catalog_audit_20260612_174808.txt,1642,OTHER_USERS_ABSOLUTE_PATH,/users/e/p/epsilon/sfincs_project/envs/sfincs,"164:         out[""conda_env_path""] = ""/users/e/p/epsilon/sfincs_project/envs/sfincs"""
/proj/zefflab/projects/Flooding/pipeline/web_launcher/_audit_reports/backend_hydromt_catalog_audit_20260612_174808.txt,1860,OTHER_PROJECT_ABSOLUTE_PATH,/proj/zefflab/projects/Flooding/pipeline,"437:     pipeline_root = Path(cfg.get(""project_root"", ""/proj/zefflab/projects/Flooding/pipeline""))"
/proj/zefflab/projects/Flooding/pipeline/web_launcher/_audit_reports/backend_hydromt_catalog_audit_20260612_174808.txt,2043,OTHER_PROJECT_ABSOLUTE_PATH,/proj/zefflab/projects/Flooding/pipeline/envs/sfincs/bin/python,"probe failed: Command '['/proj/zefflab/projects/Flooding/pipeline/envs/sfincs/bin/python', '-c', '\n\nimport sys\n\nprint(""python:"", sys.executable)\n\nfor mod in [""hydromt"", ""hydromt_sfincs"", ""xarray"", ""geopandas""]:\n\n    try:\n\n        m = __import__(mod)\n\n        print(f""{mod}: OK version={getattr(m, \'__version__\', \'?\')}"")\n\n    except Exception as exc:\n\n        print(f""{mod}: FAIL {type(exc).__name__}: {exc}"")\n\n']' timed out after 45 seconds"
/proj/zefflab/projects/Flooding/pipeline/web_launcher/_audit_reports/catalog_detector_full_audit_20260612_172311.txt,11,OLD_PROJ_DATA_ROOT,fragment_match,OK  STATIC_CATALOG                     dir                /proj/zefflab/projects/Flooding/Data/harris_county/catalogs/static/harris_county
/proj/zefflab/projects/Flooding/pipeline/web_launcher/_audit_reports/catalog_detector_full_audit_20260612_172311.txt,12,OLD_PROJ_DATA_ROOT,fragment_match,OK  EVENT_CATALOG                      dir                /proj/zefflab/projects/Flooding/Data/harris_county/catalogs/events/harvey_2017_mrms
/proj/zefflab/projects/Flooding/pipeline/web_launcher/_audit_reports/catalog_detector_full_audit_20260612_172311.txt,16,OLD_PROJ_DATA_ROOT,fragment_match,OK  HCFCD_DEM_5m_UTM.tif               file  731212310    /proj/zefflab/projects/Flooding/Data/harris_county/catalogs/static/harris_county/topobathy/HCFCD_DEM_5m_UTM.tif
/proj/zefflab/projects/Flooding/pipeline/web_launcher/_audit_reports/catalog_detector_full_audit_20260612_172311.txt,17,OLD_PROJ_DATA_ROOT,fragment_match,OK  README.md                          file  130          /proj/zefflab/projects/Flooding/Data/harris_county/catalogs/static/harris_county/dem/README.md
/proj/zefflab/projects/Flooding/pipeline/web_launcher/_audit_reports/catalog_detector_full_audit_20260612_172311.txt,18,OLD_PROJ_DATA_ROOT,fragment_match,OK  README.md                          file  183          /proj/zefflab/projects/Flooding/Data/harris_county/catalogs/static/harris_county/subgrid/README.md
/proj/zefflab/projects/Flooding/pipeline/web_launcher/_audit_reports/catalog_detector_full_audit_20260612_172311.txt,19,OLD_PROJ_DATA_ROOT,fragment_match,OK  hydromt_data.yml                   file  5370         /proj/zefflab/projects/Flooding/Data/harris_county/catalogs/static/harris_county/static_metadata/hydromt_data.yml
/proj/zefflab/projects/Flooding/pipeline/web_launcher/_audit_reports/catalog_detector_full_audit_20260612_172311.txt,20,OLD_PROJ_DATA_ROOT,fragment_match,OK  cn_avg.tif                         file  640146429    /proj/zefflab/projects/Flooding/Data/harris_county/catalogs/static/harris_county/curve_number/cn_avg.tif
/proj/zefflab/projects/Flooding/pipeline/web_launcher/_audit_reports/catalog_detector_full_audit_20260612_172311.txt,21,OLD_PROJ_DATA_ROOT,fragment_match,OK  cn_wet.tif                         file  613372086    /proj/zefflab/projects/Flooding/Data/harris_county/catalogs/static/harris_county/curve_number/cn_wet.tif
/proj/zefflab/projects/Flooding/pipeline/web_launcher/_audit_reports/catalog_detector_full_audit_20260612_172311.txt,22,OLD_PROJ_DATA_ROOT,fragment_match,OK  cn_dry.tif                         file  640146429    /proj/zefflab/projects/Flooding/Data/harris_county/catalogs/static/harris_county/curve_number/cn_dry.tif
/proj/zefflab/projects/Flooding/pipeline/web_launcher/_audit_reports/catalog_detector_full_audit_20260612_172311.txt,23,OLD_PROJ_DATA_ROOT,fragment_match,OK  NLCD_2016_Land_Cover_L48_20190424.img file  28700        /proj/zefflab/projects/Flooding/Data/harris_county/catalogs/static/harris_county/landcover/NLCD_2016_Land_Cover_L48_20190424.img
/proj/zefflab/projects/Flooding/pipeline/web_launcher/_audit_reports/catalog_detector_full_audit_20260612_172311.txt,24,OLD_PROJ_DATA_ROOT,fragment_match,OK  nlcd_mapping_mean.csv              file  177          /proj/zefflab/projects/Flooding/Data/harris_county/catalogs/static/harris_county/manning_reclass_table/nlcd_mapping_mean.csv
/proj/zefflab/projects/Flooding/pipeline/web_launcher/_audit_reports/catalog_detector_full_audit_20260612_172311.txt,25,OLD_PROJ_DATA_ROOT,fragment_match,OK  houston_model.shp                  file  52716        /proj/zefflab/projects/Flooding/Data/harris_county/catalogs/static/harris_county/region_geom/houston_model.shp
/proj/zefflab/projects/Flooding/pipeline/web_launcher/_audit_reports/catalog_detector_full_audit_20260612_172311.txt,26,OLD_PROJ_DATA_ROOT,fragment_match,OK  AB_dams.shp                        file  884          /proj/zefflab/projects/Flooding/Data/harris_county/catalogs/static/harris_county/structures_thin_dams/AB_dams.shp
/proj/zefflab/projects/Flooding/pipeline/web_launcher/_audit_reports/catalog_detector_full_audit_20260612_172311.txt,27,OLD_PROJ_DATA_ROOT,fragment_match,OK  event_runtime_window.csv           file  269          /proj/zefflab/projects/Flooding/Data/harris_county/catalogs/events/harvey_2017_mrms/event_runtime_window/event_runtime_window.csv
/proj/zefflab/projects/Flooding/pipeline/web_launcher/_audit_reports/catalog_detector_full_audit_20260612_172311.txt,28,OLD_PROJ_DATA_ROOT,fragment_match,OK  harvey_mrms.nc                     file  13839647     /proj/zefflab/projects/Flooding/Data/harris_county/catalogs/events/harvey_2017_mrms/event_precip/harvey_mrms.nc
/proj/zefflab/projects/Flooding/pipeline/web_launcher/_audit_reports/catalog_detector_full_audit_20260612_172311.txt,29,OLD_PROJ_DATA_ROOT,fragment_match,OK  harvey_houston_wl_bc.csv           file  28614        /proj/zefflab/projects/Flooding/Data/harris_county/catalogs/events/harvey_2017_mrms/event_waterlevel/harvey_houston_wl_bc.csv
/proj/zefflab/projects/Flooding/pipeline/web_launcher/_audit_reports/catalog_detector_full_audit_20260612_172311.txt,30,OLD_PROJ_DATA_ROOT,fragment_match,OK  event_source_table.csv             file  578          /proj/zefflab/projects/Flooding/Data/harris_county/catalogs/events/harvey_2017_mrms/event_source_table/event_source_table.csv
/proj/zefflab/projects/Flooding/pipeline/web_launcher/_audit_reports/catalog_detector_full_audit_20260612_172311.txt,31,OLD_PROJ_DATA_ROOT,fragment_match,OK  harvey_houston_q_bc.csv            file  444041       /proj/zefflab/projects/Flooding/Data/harris_county/catalogs/events/harvey_2017_mrms/event_discharge/harvey_houston_q_bc.csv
/proj/zefflab/projects/Flooding/pipeline/web_launcher/_audit_reports/catalog_detector_full_audit_20260612_172311.txt,32,OLD_PROJ_DATA_ROOT,fragment_match,OK  sfincs_obs_points_lite.xy          file  184          /proj/zefflab/projects/Flooding/Data/harris_county/catalogs/events/harvey_2017_mrms/event_validation_points/profiles/lite/sfincs_obs_points_lite.xy
/proj/zefflab/projects/Flooding/pipeline/web_launcher/_audit_reports/catalog_detector_full_audit_20260612_172311.txt,33,OLD_PROJ_DATA_ROOT,fragment_match,OK  sfincs_obs_points_validation.xy    file  805          /proj/zefflab/projects/Flooding/Data/harris_county/catalogs/events/harvey_2017_mrms/event_validation_points/profiles/validation/sfincs_obs_points_validation.xy
/proj/zefflab/projects/Flooding/pipeline/web_launcher/_audit_reports/catalog_detector_full_audit_20260612_172311.txt,34,OLD_PROJ_DATA_ROOT,fragment_match,OK  sfincs_obs_points_full_candidates.xy file  1219         /proj/zefflab/projects/Flooding/Data/harris_county/catalogs/events/harvey_2017_mrms/event_validation_points/profiles/full_candidates/sfincs_obs_points_full_candidates.xy
/proj/zefflab/projects/Flooding/pipeline/web_launcher/_audit_reports/catalog_detector_full_audit_20260612_172311.txt,35,OLD_PROJ_DATA_ROOT,fragment_match,OK  sfincs_crs_lines_REVIEWED_PLUS_AUTO_CUSTOM.xyxy file  1748         /proj/zefflab/projects/Flooding/Data/harris_county/catalogs/events/harvey_2017_mrms/event_validation_lines/reviewed_crs_lines/sfincs_crs_lines_REVIEWED_PLUS_AUTO_CUSTOM.xyxy
/proj/zefflab/projects/Flooding/pipeline/web_launcher/_audit_reports/catalog_detector_full_audit_20260612_172311.txt,36,OLD_PROJ_DATA_ROOT,fragment_match,OK  sfincs_crs_lines_REVIEWED.xyxy     file  1702         /proj/zefflab/projects/Flooding/Data/harris_county/catalogs/events/harvey_2017_mrms/event_validation_lines/reviewed_crs_lines/sfincs_crs_lines_REVIEWED.xyxy
/proj/zefflab/projects/Flooding/pipeline/web_launcher/_audit_reports/catalog_detector_full_audit_20260612_172311.txt,40,OLD_PROJ_DATA_ROOT,fragment_match,--- LIST /proj/zefflab/projects/Flooding/Data/harris_county/catalogs/static/harris_county ---
/proj/zefflab/projects/Flooding/pipeline/web_launcher/_audit_reports/catalog_detector_full_audit_20260612_172311.txt,70,OLD_PROJ_DATA_ROOT,fragment_match,--- LIST /proj/zefflab/projects/Flooding/Data/harris_county/catalogs/static/harris_county/topobathy ---
/proj/zefflab/projects/Flooding/pipeline/web_launcher/_audit_reports/catalog_detector_full_audit_20260612_172311.txt,74,OLD_PROJ_DATA_ROOT,fragment_match,--- LIST /proj/zefflab/projects/Flooding/Data/harris_county/catalogs/static/harris_county/static_metadata ---
/proj/zefflab/projects/Flooding/pipeline/web_launcher/_audit_reports/catalog_detector_full_audit_20260612_172311.txt,80,OLD_PROJ_DATA_ROOT,fragment_match,--- LIST /proj/zefflab/projects/Flooding/Data/harris_county/catalogs/static/harris_county/curve_number ---
/proj/zefflab/projects/Flooding/pipeline/web_launcher/_audit_reports/catalog_detector_full_audit_20260612_172311.txt,86,OLD_PROJ_DATA_ROOT,fragment_match,--- LIST /proj/zefflab/projects/Flooding/Data/harris_county/catalogs/static/harris_county/dem ---
/proj/zefflab/projects/Flooding/pipeline/web_launcher/_audit_reports/catalog_detector_full_audit_20260612_172311.txt,90,OLD_PROJ_DATA_ROOT,fragment_match,--- LIST /proj/zefflab/projects/Flooding/Data/harris_county/catalogs/static/harris_county/subgrid ---
/proj/zefflab/projects/Flooding/pipeline/web_launcher/_audit_reports/catalog_detector_full_audit_20260612_172311.txt,94,OLD_PROJ_DATA_ROOT,fragment_match,--- LIST /proj/zefflab/projects/Flooding/Data/harris_county/catalogs/events/harvey_2017_mrms ---
/proj/zefflab/projects/Flooding/pipeline/web_launcher/_audit_reports/catalog_detector_full_audit_20260612_172311.txt,113,OLD_PROJ_DATA_ROOT,fragment_match,--- LIST /proj/zefflab/projects/Flooding/Data/harris_county/catalogs/events/harvey_2017_mrms/event_validation_points/profiles ---
/proj/zefflab/projects/Flooding/pipeline/web_launcher/_audit_reports/catalog_detector_full_audit_20260612_172311.txt,120,OLD_PROJ_DATA_ROOT,fragment_match,--- LIST /proj/zefflab/projects/Flooding/Data/harris_county/catalogs/events/harvey_2017_mrms/event_validation_lines/reviewed_crs_lines ---
/proj/zefflab/projects/Flooding/pipeline/web_launcher/_audit_reports/catalog_detector_full_audit_20260612_172311.txt,136,OLD_PROJ_DATA_ROOT,fragment_match,--- YAML /proj/zefflab/projects/Flooding/Data/harris_county/catalogs/static/harris_county/static_metadata/hydromt_data.yml ---
/proj/zefflab/projects/Flooding/pipeline/web_launcher/_audit_reports/catalog_detector_full_audit_20260612_172311.txt,162,OLD_PROJ_DATA_ROOT,fragment_match,--- YAML /proj/zefflab/projects/Flooding/Data/harris_county/catalogs/events/harvey_2017_mrms/event_metadata/hydromt_data.yml ---
/proj/zefflab/projects/Flooding/pipeline/web_launcher/_audit_reports/catalog_detector_full_audit_20260612_172311.txt,623,OLD_PROJ_DATA_ROOT,/proj/zefflab/projects/Flooding/Data/harris_county/catalogs/events/harvey_2017_mrms/event_source_table/event_source_table.csv,"""discharge_points_csv_path"": ""/proj/zefflab/projects/Flooding/Data/harris_county/catalogs/events/harvey_2017_mrms/event_source_table/event_source_table.csv"","
/proj/zefflab/projects/Flooding/pipeline/web_launcher/_audit_reports/catalog_detector_full_audit_20260612_172311.txt,624,OLD_PROJ_DATA_ROOT,/proj/zefflab/projects/Flooding/Data/harris_county/catalogs/events/harvey_2017_mrms/event_discharge/harvey_houston_q_bc.csv,"""discharge_timeseries_csv_path"": ""/proj/zefflab/projects/Flooding/Data/harris_county/catalogs/events/harvey_2017_mrms/event_discharge/harvey_houston_q_bc.csv"","
/proj/zefflab/projects/Flooding/pipeline/web_launcher/_audit_reports/catalog_detector_full_audit_20260612_172311.txt,629,OLD_PROJ_DATA_ROOT,/proj/zefflab/projects/Flooding/Data/harris_county/catalogs/events/harvey_2017_mrms/event_validation_lines/reviewed_crs_lines/sfincs_crs_lines_REVIEWED.xyxy,"""obs_lines_reviewed_path"": ""/proj/zefflab/projects/Flooding/Data/harris_county/catalogs/events/harvey_2017_mrms/event_validation_lines/reviewed_crs_lines/sfincs_crs_lines_REVIEWED.xyxy"","
/proj/zefflab/projects/Flooding/pipeline/web_launcher/_audit_reports/catalog_detector_full_audit_20260612_172311.txt,630,OLD_PROJ_DATA_ROOT,/proj/zefflab/projects/Flooding/Data/harris_county/catalogs/events/harvey_2017_mrms/event_validation_lines/reviewed_crs_lines/sfincs_crs_lines_REVIEWED_PLUS_AUTO_CUSTOM.xyxy,"""obs_lines_reviewed_plus_path"": ""/proj/zefflab/projects/Flooding/Data/harris_county/catalogs/events/harvey_2017_mrms/event_validation_lines/reviewed_crs_lines/sfincs_crs_lines_REVIEWED_PLUS_AUTO_CUSTOM.xyxy"","
/proj/zefflab/projects/Flooding/pipeline/web_launcher/_audit_reports/catalog_detector_full_audit_20260612_172311.txt,631,OLD_PROJ_DATA_ROOT,/proj/zefflab/projects/Flooding/Data/harris_county/catalogs/events/harvey_2017_mrms/event_validation_points/profiles/lite/sfincs_obs_points_lite.xy,"""obs_points_lite_path"": ""/proj/zefflab/projects/Flooding/Data/harris_county/catalogs/events/harvey_2017_mrms/event_validation_points/profiles/lite/sfincs_obs_points_lite.xy"","
/proj/zefflab/projects/Flooding/pipeline/web_launcher/_audit_reports/catalog_detector_full_audit_20260612_172311.txt,632,OLD_PROJ_DATA_ROOT,/proj/zefflab/projects/Flooding/Data/harris_county/catalogs/events/harvey_2017_mrms/event_validation_points/profiles/validation/sfincs_obs_points_validation.xy,"""obs_points_validation_path"": ""/proj/zefflab/projects/Flooding/Data/harris_county/catalogs/events/harvey_2017_mrms/event_validation_points/profiles/validation/sfincs_obs_points_validation.xy"","
/proj/zefflab/projects/Flooding/pipeline/web_launcher/_audit_reports/catalog_detector_full_audit_20260612_172311.txt,633,OLD_PROJ_DATA_ROOT,/proj/zefflab/projects/Flooding/Data/harris_county/catalogs/events/harvey_2017_mrms/event_precip/harvey_mrms.nc,"""rainfall_path"": ""/proj/zefflab/projects/Flooding/Data/harris_county/catalogs/events/harvey_2017_mrms/event_precip/harvey_mrms.nc"","
/proj/zefflab/projects/Flooding/pipeline/web_launcher/_audit_reports/catalog_detector_full_audit_20260612_172311.txt,635,OLD_PROJ_DATA_ROOT,/proj/zefflab/projects/Flooding/Data/harris_county/catalogs/events/harvey_2017_mrms/event_runtime_window/event_runtime_window.csv,"""runtime_csv"": ""/proj/zefflab/projects/Flooding/Data/harris_county/catalogs/events/harvey_2017_mrms/event_runtime_window/event_runtime_window.csv"","
/proj/zefflab/projects/Flooding/pipeline/web_launcher/_audit_reports/catalog_detector_full_audit_20260612_172311.txt,637,OLD_PROJ_DATA_ROOT,/proj/zefflab/projects/Flooding/Data/harris_county/catalogs/events/harvey_2017_mrms/event_waterlevel/harvey_houston_wl_bc.csv,"""waterlevel_path"": ""/proj/zefflab/projects/Flooding/Data/harris_county/catalogs/events/harvey_2017_mrms/event_waterlevel/harvey_houston_wl_bc.csv"","
/proj/zefflab/projects/Flooding/pipeline/web_launcher/_audit_reports/catalog_detector_full_audit_20260612_172311.txt,641,OLD_PROJ_DATA_ROOT,/proj/zefflab/projects/Flooding/Data/harris_county/catalogs/events/harvey_2017_mrms,"""path"": ""/proj/zefflab/projects/Flooding/Data/harris_county/catalogs/events/harvey_2017_mrms"","
/proj/zefflab/projects/Flooding/pipeline/web_launcher/_audit_reports/catalog_detector_full_audit_20260612_172311.txt,665,OLD_PROJ_DATA_ROOT,/proj/zefflab/projects/Flooding/Data/harris_county/catalogs/static/harris_county/bathy/galveston_bay_G260_2018_edited.tif,"""/proj/zefflab/projects/Flooding/Data/harris_county/catalogs/static/harris_county/bathy/galveston_bay_G260_2018_edited.tif"""
/proj/zefflab/projects/Flooding/pipeline/web_launcher/_audit_reports/catalog_detector_full_audit_20260612_172311.txt,667,OLD_PROJ_DATA_ROOT,/proj/zefflab/projects/Flooding/Data/harris_county/catalogs/static/harris_county/topobathy/HCFCD_DEM_5m_UTM.tif,"""dem_path"": ""/proj/zefflab/projects/Flooding/Data/harris_county/catalogs/static/harris_county/topobathy/HCFCD_DEM_5m_UTM.tif"","
/proj/zefflab/projects/Flooding/pipeline/web_launcher/_audit_reports/catalog_detector_full_audit_20260612_172311.txt,668,OLD_PROJ_DATA_ROOT,/proj/zefflab/projects/Flooding/Data/harris_county/catalogs/static/harris_county/source_points_static/source_points_selected_for_harvey.csv,"""discharge_points_csv_path"": ""/proj/zefflab/projects/Flooding/Data/harris_county/catalogs/static/harris_county/source_points_static/source_points_selected_for_harvey.csv"","
/proj/zefflab/projects/Flooding/pipeline/web_launcher/_audit_reports/catalog_detector_full_audit_20260612_172311.txt,671,OLD_PROJ_DATA_ROOT,/proj/zefflab/projects/Flooding/Data/harris_county/catalogs/static/harris_county/landcover/NLCD_2016_Land_Cover_L48_20190424.img,"""landcover_path"": ""/proj/zefflab/projects/Flooding/Data/harris_county/catalogs/static/harris_county/landcover/NLCD_2016_Land_Cover_L48_20190424.img"","
/proj/zefflab/projects/Flooding/pipeline/web_launcher/_audit_reports/catalog_detector_full_audit_20260612_172311.txt,672,OLD_PROJ_DATA_ROOT,/proj/zefflab/projects/Flooding/Data/harris_county/catalogs/static/harris_county/manning_reclass_table/nlcd_mapping_mean.csv,"""landcover_reclass_table"": ""/proj/zefflab/projects/Flooding/Data/harris_county/catalogs/static/harris_county/manning_reclass_table/nlcd_mapping_mean.csv"","
/proj/zefflab/projects/Flooding/pipeline/web_launcher/_audit_reports/catalog_detector_full_audit_20260612_172311.txt,679,OLD_PROJ_DATA_ROOT,/proj/zefflab/projects/Flooding/Data/harris_county/catalogs/static/harris_county/region_geom/houston_model.shp,"""region_path"": ""/proj/zefflab/projects/Flooding/Data/harris_county/catalogs/static/harris_county/region_geom/houston_model.shp"","
/proj/zefflab/projects/Flooding/pipeline/web_launcher/_audit_reports/catalog_detector_full_audit_20260612_172311.txt,681,OLD_PROJ_DATA_ROOT,/proj/zefflab/projects/Flooding/Data/harris_county/catalogs/static/harris_county/structures_thin_dams/AB_dams.shp,"""thin_dam_path"": ""/proj/zefflab/projects/Flooding/Data/harris_county/catalogs/static/harris_county/structures_thin_dams/AB_dams.shp"","
/proj/zefflab/projects/Flooding/pipeline/web_launcher/_audit_reports/catalog_detector_full_audit_20260612_172311.txt,686,OLD_PROJ_DATA_ROOT,/proj/zefflab/projects/Flooding/Data/harris_county/catalogs/static/harris_county,"""path"": ""/proj/zefflab/projects/Flooding/Data/harris_county/catalogs/static/harris_county"","
/proj/zefflab/projects/Flooding/pipeline/web_launcher/_audit_reports/catalog_detector_full_audit_20260612_172311.txt,696,OLD_PROJ_DATA_ROOT,/proj/zefflab/projects/Flooding/Data/harris_county/catalogs/static/harris_county/topobathy/HCFCD_DEM_5m_UTM.tif,"""/proj/zefflab/projects/Flooding/Data/harris_county/catalogs/static/harris_county/topobathy/HCFCD_DEM_5m_UTM.tif"""
/proj/zefflab/projects/Flooding/pipeline/web_launcher/_audit_reports/catalog_detector_full_audit_20260612_172311.txt,698,OLD_PROJ_DATA_ROOT,/proj/zefflab/projects/Flooding/Data/harris_county/catalogs/events/harvey_2017_mrms/event_source_table/event_source_table.csv,"""discharge_points_csv_path"": ""/proj/zefflab/projects/Flooding/Data/harris_county/catalogs/events/harvey_2017_mrms/event_source_table/event_source_table.csv"","
/proj/zefflab/projects/Flooding/pipeline/web_launcher/_audit_reports/catalog_detector_full_audit_20260612_172311.txt,701,OLD_PROJ_DATA_ROOT,/proj/zefflab/projects/Flooding/Data/harris_county/catalogs/events/harvey_2017_mrms/event_discharge/harvey_houston_q_bc.csv,"""discharge_timeseries_csv_path"": ""/proj/zefflab/projects/Flooding/Data/harris_county/catalogs/events/harvey_2017_mrms/event_discharge/harvey_houston_q_bc.csv"","
/proj/zefflab/projects/Flooding/pipeline/web_launcher/_audit_reports/catalog_detector_full_audit_20260612_172311.txt,704,OLD_PROJ_DATA_ROOT,/proj/zefflab/projects/Flooding/Data/harris_county/catalogs/static/harris_county/landcover/NLCD_2016_Land_Cover_L48_20190424.img,"""landcover_path"": ""/proj/zefflab/projects/Flooding/Data/harris_county/catalogs/static/harris_county/landcover/NLCD_2016_Land_Cover_L48_20190424.img"","
/proj/zefflab/projects/Flooding/pipeline/web_launcher/_audit_reports/catalog_detector_full_audit_20260612_172311.txt,705,OLD_PROJ_DATA_ROOT,/proj/zefflab/projects/Flooding/Data/harris_county/catalogs/static/harris_county/manning_reclass_table/nlcd_mapping_mean.csv,"""landcover_reclass_table"": ""/proj/zefflab/projects/Flooding/Data/harris_county/catalogs/static/harris_county/manning_reclass_table/nlcd_mapping_mean.csv"","
/proj/zefflab/projects/Flooding/pipeline/web_launcher/_audit_reports/catalog_detector_full_audit_20260612_172311.txt,707,OLD_PROJ_DATA_ROOT,/proj/zefflab/projects/Flooding/Data/harris_county/catalogs/events/harvey_2017_mrms/event_validation_lines/reviewed_crs_lines/sfincs_crs_lines_REVIEWED_PLUS_AUTO_CUSTOM.xyxy,"""obs_lines_path"": ""/proj/zefflab/projects/Flooding/Data/harris_county/catalogs/events/harvey_2017_mrms/event_validation_lines/reviewed_crs_lines/sfincs_crs_lines_REVIEWED_PLUS_AUTO_CUSTOM.xyxy"","
/proj/zefflab/projects/Flooding/pipeline/web_launcher/_audit_reports/catalog_detector_full_audit_20260612_172311.txt,708,OLD_PROJ_DATA_ROOT,/proj/zefflab/projects/Flooding/Data/harris_county/catalogs/events/harvey_2017_mrms/event_validation_points/profiles/lite/sfincs_obs_points_lite.xy,"""obs_points_path"": ""/proj/zefflab/projects/Flooding/Data/harris_county/catalogs/events/harvey_2017_mrms/event_validation_points/profiles/lite/sfincs_obs_points_lite.xy"","
/proj/zefflab/projects/Flooding/pipeline/web_launcher/_audit_reports/catalog_detector_full_audit_20260612_172311.txt,710,OLD_PROJ_DATA_ROOT,/proj/zefflab/projects/Flooding/Data/harris_county/catalogs/events/harvey_2017_mrms/event_precip/harvey_mrms.nc,"""rainfall_path"": ""/proj/zefflab/projects/Flooding/Data/harris_county/catalogs/events/harvey_2017_mrms/event_precip/harvey_mrms.nc"","
/proj/zefflab/projects/Flooding/pipeline/web_launcher/_audit_reports/catalog_detector_full_audit_20260612_172311.txt,713,OLD_PROJ_DATA_ROOT,/proj/zefflab/projects/Flooding/Data/harris_county/catalogs/static/harris_county/region_geom/houston_model.shp,"""region_path"": ""/proj/zefflab/projects/Flooding/Data/harris_county/catalogs/static/harris_county/region_geom/houston_model.shp"","
/proj/zefflab/projects/Flooding/pipeline/web_launcher/_audit_reports/catalog_detector_full_audit_20260612_172311.txt,714,OLD_PROJ_DATA_ROOT,/proj/zefflab/projects/Flooding/Data/harris_county/catalogs/static/harris_county/structures_thin_dams/AB_dams.shp,"""thin_dam_path"": ""/proj/zefflab/projects/Flooding/Data/harris_county/catalogs/static/harris_county/structures_thin_dams/AB_dams.shp"","
/proj/zefflab/projects/Flooding/pipeline/web_launcher/_audit_reports/catalog_detector_full_audit_20260612_172311.txt,727,OLD_PROJ_DATA_ROOT,/proj/zefflab/projects/Flooding/Data/harris_county/catalogs/events/harvey_2017_mrms/event_waterlevel/harvey_houston_wl_bc.csv,"""waterlevel_path"": ""/proj/zefflab/projects/Flooding/Data/harris_county/catalogs/events/harvey_2017_mrms/event_waterlevel/harvey_houston_wl_bc.csv"","
/proj/zefflab/projects/Flooding/pipeline/web_launcher/_audit_reports/catalog_detector_full_audit_20260612_172311.txt,736,OLD_PROJ_DATA_ROOT,/proj/zefflab/projects/Flooding/Data/harris_county/catalogs/static/harris_county/region_geom/houston_model.shp,"region_path: ""/proj/zefflab/projects/Flooding/Data/harris_county/catalogs/static/harris_county/region_geom/houston_model.shp"""
/proj/zefflab/projects/Flooding/pipeline/web_launcher/_audit_reports/catalog_detector_full_audit_20260612_172311.txt,738,OLD_PROJ_DATA_ROOT,/proj/zefflab/projects/Flooding/Data/harris_county/catalogs/static/harris_county/topobathy/HCFCD_DEM_5m_UTM.tif,"""/proj/zefflab/projects/Flooding/Data/harris_county/catalogs/static/harris_county/topobathy/HCFCD_DEM_5m_UTM.tif"""
/proj/zefflab/projects/Flooding/pipeline/web_launcher/_audit_reports/catalog_detector_full_audit_20260612_172311.txt,743,OLD_PROJ_DATA_ROOT,/proj/zefflab/projects/Flooding/Data/harris_county/catalogs/static/harris_county/landcover/NLCD_2016_Land_Cover_L48_20190424.img,"landcover_path: ""/proj/zefflab/projects/Flooding/Data/harris_county/catalogs/static/harris_county/landcover/NLCD_2016_Land_Cover_L48_20190424.img"""
/proj/zefflab/projects/Flooding/pipeline/web_launcher/_audit_reports/catalog_detector_full_audit_20260612_172311.txt,745,OLD_PROJ_DATA_ROOT,/proj/zefflab/projects/Flooding/Data/harris_county/catalogs/static/harris_county/manning_reclass_table/nlcd_mapping_mean.csv,"landcover_reclass_table: ""/proj/zefflab/projects/Flooding/Data/harris_county/catalogs/static/harris_county/manning_reclass_table/nlcd_mapping_mean.csv"""
/proj/zefflab/projects/Flooding/pipeline/web_launcher/_audit_reports/catalog_detector_full_audit_20260612_172311.txt,746,OLD_PROJ_DATA_ROOT,/proj/zefflab/projects/Flooding/Data/harris_county/catalogs/events/harvey_2017_mrms/event_precip/harvey_mrms.nc,"rainfall_path: ""/proj/zefflab/projects/Flooding/Data/harris_county/catalogs/events/harvey_2017_mrms/event_precip/harvey_mrms.nc"""
/proj/zefflab/projects/Flooding/pipeline/web_launcher/_audit_reports/catalog_detector_full_audit_20260612_172311.txt,748,OLD_PROJ_DATA_ROOT,/proj/zefflab/projects/Flooding/Data/harris_county/catalogs/events/harvey_2017_mrms/event_waterlevel/harvey_houston_wl_bc.csv,"waterlevel_path: ""/proj/zefflab/projects/Flooding/Data/harris_county/catalogs/events/harvey_2017_mrms/event_waterlevel/harvey_houston_wl_bc.csv"""
/proj/zefflab/projects/Flooding/pipeline/web_launcher/_audit_reports/catalog_detector_full_audit_20260612_172311.txt,749,OLD_PROJ_DATA_ROOT,/proj/zefflab/projects/Flooding/Data/harris_county/catalogs/events/harvey_2017_mrms/event_discharge/harvey_houston_q_bc.csv,"discharge_timeseries_csv_path: ""/proj/zefflab/projects/Flooding/Data/harris_county/catalogs/events/harvey_2017_mrms/event_discharge/harvey_houston_q_bc.csv"""
/proj/zefflab/projects/Flooding/pipeline/web_launcher/_audit_reports/catalog_detector_full_audit_20260612_172311.txt,750,OLD_PROJ_DATA_ROOT,/proj/zefflab/projects/Flooding/Data/harris_county/catalogs/events/harvey_2017_mrms/event_source_table/event_source_table.csv,"discharge_points_csv_path: ""/proj/zefflab/projects/Flooding/Data/harris_county/catalogs/events/harvey_2017_mrms/event_source_table/event_source_table.csv"""
/proj/zefflab/projects/Flooding/pipeline/web_launcher/_audit_reports/catalog_detector_full_audit_20260612_172311.txt,751,OLD_PROJ_DATA_ROOT,/proj/zefflab/projects/Flooding/Data/harris_county/catalogs/static/harris_county/structures_thin_dams/AB_dams.shp,"thin_dam_path: ""/proj/zefflab/projects/Flooding/Data/harris_county/catalogs/static/harris_county/structures_thin_dams/AB_dams.shp"""
/proj/zefflab/projects/Flooding/pipeline/web_launcher/_audit_reports/catalog_detector_full_audit_20260612_172311.txt,753,OLD_PROJ_DATA_ROOT,/proj/zefflab/projects/Flooding/Data/harris_county/catalogs/events/harvey_2017_mrms/event_validation_points/profiles/lite/sfincs_obs_points_lite.xy,"obs_points_path: ""/proj/zefflab/projects/Flooding/Data/harris_county/catalogs/events/harvey_2017_mrms/event_validation_points/profiles/lite/sfincs_obs_points_lite.xy"""
/proj/zefflab/projects/Flooding/pipeline/web_launcher/_audit_reports/catalog_detector_full_audit_20260612_172311.txt,754,OLD_PROJ_DATA_ROOT,/proj/zefflab/projects/Flooding/Data/harris_county/catalogs/events/harvey_2017_mrms/event_validation_lines/reviewed_crs_lines/sfincs_crs_lines_REVIEWED_PLUS_AUTO_CUSTOM.xyxy,"obs_lines_path: ""/proj/zefflab/projects/Flooding/Data/harris_county/catalogs/events/harvey_2017_mrms/event_validation_lines/reviewed_crs_lines/sfincs_crs_lines_REVIEWED_PLUS_AUTO_CUSTOM.xyxy"""
/proj/zefflab/projects/Flooding/pipeline/web_launcher/_audit_reports/catalog_detector_full_audit_20260612_172311.txt,759,OLD_PROJ_DATA_ROOT,/proj/zefflab/projects/Flooding/Data/harris_county/catalogs/events/harvey_2017_mrms,"""/proj/zefflab/projects/Flooding/Data/harris_county/catalogs/events/harvey_2017_mrms"","
/proj/zefflab/projects/Flooding/pipeline/web_launcher/_audit_reports/catalog_detector_full_audit_20260612_172311.txt,760,OLD_PROJ_DATA_ROOT,/proj/zefflab/projects/Flooding/Data/harris_county/catalogs/static/harris_county,"""/proj/zefflab/projects/Flooding/Data/harris_county/catalogs/static/harris_county"""
/proj/zefflab/projects/Flooding/pipeline/web_launcher/_audit_reports/catalog_detector_full_audit_20260612_172311.txt,763,OLD_PROJ_DATA_ROOT,/proj/zefflab/projects/Flooding/Data/harris_county/catalogs/static/harris_county/topobathy/HCFCD_DEM_5m_UTM.tif,"""/proj/zefflab/projects/Flooding/Data/harris_county/catalogs/static/harris_county/topobathy/HCFCD_DEM_5m_UTM.tif"""
/proj/zefflab/projects/Flooding/pipeline/web_launcher/_audit_reports/catalog_detector_full_audit_20260612_172311.txt,768,OLD_PROJ_DATA_ROOT,/proj/zefflab/projects/Flooding/Data/harris_county/catalogs/static/harris_county/landcover/NLCD_2016_Land_Cover_L48_20190424.img,"landcover_path: ""/proj/zefflab/projects/Flooding/Data/harris_county/catalogs/static/harris_county/landcover/NLCD_2016_Land_Cover_L48_20190424.img"""
/proj/zefflab/projects/Flooding/pipeline/web_launcher/_audit_reports/catalog_detector_full_audit_20260612_172311.txt,769,OLD_PROJ_DATA_ROOT,/proj/zefflab/projects/Flooding/Data/harris_county/catalogs/events/harvey_2017_mrms/event_precip/harvey_mrms.nc,"rainfall_path: ""/proj/zefflab/projects/Flooding/Data/harris_county/catalogs/events/harvey_2017_mrms/event_precip/harvey_mrms.nc"""
/proj/zefflab/projects/Flooding/pipeline/web_launcher/_audit_reports/catalog_detector_full_audit_20260612_172311.txt,770,OLD_PROJ_DATA_ROOT,/proj/zefflab/projects/Flooding/Data/harris_county/catalogs/events/harvey_2017_mrms/event_waterlevel/harvey_houston_wl_bc.csv,"waterlevel_path: ""/proj/zefflab/projects/Flooding/Data/harris_county/catalogs/events/harvey_2017_mrms/event_waterlevel/harvey_houston_wl_bc.csv"""
/proj/zefflab/projects/Flooding/pipeline/web_launcher/_audit_reports/catalog_detector_full_audit_20260612_172311.txt,771,OLD_PROJ_DATA_ROOT,/proj/zefflab/projects/Flooding/Data/harris_county/catalogs/events/harvey_2017_mrms/event_discharge/harvey_houston_q_bc.csv,"discharge_timeseries_csv_path: ""/proj/zefflab/projects/Flooding/Data/harris_county/catalogs/events/harvey_2017_mrms/event_discharge/harvey_houston_q_bc.csv"""
/proj/zefflab/projects/Flooding/pipeline/web_launcher/_audit_reports/catalog_detector_full_audit_20260612_172311.txt,772,OLD_PROJ_DATA_ROOT,/proj/zefflab/projects/Flooding/Data/harris_county/catalogs/events/harvey_2017_mrms/event_source_table/event_source_table.csv,"discharge_points_csv_path: ""/proj/zefflab/projects/Flooding/Data/harris_county/catalogs/events/harvey_2017_mrms/event_source_table/event_source_table.csv"""
/proj/zefflab/projects/Flooding/pipeline/web_launcher/_audit_reports/catalog_detector_full_audit_20260612_172311.txt,775,OLD_PROJ_DATA_ROOT,/proj/zefflab/projects/Flooding/Data/emes_server/lelise_INCOMING_RETRY/data/soil/gcn250/cn_avg.tif,"curve_number_path: ""/proj/zefflab/projects/Flooding/Data/emes_server/lelise_INCOMING_RETRY/data/soil/gcn250/cn_avg.tif"""
/proj/zefflab/projects/Flooding/pipeline/web_launcher/_audit_reports/catalog_detector_full_audit_20260612_172311.txt,776,OLD_PROJ_DATA_ROOT,/proj/zefflab/projects/Flooding/Data/harris_county/catalogs/events/harvey_2017_mrms/event_validation_points/profiles/full_candidates/sfincs_obs_points_full_candidates.xy,"obs_points_path: ""/proj/zefflab/projects/Flooding/Data/harris_county/catalogs/events/harvey_2017_mrms/event_validation_points/profiles/full_candidates/sfincs_obs_points_full_candidates.xy"""
/proj/zefflab/projects/Flooding/pipeline/web_launcher/_audit_reports/catalog_detector_full_audit_20260612_172311.txt,778,OLD_PROJ_DATA_ROOT,/proj/zefflab/projects/Flooding/Data/harris_county/catalogs/events/harvey_2017_mrms/event_validation_lines/reviewed_crs_lines/sfincs_crs_lines_REVIEWED_PLUS_AUTO_CUSTOM.xyxy,"obs_lines_path: ""/proj/zefflab/projects/Flooding/Data/harris_county/catalogs/events/harvey_2017_mrms/event_validation_lines/reviewed_crs_lines/sfincs_crs_lines_REVIEWED_PLUS_AUTO_CUSTOM.xyxy"""
/proj/zefflab/projects/Flooding/pipeline/web_launcher/_audit_reports/dem_active_hole_test_20260612_195202/summary.txt,1,OLD_PROJ_DATA_ROOT,fragment_match,DEM: /proj/zefflab/projects/Flooding/Data/harris_county/catalogs/static/harris_county/topobathy/HCFCD_DEM_5m_UTM.tif
/proj/zefflab/projects/Flooding/pipeline/web_launcher/_audit_reports/dem_active_hole_test_20260612_195202/summary.txt,2,OLD_PROJ_DATA_ROOT,fragment_match,MSK: /proj/zefflab/projects/Flooding/Data/harris_county/catalogs/static/harris_county_ppp/gis/msk.tif
/proj/zefflab/projects/Flooding/pipeline/web_launcher/_audit_reports/dem_nan_coverage_20260612_194733/summary.txt,1,OLD_PROJ_DATA_ROOT,fragment_match,DEM: /proj/zefflab/projects/Flooding/Data/harris_county/catalogs/static/harris_county/topobathy/HCFCD_DEM_5m_UTM.tif
/proj/zefflab/projects/Flooding/pipeline/web_launcher/_audit_reports/dem_nan_coverage_20260612_194733/summary.txt,12,OLD_PROJ_DATA_ROOT,fragment_match,PPP mask: /proj/zefflab/projects/Flooding/Data/harris_county/catalogs/static/harris_county_ppp/gis/msk.tif
/proj/zefflab/projects/Flooding/Validation/Code/stacked_gauge_percent_error.py,38,OTHER_PROJECT_ABSOLUTE_PATH,/proj/zefflab/projects/Flooding/Validation/Code/correlation_graph_generator.py,"""/proj/zefflab/projects/Flooding/Validation/Code/correlation_graph_generator.py"""
/proj/zefflab/projects/Flooding/Validation/Code/stacked_gauge_percent_error.py,41,OTHER_PROJECT_ABSOLUTE_PATH,/proj/zefflab/projects/Flooding/sfincs_runs,"SFINCS_RUNS_ROOT = Path(""/proj/zefflab/projects/Flooding/sfincs_runs"")"
/proj/zefflab/projects/Flooding/Validation/Code/stacked_gauge_percent_error.py,43,OTHER_PROJECT_ABSOLUTE_PATH,/proj/zefflab/projects/Flooding/Validation/Validation Outputs/stacked_gauge_percent_error,"OUTPUT_DIR = Path(""/proj/zefflab/projects/Flooding/Validation/Validation Outputs/stacked_gauge_percent_error"")"
/proj/zefflab/projects/Flooding/Validation/Code/stacked_gauge_meter_error.py,35,OTHER_PROJECT_ABSOLUTE_PATH,/proj/zefflab/projects/Flooding/Validation/Code/correlation_graph_generator.py,"""/proj/zefflab/projects/Flooding/Validation/Code/correlation_graph_generator.py"""
/proj/zefflab/projects/Flooding/Validation/Code/stacked_gauge_meter_error.py,38,OTHER_PROJECT_ABSOLUTE_PATH,/proj/zefflab/projects/Flooding/sfincs_runs,"SFINCS_RUNS_ROOT = Path(""/proj/zefflab/projects/Flooding/sfincs_runs"")"
/proj/zefflab/projects/Flooding/Validation/Code/stacked_gauge_meter_error.py,41,OTHER_PROJECT_ABSOLUTE_PATH,/proj/zefflab/projects/Flooding/Validation/Validation Outputs/stacked_gauge_meter_error,"""/proj/zefflab/projects/Flooding/Validation/Validation Outputs/stacked_gauge_meter_error"""
/proj/zefflab/projects/Flooding/Validation/Code/correlation_graph_generator.py,40,OTHER_PROJECT_ABSOLUTE_PATH,/proj/zefflab/projects/Flooding/sfincs_runs,"SFINCS_RUNS_ROOT = Path(""/proj/zefflab/projects/Flooding/sfincs_runs"")"
/proj/zefflab/projects/Flooding/Validation/Code/correlation_graph_generator.py,41,OLD_PROJ_DATA_ROOT,/proj/zefflab/projects/Flooding/Data/harris_county/catalogs/events,"EVENTS_ROOT = Path(""/proj/zefflab/projects/Flooding/Data/harris_county/catalogs/events"")"
/proj/zefflab/projects/Flooding/Validation/Code/correlation_graph_generator.py,44,OTHER_PROJECT_ABSOLUTE_PATH,/proj/zefflab/projects/Flooding/Validation/Validation Outputs/correlation_graphs,"OUTPUT_DIR = Path(""/proj/zefflab/projects/Flooding/Validation/Validation Outputs/correlation_graphs"")"
/proj/zefflab/projects/Flooding/Validation/Code/correlation_graph_generator.py,72,OTHER_PROJECT_ABSOLUTE_PATH,/proj/zefflab/projects/Flooding/sfincs_runs/harvey_2017_mrms_manual_033_coastal_test_001,"# ""/proj/zefflab/projects/Flooding/sfincs_runs/harvey_2017_mrms_manual_033_coastal_test_001"","
/proj/zefflab/projects/Flooding/Validation/Code/wl_bias_diagnostic.py,44,OTHER_PROJECT_ABSOLUTE_PATH,/proj/zefflab/projects/Flooding/Validation/Code/correlation_graph_generator.py,"""/proj/zefflab/projects/Flooding/Validation/Code/correlation_graph_generator.py"""
/proj/zefflab/projects/Flooding/Validation/Code/wl_bias_diagnostic.py,47,OTHER_PROJECT_ABSOLUTE_PATH,/proj/zefflab/projects/Flooding/sfincs_runs,"SFINCS_RUNS_ROOT = Path(""/proj/zefflab/projects/Flooding/sfincs_runs"")"
/proj/zefflab/projects/Flooding/Validation/Code/wl_bias_diagnostic.py,49,OTHER_PROJECT_ABSOLUTE_PATH,/proj/zefflab/projects/Flooding/Validation/Validation Outputs/bias_diagnostics,"OUTPUT_DIR = Path(""/proj/zefflab/projects/Flooding/Validation/Validation Outputs/bias_diagnostics"")"
/proj/zefflab/projects/Flooding/Validation/Code/raw_dem_depth_correlation_graph_generator.py,60,OTHER_PROJECT_ABSOLUTE_PATH,/proj/zefflab/projects/Flooding/sfincs_runs,"SFINCS_RUNS_ROOT = Path(""/proj/zefflab/projects/Flooding/sfincs_runs"")"
/proj/zefflab/projects/Flooding/Validation/Code/raw_dem_depth_correlation_graph_generator.py,61,OLD_PROJ_DATA_ROOT,/proj/zefflab/projects/Flooding/Data/harris_county/catalogs/events,"EVENTS_ROOT = Path(""/proj/zefflab/projects/Flooding/Data/harris_county/catalogs/events"")"
/proj/zefflab/projects/Flooding/Validation/Code/raw_dem_depth_correlation_graph_generator.py,64,OTHER_PROJECT_ABSOLUTE_PATH,/proj/zefflab/projects/Flooding/Validation/Validation Outputs/raw_dem_depth_correlation_graphs,"OUTPUT_DIR = Path(""/proj/zefflab/projects/Flooding/Validation/Validation Outputs/raw_dem_depth_correlation_graphs"")"
/proj/zefflab/projects/Flooding/Validation/Code/raw_dem_depth_correlation_graph_generator.py,69,OLD_PROJ_DATA_ROOT,/proj/zefflab/projects/Flooding/Data/harris_county/catalogs/static/,"""/proj/zefflab/projects/Flooding/Data/harris_county/catalogs/static/"""
/proj/zefflab/projects/Flooding/Validation/Code/raw_dem_depth_correlation_graph_generator.py,110,OTHER_PROJECT_ABSOLUTE_PATH,/proj/zefflab/projects/Flooding/sfincs_runs/harvey_2017_mrms_manual_033_coastal_test_001,"# ""/proj/zefflab/projects/Flooding/sfincs_runs/harvey_2017_mrms_manual_033_coastal_test_001"","
/proj/zefflab/projects/Flooding/Validation/Code/wl_peak_timing_diagnostic.py,33,OTHER_PROJECT_ABSOLUTE_PATH,/proj/zefflab/projects/Flooding/Validation/Code/correlation_graph_generator.py,"""/proj/zefflab/projects/Flooding/Validation/Code/correlation_graph_generator.py"""
/proj/zefflab/projects/Flooding/Validation/Code/wl_peak_timing_diagnostic.py,36,OTHER_PROJECT_ABSOLUTE_PATH,/proj/zefflab/projects/Flooding/sfincs_runs,"SFINCS_RUNS_ROOT = Path(""/proj/zefflab/projects/Flooding/sfincs_runs"")"
/proj/zefflab/projects/Flooding/Validation/Code/wl_peak_timing_diagnostic.py,39,OTHER_PROJECT_ABSOLUTE_PATH,/proj/zefflab/projects/Flooding/Validation/Validation Outputs/peak_timing_diagnostics,"""/proj/zefflab/projects/Flooding/Validation/Validation Outputs/peak_timing_diagnostics"""
/proj/zefflab/projects/Flooding/Validation/Code/Data Catalog Validation Scripts/apply_harvey_3_boundary_catalog_repair.py,41,OLD_PROJ_DATA_ROOT,/proj/zefflab/projects/Flooding/Data/harris_county/catalogs/events/harvey_2017_mrms,"EVENT_ROOT = Path(""/proj/zefflab/projects/Flooding/Data/harris_county/catalogs/events/harvey_2017_mrms"")"
/proj/zefflab/projects/Flooding/Validation/Code/Data Catalog Validation Scripts/apply_harvey_3_boundary_catalog_repair.py,47,OTHER_PROJECT_ABSOLUTE_PATH,/proj/zefflab/projects/Flooding/Validation/Validation Outputs/catalog_integrity,"VALIDATION_OUT_ROOT = Path(""/proj/zefflab/projects/Flooding/Validation/Validation Outputs/catalog_integrity"")"
/proj/zefflab/projects/Flooding/Validation/Code/Data Catalog Validation Scripts/make_per_event_real_and_model_boundary_maps.py,37,OTHER_PROJECT_ABSOLUTE_PATH,/proj/zefflab/projects/Flooding/sfincs_runs/harvey_2017_mrms_manual_033_coastal_test_001,"""run_root"": Path(""/proj/zefflab/projects/Flooding/sfincs_runs/harvey_2017_mrms_manual_033_coastal_test_001""),"
/proj/zefflab/projects/Flooding/Validation/Code/Data Catalog Validation Scripts/make_per_event_real_and_model_boundary_maps.py,41,OTHER_PROJECT_ABSOLUTE_PATH,/proj/zefflab/projects/Flooding/sfincs_runs/beryl_2024_override_001,"""run_root"": Path(""/proj/zefflab/projects/Flooding/sfincs_runs/beryl_2024_override_001""),"
/proj/zefflab/projects/Flooding/Validation/Code/Data Catalog Validation Scripts/make_per_event_real_and_model_boundary_maps.py,45,OTHER_PROJECT_ABSOLUTE_PATH,/proj/zefflab/projects/Flooding/Validation/Validation Outputs/catalog_integrity,"OUT_ROOT = Path(""/proj/zefflab/projects/Flooding/Validation/Validation Outputs/catalog_integrity"")"
/proj/zefflab/projects/Flooding/Validation/Code/Data Catalog Validation Scripts/audit_14_event_boundary_point_maps.py,37,OTHER_PROJECT_ABSOLUTE_PATH,/proj/zefflab/projects/Flooding/sfincs_runs,"RUNS_ROOT = Path(""/proj/zefflab/projects/Flooding/sfincs_runs"")"
/proj/zefflab/projects/Flooding/Validation/Code/Data Catalog Validation Scripts/audit_14_event_boundary_point_maps.py,38,OLD_PROJ_DATA_ROOT,/proj/zefflab/projects/Flooding/Data/harris_county/catalogs/events,"EVENTS_ROOT = Path(""/proj/zefflab/projects/Flooding/Data/harris_county/catalogs/events"")"
/proj/zefflab/projects/Flooding/Validation/Code/Data Catalog Validation Scripts/audit_14_event_boundary_point_maps.py,39,OTHER_PROJECT_ABSOLUTE_PATH,/proj/zefflab/projects/Flooding/Validation/Validation Outputs/catalog_integrity,"OUT_ROOT = Path(""/proj/zefflab/projects/Flooding/Validation/Validation Outputs/catalog_integrity"")"
