file,line_no,category,usage_guess,scope,line,replacement_preview
/proj/zefflab/projects/Flooding/pipeline/code/config_schema.py,39,OLD_PROJ_DATA_ROOT,LIKELY_BROWSE_OR_DEFAULT_ONLY,,"DEFAULT_DATA_ROOT = ""/proj/zefflab/projects/Flooding/Data/harris_county""","/proj/zefflab/projects/Flooding/Data/harris_county -> /users/e/p/epsilon/Data/Data/harris_county | exists=True
/proj/zefflab/projects/Flooding/Data/harris_county/catalogs/static/harris_county_ppp -> /users/e/p/epsilon/Data/Data/harris_county/catalogs/static/harris_county_ppp | exists=True"
/proj/zefflab/projects/Flooding/pipeline/code/config_schema.py,42,OLD_PROJ_DATA_ROOT,LIKELY_BROWSE_OR_DEFAULT_ONLY,,"""/proj/zefflab/projects/Flooding/Data/harris_county/catalogs/static/harris_county_ppp""","/proj/zefflab/projects/Flooding/Data/harris_county -> /users/e/p/epsilon/Data/Data/harris_county | exists=True
/proj/zefflab/projects/Flooding/Data/harris_county/catalogs/static/harris_county_ppp -> /users/e/p/epsilon/Data/Data/harris_county/catalogs/static/harris_county_ppp | exists=True"
/proj/zefflab/projects/Flooding/pipeline/web_launcher/manual.html,598,OLD_PROJ_DATA_ROOT,LIKELY_BROWSE_OR_DEFAULT_ONLY,"HTML block near data_root: <input type=""hidden"" data-key=""data_root"" data-type=""string"" value=""/proj/zefflab/projects/Flooding/Data/harris_county"">","<input type=""hidden"" data-key=""data_root"" data-type=""string"" value=""/proj/zefflab/projects/Flooding/Data/harris_county"">",/proj/zefflab/projects/Flooding/Data/harris_county -> /users/e/p/epsilon/Data/Data/harris_county | exists=True
/proj/zefflab/projects/Flooding/pipeline/web_launcher/manual.html,775,OLD_PROJ_DATA_ROOT,LIKELY_BROWSE_OR_DEFAULT_ONLY,"HTML block near tab-4: <div class=""panel tab-panel"" id=""tab-4"">","placeholder=""/proj/zefflab/projects/Flooding/Data/harris_county/catalogs/static/harris_county""",/proj/zefflab/projects/Flooding/Data/harris_county/catalogs/static/harris_county -> /users/e/p/epsilon/Data/Data/harris_county/catalogs/static/harris_county | exists=True
/proj/zefflab/projects/Flooding/pipeline/web_launcher/manual.html,785,OLD_PROJ_DATA_ROOT,LIKELY_BROWSE_OR_DEFAULT_ONLY,"HTML block near tab-4: <div class=""panel tab-panel"" id=""tab-4"">","data-browse-start=""/proj/zefflab/projects/Flooding/Data/harris_county/catalogs""",/proj/zefflab/projects/Flooding/Data/harris_county/catalogs -> /users/e/p/epsilon/Data/Data/harris_county/catalogs | exists=True
/proj/zefflab/projects/Flooding/pipeline/web_launcher/manual.html,3632,OLD_PROJ_DATA_ROOT,LIKELY_BROWSE_OR_DEFAULT_ONLY,,"defaultStart: ""/proj/zefflab/projects/Flooding/Data/harris_county""",/proj/zefflab/projects/Flooding/Data/harris_county -> /users/e/p/epsilon/Data/Data/harris_county | exists=True
/proj/zefflab/projects/Flooding/pipeline/web_launcher/override.html,955,OLD_PROJ_DATA_ROOT,UNCLEAR_REVIEW,"HTML block near manual-4: <div class=""manual-panel"" id=""manual-4"">","placeholder=""/proj/zefflab/projects/Flooding/Data/harris_county/catalogs/events/harvey_2017_mrms""",/proj/zefflab/projects/Flooding/Data/harris_county/catalogs/events/harvey_2017_mrms -> /users/e/p/epsilon/Data/Data/harris_county/catalogs/events/harvey_2017_mrms | exists=True
/proj/zefflab/projects/Flooding/pipeline/web_launcher/override.html,971,OLD_PROJ_DATA_ROOT,LIKELY_BROWSE_OR_DEFAULT_ONLY,"HTML block near manual-4: <div class=""manual-panel"" id=""manual-4"">","placeholder=""/proj/zefflab/projects/Flooding/Data/harris_county/catalogs/events/harvey_2017_mrms""",/proj/zefflab/projects/Flooding/Data/harris_county/catalogs/events/harvey_2017_mrms -> /users/e/p/epsilon/Data/Data/harris_county/catalogs/events/harvey_2017_mrms | exists=True
/proj/zefflab/projects/Flooding/pipeline/web_launcher/override.html,981,OLD_PROJ_DATA_ROOT,LIKELY_BROWSE_OR_DEFAULT_ONLY,"HTML block near manual-4: <div class=""manual-panel"" id=""manual-4"">","data-browse-start=""/proj/zefflab/projects/Flooding/Data/harris_county/catalogs""",/proj/zefflab/projects/Flooding/Data/harris_county/catalogs -> /users/e/p/epsilon/Data/Data/harris_county/catalogs | exists=True
/proj/zefflab/projects/Flooding/pipeline/web_launcher/override.html,2624,OLD_PROJ_DATA_ROOT,PROBABLY_DEFAULT_BUT_REVIEW,function getConfig() {,": ""/proj/zefflab/projects/Flooding/Data/harris_county""",/proj/zefflab/projects/Flooding/Data/harris_county -> /users/e/p/epsilon/Data/Data/harris_county | exists=True
/proj/zefflab/projects/Flooding/pipeline/web_launcher/override.html,4196,OLD_PROJ_DATA_ROOT,LIKELY_BROWSE_OR_DEFAULT_ONLY,function runChecksSafely(navigate = true) {,"defaultStart: ""/proj/zefflab/projects/Flooding/Data/harris_county""",/proj/zefflab/projects/Flooding/Data/harris_county -> /users/e/p/epsilon/Data/Data/harris_county | exists=True
/proj/zefflab/projects/Flooding/pipeline/web_launcher/override.html,4211,OLD_PROJ_DATA_ROOT,LIKELY_BROWSE_OR_DEFAULT_ONLY,<!-- BEGIN override source browse defaults patch -->,"""/proj/zefflab/projects/Flooding/Data/harris_county/catalogs"";",/proj/zefflab/projects/Flooding/Data/harris_county/catalogs -> /users/e/p/epsilon/Data/Data/harris_county/catalogs | exists=True
/proj/zefflab/projects/Flooding/pipeline/web_launcher/app.py,370,OLD_PROJ_DATA_ROOT,LIKELY_BROWSE_OR_DEFAULT_ONLY,,"""dataRoot"": ""/proj/zefflab/projects/Flooding/Data/harris_county"",","/proj/zefflab/projects/Flooding/Data/harris_county -> /users/e/p/epsilon/Data/Data/harris_county | exists=True
/proj/zefflab/projects/Flooding/Data/harris_county/catalogs -> /users/e/p/epsilon/Data/Data/harris_county/catalogs | exists=True
/proj/zefflab/projects/Flooding/Data/harris_county/catalogs/events_reduced -> /users/e/p/epsilon/Data/Data/harris_county/catalogs/events_reduced | exists=False"
/proj/zefflab/projects/Flooding/pipeline/web_launcher/app.py,371,OLD_PROJ_DATA_ROOT,LIKELY_BROWSE_OR_DEFAULT_ONLY,,"""catalogRoot"": ""/proj/zefflab/projects/Flooding/Data/harris_county/catalogs"",","/proj/zefflab/projects/Flooding/Data/harris_county -> /users/e/p/epsilon/Data/Data/harris_county | exists=True
/proj/zefflab/projects/Flooding/Data/harris_county/catalogs -> /users/e/p/epsilon/Data/Data/harris_county/catalogs | exists=True
/proj/zefflab/projects/Flooding/Data/harris_county/catalogs/events_reduced -> /users/e/p/epsilon/Data/Data/harris_county/catalogs/events_reduced | exists=False"
/proj/zefflab/projects/Flooding/pipeline/web_launcher/app.py,372,OLD_PROJ_DATA_ROOT,LIKELY_BROWSE_OR_DEFAULT_ONLY,,"""eventCatalogRoot"": ""/proj/zefflab/projects/Flooding/Data/harris_county/catalogs/events_reduced"",","/proj/zefflab/projects/Flooding/Data/harris_county -> /users/e/p/epsilon/Data/Data/harris_county | exists=True
/proj/zefflab/projects/Flooding/Data/harris_county/catalogs -> /users/e/p/epsilon/Data/Data/harris_county/catalogs | exists=True
/proj/zefflab/projects/Flooding/Data/harris_county/catalogs/events_reduced -> /users/e/p/epsilon/Data/Data/harris_county/catalogs/events_reduced | exists=False"
/proj/zefflab/projects/Flooding/pipeline/web_launcher/app.py,373,OLD_PROJ_DATA_ROOT,LIKELY_BROWSE_OR_DEFAULT_ONLY,,"""nativeSfincsRoot"": ""/proj/zefflab/projects/Flooding/Data/harris_county/catalogs"",","/proj/zefflab/projects/Flooding/Data/harris_county -> /users/e/p/epsilon/Data/Data/harris_county | exists=True
/proj/zefflab/projects/Flooding/Data/harris_county/catalogs -> /users/e/p/epsilon/Data/Data/harris_county/catalogs | exists=True
/proj/zefflab/projects/Flooding/Data/harris_county/catalogs/events_reduced -> /users/e/p/epsilon/Data/Data/harris_county/catalogs/events_reduced | exists=False"
/proj/zefflab/projects/Flooding/pipeline/web_launcher/app.py,374,OLD_PROJ_DATA_ROOT,LIKELY_BROWSE_OR_DEFAULT_ONLY,,"""overrideSourceRoot"": ""/proj/zefflab/projects/Flooding/Data/harris_county/catalogs"",","/proj/zefflab/projects/Flooding/Data/harris_county -> /users/e/p/epsilon/Data/Data/harris_county | exists=True
/proj/zefflab/projects/Flooding/Data/harris_county/catalogs -> /users/e/p/epsilon/Data/Data/harris_county/catalogs | exists=True
/proj/zefflab/projects/Flooding/Data/harris_county/catalogs/events_reduced -> /users/e/p/epsilon/Data/Data/harris_county/catalogs/events_reduced | exists=False"
/proj/zefflab/projects/Flooding/pipeline/web_launcher/static/config_path_browse_buttons.js,4,OLD_PROJ_DATA_ROOT,LIKELY_BROWSE_OR_DEFAULT_ONLY,,"const DEFAULT_DATA_ROOT = ""/proj/zefflab/projects/Flooding/Data/harris_county"";",/proj/zefflab/projects/Flooding/Data/harris_county -> /users/e/p/epsilon/Data/Data/harris_county | exists=True
/proj/zefflab/projects/Flooding/pipeline/web_launcher/static/review.js,1955,OLD_PROJ_DATA_ROOT,UNCLEAR_REVIEW,function configuredDataRoot() {,"""/proj/zefflab/projects/Flooding/Data/harris_county""",/proj/zefflab/projects/Flooding/Data/harris_county -> /users/e/p/epsilon/Data/Data/harris_county | exists=True
/proj/zefflab/projects/Flooding/pipeline/web_launcher/static/launcher_defaults.js,10,OLD_PROJ_DATA_ROOT,LIKELY_BROWSE_OR_DEFAULT_ONLY,,"dataRoot: ""/proj/zefflab/projects/Flooding/Data/harris_county"",","/proj/zefflab/projects/Flooding/Data/harris_county -> /users/e/p/epsilon/Data/Data/harris_county | exists=True
/proj/zefflab/projects/Flooding/Data/harris_county/catalogs -> /users/e/p/epsilon/Data/Data/harris_county/catalogs | exists=True
/proj/zefflab/projects/Flooding/Data/harris_county/catalogs/events_reduced -> /users/e/p/epsilon/Data/Data/harris_county/catalogs/events_reduced | exists=False"
/proj/zefflab/projects/Flooding/pipeline/web_launcher/static/launcher_defaults.js,11,OLD_PROJ_DATA_ROOT,LIKELY_BROWSE_OR_DEFAULT_ONLY,,"catalogRoot: ""/proj/zefflab/projects/Flooding/Data/harris_county/catalogs"",","/proj/zefflab/projects/Flooding/Data/harris_county -> /users/e/p/epsilon/Data/Data/harris_county | exists=True
/proj/zefflab/projects/Flooding/Data/harris_county/catalogs -> /users/e/p/epsilon/Data/Data/harris_county/catalogs | exists=True
/proj/zefflab/projects/Flooding/Data/harris_county/catalogs/events_reduced -> /users/e/p/epsilon/Data/Data/harris_county/catalogs/events_reduced | exists=False"
/proj/zefflab/projects/Flooding/pipeline/web_launcher/static/launcher_defaults.js,12,OLD_PROJ_DATA_ROOT,LIKELY_BROWSE_OR_DEFAULT_ONLY,,"eventCatalogRoot: ""/proj/zefflab/projects/Flooding/Data/harris_county/catalogs/events_reduced"",","/proj/zefflab/projects/Flooding/Data/harris_county -> /users/e/p/epsilon/Data/Data/harris_county | exists=True
/proj/zefflab/projects/Flooding/Data/harris_county/catalogs -> /users/e/p/epsilon/Data/Data/harris_county/catalogs | exists=True
/proj/zefflab/projects/Flooding/Data/harris_county/catalogs/events_reduced -> /users/e/p/epsilon/Data/Data/harris_county/catalogs/events_reduced | exists=False"
/proj/zefflab/projects/Flooding/pipeline/web_launcher/static/launcher_defaults.js,13,OLD_PROJ_DATA_ROOT,LIKELY_BROWSE_OR_DEFAULT_ONLY,,"nativeSfincsRoot: ""/proj/zefflab/projects/Flooding/Data/harris_county/catalogs"",","/proj/zefflab/projects/Flooding/Data/harris_county -> /users/e/p/epsilon/Data/Data/harris_county | exists=True
/proj/zefflab/projects/Flooding/Data/harris_county/catalogs -> /users/e/p/epsilon/Data/Data/harris_county/catalogs | exists=True
/proj/zefflab/projects/Flooding/Data/harris_county/catalogs/events_reduced -> /users/e/p/epsilon/Data/Data/harris_county/catalogs/events_reduced | exists=False"
/proj/zefflab/projects/Flooding/pipeline/web_launcher/static/launcher_defaults.js,14,OLD_PROJ_DATA_ROOT,LIKELY_BROWSE_OR_DEFAULT_ONLY,,"overrideSourceRoot: ""/proj/zefflab/projects/Flooding/Data/harris_county/catalogs"",","/proj/zefflab/projects/Flooding/Data/harris_county -> /users/e/p/epsilon/Data/Data/harris_county | exists=True
/proj/zefflab/projects/Flooding/Data/harris_county/catalogs -> /users/e/p/epsilon/Data/Data/harris_county/catalogs | exists=True
/proj/zefflab/projects/Flooding/Data/harris_county/catalogs/events_reduced -> /users/e/p/epsilon/Data/Data/harris_county/catalogs/events_reduced | exists=False"
/proj/zefflab/projects/Flooding/pipeline/web_launcher/_guide_audits/manual_notes_and_behavior_20260602_150544.json,4554,OLD_PROJ_DATA_ROOT,PROBABLY_DEFAULT_BUT_REVIEW,,"""   L0464: </head>\n   L0465: <body>\n>> L0466:   <input type=\""hidden\"" data-key=\""pipeline_mode\"" data-type=\""string\"" value=\""preflight_only\"">\n   L0467:   <input type=\""hidden\"" data-key=\""preprocess_mode\"" data-type=\""string\"" value=\""hydromt_build\"">\n   L0468:   <input type=\""hidden\"" data-key=\""data_root\"" data-type=\""string\"" value=\""/proj/zefflab/projects/Flooding/Data/harris_county\"">"",",/proj/zefflab/projects/Flooding/Data/harris_county -> /users/e/p/epsilon/Data/Data/harris_county | exists=True
/proj/zefflab/projects/Flooding/pipeline/web_launcher/_guide_audits/manual_notes_and_behavior_20260602_150544.json,4555,OLD_PROJ_DATA_ROOT,PROBABLY_DEFAULT_BUT_REVIEW,,"""   L0465: <body>\n   L0466:   <input type=\""hidden\"" data-key=\""pipeline_mode\"" data-type=\""string\"" value=\""preflight_only\"">\n>> L0467:   <input type=\""hidden\"" data-key=\""preprocess_mode\"" data-type=\""string\"" value=\""hydromt_build\"">\n   L0468:   <input type=\""hidden\"" data-key=\""data_root\"" data-type=\""string\"" value=\""/proj/zefflab/projects/Flooding/Data/harris_county\"">\n   L0469:   <input type=\""hidden\"" data-key=\""sfincs_container\"" data-type=\""string\"" value=\""/proj/zefflab/projects/Flooding/pipeline/containers/sfincs-v2.3.0-mt-Faber-Release.sif\"">"",",/proj/zefflab/projects/Flooding/Data/harris_county -> /users/e/p/epsilon/Data/Data/harris_county | exists=True
/proj/zefflab/projects/Flooding/pipeline/web_launcher/_guide_audits/manual_guide_audit_20260602_150041.json,511,OLD_PROJ_DATA_ROOT,LIKELY_BROWSE_OR_DEFAULT_ONLY,,"""value"": ""/proj/zefflab/projects/Flooding/Data/harris_county"",",/proj/zefflab/projects/Flooding/Data/harris_county -> /users/e/p/epsilon/Data/Data/harris_county | exists=True
/proj/zefflab/projects/Flooding/pipeline/web_launcher/_guide_audits/manual_notes_and_behavior_20260602_150544.md,475,OLD_PROJ_DATA_ROOT,LIKELY_BROWSE_OR_DEFAULT_ONLY,"HTML block near data_root: L0468:   <input type=""hidden"" data-key=""data_root"" data-type=""string"" value=""/proj/zefflab/projects/Flooding/Data/harris_county"">","L0468:   <input type=""hidden"" data-key=""data_root"" data-type=""string"" value=""/proj/zefflab/projects/Flooding/Data/harris_county"">",/proj/zefflab/projects/Flooding/Data/harris_county -> /users/e/p/epsilon/Data/Data/harris_county | exists=True
/proj/zefflab/projects/Flooding/pipeline/web_launcher/_guide_audits/manual_notes_and_behavior_20260602_150544.md,482,OLD_PROJ_DATA_ROOT,LIKELY_BROWSE_OR_DEFAULT_ONLY,"HTML block near data_root: L0468:   <input type=""hidden"" data-key=""data_root"" data-type=""string"" value=""/proj/zefflab/projects/Flooding/Data/harris_county"">","L0468:   <input type=""hidden"" data-key=""data_root"" data-type=""string"" value=""/proj/zefflab/projects/Flooding/Data/harris_county"">",/proj/zefflab/projects/Flooding/Data/harris_county -> /users/e/p/epsilon/Data/Data/harris_county | exists=True
/proj/zefflab/projects/Flooding/pipeline/web_launcher/_audit_reports/hydromt_yaml_state_audit_20260612_183824.txt,3,OLD_PROJ_DATA_ROOT,UNCLEAR_REVIEW,,catalog_root: /proj/zefflab/projects/Flooding/Data/harris_county/catalogs,/proj/zefflab/projects/Flooding/Data/harris_county/catalogs -> /users/e/p/epsilon/Data/Data/harris_county/catalogs | exists=True
/proj/zefflab/projects/Flooding/pipeline/web_launcher/_audit_reports/hydromt_yaml_state_audit_20260612_183824.txt,70,OLD_PROJ_DATA_ROOT,LIKELY_DOC_OR_LINK,,- /proj/zefflab/projects/Flooding/Data/harris_county/catalogs/events/beryl_2024/event_pressure/README_HYDROMT_DATA_CATALOGS.md,"/proj/zefflab/projects/Flooding/Data/harris_county/catalogs/events/beryl_2024/event_pressure/README_HYDROMT_DATA_CATALOGS.md -> /users/e/p/epsilon/Data/Data/harris_county/catalogs/events/beryl_2024/event_pressure/README_HYDROMT_DATA_CATALOGS.md | exists=False
/proj/zefflab/projects/Flooding/Data/harris_county/catalogs/events/beryl_2024/event_wind/README_HYDROMT_DATA_CATALOGS.md -> /users/e/p/epsilon/Data/Data/harris_county/catalogs/events/beryl_2024/event_wind/README_HYDROMT_DATA_CATALOGS.md | exists=False
/proj/zefflab/projects/Flooding/Data/harris_county/catalogs/events/flood_2009_04/event_pressure/README_HYDROMT_DATA_CATALOGS.md -> /users/e/p/epsilon/Data/Data/harris_county/catalogs/events/flood_2009_04/event_pressure/README_HYDROMT_DATA_CATALOGS.md | exists=False
/proj/zefflab/projects/Flooding/Data/harris_county/catalogs/events/harvey_2017/event_wind/README_HYDROMT_DATA_CATALOGS.md -> /users/e/p/epsilon/Data/Data/harris_county/catalogs/events/harvey_2017/event_wind/README_HYDROMT_DATA_CATALOGS.md | exists=False
/proj/zefflab/projects/Flooding/Data/harris_county/catalogs/events/harvey_2017_full/event_wind/README_HYDROMT_DATA_CATALOGS.md -> /users/e/p/epsilon/Data/Data/harris_county/catalogs/events/harvey_2017_full/event_wind/README_HYDROMT_DATA_CATALOGS.md | exists=False
/proj/zefflab/projects/Flooding/Data/harris_county/catalogs/events/harvey_2017_mrms/_manifests/boundary_table_audit/README_HYDROMT_DATA_CATALOGS.md -> /users/e/p/epsilon/Data/Data/harris_county/catalogs/events/harvey_2017_mrms/_manifests/boundary_table_audit/README_HYDROMT_DATA_CATALOGS.md | exists=False
/proj/zefflab/projects/Flooding/Data/harris_county/catalogs/events/harvey_2017_mrms/event_validation_lines/reviewed_crs_lines/review_figures/README_HYDROMT_DATA_CATALOGS.md -> /users/e/p/epsilon/Data/Data/harris_county/catalogs/events/harvey_2017_mrms/event_validation_lines/reviewed_crs_lines/review_figures/README_HYDROMT_DATA_CATALOGS.md | exists=False
/proj/zefflab/projects/Flooding/Data/harris_county/catalogs/events/harvey_2017_ppe/restarts/README_HYDROMT_DATA_CATALOGS.md -> /users/e/p/epsilon/Data/Data/harris_county/catalogs/events/harvey_2017_ppe/restarts/README_HYDROMT_DATA_CATALOGS.md | exists=False
/proj/zefflab/projects/Flooding/Data/harris_county/catalogs/events/imelda_2019/event_wind/README_HYDROMT_DATA_CATALOGS.md -> /users/e/p/epsilon/Data/Data/harris_county/catalogs/events/imelda_2019/event_wind/README_HYDROMT_DATA_CATALOGS.md | exists=False"
/proj/zefflab/projects/Flooding/pipeline/web_launcher/_audit_reports/hydromt_yaml_state_audit_20260612_183824.txt,71,OLD_PROJ_DATA_ROOT,LIKELY_DOC_OR_LINK,,- /proj/zefflab/projects/Flooding/Data/harris_county/catalogs/events/beryl_2024/event_wind/README_HYDROMT_DATA_CATALOGS.md,"/proj/zefflab/projects/Flooding/Data/harris_county/catalogs/events/beryl_2024/event_pressure/README_HYDROMT_DATA_CATALOGS.md -> /users/e/p/epsilon/Data/Data/harris_county/catalogs/events/beryl_2024/event_pressure/README_HYDROMT_DATA_CATALOGS.md | exists=False
/proj/zefflab/projects/Flooding/Data/harris_county/catalogs/events/beryl_2024/event_wind/README_HYDROMT_DATA_CATALOGS.md -> /users/e/p/epsilon/Data/Data/harris_county/catalogs/events/beryl_2024/event_wind/README_HYDROMT_DATA_CATALOGS.md | exists=False
/proj/zefflab/projects/Flooding/Data/harris_county/catalogs/events/flood_2009_04/event_pressure/README_HYDROMT_DATA_CATALOGS.md -> /users/e/p/epsilon/Data/Data/harris_county/catalogs/events/flood_2009_04/event_pressure/README_HYDROMT_DATA_CATALOGS.md | exists=False
/proj/zefflab/projects/Flooding/Data/harris_county/catalogs/events/harvey_2017/event_wind/README_HYDROMT_DATA_CATALOGS.md -> /users/e/p/epsilon/Data/Data/harris_county/catalogs/events/harvey_2017/event_wind/README_HYDROMT_DATA_CATALOGS.md | exists=False
/proj/zefflab/projects/Flooding/Data/harris_county/catalogs/events/harvey_2017_full/event_wind/README_HYDROMT_DATA_CATALOGS.md -> /users/e/p/epsilon/Data/Data/harris_county/catalogs/events/harvey_2017_full/event_wind/README_HYDROMT_DATA_CATALOGS.md | exists=False
/proj/zefflab/projects/Flooding/Data/harris_county/catalogs/events/harvey_2017_mrms/_manifests/boundary_table_audit/README_HYDROMT_DATA_CATALOGS.md -> /users/e/p/epsilon/Data/Data/harris_county/catalogs/events/harvey_2017_mrms/_manifests/boundary_table_audit/README_HYDROMT_DATA_CATALOGS.md | exists=False
/proj/zefflab/projects/Flooding/Data/harris_county/catalogs/events/harvey_2017_mrms/event_validation_lines/reviewed_crs_lines/review_figures/README_HYDROMT_DATA_CATALOGS.md -> /users/e/p/epsilon/Data/Data/harris_county/catalogs/events/harvey_2017_mrms/event_validation_lines/reviewed_crs_lines/review_figures/README_HYDROMT_DATA_CATALOGS.md | exists=False
/proj/zefflab/projects/Flooding/Data/harris_county/catalogs/events/harvey_2017_ppe/restarts/README_HYDROMT_DATA_CATALOGS.md -> /users/e/p/epsilon/Data/Data/harris_county/catalogs/events/harvey_2017_ppe/restarts/README_HYDROMT_DATA_CATALOGS.md | exists=False
/proj/zefflab/projects/Flooding/Data/harris_county/catalogs/events/imelda_2019/event_wind/README_HYDROMT_DATA_CATALOGS.md -> /users/e/p/epsilon/Data/Data/harris_county/catalogs/events/imelda_2019/event_wind/README_HYDROMT_DATA_CATALOGS.md | exists=False
/proj/zefflab/projects/Flooding/Data/harris_county/catalogs/events_reduced/beryl_2024/event_pressure/README_HYDROMT_DATA_CATALOGS.md -> /users/e/p/epsilon/Data/Data/harris_county/catalogs/events_reduced/beryl_2024/event_pressure/README_HYDROMT_DATA_CATALOGS.md | exists=False"
/proj/zefflab/projects/Flooding/pipeline/web_launcher/_audit_reports/hydromt_yaml_state_audit_20260612_183824.txt,72,OLD_PROJ_DATA_ROOT,LIKELY_DOC_OR_LINK,,- /proj/zefflab/projects/Flooding/Data/harris_county/catalogs/events/flood_2009_04/event_pressure/README_HYDROMT_DATA_CATALOGS.md,"/proj/zefflab/projects/Flooding/Data/harris_county/catalogs/events/beryl_2024/event_pressure/README_HYDROMT_DATA_CATALOGS.md -> /users/e/p/epsilon/Data/Data/harris_county/catalogs/events/beryl_2024/event_pressure/README_HYDROMT_DATA_CATALOGS.md | exists=False
/proj/zefflab/projects/Flooding/Data/harris_county/catalogs/events/beryl_2024/event_wind/README_HYDROMT_DATA_CATALOGS.md -> /users/e/p/epsilon/Data/Data/harris_county/catalogs/events/beryl_2024/event_wind/README_HYDROMT_DATA_CATALOGS.md | exists=False
/proj/zefflab/projects/Flooding/Data/harris_county/catalogs/events/flood_2009_04/event_pressure/README_HYDROMT_DATA_CATALOGS.md -> /users/e/p/epsilon/Data/Data/harris_county/catalogs/events/flood_2009_04/event_pressure/README_HYDROMT_DATA_CATALOGS.md | exists=False
/proj/zefflab/projects/Flooding/Data/harris_county/catalogs/events/harvey_2017/event_wind/README_HYDROMT_DATA_CATALOGS.md -> /users/e/p/epsilon/Data/Data/harris_county/catalogs/events/harvey_2017/event_wind/README_HYDROMT_DATA_CATALOGS.md | exists=False
/proj/zefflab/projects/Flooding/Data/harris_county/catalogs/events/harvey_2017_full/event_wind/README_HYDROMT_DATA_CATALOGS.md -> /users/e/p/epsilon/Data/Data/harris_county/catalogs/events/harvey_2017_full/event_wind/README_HYDROMT_DATA_CATALOGS.md | exists=False
/proj/zefflab/projects/Flooding/Data/harris_county/catalogs/events/harvey_2017_mrms/_manifests/boundary_table_audit/README_HYDROMT_DATA_CATALOGS.md -> /users/e/p/epsilon/Data/Data/harris_county/catalogs/events/harvey_2017_mrms/_manifests/boundary_table_audit/README_HYDROMT_DATA_CATALOGS.md | exists=False
/proj/zefflab/projects/Flooding/Data/harris_county/catalogs/events/harvey_2017_mrms/event_validation_lines/reviewed_crs_lines/review_figures/README_HYDROMT_DATA_CATALOGS.md -> /users/e/p/epsilon/Data/Data/harris_county/catalogs/events/harvey_2017_mrms/event_validation_lines/reviewed_crs_lines/review_figures/README_HYDROMT_DATA_CATALOGS.md | exists=False
/proj/zefflab/projects/Flooding/Data/harris_county/catalogs/events/harvey_2017_ppe/restarts/README_HYDROMT_DATA_CATALOGS.md -> /users/e/p/epsilon/Data/Data/harris_county/catalogs/events/harvey_2017_ppe/restarts/README_HYDROMT_DATA_CATALOGS.md | exists=False
/proj/zefflab/projects/Flooding/Data/harris_county/catalogs/events/imelda_2019/event_wind/README_HYDROMT_DATA_CATALOGS.md -> /users/e/p/epsilon/Data/Data/harris_county/catalogs/events/imelda_2019/event_wind/README_HYDROMT_DATA_CATALOGS.md | exists=False
/proj/zefflab/projects/Flooding/Data/harris_county/catalogs/events_reduced/beryl_2024/event_pressure/README_HYDROMT_DATA_CATALOGS.md -> /users/e/p/epsilon/Data/Data/harris_county/catalogs/events_reduced/beryl_2024/event_pressure/README_HYDROMT_DATA_CATALOGS.md | exists=False
/proj/zefflab/projects/Flooding/Data/harris_county/catalogs/events_reduced/beryl_2024/event_wind/README_HYDROMT_DATA_CATALOGS.md -> /users/e/p/epsilon/Data/Data/harris_county/catalogs/events_reduced/beryl_2024/event_wind/README_HYDROMT_DATA_CATALOGS.md | exists=False"
/proj/zefflab/projects/Flooding/pipeline/web_launcher/_audit_reports/hydromt_yaml_state_audit_20260612_183824.txt,73,OLD_PROJ_DATA_ROOT,LIKELY_DOC_OR_LINK,,- /proj/zefflab/projects/Flooding/Data/harris_county/catalogs/events/harvey_2017/event_wind/README_HYDROMT_DATA_CATALOGS.md,"/proj/zefflab/projects/Flooding/Data/harris_county/catalogs/events/beryl_2024/event_pressure/README_HYDROMT_DATA_CATALOGS.md -> /users/e/p/epsilon/Data/Data/harris_county/catalogs/events/beryl_2024/event_pressure/README_HYDROMT_DATA_CATALOGS.md | exists=False
/proj/zefflab/projects/Flooding/Data/harris_county/catalogs/events/beryl_2024/event_wind/README_HYDROMT_DATA_CATALOGS.md -> /users/e/p/epsilon/Data/Data/harris_county/catalogs/events/beryl_2024/event_wind/README_HYDROMT_DATA_CATALOGS.md | exists=False
/proj/zefflab/projects/Flooding/Data/harris_county/catalogs/events/flood_2009_04/event_pressure/README_HYDROMT_DATA_CATALOGS.md -> /users/e/p/epsilon/Data/Data/harris_county/catalogs/events/flood_2009_04/event_pressure/README_HYDROMT_DATA_CATALOGS.md | exists=False
/proj/zefflab/projects/Flooding/Data/harris_county/catalogs/events/harvey_2017/event_wind/README_HYDROMT_DATA_CATALOGS.md -> /users/e/p/epsilon/Data/Data/harris_county/catalogs/events/harvey_2017/event_wind/README_HYDROMT_DATA_CATALOGS.md | exists=False
/proj/zefflab/projects/Flooding/Data/harris_county/catalogs/events/harvey_2017_full/event_wind/README_HYDROMT_DATA_CATALOGS.md -> /users/e/p/epsilon/Data/Data/harris_county/catalogs/events/harvey_2017_full/event_wind/README_HYDROMT_DATA_CATALOGS.md | exists=False
/proj/zefflab/projects/Flooding/Data/harris_county/catalogs/events/harvey_2017_mrms/_manifests/boundary_table_audit/README_HYDROMT_DATA_CATALOGS.md -> /users/e/p/epsilon/Data/Data/harris_county/catalogs/events/harvey_2017_mrms/_manifests/boundary_table_audit/README_HYDROMT_DATA_CATALOGS.md | exists=False
/proj/zefflab/projects/Flooding/Data/harris_county/catalogs/events/harvey_2017_mrms/event_validation_lines/reviewed_crs_lines/review_figures/README_HYDROMT_DATA_CATALOGS.md -> /users/e/p/epsilon/Data/Data/harris_county/catalogs/events/harvey_2017_mrms/event_validation_lines/reviewed_crs_lines/review_figures/README_HYDROMT_DATA_CATALOGS.md | exists=False
/proj/zefflab/projects/Flooding/Data/harris_county/catalogs/events/harvey_2017_ppe/restarts/README_HYDROMT_DATA_CATALOGS.md -> /users/e/p/epsilon/Data/Data/harris_county/catalogs/events/harvey_2017_ppe/restarts/README_HYDROMT_DATA_CATALOGS.md | exists=False
/proj/zefflab/projects/Flooding/Data/harris_county/catalogs/events/imelda_2019/event_wind/README_HYDROMT_DATA_CATALOGS.md -> /users/e/p/epsilon/Data/Data/harris_county/catalogs/events/imelda_2019/event_wind/README_HYDROMT_DATA_CATALOGS.md | exists=False
/proj/zefflab/projects/Flooding/Data/harris_county/catalogs/events_reduced/beryl_2024/event_pressure/README_HYDROMT_DATA_CATALOGS.md -> /users/e/p/epsilon/Data/Data/harris_county/catalogs/events_reduced/beryl_2024/event_pressure/README_HYDROMT_DATA_CATALOGS.md | exists=False
/proj/zefflab/projects/Flooding/Data/harris_county/catalogs/events_reduced/beryl_2024/event_wind/README_HYDROMT_DATA_CATALOGS.md -> /users/e/p/epsilon/Data/Data/harris_county/catalogs/events_reduced/beryl_2024/event_wind/README_HYDROMT_DATA_CATALOGS.md | exists=False
/proj/zefflab/projects/Flooding/Data/harris_county/catalogs/events_reduced/harvey_2017/event_wind/README_HYDROMT_DATA_CATALOGS.md -> /users/e/p/epsilon/Data/Data/harris_county/catalogs/events_reduced/harvey_2017/event_wind/README_HYDROMT_DATA_CATALOGS.md | exists=False"
/proj/zefflab/projects/Flooding/pipeline/web_launcher/_audit_reports/hydromt_yaml_state_audit_20260612_183824.txt,74,OLD_PROJ_DATA_ROOT,LIKELY_DOC_OR_LINK,,- /proj/zefflab/projects/Flooding/Data/harris_county/catalogs/events/harvey_2017_full/event_wind/README_HYDROMT_DATA_CATALOGS.md,"/proj/zefflab/projects/Flooding/Data/harris_county/catalogs/events/beryl_2024/event_pressure/README_HYDROMT_DATA_CATALOGS.md -> /users/e/p/epsilon/Data/Data/harris_county/catalogs/events/beryl_2024/event_pressure/README_HYDROMT_DATA_CATALOGS.md | exists=False
/proj/zefflab/projects/Flooding/Data/harris_county/catalogs/events/beryl_2024/event_wind/README_HYDROMT_DATA_CATALOGS.md -> /users/e/p/epsilon/Data/Data/harris_county/catalogs/events/beryl_2024/event_wind/README_HYDROMT_DATA_CATALOGS.md | exists=False
/proj/zefflab/projects/Flooding/Data/harris_county/catalogs/events/flood_2009_04/event_pressure/README_HYDROMT_DATA_CATALOGS.md -> /users/e/p/epsilon/Data/Data/harris_county/catalogs/events/flood_2009_04/event_pressure/README_HYDROMT_DATA_CATALOGS.md | exists=False
/proj/zefflab/projects/Flooding/Data/harris_county/catalogs/events/harvey_2017/event_wind/README_HYDROMT_DATA_CATALOGS.md -> /users/e/p/epsilon/Data/Data/harris_county/catalogs/events/harvey_2017/event_wind/README_HYDROMT_DATA_CATALOGS.md | exists=False
/proj/zefflab/projects/Flooding/Data/harris_county/catalogs/events/harvey_2017_full/event_wind/README_HYDROMT_DATA_CATALOGS.md -> /users/e/p/epsilon/Data/Data/harris_county/catalogs/events/harvey_2017_full/event_wind/README_HYDROMT_DATA_CATALOGS.md | exists=False
/proj/zefflab/projects/Flooding/Data/harris_county/catalogs/events/harvey_2017_mrms/_manifests/boundary_table_audit/README_HYDROMT_DATA_CATALOGS.md -> /users/e/p/epsilon/Data/Data/harris_county/catalogs/events/harvey_2017_mrms/_manifests/boundary_table_audit/README_HYDROMT_DATA_CATALOGS.md | exists=False
/proj/zefflab/projects/Flooding/Data/harris_county/catalogs/events/harvey_2017_mrms/event_validation_lines/reviewed_crs_lines/review_figures/README_HYDROMT_DATA_CATALOGS.md -> /users/e/p/epsilon/Data/Data/harris_county/catalogs/events/harvey_2017_mrms/event_validation_lines/reviewed_crs_lines/review_figures/README_HYDROMT_DATA_CATALOGS.md | exists=False
/proj/zefflab/projects/Flooding/Data/harris_county/catalogs/events/harvey_2017_ppe/restarts/README_HYDROMT_DATA_CATALOGS.md -> /users/e/p/epsilon/Data/Data/harris_county/catalogs/events/harvey_2017_ppe/restarts/README_HYDROMT_DATA_CATALOGS.md | exists=False
/proj/zefflab/projects/Flooding/Data/harris_county/catalogs/events/imelda_2019/event_wind/README_HYDROMT_DATA_CATALOGS.md -> /users/e/p/epsilon/Data/Data/harris_county/catalogs/events/imelda_2019/event_wind/README_HYDROMT_DATA_CATALOGS.md | exists=False
/proj/zefflab/projects/Flooding/Data/harris_county/catalogs/events_reduced/beryl_2024/event_pressure/README_HYDROMT_DATA_CATALOGS.md -> /users/e/p/epsilon/Data/Data/harris_county/catalogs/events_reduced/beryl_2024/event_pressure/README_HYDROMT_DATA_CATALOGS.md | exists=False
/proj/zefflab/projects/Flooding/Data/harris_county/catalogs/events_reduced/beryl_2024/event_wind/README_HYDROMT_DATA_CATALOGS.md -> /users/e/p/epsilon/Data/Data/harris_county/catalogs/events_reduced/beryl_2024/event_wind/README_HYDROMT_DATA_CATALOGS.md | exists=False
/proj/zefflab/projects/Flooding/Data/harris_county/catalogs/events_reduced/harvey_2017/event_wind/README_HYDROMT_DATA_CATALOGS.md -> /users/e/p/epsilon/Data/Data/harris_county/catalogs/events_reduced/harvey_2017/event_wind/README_HYDROMT_DATA_CATALOGS.md | exists=False
/proj/zefflab/projects/Flooding/Data/harris_county/catalogs/events_reduced/harvey_2017_full/event_wind/README_HYDROMT_DATA_CATALOGS.md -> /users/e/p/epsilon/Data/Data/harris_county/catalogs/events_reduced/harvey_2017_full/event_wind/README_HYDROMT_DATA_CATALOGS.md | exists=False"
/proj/zefflab/projects/Flooding/pipeline/web_launcher/_audit_reports/hydromt_yaml_state_audit_20260612_183824.txt,75,OLD_PROJ_DATA_ROOT,LIKELY_DOC_OR_LINK,,- /proj/zefflab/projects/Flooding/Data/harris_county/catalogs/events/harvey_2017_mrms/_manifests/boundary_table_audit/README_HYDROMT_DATA_CATALOGS.md,"/proj/zefflab/projects/Flooding/Data/harris_county/catalogs/events/beryl_2024/event_pressure/README_HYDROMT_DATA_CATALOGS.md -> /users/e/p/epsilon/Data/Data/harris_county/catalogs/events/beryl_2024/event_pressure/README_HYDROMT_DATA_CATALOGS.md | exists=False
/proj/zefflab/projects/Flooding/Data/harris_county/catalogs/events/beryl_2024/event_wind/README_HYDROMT_DATA_CATALOGS.md -> /users/e/p/epsilon/Data/Data/harris_county/catalogs/events/beryl_2024/event_wind/README_HYDROMT_DATA_CATALOGS.md | exists=False
/proj/zefflab/projects/Flooding/Data/harris_county/catalogs/events/flood_2009_04/event_pressure/README_HYDROMT_DATA_CATALOGS.md -> /users/e/p/epsilon/Data/Data/harris_county/catalogs/events/flood_2009_04/event_pressure/README_HYDROMT_DATA_CATALOGS.md | exists=False
/proj/zefflab/projects/Flooding/Data/harris_county/catalogs/events/harvey_2017/event_wind/README_HYDROMT_DATA_CATALOGS.md -> /users/e/p/epsilon/Data/Data/harris_county/catalogs/events/harvey_2017/event_wind/README_HYDROMT_DATA_CATALOGS.md | exists=False
/proj/zefflab/projects/Flooding/Data/harris_county/catalogs/events/harvey_2017_full/event_wind/README_HYDROMT_DATA_CATALOGS.md -> /users/e/p/epsilon/Data/Data/harris_county/catalogs/events/harvey_2017_full/event_wind/README_HYDROMT_DATA_CATALOGS.md | exists=False
/proj/zefflab/projects/Flooding/Data/harris_county/catalogs/events/harvey_2017_mrms/_manifests/boundary_table_audit/README_HYDROMT_DATA_CATALOGS.md -> /users/e/p/epsilon/Data/Data/harris_county/catalogs/events/harvey_2017_mrms/_manifests/boundary_table_audit/README_HYDROMT_DATA_CATALOGS.md | exists=False
/proj/zefflab/projects/Flooding/Data/harris_county/catalogs/events/harvey_2017_mrms/event_validation_lines/reviewed_crs_lines/review_figures/README_HYDROMT_DATA_CATALOGS.md -> /users/e/p/epsilon/Data/Data/harris_county/catalogs/events/harvey_2017_mrms/event_validation_lines/reviewed_crs_lines/review_figures/README_HYDROMT_DATA_CATALOGS.md | exists=False
/proj/zefflab/projects/Flooding/Data/harris_county/catalogs/events/harvey_2017_ppe/restarts/README_HYDROMT_DATA_CATALOGS.md -> /users/e/p/epsilon/Data/Data/harris_county/catalogs/events/harvey_2017_ppe/restarts/README_HYDROMT_DATA_CATALOGS.md | exists=False
/proj/zefflab/projects/Flooding/Data/harris_county/catalogs/events/imelda_2019/event_wind/README_HYDROMT_DATA_CATALOGS.md -> /users/e/p/epsilon/Data/Data/harris_county/catalogs/events/imelda_2019/event_wind/README_HYDROMT_DATA_CATALOGS.md | exists=False
/proj/zefflab/projects/Flooding/Data/harris_county/catalogs/events_reduced/beryl_2024/event_pressure/README_HYDROMT_DATA_CATALOGS.md -> /users/e/p/epsilon/Data/Data/harris_county/catalogs/events_reduced/beryl_2024/event_pressure/README_HYDROMT_DATA_CATALOGS.md | exists=False
/proj/zefflab/projects/Flooding/Data/harris_county/catalogs/events_reduced/beryl_2024/event_wind/README_HYDROMT_DATA_CATALOGS.md -> /users/e/p/epsilon/Data/Data/harris_county/catalogs/events_reduced/beryl_2024/event_wind/README_HYDROMT_DATA_CATALOGS.md | exists=False
/proj/zefflab/projects/Flooding/Data/harris_county/catalogs/events_reduced/harvey_2017/event_wind/README_HYDROMT_DATA_CATALOGS.md -> /users/e/p/epsilon/Data/Data/harris_county/catalogs/events_reduced/harvey_2017/event_wind/README_HYDROMT_DATA_CATALOGS.md | exists=False
/proj/zefflab/projects/Flooding/Data/harris_county/catalogs/events_reduced/harvey_2017_full/event_wind/README_HYDROMT_DATA_CATALOGS.md -> /users/e/p/epsilon/Data/Data/harris_county/catalogs/events_reduced/harvey_2017_full/event_wind/README_HYDROMT_DATA_CATALOGS.md | exists=False
/proj/zefflab/projects/Flooding/Data/harris_county/catalogs/events_reduced/imelda_2019/event_wind/README_HYDROMT_DATA_CATALOGS.md -> /users/e/p/epsilon/Data/Data/harris_county/catalogs/events_reduced/imelda_2019/event_wind/README_HYDROMT_DATA_CATALOGS.md | exists=False"
/proj/zefflab/projects/Flooding/pipeline/web_launcher/_audit_reports/hydromt_yaml_state_audit_20260612_183824.txt,76,OLD_PROJ_DATA_ROOT,LIKELY_DOC_OR_LINK,,- /proj/zefflab/projects/Flooding/Data/harris_county/catalogs/events/harvey_2017_mrms/event_validation_lines/reviewed_crs_lines/review_figures/README_HYDROMT_DATA_CATALOGS.md,"/proj/zefflab/projects/Flooding/Data/harris_county/catalogs/events/beryl_2024/event_pressure/README_HYDROMT_DATA_CATALOGS.md -> /users/e/p/epsilon/Data/Data/harris_county/catalogs/events/beryl_2024/event_pressure/README_HYDROMT_DATA_CATALOGS.md | exists=False
/proj/zefflab/projects/Flooding/Data/harris_county/catalogs/events/beryl_2024/event_wind/README_HYDROMT_DATA_CATALOGS.md -> /users/e/p/epsilon/Data/Data/harris_county/catalogs/events/beryl_2024/event_wind/README_HYDROMT_DATA_CATALOGS.md | exists=False
/proj/zefflab/projects/Flooding/Data/harris_county/catalogs/events/flood_2009_04/event_pressure/README_HYDROMT_DATA_CATALOGS.md -> /users/e/p/epsilon/Data/Data/harris_county/catalogs/events/flood_2009_04/event_pressure/README_HYDROMT_DATA_CATALOGS.md | exists=False
/proj/zefflab/projects/Flooding/Data/harris_county/catalogs/events/harvey_2017/event_wind/README_HYDROMT_DATA_CATALOGS.md -> /users/e/p/epsilon/Data/Data/harris_county/catalogs/events/harvey_2017/event_wind/README_HYDROMT_DATA_CATALOGS.md | exists=False
/proj/zefflab/projects/Flooding/Data/harris_county/catalogs/events/harvey_2017_full/event_wind/README_HYDROMT_DATA_CATALOGS.md -> /users/e/p/epsilon/Data/Data/harris_county/catalogs/events/harvey_2017_full/event_wind/README_HYDROMT_DATA_CATALOGS.md | exists=False
/proj/zefflab/projects/Flooding/Data/harris_county/catalogs/events/harvey_2017_mrms/_manifests/boundary_table_audit/README_HYDROMT_DATA_CATALOGS.md -> /users/e/p/epsilon/Data/Data/harris_county/catalogs/events/harvey_2017_mrms/_manifests/boundary_table_audit/README_HYDROMT_DATA_CATALOGS.md | exists=False
/proj/zefflab/projects/Flooding/Data/harris_county/catalogs/events/harvey_2017_mrms/event_validation_lines/reviewed_crs_lines/review_figures/README_HYDROMT_DATA_CATALOGS.md -> /users/e/p/epsilon/Data/Data/harris_county/catalogs/events/harvey_2017_mrms/event_validation_lines/reviewed_crs_lines/review_figures/README_HYDROMT_DATA_CATALOGS.md | exists=False
/proj/zefflab/projects/Flooding/Data/harris_county/catalogs/events/harvey_2017_ppe/restarts/README_HYDROMT_DATA_CATALOGS.md -> /users/e/p/epsilon/Data/Data/harris_county/catalogs/events/harvey_2017_ppe/restarts/README_HYDROMT_DATA_CATALOGS.md | exists=False
/proj/zefflab/projects/Flooding/Data/harris_county/catalogs/events/imelda_2019/event_wind/README_HYDROMT_DATA_CATALOGS.md -> /users/e/p/epsilon/Data/Data/harris_county/catalogs/events/imelda_2019/event_wind/README_HYDROMT_DATA_CATALOGS.md | exists=False
/proj/zefflab/projects/Flooding/Data/harris_county/catalogs/events_reduced/beryl_2024/event_pressure/README_HYDROMT_DATA_CATALOGS.md -> /users/e/p/epsilon/Data/Data/harris_county/catalogs/events_reduced/beryl_2024/event_pressure/README_HYDROMT_DATA_CATALOGS.md | exists=False
/proj/zefflab/projects/Flooding/Data/harris_county/catalogs/events_reduced/beryl_2024/event_wind/README_HYDROMT_DATA_CATALOGS.md -> /users/e/p/epsilon/Data/Data/harris_county/catalogs/events_reduced/beryl_2024/event_wind/README_HYDROMT_DATA_CATALOGS.md | exists=False
/proj/zefflab/projects/Flooding/Data/harris_county/catalogs/events_reduced/harvey_2017/event_wind/README_HYDROMT_DATA_CATALOGS.md -> /users/e/p/epsilon/Data/Data/harris_county/catalogs/events_reduced/harvey_2017/event_wind/README_HYDROMT_DATA_CATALOGS.md | exists=False
/proj/zefflab/projects/Flooding/Data/harris_county/catalogs/events_reduced/harvey_2017_full/event_wind/README_HYDROMT_DATA_CATALOGS.md -> /users/e/p/epsilon/Data/Data/harris_county/catalogs/events_reduced/harvey_2017_full/event_wind/README_HYDROMT_DATA_CATALOGS.md | exists=False
/proj/zefflab/projects/Flooding/Data/harris_county/catalogs/events_reduced/imelda_2019/event_wind/README_HYDROMT_DATA_CATALOGS.md -> /users/e/p/epsilon/Data/Data/harris_county/catalogs/events_reduced/imelda_2019/event_wind/README_HYDROMT_DATA_CATALOGS.md | exists=False
/proj/zefflab/projects/Flooding/Data/harris_county/catalogs/static/harris_county/bathy/README_HYDROMT_DATA_CATALOGS.md -> /users/e/p/epsilon/Data/Data/harris_county/catalogs/static/harris_county/bathy/README_HYDROMT_DATA_CATALOGS.md | exists=False"
/proj/zefflab/projects/Flooding/pipeline/web_launcher/_audit_reports/hydromt_yaml_state_audit_20260612_183824.txt,77,OLD_PROJ_DATA_ROOT,LIKELY_DOC_OR_LINK,,- /proj/zefflab/projects/Flooding/Data/harris_county/catalogs/events/harvey_2017_ppe/restarts/README_HYDROMT_DATA_CATALOGS.md,"/proj/zefflab/projects/Flooding/Data/harris_county/catalogs/events/beryl_2024/event_pressure/README_HYDROMT_DATA_CATALOGS.md -> /users/e/p/epsilon/Data/Data/harris_county/catalogs/events/beryl_2024/event_pressure/README_HYDROMT_DATA_CATALOGS.md | exists=False
/proj/zefflab/projects/Flooding/Data/harris_county/catalogs/events/beryl_2024/event_wind/README_HYDROMT_DATA_CATALOGS.md -> /users/e/p/epsilon/Data/Data/harris_county/catalogs/events/beryl_2024/event_wind/README_HYDROMT_DATA_CATALOGS.md | exists=False
/proj/zefflab/projects/Flooding/Data/harris_county/catalogs/events/flood_2009_04/event_pressure/README_HYDROMT_DATA_CATALOGS.md -> /users/e/p/epsilon/Data/Data/harris_county/catalogs/events/flood_2009_04/event_pressure/README_HYDROMT_DATA_CATALOGS.md | exists=False
/proj/zefflab/projects/Flooding/Data/harris_county/catalogs/events/harvey_2017/event_wind/README_HYDROMT_DATA_CATALOGS.md -> /users/e/p/epsilon/Data/Data/harris_county/catalogs/events/harvey_2017/event_wind/README_HYDROMT_DATA_CATALOGS.md | exists=False
/proj/zefflab/projects/Flooding/Data/harris_county/catalogs/events/harvey_2017_full/event_wind/README_HYDROMT_DATA_CATALOGS.md -> /users/e/p/epsilon/Data/Data/harris_county/catalogs/events/harvey_2017_full/event_wind/README_HYDROMT_DATA_CATALOGS.md | exists=False
/proj/zefflab/projects/Flooding/Data/harris_county/catalogs/events/harvey_2017_mrms/_manifests/boundary_table_audit/README_HYDROMT_DATA_CATALOGS.md -> /users/e/p/epsilon/Data/Data/harris_county/catalogs/events/harvey_2017_mrms/_manifests/boundary_table_audit/README_HYDROMT_DATA_CATALOGS.md | exists=False
/proj/zefflab/projects/Flooding/Data/harris_county/catalogs/events/harvey_2017_mrms/event_validation_lines/reviewed_crs_lines/review_figures/README_HYDROMT_DATA_CATALOGS.md -> /users/e/p/epsilon/Data/Data/harris_county/catalogs/events/harvey_2017_mrms/event_validation_lines/reviewed_crs_lines/review_figures/README_HYDROMT_DATA_CATALOGS.md | exists=False
/proj/zefflab/projects/Flooding/Data/harris_county/catalogs/events/harvey_2017_ppe/restarts/README_HYDROMT_DATA_CATALOGS.md -> /users/e/p/epsilon/Data/Data/harris_county/catalogs/events/harvey_2017_ppe/restarts/README_HYDROMT_DATA_CATALOGS.md | exists=False
/proj/zefflab/projects/Flooding/Data/harris_county/catalogs/events/imelda_2019/event_wind/README_HYDROMT_DATA_CATALOGS.md -> /users/e/p/epsilon/Data/Data/harris_county/catalogs/events/imelda_2019/event_wind/README_HYDROMT_DATA_CATALOGS.md | exists=False
/proj/zefflab/projects/Flooding/Data/harris_county/catalogs/events_reduced/beryl_2024/event_pressure/README_HYDROMT_DATA_CATALOGS.md -> /users/e/p/epsilon/Data/Data/harris_county/catalogs/events_reduced/beryl_2024/event_pressure/README_HYDROMT_DATA_CATALOGS.md | exists=False
/proj/zefflab/projects/Flooding/Data/harris_county/catalogs/events_reduced/beryl_2024/event_wind/README_HYDROMT_DATA_CATALOGS.md -> /users/e/p/epsilon/Data/Data/harris_county/catalogs/events_reduced/beryl_2024/event_wind/README_HYDROMT_DATA_CATALOGS.md | exists=False
/proj/zefflab/projects/Flooding/Data/harris_county/catalogs/events_reduced/harvey_2017/event_wind/README_HYDROMT_DATA_CATALOGS.md -> /users/e/p/epsilon/Data/Data/harris_county/catalogs/events_reduced/harvey_2017/event_wind/README_HYDROMT_DATA_CATALOGS.md | exists=False
/proj/zefflab/projects/Flooding/Data/harris_county/catalogs/events_reduced/harvey_2017_full/event_wind/README_HYDROMT_DATA_CATALOGS.md -> /users/e/p/epsilon/Data/Data/harris_county/catalogs/events_reduced/harvey_2017_full/event_wind/README_HYDROMT_DATA_CATALOGS.md | exists=False
/proj/zefflab/projects/Flooding/Data/harris_county/catalogs/events_reduced/imelda_2019/event_wind/README_HYDROMT_DATA_CATALOGS.md -> /users/e/p/epsilon/Data/Data/harris_county/catalogs/events_reduced/imelda_2019/event_wind/README_HYDROMT_DATA_CATALOGS.md | exists=False
/proj/zefflab/projects/Flooding/Data/harris_county/catalogs/static/harris_county/bathy/README_HYDROMT_DATA_CATALOGS.md -> /users/e/p/epsilon/Data/Data/harris_county/catalogs/static/harris_county/bathy/README_HYDROMT_DATA_CATALOGS.md | exists=False
/proj/zefflab/projects/Flooding/Data/harris_county/catalogs/static/harris_county/boundary_points_static/README_HYDROMT_DATA_CATALOGS.md -> /users/e/p/epsilon/Data/Data/harris_county/catalogs/static/harris_county/boundary_points_static/README_HYDROMT_DATA_CATALOGS.md | exists=False"
/proj/zefflab/projects/Flooding/pipeline/web_launcher/_audit_reports/hydromt_yaml_state_audit_20260612_183824.txt,78,OLD_PROJ_DATA_ROOT,LIKELY_DOC_OR_LINK,,- /proj/zefflab/projects/Flooding/Data/harris_county/catalogs/events/imelda_2019/event_wind/README_HYDROMT_DATA_CATALOGS.md,"/proj/zefflab/projects/Flooding/Data/harris_county/catalogs/events/beryl_2024/event_pressure/README_HYDROMT_DATA_CATALOGS.md -> /users/e/p/epsilon/Data/Data/harris_county/catalogs/events/beryl_2024/event_pressure/README_HYDROMT_DATA_CATALOGS.md | exists=False
/proj/zefflab/projects/Flooding/Data/harris_county/catalogs/events/beryl_2024/event_wind/README_HYDROMT_DATA_CATALOGS.md -> /users/e/p/epsilon/Data/Data/harris_county/catalogs/events/beryl_2024/event_wind/README_HYDROMT_DATA_CATALOGS.md | exists=False
/proj/zefflab/projects/Flooding/Data/harris_county/catalogs/events/flood_2009_04/event_pressure/README_HYDROMT_DATA_CATALOGS.md -> /users/e/p/epsilon/Data/Data/harris_county/catalogs/events/flood_2009_04/event_pressure/README_HYDROMT_DATA_CATALOGS.md | exists=False
/proj/zefflab/projects/Flooding/Data/harris_county/catalogs/events/harvey_2017/event_wind/README_HYDROMT_DATA_CATALOGS.md -> /users/e/p/epsilon/Data/Data/harris_county/catalogs/events/harvey_2017/event_wind/README_HYDROMT_DATA_CATALOGS.md | exists=False
/proj/zefflab/projects/Flooding/Data/harris_county/catalogs/events/harvey_2017_full/event_wind/README_HYDROMT_DATA_CATALOGS.md -> /users/e/p/epsilon/Data/Data/harris_county/catalogs/events/harvey_2017_full/event_wind/README_HYDROMT_DATA_CATALOGS.md | exists=False
/proj/zefflab/projects/Flooding/Data/harris_county/catalogs/events/harvey_2017_mrms/_manifests/boundary_table_audit/README_HYDROMT_DATA_CATALOGS.md -> /users/e/p/epsilon/Data/Data/harris_county/catalogs/events/harvey_2017_mrms/_manifests/boundary_table_audit/README_HYDROMT_DATA_CATALOGS.md | exists=False
/proj/zefflab/projects/Flooding/Data/harris_county/catalogs/events/harvey_2017_mrms/event_validation_lines/reviewed_crs_lines/review_figures/README_HYDROMT_DATA_CATALOGS.md -> /users/e/p/epsilon/Data/Data/harris_county/catalogs/events/harvey_2017_mrms/event_validation_lines/reviewed_crs_lines/review_figures/README_HYDROMT_DATA_CATALOGS.md | exists=False
/proj/zefflab/projects/Flooding/Data/harris_county/catalogs/events/harvey_2017_ppe/restarts/README_HYDROMT_DATA_CATALOGS.md -> /users/e/p/epsilon/Data/Data/harris_county/catalogs/events/harvey_2017_ppe/restarts/README_HYDROMT_DATA_CATALOGS.md | exists=False
/proj/zefflab/projects/Flooding/Data/harris_county/catalogs/events/imelda_2019/event_wind/README_HYDROMT_DATA_CATALOGS.md -> /users/e/p/epsilon/Data/Data/harris_county/catalogs/events/imelda_2019/event_wind/README_HYDROMT_DATA_CATALOGS.md | exists=False
/proj/zefflab/projects/Flooding/Data/harris_county/catalogs/events_reduced/beryl_2024/event_pressure/README_HYDROMT_DATA_CATALOGS.md -> /users/e/p/epsilon/Data/Data/harris_county/catalogs/events_reduced/beryl_2024/event_pressure/README_HYDROMT_DATA_CATALOGS.md | exists=False
/proj/zefflab/projects/Flooding/Data/harris_county/catalogs/events_reduced/beryl_2024/event_wind/README_HYDROMT_DATA_CATALOGS.md -> /users/e/p/epsilon/Data/Data/harris_county/catalogs/events_reduced/beryl_2024/event_wind/README_HYDROMT_DATA_CATALOGS.md | exists=False
/proj/zefflab/projects/Flooding/Data/harris_county/catalogs/events_reduced/harvey_2017/event_wind/README_HYDROMT_DATA_CATALOGS.md -> /users/e/p/epsilon/Data/Data/harris_county/catalogs/events_reduced/harvey_2017/event_wind/README_HYDROMT_DATA_CATALOGS.md | exists=False
/proj/zefflab/projects/Flooding/Data/harris_county/catalogs/events_reduced/harvey_2017_full/event_wind/README_HYDROMT_DATA_CATALOGS.md -> /users/e/p/epsilon/Data/Data/harris_county/catalogs/events_reduced/harvey_2017_full/event_wind/README_HYDROMT_DATA_CATALOGS.md | exists=False
/proj/zefflab/projects/Flooding/Data/harris_county/catalogs/events_reduced/imelda_2019/event_wind/README_HYDROMT_DATA_CATALOGS.md -> /users/e/p/epsilon/Data/Data/harris_county/catalogs/events_reduced/imelda_2019/event_wind/README_HYDROMT_DATA_CATALOGS.md | exists=False
/proj/zefflab/projects/Flooding/Data/harris_county/catalogs/static/harris_county/bathy/README_HYDROMT_DATA_CATALOGS.md -> /users/e/p/epsilon/Data/Data/harris_county/catalogs/static/harris_county/bathy/README_HYDROMT_DATA_CATALOGS.md | exists=False
/proj/zefflab/projects/Flooding/Data/harris_county/catalogs/static/harris_county/boundary_points_static/README_HYDROMT_DATA_CATALOGS.md -> /users/e/p/epsilon/Data/Data/harris_county/catalogs/static/harris_county/boundary_points_static/README_HYDROMT_DATA_CATALOGS.md | exists=False
/proj/zefflab/projects/Flooding/Data/harris_county/catalogs/static/harris_county/curve_number/README_HYDROMT_DATA_CATALOGS.md -> /users/e/p/epsilon/Data/Data/harris_county/catalogs/static/harris_county/curve_number/README_HYDROMT_DATA_CATALOGS.md | exists=False"
/proj/zefflab/projects/Flooding/pipeline/web_launcher/_audit_reports/hydromt_yaml_state_audit_20260612_183824.txt,79,OLD_PROJ_DATA_ROOT,LIKELY_DOC_OR_LINK,,- /proj/zefflab/projects/Flooding/Data/harris_county/catalogs/events_reduced/beryl_2024/event_pressure/README_HYDROMT_DATA_CATALOGS.md,"/proj/zefflab/projects/Flooding/Data/harris_county/catalogs/events/beryl_2024/event_wind/README_HYDROMT_DATA_CATALOGS.md -> /users/e/p/epsilon/Data/Data/harris_county/catalogs/events/beryl_2024/event_wind/README_HYDROMT_DATA_CATALOGS.md | exists=False
/proj/zefflab/projects/Flooding/Data/harris_county/catalogs/events/flood_2009_04/event_pressure/README_HYDROMT_DATA_CATALOGS.md -> /users/e/p/epsilon/Data/Data/harris_county/catalogs/events/flood_2009_04/event_pressure/README_HYDROMT_DATA_CATALOGS.md | exists=False
/proj/zefflab/projects/Flooding/Data/harris_county/catalogs/events/harvey_2017/event_wind/README_HYDROMT_DATA_CATALOGS.md -> /users/e/p/epsilon/Data/Data/harris_county/catalogs/events/harvey_2017/event_wind/README_HYDROMT_DATA_CATALOGS.md | exists=False
/proj/zefflab/projects/Flooding/Data/harris_county/catalogs/events/harvey_2017_full/event_wind/README_HYDROMT_DATA_CATALOGS.md -> /users/e/p/epsilon/Data/Data/harris_county/catalogs/events/harvey_2017_full/event_wind/README_HYDROMT_DATA_CATALOGS.md | exists=False
/proj/zefflab/projects/Flooding/Data/harris_county/catalogs/events/harvey_2017_mrms/_manifests/boundary_table_audit/README_HYDROMT_DATA_CATALOGS.md -> /users/e/p/epsilon/Data/Data/harris_county/catalogs/events/harvey_2017_mrms/_manifests/boundary_table_audit/README_HYDROMT_DATA_CATALOGS.md | exists=False
/proj/zefflab/projects/Flooding/Data/harris_county/catalogs/events/harvey_2017_mrms/event_validation_lines/reviewed_crs_lines/review_figures/README_HYDROMT_DATA_CATALOGS.md -> /users/e/p/epsilon/Data/Data/harris_county/catalogs/events/harvey_2017_mrms/event_validation_lines/reviewed_crs_lines/review_figures/README_HYDROMT_DATA_CATALOGS.md | exists=False
/proj/zefflab/projects/Flooding/Data/harris_county/catalogs/events/harvey_2017_ppe/restarts/README_HYDROMT_DATA_CATALOGS.md -> /users/e/p/epsilon/Data/Data/harris_county/catalogs/events/harvey_2017_ppe/restarts/README_HYDROMT_DATA_CATALOGS.md | exists=False
/proj/zefflab/projects/Flooding/Data/harris_county/catalogs/events/imelda_2019/event_wind/README_HYDROMT_DATA_CATALOGS.md -> /users/e/p/epsilon/Data/Data/harris_county/catalogs/events/imelda_2019/event_wind/README_HYDROMT_DATA_CATALOGS.md | exists=False
/proj/zefflab/projects/Flooding/Data/harris_county/catalogs/events_reduced/beryl_2024/event_pressure/README_HYDROMT_DATA_CATALOGS.md -> /users/e/p/epsilon/Data/Data/harris_county/catalogs/events_reduced/beryl_2024/event_pressure/README_HYDROMT_DATA_CATALOGS.md | exists=False
/proj/zefflab/projects/Flooding/Data/harris_county/catalogs/events_reduced/beryl_2024/event_wind/README_HYDROMT_DATA_CATALOGS.md -> /users/e/p/epsilon/Data/Data/harris_county/catalogs/events_reduced/beryl_2024/event_wind/README_HYDROMT_DATA_CATALOGS.md | exists=False
/proj/zefflab/projects/Flooding/Data/harris_county/catalogs/events_reduced/harvey_2017/event_wind/README_HYDROMT_DATA_CATALOGS.md -> /users/e/p/epsilon/Data/Data/harris_county/catalogs/events_reduced/harvey_2017/event_wind/README_HYDROMT_DATA_CATALOGS.md | exists=False
/proj/zefflab/projects/Flooding/Data/harris_county/catalogs/events_reduced/harvey_2017_full/event_wind/README_HYDROMT_DATA_CATALOGS.md -> /users/e/p/epsilon/Data/Data/harris_county/catalogs/events_reduced/harvey_2017_full/event_wind/README_HYDROMT_DATA_CATALOGS.md | exists=False
/proj/zefflab/projects/Flooding/Data/harris_county/catalogs/events_reduced/imelda_2019/event_wind/README_HYDROMT_DATA_CATALOGS.md -> /users/e/p/epsilon/Data/Data/harris_county/catalogs/events_reduced/imelda_2019/event_wind/README_HYDROMT_DATA_CATALOGS.md | exists=False
/proj/zefflab/projects/Flooding/Data/harris_county/catalogs/static/harris_county/bathy/README_HYDROMT_DATA_CATALOGS.md -> /users/e/p/epsilon/Data/Data/harris_county/catalogs/static/harris_county/bathy/README_HYDROMT_DATA_CATALOGS.md | exists=False
/proj/zefflab/projects/Flooding/Data/harris_county/catalogs/static/harris_county/boundary_points_static/README_HYDROMT_DATA_CATALOGS.md -> /users/e/p/epsilon/Data/Data/harris_county/catalogs/static/harris_county/boundary_points_static/README_HYDROMT_DATA_CATALOGS.md | exists=False
/proj/zefflab/projects/Flooding/Data/harris_county/catalogs/static/harris_county/curve_number/README_HYDROMT_DATA_CATALOGS.md -> /users/e/p/epsilon/Data/Data/harris_county/catalogs/static/harris_county/curve_number/README_HYDROMT_DATA_CATALOGS.md | exists=False"
/proj/zefflab/projects/Flooding/pipeline/web_launcher/_audit_reports/hydromt_yaml_state_audit_20260612_183824.txt,80,OLD_PROJ_DATA_ROOT,LIKELY_DOC_OR_LINK,,- /proj/zefflab/projects/Flooding/Data/harris_county/catalogs/events_reduced/beryl_2024/event_wind/README_HYDROMT_DATA_CATALOGS.md,"/proj/zefflab/projects/Flooding/Data/harris_county/catalogs/_retired_active_hydromt_yamls_20260612_183817/events/harvey_2017_mrms/event_metadata/hydromt_data.yml -> /users/e/p/epsilon/Data/Data/harris_county/catalogs/_retired_active_hydromt_yamls_20260612_183817/events/harvey_2017_mrms/event_metadata/hydromt_data.yml | exists=False
/proj/zefflab/projects/Flooding/Data/harris_county/catalogs/events/flood_2009_04/event_pressure/README_HYDROMT_DATA_CATALOGS.md -> /users/e/p/epsilon/Data/Data/harris_county/catalogs/events/flood_2009_04/event_pressure/README_HYDROMT_DATA_CATALOGS.md | exists=False
/proj/zefflab/projects/Flooding/Data/harris_county/catalogs/events/harvey_2017/event_wind/README_HYDROMT_DATA_CATALOGS.md -> /users/e/p/epsilon/Data/Data/harris_county/catalogs/events/harvey_2017/event_wind/README_HYDROMT_DATA_CATALOGS.md | exists=False
/proj/zefflab/projects/Flooding/Data/harris_county/catalogs/events/harvey_2017_full/event_wind/README_HYDROMT_DATA_CATALOGS.md -> /users/e/p/epsilon/Data/Data/harris_county/catalogs/events/harvey_2017_full/event_wind/README_HYDROMT_DATA_CATALOGS.md | exists=False
/proj/zefflab/projects/Flooding/Data/harris_county/catalogs/events/harvey_2017_mrms/_manifests/boundary_table_audit/README_HYDROMT_DATA_CATALOGS.md -> /users/e/p/epsilon/Data/Data/harris_county/catalogs/events/harvey_2017_mrms/_manifests/boundary_table_audit/README_HYDROMT_DATA_CATALOGS.md | exists=False
/proj/zefflab/projects/Flooding/Data/harris_county/catalogs/events/harvey_2017_mrms/event_validation_lines/reviewed_crs_lines/review_figures/README_HYDROMT_DATA_CATALOGS.md -> /users/e/p/epsilon/Data/Data/harris_county/catalogs/events/harvey_2017_mrms/event_validation_lines/reviewed_crs_lines/review_figures/README_HYDROMT_DATA_CATALOGS.md | exists=False
/proj/zefflab/projects/Flooding/Data/harris_county/catalogs/events/harvey_2017_ppe/restarts/README_HYDROMT_DATA_CATALOGS.md -> /users/e/p/epsilon/Data/Data/harris_county/catalogs/events/harvey_2017_ppe/restarts/README_HYDROMT_DATA_CATALOGS.md | exists=False
/proj/zefflab/projects/Flooding/Data/harris_county/catalogs/events/imelda_2019/event_wind/README_HYDROMT_DATA_CATALOGS.md -> /users/e/p/epsilon/Data/Data/harris_county/catalogs/events/imelda_2019/event_wind/README_HYDROMT_DATA_CATALOGS.md | exists=False
/proj/zefflab/projects/Flooding/Data/harris_county/catalogs/events_reduced/beryl_2024/event_pressure/README_HYDROMT_DATA_CATALOGS.md -> /users/e/p/epsilon/Data/Data/harris_county/catalogs/events_reduced/beryl_2024/event_pressure/README_HYDROMT_DATA_CATALOGS.md | exists=False
/proj/zefflab/projects/Flooding/Data/harris_county/catalogs/events_reduced/beryl_2024/event_wind/README_HYDROMT_DATA_CATALOGS.md -> /users/e/p/epsilon/Data/Data/harris_county/catalogs/events_reduced/beryl_2024/event_wind/README_HYDROMT_DATA_CATALOGS.md | exists=False
/proj/zefflab/projects/Flooding/Data/harris_county/catalogs/events_reduced/harvey_2017/event_wind/README_HYDROMT_DATA_CATALOGS.md -> /users/e/p/epsilon/Data/Data/harris_county/catalogs/events_reduced/harvey_2017/event_wind/README_HYDROMT_DATA_CATALOGS.md | exists=False
/proj/zefflab/projects/Flooding/Data/harris_county/catalogs/events_reduced/harvey_2017_full/event_wind/README_HYDROMT_DATA_CATALOGS.md -> /users/e/p/epsilon/Data/Data/harris_county/catalogs/events_reduced/harvey_2017_full/event_wind/README_HYDROMT_DATA_CATALOGS.md | exists=False
/proj/zefflab/projects/Flooding/Data/harris_county/catalogs/events_reduced/imelda_2019/event_wind/README_HYDROMT_DATA_CATALOGS.md -> /users/e/p/epsilon/Data/Data/harris_county/catalogs/events_reduced/imelda_2019/event_wind/README_HYDROMT_DATA_CATALOGS.md | exists=False
/proj/zefflab/projects/Flooding/Data/harris_county/catalogs/static/harris_county/bathy/README_HYDROMT_DATA_CATALOGS.md -> /users/e/p/epsilon/Data/Data/harris_county/catalogs/static/harris_county/bathy/README_HYDROMT_DATA_CATALOGS.md | exists=False
/proj/zefflab/projects/Flooding/Data/harris_county/catalogs/static/harris_county/boundary_points_static/README_HYDROMT_DATA_CATALOGS.md -> /users/e/p/epsilon/Data/Data/harris_county/catalogs/static/harris_county/boundary_points_static/README_HYDROMT_DATA_CATALOGS.md | exists=False
/proj/zefflab/projects/Flooding/Data/harris_county/catalogs/static/harris_county/curve_number/README_HYDROMT_DATA_CATALOGS.md -> /users/e/p/epsilon/Data/Data/harris_county/catalogs/static/harris_county/curve_number/README_HYDROMT_DATA_CATALOGS.md | exists=False"
/proj/zefflab/projects/Flooding/pipeline/web_launcher/_audit_reports/hydromt_yaml_state_audit_20260612_183824.txt,81,OLD_PROJ_DATA_ROOT,LIKELY_DOC_OR_LINK,,- /proj/zefflab/projects/Flooding/Data/harris_county/catalogs/events_reduced/harvey_2017/event_wind/README_HYDROMT_DATA_CATALOGS.md,"/proj/zefflab/projects/Flooding/Data/harris_county/catalogs/_retired_active_hydromt_yamls_20260612_183817/events/harvey_2017_mrms/event_metadata/hydromt_data.yml -> /users/e/p/epsilon/Data/Data/harris_county/catalogs/_retired_active_hydromt_yamls_20260612_183817/events/harvey_2017_mrms/event_metadata/hydromt_data.yml | exists=False
/proj/zefflab/projects/Flooding/Data/harris_county/catalogs/_retired_active_hydromt_yamls_20260612_183817/static/harris_county/static_metadata/hydromt_data.yml -> /users/e/p/epsilon/Data/Data/harris_county/catalogs/_retired_active_hydromt_yamls_20260612_183817/static/harris_county/static_metadata/hydromt_data.yml | exists=False
/proj/zefflab/projects/Flooding/Data/harris_county/catalogs/events/harvey_2017/event_wind/README_HYDROMT_DATA_CATALOGS.md -> /users/e/p/epsilon/Data/Data/harris_county/catalogs/events/harvey_2017/event_wind/README_HYDROMT_DATA_CATALOGS.md | exists=False
/proj/zefflab/projects/Flooding/Data/harris_county/catalogs/events/harvey_2017_full/event_wind/README_HYDROMT_DATA_CATALOGS.md -> /users/e/p/epsilon/Data/Data/harris_county/catalogs/events/harvey_2017_full/event_wind/README_HYDROMT_DATA_CATALOGS.md | exists=False
/proj/zefflab/projects/Flooding/Data/harris_county/catalogs/events/harvey_2017_mrms/_manifests/boundary_table_audit/README_HYDROMT_DATA_CATALOGS.md -> /users/e/p/epsilon/Data/Data/harris_county/catalogs/events/harvey_2017_mrms/_manifests/boundary_table_audit/README_HYDROMT_DATA_CATALOGS.md | exists=False
/proj/zefflab/projects/Flooding/Data/harris_county/catalogs/events/harvey_2017_mrms/event_validation_lines/reviewed_crs_lines/review_figures/README_HYDROMT_DATA_CATALOGS.md -> /users/e/p/epsilon/Data/Data/harris_county/catalogs/events/harvey_2017_mrms/event_validation_lines/reviewed_crs_lines/review_figures/README_HYDROMT_DATA_CATALOGS.md | exists=False
/proj/zefflab/projects/Flooding/Data/harris_county/catalogs/events/harvey_2017_ppe/restarts/README_HYDROMT_DATA_CATALOGS.md -> /users/e/p/epsilon/Data/Data/harris_county/catalogs/events/harvey_2017_ppe/restarts/README_HYDROMT_DATA_CATALOGS.md | exists=False
/proj/zefflab/projects/Flooding/Data/harris_county/catalogs/events/imelda_2019/event_wind/README_HYDROMT_DATA_CATALOGS.md -> /users/e/p/epsilon/Data/Data/harris_county/catalogs/events/imelda_2019/event_wind/README_HYDROMT_DATA_CATALOGS.md | exists=False
/proj/zefflab/projects/Flooding/Data/harris_county/catalogs/events_reduced/beryl_2024/event_pressure/README_HYDROMT_DATA_CATALOGS.md -> /users/e/p/epsilon/Data/Data/harris_county/catalogs/events_reduced/beryl_2024/event_pressure/README_HYDROMT_DATA_CATALOGS.md | exists=False
/proj/zefflab/projects/Flooding/Data/harris_county/catalogs/events_reduced/beryl_2024/event_wind/README_HYDROMT_DATA_CATALOGS.md -> /users/e/p/epsilon/Data/Data/harris_county/catalogs/events_reduced/beryl_2024/event_wind/README_HYDROMT_DATA_CATALOGS.md | exists=False
/proj/zefflab/projects/Flooding/Data/harris_county/catalogs/events_reduced/harvey_2017/event_wind/README_HYDROMT_DATA_CATALOGS.md -> /users/e/p/epsilon/Data/Data/harris_county/catalogs/events_reduced/harvey_2017/event_wind/README_HYDROMT_DATA_CATALOGS.md | exists=False
/proj/zefflab/projects/Flooding/Data/harris_county/catalogs/events_reduced/harvey_2017_full/event_wind/README_HYDROMT_DATA_CATALOGS.md -> /users/e/p/epsilon/Data/Data/harris_county/catalogs/events_reduced/harvey_2017_full/event_wind/README_HYDROMT_DATA_CATALOGS.md | exists=False
/proj/zefflab/projects/Flooding/Data/harris_county/catalogs/events_reduced/imelda_2019/event_wind/README_HYDROMT_DATA_CATALOGS.md -> /users/e/p/epsilon/Data/Data/harris_county/catalogs/events_reduced/imelda_2019/event_wind/README_HYDROMT_DATA_CATALOGS.md | exists=False
/proj/zefflab/projects/Flooding/Data/harris_county/catalogs/static/harris_county/bathy/README_HYDROMT_DATA_CATALOGS.md -> /users/e/p/epsilon/Data/Data/harris_county/catalogs/static/harris_county/bathy/README_HYDROMT_DATA_CATALOGS.md | exists=False
/proj/zefflab/projects/Flooding/Data/harris_county/catalogs/static/harris_county/boundary_points_static/README_HYDROMT_DATA_CATALOGS.md -> /users/e/p/epsilon/Data/Data/harris_county/catalogs/static/harris_county/boundary_points_static/README_HYDROMT_DATA_CATALOGS.md | exists=False
/proj/zefflab/projects/Flooding/Data/harris_county/catalogs/static/harris_county/curve_number/README_HYDROMT_DATA_CATALOGS.md -> /users/e/p/epsilon/Data/Data/harris_county/catalogs/static/harris_county/curve_number/README_HYDROMT_DATA_CATALOGS.md | exists=False"
/proj/zefflab/projects/Flooding/pipeline/web_launcher/_audit_reports/hydromt_yaml_state_audit_20260612_183824.txt,82,OLD_PROJ_DATA_ROOT,LIKELY_DOC_OR_LINK,,- /proj/zefflab/projects/Flooding/Data/harris_county/catalogs/events_reduced/harvey_2017_full/event_wind/README_HYDROMT_DATA_CATALOGS.md,"/proj/zefflab/projects/Flooding/Data/harris_county/catalogs/_retired_active_hydromt_yamls_20260612_183817/events/harvey_2017_mrms/event_metadata/hydromt_data.yml -> /users/e/p/epsilon/Data/Data/harris_county/catalogs/_retired_active_hydromt_yamls_20260612_183817/events/harvey_2017_mrms/event_metadata/hydromt_data.yml | exists=False
/proj/zefflab/projects/Flooding/Data/harris_county/catalogs/_retired_active_hydromt_yamls_20260612_183817/static/harris_county/static_metadata/hydromt_data.yml -> /users/e/p/epsilon/Data/Data/harris_county/catalogs/_retired_active_hydromt_yamls_20260612_183817/static/harris_county/static_metadata/hydromt_data.yml | exists=False
/proj/zefflab/projects/Flooding/Data/harris_county/catalogs/_yaml_backups/hydromt_yaml_backup_20260612_181807/event_hydromt_data_old.yml -> /users/e/p/epsilon/Data/Data/harris_county/catalogs/_yaml_backups/hydromt_yaml_backup_20260612_181807/event_hydromt_data_old.yml | exists=False
/proj/zefflab/projects/Flooding/Data/harris_county/catalogs/events/harvey_2017_full/event_wind/README_HYDROMT_DATA_CATALOGS.md -> /users/e/p/epsilon/Data/Data/harris_county/catalogs/events/harvey_2017_full/event_wind/README_HYDROMT_DATA_CATALOGS.md | exists=False
/proj/zefflab/projects/Flooding/Data/harris_county/catalogs/events/harvey_2017_mrms/_manifests/boundary_table_audit/README_HYDROMT_DATA_CATALOGS.md -> /users/e/p/epsilon/Data/Data/harris_county/catalogs/events/harvey_2017_mrms/_manifests/boundary_table_audit/README_HYDROMT_DATA_CATALOGS.md | exists=False
/proj/zefflab/projects/Flooding/Data/harris_county/catalogs/events/harvey_2017_mrms/event_validation_lines/reviewed_crs_lines/review_figures/README_HYDROMT_DATA_CATALOGS.md -> /users/e/p/epsilon/Data/Data/harris_county/catalogs/events/harvey_2017_mrms/event_validation_lines/reviewed_crs_lines/review_figures/README_HYDROMT_DATA_CATALOGS.md | exists=False
/proj/zefflab/projects/Flooding/Data/harris_county/catalogs/events/harvey_2017_ppe/restarts/README_HYDROMT_DATA_CATALOGS.md -> /users/e/p/epsilon/Data/Data/harris_county/catalogs/events/harvey_2017_ppe/restarts/README_HYDROMT_DATA_CATALOGS.md | exists=False
/proj/zefflab/projects/Flooding/Data/harris_county/catalogs/events/imelda_2019/event_wind/README_HYDROMT_DATA_CATALOGS.md -> /users/e/p/epsilon/Data/Data/harris_county/catalogs/events/imelda_2019/event_wind/README_HYDROMT_DATA_CATALOGS.md | exists=False
/proj/zefflab/projects/Flooding/Data/harris_county/catalogs/events_reduced/beryl_2024/event_pressure/README_HYDROMT_DATA_CATALOGS.md -> /users/e/p/epsilon/Data/Data/harris_county/catalogs/events_reduced/beryl_2024/event_pressure/README_HYDROMT_DATA_CATALOGS.md | exists=False
/proj/zefflab/projects/Flooding/Data/harris_county/catalogs/events_reduced/beryl_2024/event_wind/README_HYDROMT_DATA_CATALOGS.md -> /users/e/p/epsilon/Data/Data/harris_county/catalogs/events_reduced/beryl_2024/event_wind/README_HYDROMT_DATA_CATALOGS.md | exists=False
/proj/zefflab/projects/Flooding/Data/harris_county/catalogs/events_reduced/harvey_2017/event_wind/README_HYDROMT_DATA_CATALOGS.md -> /users/e/p/epsilon/Data/Data/harris_county/catalogs/events_reduced/harvey_2017/event_wind/README_HYDROMT_DATA_CATALOGS.md | exists=False
/proj/zefflab/projects/Flooding/Data/harris_county/catalogs/events_reduced/harvey_2017_full/event_wind/README_HYDROMT_DATA_CATALOGS.md -> /users/e/p/epsilon/Data/Data/harris_county/catalogs/events_reduced/harvey_2017_full/event_wind/README_HYDROMT_DATA_CATALOGS.md | exists=False
/proj/zefflab/projects/Flooding/Data/harris_county/catalogs/events_reduced/imelda_2019/event_wind/README_HYDROMT_DATA_CATALOGS.md -> /users/e/p/epsilon/Data/Data/harris_county/catalogs/events_reduced/imelda_2019/event_wind/README_HYDROMT_DATA_CATALOGS.md | exists=False
/proj/zefflab/projects/Flooding/Data/harris_county/catalogs/static/harris_county/bathy/README_HYDROMT_DATA_CATALOGS.md -> /users/e/p/epsilon/Data/Data/harris_county/catalogs/static/harris_county/bathy/README_HYDROMT_DATA_CATALOGS.md | exists=False
/proj/zefflab/projects/Flooding/Data/harris_county/catalogs/static/harris_county/boundary_points_static/README_HYDROMT_DATA_CATALOGS.md -> /users/e/p/epsilon/Data/Data/harris_county/catalogs/static/harris_county/boundary_points_static/README_HYDROMT_DATA_CATALOGS.md | exists=False
/proj/zefflab/projects/Flooding/Data/harris_county/catalogs/static/harris_county/curve_number/README_HYDROMT_DATA_CATALOGS.md -> /users/e/p/epsilon/Data/Data/harris_county/catalogs/static/harris_county/curve_number/README_HYDROMT_DATA_CATALOGS.md | exists=False"
/proj/zefflab/projects/Flooding/pipeline/web_launcher/_audit_reports/hydromt_yaml_state_audit_20260612_183824.txt,83,OLD_PROJ_DATA_ROOT,LIKELY_DOC_OR_LINK,,- /proj/zefflab/projects/Flooding/Data/harris_county/catalogs/events_reduced/imelda_2019/event_wind/README_HYDROMT_DATA_CATALOGS.md,"/proj/zefflab/projects/Flooding/Data/harris_county/catalogs/_retired_active_hydromt_yamls_20260612_183817/events/harvey_2017_mrms/event_metadata/hydromt_data.yml -> /users/e/p/epsilon/Data/Data/harris_county/catalogs/_retired_active_hydromt_yamls_20260612_183817/events/harvey_2017_mrms/event_metadata/hydromt_data.yml | exists=False
/proj/zefflab/projects/Flooding/Data/harris_county/catalogs/_retired_active_hydromt_yamls_20260612_183817/static/harris_county/static_metadata/hydromt_data.yml -> /users/e/p/epsilon/Data/Data/harris_county/catalogs/_retired_active_hydromt_yamls_20260612_183817/static/harris_county/static_metadata/hydromt_data.yml | exists=False
/proj/zefflab/projects/Flooding/Data/harris_county/catalogs/_yaml_backups/hydromt_yaml_backup_20260612_181807/event_hydromt_data_old.yml -> /users/e/p/epsilon/Data/Data/harris_county/catalogs/_yaml_backups/hydromt_yaml_backup_20260612_181807/event_hydromt_data_old.yml | exists=False
/proj/zefflab/projects/Flooding/Data/harris_county/catalogs/_yaml_backups/hydromt_yaml_backup_20260612_181807/static_hydromt_data_old.yml -> /users/e/p/epsilon/Data/Data/harris_county/catalogs/_yaml_backups/hydromt_yaml_backup_20260612_181807/static_hydromt_data_old.yml | exists=False
/proj/zefflab/projects/Flooding/Data/harris_county/catalogs/events/harvey_2017_mrms/_manifests/boundary_table_audit/README_HYDROMT_DATA_CATALOGS.md -> /users/e/p/epsilon/Data/Data/harris_county/catalogs/events/harvey_2017_mrms/_manifests/boundary_table_audit/README_HYDROMT_DATA_CATALOGS.md | exists=False
/proj/zefflab/projects/Flooding/Data/harris_county/catalogs/events/harvey_2017_mrms/event_validation_lines/reviewed_crs_lines/review_figures/README_HYDROMT_DATA_CATALOGS.md -> /users/e/p/epsilon/Data/Data/harris_county/catalogs/events/harvey_2017_mrms/event_validation_lines/reviewed_crs_lines/review_figures/README_HYDROMT_DATA_CATALOGS.md | exists=False
/proj/zefflab/projects/Flooding/Data/harris_county/catalogs/events/harvey_2017_ppe/restarts/README_HYDROMT_DATA_CATALOGS.md -> /users/e/p/epsilon/Data/Data/harris_county/catalogs/events/harvey_2017_ppe/restarts/README_HYDROMT_DATA_CATALOGS.md | exists=False
/proj/zefflab/projects/Flooding/Data/harris_county/catalogs/events/imelda_2019/event_wind/README_HYDROMT_DATA_CATALOGS.md -> /users/e/p/epsilon/Data/Data/harris_county/catalogs/events/imelda_2019/event_wind/README_HYDROMT_DATA_CATALOGS.md | exists=False
/proj/zefflab/projects/Flooding/Data/harris_county/catalogs/events_reduced/beryl_2024/event_pressure/README_HYDROMT_DATA_CATALOGS.md -> /users/e/p/epsilon/Data/Data/harris_county/catalogs/events_reduced/beryl_2024/event_pressure/README_HYDROMT_DATA_CATALOGS.md | exists=False
/proj/zefflab/projects/Flooding/Data/harris_county/catalogs/events_reduced/beryl_2024/event_wind/README_HYDROMT_DATA_CATALOGS.md -> /users/e/p/epsilon/Data/Data/harris_county/catalogs/events_reduced/beryl_2024/event_wind/README_HYDROMT_DATA_CATALOGS.md | exists=False
/proj/zefflab/projects/Flooding/Data/harris_county/catalogs/events_reduced/harvey_2017/event_wind/README_HYDROMT_DATA_CATALOGS.md -> /users/e/p/epsilon/Data/Data/harris_county/catalogs/events_reduced/harvey_2017/event_wind/README_HYDROMT_DATA_CATALOGS.md | exists=False
/proj/zefflab/projects/Flooding/Data/harris_county/catalogs/events_reduced/harvey_2017_full/event_wind/README_HYDROMT_DATA_CATALOGS.md -> /users/e/p/epsilon/Data/Data/harris_county/catalogs/events_reduced/harvey_2017_full/event_wind/README_HYDROMT_DATA_CATALOGS.md | exists=False
/proj/zefflab/projects/Flooding/Data/harris_county/catalogs/events_reduced/imelda_2019/event_wind/README_HYDROMT_DATA_CATALOGS.md -> /users/e/p/epsilon/Data/Data/harris_county/catalogs/events_reduced/imelda_2019/event_wind/README_HYDROMT_DATA_CATALOGS.md | exists=False
/proj/zefflab/projects/Flooding/Data/harris_county/catalogs/static/harris_county/bathy/README_HYDROMT_DATA_CATALOGS.md -> /users/e/p/epsilon/Data/Data/harris_county/catalogs/static/harris_county/bathy/README_HYDROMT_DATA_CATALOGS.md | exists=False
/proj/zefflab/projects/Flooding/Data/harris_county/catalogs/static/harris_county/boundary_points_static/README_HYDROMT_DATA_CATALOGS.md -> /users/e/p/epsilon/Data/Data/harris_county/catalogs/static/harris_county/boundary_points_static/README_HYDROMT_DATA_CATALOGS.md | exists=False
/proj/zefflab/projects/Flooding/Data/harris_county/catalogs/static/harris_county/curve_number/README_HYDROMT_DATA_CATALOGS.md -> /users/e/p/epsilon/Data/Data/harris_county/catalogs/static/harris_county/curve_number/README_HYDROMT_DATA_CATALOGS.md | exists=False"
/proj/zefflab/projects/Flooding/pipeline/web_launcher/_audit_reports/hydromt_yaml_state_audit_20260612_183824.txt,84,OLD_PROJ_DATA_ROOT,LIKELY_DOC_OR_LINK,,- /proj/zefflab/projects/Flooding/Data/harris_county/catalogs/static/harris_county/bathy/README_HYDROMT_DATA_CATALOGS.md,"/proj/zefflab/projects/Flooding/Data/harris_county/catalogs/_retired_active_hydromt_yamls_20260612_183817/events/harvey_2017_mrms/event_metadata/hydromt_data.yml -> /users/e/p/epsilon/Data/Data/harris_county/catalogs/_retired_active_hydromt_yamls_20260612_183817/events/harvey_2017_mrms/event_metadata/hydromt_data.yml | exists=False
/proj/zefflab/projects/Flooding/Data/harris_county/catalogs/_retired_active_hydromt_yamls_20260612_183817/static/harris_county/static_metadata/hydromt_data.yml -> /users/e/p/epsilon/Data/Data/harris_county/catalogs/_retired_active_hydromt_yamls_20260612_183817/static/harris_county/static_metadata/hydromt_data.yml | exists=False
/proj/zefflab/projects/Flooding/Data/harris_county/catalogs/_yaml_backups/hydromt_yaml_backup_20260612_181807/event_hydromt_data_old.yml -> /users/e/p/epsilon/Data/Data/harris_county/catalogs/_yaml_backups/hydromt_yaml_backup_20260612_181807/event_hydromt_data_old.yml | exists=False
/proj/zefflab/projects/Flooding/Data/harris_county/catalogs/_yaml_backups/hydromt_yaml_backup_20260612_181807/static_hydromt_data_old.yml -> /users/e/p/epsilon/Data/Data/harris_county/catalogs/_yaml_backups/hydromt_yaml_backup_20260612_181807/static_hydromt_data_old.yml | exists=False
/proj/zefflab/projects/Flooding/Data/harris_county/catalogs/events/harvey_2017_mrms/event_validation_lines/reviewed_crs_lines/review_figures/README_HYDROMT_DATA_CATALOGS.md -> /users/e/p/epsilon/Data/Data/harris_county/catalogs/events/harvey_2017_mrms/event_validation_lines/reviewed_crs_lines/review_figures/README_HYDROMT_DATA_CATALOGS.md | exists=False
/proj/zefflab/projects/Flooding/Data/harris_county/catalogs/events/harvey_2017_ppe/restarts/README_HYDROMT_DATA_CATALOGS.md -> /users/e/p/epsilon/Data/Data/harris_county/catalogs/events/harvey_2017_ppe/restarts/README_HYDROMT_DATA_CATALOGS.md | exists=False
/proj/zefflab/projects/Flooding/Data/harris_county/catalogs/events/imelda_2019/event_wind/README_HYDROMT_DATA_CATALOGS.md -> /users/e/p/epsilon/Data/Data/harris_county/catalogs/events/imelda_2019/event_wind/README_HYDROMT_DATA_CATALOGS.md | exists=False
/proj/zefflab/projects/Flooding/Data/harris_county/catalogs/events_reduced/beryl_2024/event_pressure/README_HYDROMT_DATA_CATALOGS.md -> /users/e/p/epsilon/Data/Data/harris_county/catalogs/events_reduced/beryl_2024/event_pressure/README_HYDROMT_DATA_CATALOGS.md | exists=False
/proj/zefflab/projects/Flooding/Data/harris_county/catalogs/events_reduced/beryl_2024/event_wind/README_HYDROMT_DATA_CATALOGS.md -> /users/e/p/epsilon/Data/Data/harris_county/catalogs/events_reduced/beryl_2024/event_wind/README_HYDROMT_DATA_CATALOGS.md | exists=False
/proj/zefflab/projects/Flooding/Data/harris_county/catalogs/events_reduced/harvey_2017/event_wind/README_HYDROMT_DATA_CATALOGS.md -> /users/e/p/epsilon/Data/Data/harris_county/catalogs/events_reduced/harvey_2017/event_wind/README_HYDROMT_DATA_CATALOGS.md | exists=False
/proj/zefflab/projects/Flooding/Data/harris_county/catalogs/events_reduced/harvey_2017_full/event_wind/README_HYDROMT_DATA_CATALOGS.md -> /users/e/p/epsilon/Data/Data/harris_county/catalogs/events_reduced/harvey_2017_full/event_wind/README_HYDROMT_DATA_CATALOGS.md | exists=False
/proj/zefflab/projects/Flooding/Data/harris_county/catalogs/events_reduced/imelda_2019/event_wind/README_HYDROMT_DATA_CATALOGS.md -> /users/e/p/epsilon/Data/Data/harris_county/catalogs/events_reduced/imelda_2019/event_wind/README_HYDROMT_DATA_CATALOGS.md | exists=False
/proj/zefflab/projects/Flooding/Data/harris_county/catalogs/static/harris_county/bathy/README_HYDROMT_DATA_CATALOGS.md -> /users/e/p/epsilon/Data/Data/harris_county/catalogs/static/harris_county/bathy/README_HYDROMT_DATA_CATALOGS.md | exists=False
/proj/zefflab/projects/Flooding/Data/harris_county/catalogs/static/harris_county/boundary_points_static/README_HYDROMT_DATA_CATALOGS.md -> /users/e/p/epsilon/Data/Data/harris_county/catalogs/static/harris_county/boundary_points_static/README_HYDROMT_DATA_CATALOGS.md | exists=False
/proj/zefflab/projects/Flooding/Data/harris_county/catalogs/static/harris_county/curve_number/README_HYDROMT_DATA_CATALOGS.md -> /users/e/p/epsilon/Data/Data/harris_county/catalogs/static/harris_county/curve_number/README_HYDROMT_DATA_CATALOGS.md | exists=False"
/proj/zefflab/projects/Flooding/pipeline/web_launcher/_audit_reports/hydromt_yaml_state_audit_20260612_183824.txt,85,OLD_PROJ_DATA_ROOT,LIKELY_DOC_OR_LINK,,- /proj/zefflab/projects/Flooding/Data/harris_county/catalogs/static/harris_county/boundary_points_static/README_HYDROMT_DATA_CATALOGS.md,"/proj/zefflab/projects/Flooding/Data/harris_county/catalogs/_retired_active_hydromt_yamls_20260612_183817/events/harvey_2017_mrms/event_metadata/hydromt_data.yml -> /users/e/p/epsilon/Data/Data/harris_county/catalogs/_retired_active_hydromt_yamls_20260612_183817/events/harvey_2017_mrms/event_metadata/hydromt_data.yml | exists=False
/proj/zefflab/projects/Flooding/Data/harris_county/catalogs/_retired_active_hydromt_yamls_20260612_183817/static/harris_county/static_metadata/hydromt_data.yml -> /users/e/p/epsilon/Data/Data/harris_county/catalogs/_retired_active_hydromt_yamls_20260612_183817/static/harris_county/static_metadata/hydromt_data.yml | exists=False
/proj/zefflab/projects/Flooding/Data/harris_county/catalogs/_yaml_backups/hydromt_yaml_backup_20260612_181807/event_hydromt_data_old.yml -> /users/e/p/epsilon/Data/Data/harris_county/catalogs/_yaml_backups/hydromt_yaml_backup_20260612_181807/event_hydromt_data_old.yml | exists=False
/proj/zefflab/projects/Flooding/Data/harris_county/catalogs/_yaml_backups/hydromt_yaml_backup_20260612_181807/static_hydromt_data_old.yml -> /users/e/p/epsilon/Data/Data/harris_county/catalogs/_yaml_backups/hydromt_yaml_backup_20260612_181807/static_hydromt_data_old.yml | exists=False
/proj/zefflab/projects/Flooding/Data/harris_county/catalogs/events/harvey_2017_ppe/restarts/README_HYDROMT_DATA_CATALOGS.md -> /users/e/p/epsilon/Data/Data/harris_county/catalogs/events/harvey_2017_ppe/restarts/README_HYDROMT_DATA_CATALOGS.md | exists=False
/proj/zefflab/projects/Flooding/Data/harris_county/catalogs/events/imelda_2019/event_wind/README_HYDROMT_DATA_CATALOGS.md -> /users/e/p/epsilon/Data/Data/harris_county/catalogs/events/imelda_2019/event_wind/README_HYDROMT_DATA_CATALOGS.md | exists=False
/proj/zefflab/projects/Flooding/Data/harris_county/catalogs/events_reduced/beryl_2024/event_pressure/README_HYDROMT_DATA_CATALOGS.md -> /users/e/p/epsilon/Data/Data/harris_county/catalogs/events_reduced/beryl_2024/event_pressure/README_HYDROMT_DATA_CATALOGS.md | exists=False
/proj/zefflab/projects/Flooding/Data/harris_county/catalogs/events_reduced/beryl_2024/event_wind/README_HYDROMT_DATA_CATALOGS.md -> /users/e/p/epsilon/Data/Data/harris_county/catalogs/events_reduced/beryl_2024/event_wind/README_HYDROMT_DATA_CATALOGS.md | exists=False
/proj/zefflab/projects/Flooding/Data/harris_county/catalogs/events_reduced/harvey_2017/event_wind/README_HYDROMT_DATA_CATALOGS.md -> /users/e/p/epsilon/Data/Data/harris_county/catalogs/events_reduced/harvey_2017/event_wind/README_HYDROMT_DATA_CATALOGS.md | exists=False
/proj/zefflab/projects/Flooding/Data/harris_county/catalogs/events_reduced/harvey_2017_full/event_wind/README_HYDROMT_DATA_CATALOGS.md -> /users/e/p/epsilon/Data/Data/harris_county/catalogs/events_reduced/harvey_2017_full/event_wind/README_HYDROMT_DATA_CATALOGS.md | exists=False
/proj/zefflab/projects/Flooding/Data/harris_county/catalogs/events_reduced/imelda_2019/event_wind/README_HYDROMT_DATA_CATALOGS.md -> /users/e/p/epsilon/Data/Data/harris_county/catalogs/events_reduced/imelda_2019/event_wind/README_HYDROMT_DATA_CATALOGS.md | exists=False
/proj/zefflab/projects/Flooding/Data/harris_county/catalogs/static/harris_county/bathy/README_HYDROMT_DATA_CATALOGS.md -> /users/e/p/epsilon/Data/Data/harris_county/catalogs/static/harris_county/bathy/README_HYDROMT_DATA_CATALOGS.md | exists=False
/proj/zefflab/projects/Flooding/Data/harris_county/catalogs/static/harris_county/boundary_points_static/README_HYDROMT_DATA_CATALOGS.md -> /users/e/p/epsilon/Data/Data/harris_county/catalogs/static/harris_county/boundary_points_static/README_HYDROMT_DATA_CATALOGS.md | exists=False
/proj/zefflab/projects/Flooding/Data/harris_county/catalogs/static/harris_county/curve_number/README_HYDROMT_DATA_CATALOGS.md -> /users/e/p/epsilon/Data/Data/harris_county/catalogs/static/harris_county/curve_number/README_HYDROMT_DATA_CATALOGS.md | exists=False"
/proj/zefflab/projects/Flooding/pipeline/web_launcher/_audit_reports/hydromt_yaml_state_audit_20260612_183824.txt,86,OLD_PROJ_DATA_ROOT,LIKELY_DOC_OR_LINK,,- /proj/zefflab/projects/Flooding/Data/harris_county/catalogs/static/harris_county/curve_number/README_HYDROMT_DATA_CATALOGS.md,"/proj/zefflab/projects/Flooding/Data/harris_county/catalogs/_retired_active_hydromt_yamls_20260612_183817/events/harvey_2017_mrms/event_metadata/hydromt_data.yml -> /users/e/p/epsilon/Data/Data/harris_county/catalogs/_retired_active_hydromt_yamls_20260612_183817/events/harvey_2017_mrms/event_metadata/hydromt_data.yml | exists=False
/proj/zefflab/projects/Flooding/Data/harris_county/catalogs/_retired_active_hydromt_yamls_20260612_183817/static/harris_county/static_metadata/hydromt_data.yml -> /users/e/p/epsilon/Data/Data/harris_county/catalogs/_retired_active_hydromt_yamls_20260612_183817/static/harris_county/static_metadata/hydromt_data.yml | exists=False
/proj/zefflab/projects/Flooding/Data/harris_county/catalogs/_yaml_backups/hydromt_yaml_backup_20260612_181807/event_hydromt_data_old.yml -> /users/e/p/epsilon/Data/Data/harris_county/catalogs/_yaml_backups/hydromt_yaml_backup_20260612_181807/event_hydromt_data_old.yml | exists=False
/proj/zefflab/projects/Flooding/Data/harris_county/catalogs/_yaml_backups/hydromt_yaml_backup_20260612_181807/static_hydromt_data_old.yml -> /users/e/p/epsilon/Data/Data/harris_county/catalogs/_yaml_backups/hydromt_yaml_backup_20260612_181807/static_hydromt_data_old.yml | exists=False
/proj/zefflab/projects/Flooding/Data/harris_county/catalogs/events/imelda_2019/event_wind/README_HYDROMT_DATA_CATALOGS.md -> /users/e/p/epsilon/Data/Data/harris_county/catalogs/events/imelda_2019/event_wind/README_HYDROMT_DATA_CATALOGS.md | exists=False
/proj/zefflab/projects/Flooding/Data/harris_county/catalogs/events_reduced/beryl_2024/event_pressure/README_HYDROMT_DATA_CATALOGS.md -> /users/e/p/epsilon/Data/Data/harris_county/catalogs/events_reduced/beryl_2024/event_pressure/README_HYDROMT_DATA_CATALOGS.md | exists=False
/proj/zefflab/projects/Flooding/Data/harris_county/catalogs/events_reduced/beryl_2024/event_wind/README_HYDROMT_DATA_CATALOGS.md -> /users/e/p/epsilon/Data/Data/harris_county/catalogs/events_reduced/beryl_2024/event_wind/README_HYDROMT_DATA_CATALOGS.md | exists=False
/proj/zefflab/projects/Flooding/Data/harris_county/catalogs/events_reduced/harvey_2017/event_wind/README_HYDROMT_DATA_CATALOGS.md -> /users/e/p/epsilon/Data/Data/harris_county/catalogs/events_reduced/harvey_2017/event_wind/README_HYDROMT_DATA_CATALOGS.md | exists=False
/proj/zefflab/projects/Flooding/Data/harris_county/catalogs/events_reduced/harvey_2017_full/event_wind/README_HYDROMT_DATA_CATALOGS.md -> /users/e/p/epsilon/Data/Data/harris_county/catalogs/events_reduced/harvey_2017_full/event_wind/README_HYDROMT_DATA_CATALOGS.md | exists=False
/proj/zefflab/projects/Flooding/Data/harris_county/catalogs/events_reduced/imelda_2019/event_wind/README_HYDROMT_DATA_CATALOGS.md -> /users/e/p/epsilon/Data/Data/harris_county/catalogs/events_reduced/imelda_2019/event_wind/README_HYDROMT_DATA_CATALOGS.md | exists=False
/proj/zefflab/projects/Flooding/Data/harris_county/catalogs/static/harris_county/bathy/README_HYDROMT_DATA_CATALOGS.md -> /users/e/p/epsilon/Data/Data/harris_county/catalogs/static/harris_county/bathy/README_HYDROMT_DATA_CATALOGS.md | exists=False
/proj/zefflab/projects/Flooding/Data/harris_county/catalogs/static/harris_county/boundary_points_static/README_HYDROMT_DATA_CATALOGS.md -> /users/e/p/epsilon/Data/Data/harris_county/catalogs/static/harris_county/boundary_points_static/README_HYDROMT_DATA_CATALOGS.md | exists=False
/proj/zefflab/projects/Flooding/Data/harris_county/catalogs/static/harris_county/curve_number/README_HYDROMT_DATA_CATALOGS.md -> /users/e/p/epsilon/Data/Data/harris_county/catalogs/static/harris_county/curve_number/README_HYDROMT_DATA_CATALOGS.md | exists=False"
/proj/zefflab/projects/Flooding/pipeline/web_launcher/_audit_reports/hydromt_yaml_state_audit_20260612_183824.txt,88,OLD_PROJ_DATA_ROOT,LIKELY_DOC_OR_LINK,,- /proj/zefflab/projects/Flooding/Data/harris_county/catalogs/_retired_active_hydromt_yamls_20260612_183817/events/harvey_2017_mrms/event_metadata/hydromt_data.yml,"/proj/zefflab/projects/Flooding/Data/harris_county/catalogs/_retired_active_hydromt_yamls_20260612_183817/events/harvey_2017_mrms/event_metadata/hydromt_data.yml -> /users/e/p/epsilon/Data/Data/harris_county/catalogs/_retired_active_hydromt_yamls_20260612_183817/events/harvey_2017_mrms/event_metadata/hydromt_data.yml | exists=False
/proj/zefflab/projects/Flooding/Data/harris_county/catalogs/_retired_active_hydromt_yamls_20260612_183817/static/harris_county/static_metadata/hydromt_data.yml -> /users/e/p/epsilon/Data/Data/harris_county/catalogs/_retired_active_hydromt_yamls_20260612_183817/static/harris_county/static_metadata/hydromt_data.yml | exists=False
/proj/zefflab/projects/Flooding/Data/harris_county/catalogs/_yaml_backups/hydromt_yaml_backup_20260612_181807/event_hydromt_data_old.yml -> /users/e/p/epsilon/Data/Data/harris_county/catalogs/_yaml_backups/hydromt_yaml_backup_20260612_181807/event_hydromt_data_old.yml | exists=False
/proj/zefflab/projects/Flooding/Data/harris_county/catalogs/_yaml_backups/hydromt_yaml_backup_20260612_181807/static_hydromt_data_old.yml -> /users/e/p/epsilon/Data/Data/harris_county/catalogs/_yaml_backups/hydromt_yaml_backup_20260612_181807/static_hydromt_data_old.yml | exists=False
/proj/zefflab/projects/Flooding/Data/harris_county/catalogs/events_reduced/beryl_2024/event_wind/README_HYDROMT_DATA_CATALOGS.md -> /users/e/p/epsilon/Data/Data/harris_county/catalogs/events_reduced/beryl_2024/event_wind/README_HYDROMT_DATA_CATALOGS.md | exists=False
/proj/zefflab/projects/Flooding/Data/harris_county/catalogs/events_reduced/harvey_2017/event_wind/README_HYDROMT_DATA_CATALOGS.md -> /users/e/p/epsilon/Data/Data/harris_county/catalogs/events_reduced/harvey_2017/event_wind/README_HYDROMT_DATA_CATALOGS.md | exists=False
/proj/zefflab/projects/Flooding/Data/harris_county/catalogs/events_reduced/harvey_2017_full/event_wind/README_HYDROMT_DATA_CATALOGS.md -> /users/e/p/epsilon/Data/Data/harris_county/catalogs/events_reduced/harvey_2017_full/event_wind/README_HYDROMT_DATA_CATALOGS.md | exists=False
/proj/zefflab/projects/Flooding/Data/harris_county/catalogs/events_reduced/imelda_2019/event_wind/README_HYDROMT_DATA_CATALOGS.md -> /users/e/p/epsilon/Data/Data/harris_county/catalogs/events_reduced/imelda_2019/event_wind/README_HYDROMT_DATA_CATALOGS.md | exists=False
/proj/zefflab/projects/Flooding/Data/harris_county/catalogs/static/harris_county/bathy/README_HYDROMT_DATA_CATALOGS.md -> /users/e/p/epsilon/Data/Data/harris_county/catalogs/static/harris_county/bathy/README_HYDROMT_DATA_CATALOGS.md | exists=False
/proj/zefflab/projects/Flooding/Data/harris_county/catalogs/static/harris_county/boundary_points_static/README_HYDROMT_DATA_CATALOGS.md -> /users/e/p/epsilon/Data/Data/harris_county/catalogs/static/harris_county/boundary_points_static/README_HYDROMT_DATA_CATALOGS.md | exists=False
/proj/zefflab/projects/Flooding/Data/harris_county/catalogs/static/harris_county/curve_number/README_HYDROMT_DATA_CATALOGS.md -> /users/e/p/epsilon/Data/Data/harris_county/catalogs/static/harris_county/curve_number/README_HYDROMT_DATA_CATALOGS.md | exists=False"
/proj/zefflab/projects/Flooding/pipeline/web_launcher/_audit_reports/hydromt_yaml_state_audit_20260612_183824.txt,89,OLD_PROJ_DATA_ROOT,LIKELY_DOC_OR_LINK,,- /proj/zefflab/projects/Flooding/Data/harris_county/catalogs/_retired_active_hydromt_yamls_20260612_183817/static/harris_county/static_metadata/hydromt_data.yml,"/proj/zefflab/projects/Flooding/Data/harris_county/catalogs/_retired_active_hydromt_yamls_20260612_183817/events/harvey_2017_mrms/event_metadata/hydromt_data.yml -> /users/e/p/epsilon/Data/Data/harris_county/catalogs/_retired_active_hydromt_yamls_20260612_183817/events/harvey_2017_mrms/event_metadata/hydromt_data.yml | exists=False
/proj/zefflab/projects/Flooding/Data/harris_county/catalogs/_retired_active_hydromt_yamls_20260612_183817/static/harris_county/static_metadata/hydromt_data.yml -> /users/e/p/epsilon/Data/Data/harris_county/catalogs/_retired_active_hydromt_yamls_20260612_183817/static/harris_county/static_metadata/hydromt_data.yml | exists=False
/proj/zefflab/projects/Flooding/Data/harris_county/catalogs/_yaml_backups/hydromt_yaml_backup_20260612_181807/event_hydromt_data_old.yml -> /users/e/p/epsilon/Data/Data/harris_county/catalogs/_yaml_backups/hydromt_yaml_backup_20260612_181807/event_hydromt_data_old.yml | exists=False
/proj/zefflab/projects/Flooding/Data/harris_county/catalogs/_yaml_backups/hydromt_yaml_backup_20260612_181807/static_hydromt_data_old.yml -> /users/e/p/epsilon/Data/Data/harris_county/catalogs/_yaml_backups/hydromt_yaml_backup_20260612_181807/static_hydromt_data_old.yml | exists=False
/proj/zefflab/projects/Flooding/Data/harris_county/catalogs/events_reduced/harvey_2017/event_wind/README_HYDROMT_DATA_CATALOGS.md -> /users/e/p/epsilon/Data/Data/harris_county/catalogs/events_reduced/harvey_2017/event_wind/README_HYDROMT_DATA_CATALOGS.md | exists=False
/proj/zefflab/projects/Flooding/Data/harris_county/catalogs/events_reduced/harvey_2017_full/event_wind/README_HYDROMT_DATA_CATALOGS.md -> /users/e/p/epsilon/Data/Data/harris_county/catalogs/events_reduced/harvey_2017_full/event_wind/README_HYDROMT_DATA_CATALOGS.md | exists=False
/proj/zefflab/projects/Flooding/Data/harris_county/catalogs/events_reduced/imelda_2019/event_wind/README_HYDROMT_DATA_CATALOGS.md -> /users/e/p/epsilon/Data/Data/harris_county/catalogs/events_reduced/imelda_2019/event_wind/README_HYDROMT_DATA_CATALOGS.md | exists=False
/proj/zefflab/projects/Flooding/Data/harris_county/catalogs/static/harris_county/bathy/README_HYDROMT_DATA_CATALOGS.md -> /users/e/p/epsilon/Data/Data/harris_county/catalogs/static/harris_county/bathy/README_HYDROMT_DATA_CATALOGS.md | exists=False
/proj/zefflab/projects/Flooding/Data/harris_county/catalogs/static/harris_county/boundary_points_static/README_HYDROMT_DATA_CATALOGS.md -> /users/e/p/epsilon/Data/Data/harris_county/catalogs/static/harris_county/boundary_points_static/README_HYDROMT_DATA_CATALOGS.md | exists=False
/proj/zefflab/projects/Flooding/Data/harris_county/catalogs/static/harris_county/curve_number/README_HYDROMT_DATA_CATALOGS.md -> /users/e/p/epsilon/Data/Data/harris_county/catalogs/static/harris_county/curve_number/README_HYDROMT_DATA_CATALOGS.md | exists=False"
/proj/zefflab/projects/Flooding/pipeline/web_launcher/_audit_reports/hydromt_yaml_state_audit_20260612_183824.txt,90,OLD_PROJ_DATA_ROOT,LIKELY_DOC_OR_LINK,,- /proj/zefflab/projects/Flooding/Data/harris_county/catalogs/_yaml_backups/hydromt_yaml_backup_20260612_181807/event_hydromt_data_old.yml,"/proj/zefflab/projects/Flooding/Data/harris_county/catalogs/_retired_active_hydromt_yamls_20260612_183817/events/harvey_2017_mrms/event_metadata/hydromt_data.yml -> /users/e/p/epsilon/Data/Data/harris_county/catalogs/_retired_active_hydromt_yamls_20260612_183817/events/harvey_2017_mrms/event_metadata/hydromt_data.yml | exists=False
/proj/zefflab/projects/Flooding/Data/harris_county/catalogs/_retired_active_hydromt_yamls_20260612_183817/static/harris_county/static_metadata/hydromt_data.yml -> /users/e/p/epsilon/Data/Data/harris_county/catalogs/_retired_active_hydromt_yamls_20260612_183817/static/harris_county/static_metadata/hydromt_data.yml | exists=False
/proj/zefflab/projects/Flooding/Data/harris_county/catalogs/_yaml_backups/hydromt_yaml_backup_20260612_181807/event_hydromt_data_old.yml -> /users/e/p/epsilon/Data/Data/harris_county/catalogs/_yaml_backups/hydromt_yaml_backup_20260612_181807/event_hydromt_data_old.yml | exists=False
/proj/zefflab/projects/Flooding/Data/harris_county/catalogs/_yaml_backups/hydromt_yaml_backup_20260612_181807/static_hydromt_data_old.yml -> /users/e/p/epsilon/Data/Data/harris_county/catalogs/_yaml_backups/hydromt_yaml_backup_20260612_181807/static_hydromt_data_old.yml | exists=False
/proj/zefflab/projects/Flooding/Data/harris_county/catalogs/events_reduced/harvey_2017_full/event_wind/README_HYDROMT_DATA_CATALOGS.md -> /users/e/p/epsilon/Data/Data/harris_county/catalogs/events_reduced/harvey_2017_full/event_wind/README_HYDROMT_DATA_CATALOGS.md | exists=False
/proj/zefflab/projects/Flooding/Data/harris_county/catalogs/events_reduced/imelda_2019/event_wind/README_HYDROMT_DATA_CATALOGS.md -> /users/e/p/epsilon/Data/Data/harris_county/catalogs/events_reduced/imelda_2019/event_wind/README_HYDROMT_DATA_CATALOGS.md | exists=False
/proj/zefflab/projects/Flooding/Data/harris_county/catalogs/static/harris_county/bathy/README_HYDROMT_DATA_CATALOGS.md -> /users/e/p/epsilon/Data/Data/harris_county/catalogs/static/harris_county/bathy/README_HYDROMT_DATA_CATALOGS.md | exists=False
/proj/zefflab/projects/Flooding/Data/harris_county/catalogs/static/harris_county/boundary_points_static/README_HYDROMT_DATA_CATALOGS.md -> /users/e/p/epsilon/Data/Data/harris_county/catalogs/static/harris_county/boundary_points_static/README_HYDROMT_DATA_CATALOGS.md | exists=False
/proj/zefflab/projects/Flooding/Data/harris_county/catalogs/static/harris_county/curve_number/README_HYDROMT_DATA_CATALOGS.md -> /users/e/p/epsilon/Data/Data/harris_county/catalogs/static/harris_county/curve_number/README_HYDROMT_DATA_CATALOGS.md | exists=False"
/proj/zefflab/projects/Flooding/pipeline/web_launcher/_audit_reports/hydromt_yaml_state_audit_20260612_183824.txt,91,OLD_PROJ_DATA_ROOT,LIKELY_DOC_OR_LINK,,- /proj/zefflab/projects/Flooding/Data/harris_county/catalogs/_yaml_backups/hydromt_yaml_backup_20260612_181807/static_hydromt_data_old.yml,"/proj/zefflab/projects/Flooding/Data/harris_county/catalogs/_retired_active_hydromt_yamls_20260612_183817/events/harvey_2017_mrms/event_metadata/hydromt_data.yml -> /users/e/p/epsilon/Data/Data/harris_county/catalogs/_retired_active_hydromt_yamls_20260612_183817/events/harvey_2017_mrms/event_metadata/hydromt_data.yml | exists=False
/proj/zefflab/projects/Flooding/Data/harris_county/catalogs/_retired_active_hydromt_yamls_20260612_183817/static/harris_county/static_metadata/hydromt_data.yml -> /users/e/p/epsilon/Data/Data/harris_county/catalogs/_retired_active_hydromt_yamls_20260612_183817/static/harris_county/static_metadata/hydromt_data.yml | exists=False
/proj/zefflab/projects/Flooding/Data/harris_county/catalogs/_yaml_backups/hydromt_yaml_backup_20260612_181807/event_hydromt_data_old.yml -> /users/e/p/epsilon/Data/Data/harris_county/catalogs/_yaml_backups/hydromt_yaml_backup_20260612_181807/event_hydromt_data_old.yml | exists=False
/proj/zefflab/projects/Flooding/Data/harris_county/catalogs/_yaml_backups/hydromt_yaml_backup_20260612_181807/static_hydromt_data_old.yml -> /users/e/p/epsilon/Data/Data/harris_county/catalogs/_yaml_backups/hydromt_yaml_backup_20260612_181807/static_hydromt_data_old.yml | exists=False
/proj/zefflab/projects/Flooding/Data/harris_county/catalogs/events_reduced/imelda_2019/event_wind/README_HYDROMT_DATA_CATALOGS.md -> /users/e/p/epsilon/Data/Data/harris_county/catalogs/events_reduced/imelda_2019/event_wind/README_HYDROMT_DATA_CATALOGS.md | exists=False
/proj/zefflab/projects/Flooding/Data/harris_county/catalogs/static/harris_county/bathy/README_HYDROMT_DATA_CATALOGS.md -> /users/e/p/epsilon/Data/Data/harris_county/catalogs/static/harris_county/bathy/README_HYDROMT_DATA_CATALOGS.md | exists=False
/proj/zefflab/projects/Flooding/Data/harris_county/catalogs/static/harris_county/boundary_points_static/README_HYDROMT_DATA_CATALOGS.md -> /users/e/p/epsilon/Data/Data/harris_county/catalogs/static/harris_county/boundary_points_static/README_HYDROMT_DATA_CATALOGS.md | exists=False
/proj/zefflab/projects/Flooding/Data/harris_county/catalogs/static/harris_county/curve_number/README_HYDROMT_DATA_CATALOGS.md -> /users/e/p/epsilon/Data/Data/harris_county/catalogs/static/harris_county/curve_number/README_HYDROMT_DATA_CATALOGS.md | exists=False"
/proj/zefflab/projects/Flooding/pipeline/web_launcher/_audit_reports/hydromt_yaml_state_audit_20260612_183544.txt,3,OLD_PROJ_DATA_ROOT,UNCLEAR_REVIEW,,catalog_root: /proj/zefflab/projects/Flooding/Data/harris_county/catalogs,/proj/zefflab/projects/Flooding/Data/harris_county/catalogs -> /users/e/p/epsilon/Data/Data/harris_county/catalogs | exists=True
/proj/zefflab/projects/Flooding/pipeline/web_launcher/_audit_reports/hydromt_yaml_state_audit_20260612_183544.txt,70,OLD_PROJ_DATA_ROOT,LIKELY_DOC_OR_LINK,,- /proj/zefflab/projects/Flooding/Data/harris_county/catalogs/events/beryl_2024/event_pressure/README_HYDROMT_DATA_CATALOGS.md,"/proj/zefflab/projects/Flooding/Data/harris_county/catalogs/events/beryl_2024/event_pressure/README_HYDROMT_DATA_CATALOGS.md -> /users/e/p/epsilon/Data/Data/harris_county/catalogs/events/beryl_2024/event_pressure/README_HYDROMT_DATA_CATALOGS.md | exists=False
/proj/zefflab/projects/Flooding/Data/harris_county/catalogs/events/beryl_2024/event_wind/README_HYDROMT_DATA_CATALOGS.md -> /users/e/p/epsilon/Data/Data/harris_county/catalogs/events/beryl_2024/event_wind/README_HYDROMT_DATA_CATALOGS.md | exists=False
/proj/zefflab/projects/Flooding/Data/harris_county/catalogs/events/flood_2009_04/event_pressure/README_HYDROMT_DATA_CATALOGS.md -> /users/e/p/epsilon/Data/Data/harris_county/catalogs/events/flood_2009_04/event_pressure/README_HYDROMT_DATA_CATALOGS.md | exists=False
/proj/zefflab/projects/Flooding/Data/harris_county/catalogs/events/harvey_2017/event_wind/README_HYDROMT_DATA_CATALOGS.md -> /users/e/p/epsilon/Data/Data/harris_county/catalogs/events/harvey_2017/event_wind/README_HYDROMT_DATA_CATALOGS.md | exists=False
/proj/zefflab/projects/Flooding/Data/harris_county/catalogs/events/harvey_2017_full/event_wind/README_HYDROMT_DATA_CATALOGS.md -> /users/e/p/epsilon/Data/Data/harris_county/catalogs/events/harvey_2017_full/event_wind/README_HYDROMT_DATA_CATALOGS.md | exists=False
/proj/zefflab/projects/Flooding/Data/harris_county/catalogs/events/harvey_2017_mrms/_manifests/boundary_table_audit/README_HYDROMT_DATA_CATALOGS.md -> /users/e/p/epsilon/Data/Data/harris_county/catalogs/events/harvey_2017_mrms/_manifests/boundary_table_audit/README_HYDROMT_DATA_CATALOGS.md | exists=False
/proj/zefflab/projects/Flooding/Data/harris_county/catalogs/events/harvey_2017_mrms/event_validation_lines/reviewed_crs_lines/review_figures/README_HYDROMT_DATA_CATALOGS.md -> /users/e/p/epsilon/Data/Data/harris_county/catalogs/events/harvey_2017_mrms/event_validation_lines/reviewed_crs_lines/review_figures/README_HYDROMT_DATA_CATALOGS.md | exists=False
/proj/zefflab/projects/Flooding/Data/harris_county/catalogs/events/harvey_2017_ppe/restarts/README_HYDROMT_DATA_CATALOGS.md -> /users/e/p/epsilon/Data/Data/harris_county/catalogs/events/harvey_2017_ppe/restarts/README_HYDROMT_DATA_CATALOGS.md | exists=False
/proj/zefflab/projects/Flooding/Data/harris_county/catalogs/events/imelda_2019/event_wind/README_HYDROMT_DATA_CATALOGS.md -> /users/e/p/epsilon/Data/Data/harris_county/catalogs/events/imelda_2019/event_wind/README_HYDROMT_DATA_CATALOGS.md | exists=False"
/proj/zefflab/projects/Flooding/pipeline/web_launcher/_audit_reports/hydromt_yaml_state_audit_20260612_183544.txt,71,OLD_PROJ_DATA_ROOT,LIKELY_DOC_OR_LINK,,- /proj/zefflab/projects/Flooding/Data/harris_county/catalogs/events/beryl_2024/event_wind/README_HYDROMT_DATA_CATALOGS.md,"/proj/zefflab/projects/Flooding/Data/harris_county/catalogs/events/beryl_2024/event_pressure/README_HYDROMT_DATA_CATALOGS.md -> /users/e/p/epsilon/Data/Data/harris_county/catalogs/events/beryl_2024/event_pressure/README_HYDROMT_DATA_CATALOGS.md | exists=False
/proj/zefflab/projects/Flooding/Data/harris_county/catalogs/events/beryl_2024/event_wind/README_HYDROMT_DATA_CATALOGS.md -> /users/e/p/epsilon/Data/Data/harris_county/catalogs/events/beryl_2024/event_wind/README_HYDROMT_DATA_CATALOGS.md | exists=False
/proj/zefflab/projects/Flooding/Data/harris_county/catalogs/events/flood_2009_04/event_pressure/README_HYDROMT_DATA_CATALOGS.md -> /users/e/p/epsilon/Data/Data/harris_county/catalogs/events/flood_2009_04/event_pressure/README_HYDROMT_DATA_CATALOGS.md | exists=False
/proj/zefflab/projects/Flooding/Data/harris_county/catalogs/events/harvey_2017/event_wind/README_HYDROMT_DATA_CATALOGS.md -> /users/e/p/epsilon/Data/Data/harris_county/catalogs/events/harvey_2017/event_wind/README_HYDROMT_DATA_CATALOGS.md | exists=False
/proj/zefflab/projects/Flooding/Data/harris_county/catalogs/events/harvey_2017_full/event_wind/README_HYDROMT_DATA_CATALOGS.md -> /users/e/p/epsilon/Data/Data/harris_county/catalogs/events/harvey_2017_full/event_wind/README_HYDROMT_DATA_CATALOGS.md | exists=False
/proj/zefflab/projects/Flooding/Data/harris_county/catalogs/events/harvey_2017_mrms/_manifests/boundary_table_audit/README_HYDROMT_DATA_CATALOGS.md -> /users/e/p/epsilon/Data/Data/harris_county/catalogs/events/harvey_2017_mrms/_manifests/boundary_table_audit/README_HYDROMT_DATA_CATALOGS.md | exists=False
/proj/zefflab/projects/Flooding/Data/harris_county/catalogs/events/harvey_2017_mrms/event_validation_lines/reviewed_crs_lines/review_figures/README_HYDROMT_DATA_CATALOGS.md -> /users/e/p/epsilon/Data/Data/harris_county/catalogs/events/harvey_2017_mrms/event_validation_lines/reviewed_crs_lines/review_figures/README_HYDROMT_DATA_CATALOGS.md | exists=False
/proj/zefflab/projects/Flooding/Data/harris_county/catalogs/events/harvey_2017_ppe/restarts/README_HYDROMT_DATA_CATALOGS.md -> /users/e/p/epsilon/Data/Data/harris_county/catalogs/events/harvey_2017_ppe/restarts/README_HYDROMT_DATA_CATALOGS.md | exists=False
/proj/zefflab/projects/Flooding/Data/harris_county/catalogs/events/imelda_2019/event_wind/README_HYDROMT_DATA_CATALOGS.md -> /users/e/p/epsilon/Data/Data/harris_county/catalogs/events/imelda_2019/event_wind/README_HYDROMT_DATA_CATALOGS.md | exists=False
/proj/zefflab/projects/Flooding/Data/harris_county/catalogs/events_reduced/beryl_2024/event_pressure/README_HYDROMT_DATA_CATALOGS.md -> /users/e/p/epsilon/Data/Data/harris_county/catalogs/events_reduced/beryl_2024/event_pressure/README_HYDROMT_DATA_CATALOGS.md | exists=False"
/proj/zefflab/projects/Flooding/pipeline/web_launcher/_audit_reports/hydromt_yaml_state_audit_20260612_183544.txt,72,OLD_PROJ_DATA_ROOT,LIKELY_DOC_OR_LINK,,- /proj/zefflab/projects/Flooding/Data/harris_county/catalogs/events/flood_2009_04/event_pressure/README_HYDROMT_DATA_CATALOGS.md,"/proj/zefflab/projects/Flooding/Data/harris_county/catalogs/events/beryl_2024/event_pressure/README_HYDROMT_DATA_CATALOGS.md -> /users/e/p/epsilon/Data/Data/harris_county/catalogs/events/beryl_2024/event_pressure/README_HYDROMT_DATA_CATALOGS.md | exists=False
/proj/zefflab/projects/Flooding/Data/harris_county/catalogs/events/beryl_2024/event_wind/README_HYDROMT_DATA_CATALOGS.md -> /users/e/p/epsilon/Data/Data/harris_county/catalogs/events/beryl_2024/event_wind/README_HYDROMT_DATA_CATALOGS.md | exists=False
/proj/zefflab/projects/Flooding/Data/harris_county/catalogs/events/flood_2009_04/event_pressure/README_HYDROMT_DATA_CATALOGS.md -> /users/e/p/epsilon/Data/Data/harris_county/catalogs/events/flood_2009_04/event_pressure/README_HYDROMT_DATA_CATALOGS.md | exists=False
/proj/zefflab/projects/Flooding/Data/harris_county/catalogs/events/harvey_2017/event_wind/README_HYDROMT_DATA_CATALOGS.md -> /users/e/p/epsilon/Data/Data/harris_county/catalogs/events/harvey_2017/event_wind/README_HYDROMT_DATA_CATALOGS.md | exists=False
/proj/zefflab/projects/Flooding/Data/harris_county/catalogs/events/harvey_2017_full/event_wind/README_HYDROMT_DATA_CATALOGS.md -> /users/e/p/epsilon/Data/Data/harris_county/catalogs/events/harvey_2017_full/event_wind/README_HYDROMT_DATA_CATALOGS.md | exists=False
/proj/zefflab/projects/Flooding/Data/harris_county/catalogs/events/harvey_2017_mrms/_manifests/boundary_table_audit/README_HYDROMT_DATA_CATALOGS.md -> /users/e/p/epsilon/Data/Data/harris_county/catalogs/events/harvey_2017_mrms/_manifests/boundary_table_audit/README_HYDROMT_DATA_CATALOGS.md | exists=False
/proj/zefflab/projects/Flooding/Data/harris_county/catalogs/events/harvey_2017_mrms/event_validation_lines/reviewed_crs_lines/review_figures/README_HYDROMT_DATA_CATALOGS.md -> /users/e/p/epsilon/Data/Data/harris_county/catalogs/events/harvey_2017_mrms/event_validation_lines/reviewed_crs_lines/review_figures/README_HYDROMT_DATA_CATALOGS.md | exists=False
/proj/zefflab/projects/Flooding/Data/harris_county/catalogs/events/harvey_2017_ppe/restarts/README_HYDROMT_DATA_CATALOGS.md -> /users/e/p/epsilon/Data/Data/harris_county/catalogs/events/harvey_2017_ppe/restarts/README_HYDROMT_DATA_CATALOGS.md | exists=False
/proj/zefflab/projects/Flooding/Data/harris_county/catalogs/events/imelda_2019/event_wind/README_HYDROMT_DATA_CATALOGS.md -> /users/e/p/epsilon/Data/Data/harris_county/catalogs/events/imelda_2019/event_wind/README_HYDROMT_DATA_CATALOGS.md | exists=False
/proj/zefflab/projects/Flooding/Data/harris_county/catalogs/events_reduced/beryl_2024/event_pressure/README_HYDROMT_DATA_CATALOGS.md -> /users/e/p/epsilon/Data/Data/harris_county/catalogs/events_reduced/beryl_2024/event_pressure/README_HYDROMT_DATA_CATALOGS.md | exists=False
/proj/zefflab/projects/Flooding/Data/harris_county/catalogs/events_reduced/beryl_2024/event_wind/README_HYDROMT_DATA_CATALOGS.md -> /users/e/p/epsilon/Data/Data/harris_county/catalogs/events_reduced/beryl_2024/event_wind/README_HYDROMT_DATA_CATALOGS.md | exists=False"
/proj/zefflab/projects/Flooding/pipeline/web_launcher/_audit_reports/hydromt_yaml_state_audit_20260612_183544.txt,73,OLD_PROJ_DATA_ROOT,LIKELY_DOC_OR_LINK,,- /proj/zefflab/projects/Flooding/Data/harris_county/catalogs/events/harvey_2017/event_wind/README_HYDROMT_DATA_CATALOGS.md,"/proj/zefflab/projects/Flooding/Data/harris_county/catalogs/events/beryl_2024/event_pressure/README_HYDROMT_DATA_CATALOGS.md -> /users/e/p/epsilon/Data/Data/harris_county/catalogs/events/beryl_2024/event_pressure/README_HYDROMT_DATA_CATALOGS.md | exists=False
/proj/zefflab/projects/Flooding/Data/harris_county/catalogs/events/beryl_2024/event_wind/README_HYDROMT_DATA_CATALOGS.md -> /users/e/p/epsilon/Data/Data/harris_county/catalogs/events/beryl_2024/event_wind/README_HYDROMT_DATA_CATALOGS.md | exists=False
/proj/zefflab/projects/Flooding/Data/harris_county/catalogs/events/flood_2009_04/event_pressure/README_HYDROMT_DATA_CATALOGS.md -> /users/e/p/epsilon/Data/Data/harris_county/catalogs/events/flood_2009_04/event_pressure/README_HYDROMT_DATA_CATALOGS.md | exists=False
/proj/zefflab/projects/Flooding/Data/harris_county/catalogs/events/harvey_2017/event_wind/README_HYDROMT_DATA_CATALOGS.md -> /users/e/p/epsilon/Data/Data/harris_county/catalogs/events/harvey_2017/event_wind/README_HYDROMT_DATA_CATALOGS.md | exists=False
/proj/zefflab/projects/Flooding/Data/harris_county/catalogs/events/harvey_2017_full/event_wind/README_HYDROMT_DATA_CATALOGS.md -> /users/e/p/epsilon/Data/Data/harris_county/catalogs/events/harvey_2017_full/event_wind/README_HYDROMT_DATA_CATALOGS.md | exists=False
/proj/zefflab/projects/Flooding/Data/harris_county/catalogs/events/harvey_2017_mrms/_manifests/boundary_table_audit/README_HYDROMT_DATA_CATALOGS.md -> /users/e/p/epsilon/Data/Data/harris_county/catalogs/events/harvey_2017_mrms/_manifests/boundary_table_audit/README_HYDROMT_DATA_CATALOGS.md | exists=False
/proj/zefflab/projects/Flooding/Data/harris_county/catalogs/events/harvey_2017_mrms/event_validation_lines/reviewed_crs_lines/review_figures/README_HYDROMT_DATA_CATALOGS.md -> /users/e/p/epsilon/Data/Data/harris_county/catalogs/events/harvey_2017_mrms/event_validation_lines/reviewed_crs_lines/review_figures/README_HYDROMT_DATA_CATALOGS.md | exists=False
/proj/zefflab/projects/Flooding/Data/harris_county/catalogs/events/harvey_2017_ppe/restarts/README_HYDROMT_DATA_CATALOGS.md -> /users/e/p/epsilon/Data/Data/harris_county/catalogs/events/harvey_2017_ppe/restarts/README_HYDROMT_DATA_CATALOGS.md | exists=False
/proj/zefflab/projects/Flooding/Data/harris_county/catalogs/events/imelda_2019/event_wind/README_HYDROMT_DATA_CATALOGS.md -> /users/e/p/epsilon/Data/Data/harris_county/catalogs/events/imelda_2019/event_wind/README_HYDROMT_DATA_CATALOGS.md | exists=False
/proj/zefflab/projects/Flooding/Data/harris_county/catalogs/events_reduced/beryl_2024/event_pressure/README_HYDROMT_DATA_CATALOGS.md -> /users/e/p/epsilon/Data/Data/harris_county/catalogs/events_reduced/beryl_2024/event_pressure/README_HYDROMT_DATA_CATALOGS.md | exists=False
/proj/zefflab/projects/Flooding/Data/harris_county/catalogs/events_reduced/beryl_2024/event_wind/README_HYDROMT_DATA_CATALOGS.md -> /users/e/p/epsilon/Data/Data/harris_county/catalogs/events_reduced/beryl_2024/event_wind/README_HYDROMT_DATA_CATALOGS.md | exists=False
/proj/zefflab/projects/Flooding/Data/harris_county/catalogs/events_reduced/harvey_2017/event_wind/README_HYDROMT_DATA_CATALOGS.md -> /users/e/p/epsilon/Data/Data/harris_county/catalogs/events_reduced/harvey_2017/event_wind/README_HYDROMT_DATA_CATALOGS.md | exists=False"
/proj/zefflab/projects/Flooding/pipeline/web_launcher/_audit_reports/hydromt_yaml_state_audit_20260612_183544.txt,74,OLD_PROJ_DATA_ROOT,LIKELY_DOC_OR_LINK,,- /proj/zefflab/projects/Flooding/Data/harris_county/catalogs/events/harvey_2017_full/event_wind/README_HYDROMT_DATA_CATALOGS.md,"/proj/zefflab/projects/Flooding/Data/harris_county/catalogs/events/beryl_2024/event_pressure/README_HYDROMT_DATA_CATALOGS.md -> /users/e/p/epsilon/Data/Data/harris_county/catalogs/events/beryl_2024/event_pressure/README_HYDROMT_DATA_CATALOGS.md | exists=False
/proj/zefflab/projects/Flooding/Data/harris_county/catalogs/events/beryl_2024/event_wind/README_HYDROMT_DATA_CATALOGS.md -> /users/e/p/epsilon/Data/Data/harris_county/catalogs/events/beryl_2024/event_wind/README_HYDROMT_DATA_CATALOGS.md | exists=False
/proj/zefflab/projects/Flooding/Data/harris_county/catalogs/events/flood_2009_04/event_pressure/README_HYDROMT_DATA_CATALOGS.md -> /users/e/p/epsilon/Data/Data/harris_county/catalogs/events/flood_2009_04/event_pressure/README_HYDROMT_DATA_CATALOGS.md | exists=False
/proj/zefflab/projects/Flooding/Data/harris_county/catalogs/events/harvey_2017/event_wind/README_HYDROMT_DATA_CATALOGS.md -> /users/e/p/epsilon/Data/Data/harris_county/catalogs/events/harvey_2017/event_wind/README_HYDROMT_DATA_CATALOGS.md | exists=False
/proj/zefflab/projects/Flooding/Data/harris_county/catalogs/events/harvey_2017_full/event_wind/README_HYDROMT_DATA_CATALOGS.md -> /users/e/p/epsilon/Data/Data/harris_county/catalogs/events/harvey_2017_full/event_wind/README_HYDROMT_DATA_CATALOGS.md | exists=False
/proj/zefflab/projects/Flooding/Data/harris_county/catalogs/events/harvey_2017_mrms/_manifests/boundary_table_audit/README_HYDROMT_DATA_CATALOGS.md -> /users/e/p/epsilon/Data/Data/harris_county/catalogs/events/harvey_2017_mrms/_manifests/boundary_table_audit/README_HYDROMT_DATA_CATALOGS.md | exists=False
/proj/zefflab/projects/Flooding/Data/harris_county/catalogs/events/harvey_2017_mrms/event_validation_lines/reviewed_crs_lines/review_figures/README_HYDROMT_DATA_CATALOGS.md -> /users/e/p/epsilon/Data/Data/harris_county/catalogs/events/harvey_2017_mrms/event_validation_lines/reviewed_crs_lines/review_figures/README_HYDROMT_DATA_CATALOGS.md | exists=False
/proj/zefflab/projects/Flooding/Data/harris_county/catalogs/events/harvey_2017_ppe/restarts/README_HYDROMT_DATA_CATALOGS.md -> /users/e/p/epsilon/Data/Data/harris_county/catalogs/events/harvey_2017_ppe/restarts/README_HYDROMT_DATA_CATALOGS.md | exists=False
/proj/zefflab/projects/Flooding/Data/harris_county/catalogs/events/imelda_2019/event_wind/README_HYDROMT_DATA_CATALOGS.md -> /users/e/p/epsilon/Data/Data/harris_county/catalogs/events/imelda_2019/event_wind/README_HYDROMT_DATA_CATALOGS.md | exists=False
/proj/zefflab/projects/Flooding/Data/harris_county/catalogs/events_reduced/beryl_2024/event_pressure/README_HYDROMT_DATA_CATALOGS.md -> /users/e/p/epsilon/Data/Data/harris_county/catalogs/events_reduced/beryl_2024/event_pressure/README_HYDROMT_DATA_CATALOGS.md | exists=False
/proj/zefflab/projects/Flooding/Data/harris_county/catalogs/events_reduced/beryl_2024/event_wind/README_HYDROMT_DATA_CATALOGS.md -> /users/e/p/epsilon/Data/Data/harris_county/catalogs/events_reduced/beryl_2024/event_wind/README_HYDROMT_DATA_CATALOGS.md | exists=False
/proj/zefflab/projects/Flooding/Data/harris_county/catalogs/events_reduced/harvey_2017/event_wind/README_HYDROMT_DATA_CATALOGS.md -> /users/e/p/epsilon/Data/Data/harris_county/catalogs/events_reduced/harvey_2017/event_wind/README_HYDROMT_DATA_CATALOGS.md | exists=False
/proj/zefflab/projects/Flooding/Data/harris_county/catalogs/events_reduced/harvey_2017_full/event_wind/README_HYDROMT_DATA_CATALOGS.md -> /users/e/p/epsilon/Data/Data/harris_county/catalogs/events_reduced/harvey_2017_full/event_wind/README_HYDROMT_DATA_CATALOGS.md | exists=False"
/proj/zefflab/projects/Flooding/pipeline/web_launcher/_audit_reports/hydromt_yaml_state_audit_20260612_183544.txt,75,OLD_PROJ_DATA_ROOT,LIKELY_DOC_OR_LINK,,- /proj/zefflab/projects/Flooding/Data/harris_county/catalogs/events/harvey_2017_mrms/_manifests/boundary_table_audit/README_HYDROMT_DATA_CATALOGS.md,"/proj/zefflab/projects/Flooding/Data/harris_county/catalogs/events/beryl_2024/event_pressure/README_HYDROMT_DATA_CATALOGS.md -> /users/e/p/epsilon/Data/Data/harris_county/catalogs/events/beryl_2024/event_pressure/README_HYDROMT_DATA_CATALOGS.md | exists=False
/proj/zefflab/projects/Flooding/Data/harris_county/catalogs/events/beryl_2024/event_wind/README_HYDROMT_DATA_CATALOGS.md -> /users/e/p/epsilon/Data/Data/harris_county/catalogs/events/beryl_2024/event_wind/README_HYDROMT_DATA_CATALOGS.md | exists=False
/proj/zefflab/projects/Flooding/Data/harris_county/catalogs/events/flood_2009_04/event_pressure/README_HYDROMT_DATA_CATALOGS.md -> /users/e/p/epsilon/Data/Data/harris_county/catalogs/events/flood_2009_04/event_pressure/README_HYDROMT_DATA_CATALOGS.md | exists=False
/proj/zefflab/projects/Flooding/Data/harris_county/catalogs/events/harvey_2017/event_wind/README_HYDROMT_DATA_CATALOGS.md -> /users/e/p/epsilon/Data/Data/harris_county/catalogs/events/harvey_2017/event_wind/README_HYDROMT_DATA_CATALOGS.md | exists=False
/proj/zefflab/projects/Flooding/Data/harris_county/catalogs/events/harvey_2017_full/event_wind/README_HYDROMT_DATA_CATALOGS.md -> /users/e/p/epsilon/Data/Data/harris_county/catalogs/events/harvey_2017_full/event_wind/README_HYDROMT_DATA_CATALOGS.md | exists=False
/proj/zefflab/projects/Flooding/Data/harris_county/catalogs/events/harvey_2017_mrms/_manifests/boundary_table_audit/README_HYDROMT_DATA_CATALOGS.md -> /users/e/p/epsilon/Data/Data/harris_county/catalogs/events/harvey_2017_mrms/_manifests/boundary_table_audit/README_HYDROMT_DATA_CATALOGS.md | exists=False
/proj/zefflab/projects/Flooding/Data/harris_county/catalogs/events/harvey_2017_mrms/event_validation_lines/reviewed_crs_lines/review_figures/README_HYDROMT_DATA_CATALOGS.md -> /users/e/p/epsilon/Data/Data/harris_county/catalogs/events/harvey_2017_mrms/event_validation_lines/reviewed_crs_lines/review_figures/README_HYDROMT_DATA_CATALOGS.md | exists=False
/proj/zefflab/projects/Flooding/Data/harris_county/catalogs/events/harvey_2017_ppe/restarts/README_HYDROMT_DATA_CATALOGS.md -> /users/e/p/epsilon/Data/Data/harris_county/catalogs/events/harvey_2017_ppe/restarts/README_HYDROMT_DATA_CATALOGS.md | exists=False
/proj/zefflab/projects/Flooding/Data/harris_county/catalogs/events/imelda_2019/event_wind/README_HYDROMT_DATA_CATALOGS.md -> /users/e/p/epsilon/Data/Data/harris_county/catalogs/events/imelda_2019/event_wind/README_HYDROMT_DATA_CATALOGS.md | exists=False
/proj/zefflab/projects/Flooding/Data/harris_county/catalogs/events_reduced/beryl_2024/event_pressure/README_HYDROMT_DATA_CATALOGS.md -> /users/e/p/epsilon/Data/Data/harris_county/catalogs/events_reduced/beryl_2024/event_pressure/README_HYDROMT_DATA_CATALOGS.md | exists=False
/proj/zefflab/projects/Flooding/Data/harris_county/catalogs/events_reduced/beryl_2024/event_wind/README_HYDROMT_DATA_CATALOGS.md -> /users/e/p/epsilon/Data/Data/harris_county/catalogs/events_reduced/beryl_2024/event_wind/README_HYDROMT_DATA_CATALOGS.md | exists=False
/proj/zefflab/projects/Flooding/Data/harris_county/catalogs/events_reduced/harvey_2017/event_wind/README_HYDROMT_DATA_CATALOGS.md -> /users/e/p/epsilon/Data/Data/harris_county/catalogs/events_reduced/harvey_2017/event_wind/README_HYDROMT_DATA_CATALOGS.md | exists=False
/proj/zefflab/projects/Flooding/Data/harris_county/catalogs/events_reduced/harvey_2017_full/event_wind/README_HYDROMT_DATA_CATALOGS.md -> /users/e/p/epsilon/Data/Data/harris_county/catalogs/events_reduced/harvey_2017_full/event_wind/README_HYDROMT_DATA_CATALOGS.md | exists=False
/proj/zefflab/projects/Flooding/Data/harris_county/catalogs/events_reduced/imelda_2019/event_wind/README_HYDROMT_DATA_CATALOGS.md -> /users/e/p/epsilon/Data/Data/harris_county/catalogs/events_reduced/imelda_2019/event_wind/README_HYDROMT_DATA_CATALOGS.md | exists=False"
/proj/zefflab/projects/Flooding/pipeline/web_launcher/_audit_reports/hydromt_yaml_state_audit_20260612_183544.txt,76,OLD_PROJ_DATA_ROOT,LIKELY_DOC_OR_LINK,,- /proj/zefflab/projects/Flooding/Data/harris_county/catalogs/events/harvey_2017_mrms/event_validation_lines/reviewed_crs_lines/review_figures/README_HYDROMT_DATA_CATALOGS.md,"/proj/zefflab/projects/Flooding/Data/harris_county/catalogs/events/beryl_2024/event_pressure/README_HYDROMT_DATA_CATALOGS.md -> /users/e/p/epsilon/Data/Data/harris_county/catalogs/events/beryl_2024/event_pressure/README_HYDROMT_DATA_CATALOGS.md | exists=False
/proj/zefflab/projects/Flooding/Data/harris_county/catalogs/events/beryl_2024/event_wind/README_HYDROMT_DATA_CATALOGS.md -> /users/e/p/epsilon/Data/Data/harris_county/catalogs/events/beryl_2024/event_wind/README_HYDROMT_DATA_CATALOGS.md | exists=False
/proj/zefflab/projects/Flooding/Data/harris_county/catalogs/events/flood_2009_04/event_pressure/README_HYDROMT_DATA_CATALOGS.md -> /users/e/p/epsilon/Data/Data/harris_county/catalogs/events/flood_2009_04/event_pressure/README_HYDROMT_DATA_CATALOGS.md | exists=False
/proj/zefflab/projects/Flooding/Data/harris_county/catalogs/events/harvey_2017/event_wind/README_HYDROMT_DATA_CATALOGS.md -> /users/e/p/epsilon/Data/Data/harris_county/catalogs/events/harvey_2017/event_wind/README_HYDROMT_DATA_CATALOGS.md | exists=False
/proj/zefflab/projects/Flooding/Data/harris_county/catalogs/events/harvey_2017_full/event_wind/README_HYDROMT_DATA_CATALOGS.md -> /users/e/p/epsilon/Data/Data/harris_county/catalogs/events/harvey_2017_full/event_wind/README_HYDROMT_DATA_CATALOGS.md | exists=False
/proj/zefflab/projects/Flooding/Data/harris_county/catalogs/events/harvey_2017_mrms/_manifests/boundary_table_audit/README_HYDROMT_DATA_CATALOGS.md -> /users/e/p/epsilon/Data/Data/harris_county/catalogs/events/harvey_2017_mrms/_manifests/boundary_table_audit/README_HYDROMT_DATA_CATALOGS.md | exists=False
/proj/zefflab/projects/Flooding/Data/harris_county/catalogs/events/harvey_2017_mrms/event_validation_lines/reviewed_crs_lines/review_figures/README_HYDROMT_DATA_CATALOGS.md -> /users/e/p/epsilon/Data/Data/harris_county/catalogs/events/harvey_2017_mrms/event_validation_lines/reviewed_crs_lines/review_figures/README_HYDROMT_DATA_CATALOGS.md | exists=False
/proj/zefflab/projects/Flooding/Data/harris_county/catalogs/events/harvey_2017_ppe/restarts/README_HYDROMT_DATA_CATALOGS.md -> /users/e/p/epsilon/Data/Data/harris_county/catalogs/events/harvey_2017_ppe/restarts/README_HYDROMT_DATA_CATALOGS.md | exists=False
/proj/zefflab/projects/Flooding/Data/harris_county/catalogs/events/imelda_2019/event_wind/README_HYDROMT_DATA_CATALOGS.md -> /users/e/p/epsilon/Data/Data/harris_county/catalogs/events/imelda_2019/event_wind/README_HYDROMT_DATA_CATALOGS.md | exists=False
/proj/zefflab/projects/Flooding/Data/harris_county/catalogs/events_reduced/beryl_2024/event_pressure/README_HYDROMT_DATA_CATALOGS.md -> /users/e/p/epsilon/Data/Data/harris_county/catalogs/events_reduced/beryl_2024/event_pressure/README_HYDROMT_DATA_CATALOGS.md | exists=False
/proj/zefflab/projects/Flooding/Data/harris_county/catalogs/events_reduced/beryl_2024/event_wind/README_HYDROMT_DATA_CATALOGS.md -> /users/e/p/epsilon/Data/Data/harris_county/catalogs/events_reduced/beryl_2024/event_wind/README_HYDROMT_DATA_CATALOGS.md | exists=False
/proj/zefflab/projects/Flooding/Data/harris_county/catalogs/events_reduced/harvey_2017/event_wind/README_HYDROMT_DATA_CATALOGS.md -> /users/e/p/epsilon/Data/Data/harris_county/catalogs/events_reduced/harvey_2017/event_wind/README_HYDROMT_DATA_CATALOGS.md | exists=False
/proj/zefflab/projects/Flooding/Data/harris_county/catalogs/events_reduced/harvey_2017_full/event_wind/README_HYDROMT_DATA_CATALOGS.md -> /users/e/p/epsilon/Data/Data/harris_county/catalogs/events_reduced/harvey_2017_full/event_wind/README_HYDROMT_DATA_CATALOGS.md | exists=False
/proj/zefflab/projects/Flooding/Data/harris_county/catalogs/events_reduced/imelda_2019/event_wind/README_HYDROMT_DATA_CATALOGS.md -> /users/e/p/epsilon/Data/Data/harris_county/catalogs/events_reduced/imelda_2019/event_wind/README_HYDROMT_DATA_CATALOGS.md | exists=False
/proj/zefflab/projects/Flooding/Data/harris_county/catalogs/static/harris_county/bathy/README_HYDROMT_DATA_CATALOGS.md -> /users/e/p/epsilon/Data/Data/harris_county/catalogs/static/harris_county/bathy/README_HYDROMT_DATA_CATALOGS.md | exists=False"
/proj/zefflab/projects/Flooding/pipeline/web_launcher/_audit_reports/hydromt_yaml_state_audit_20260612_183544.txt,77,OLD_PROJ_DATA_ROOT,LIKELY_DOC_OR_LINK,,- /proj/zefflab/projects/Flooding/Data/harris_county/catalogs/events/harvey_2017_ppe/restarts/README_HYDROMT_DATA_CATALOGS.md,"/proj/zefflab/projects/Flooding/Data/harris_county/catalogs/events/beryl_2024/event_pressure/README_HYDROMT_DATA_CATALOGS.md -> /users/e/p/epsilon/Data/Data/harris_county/catalogs/events/beryl_2024/event_pressure/README_HYDROMT_DATA_CATALOGS.md | exists=False
/proj/zefflab/projects/Flooding/Data/harris_county/catalogs/events/beryl_2024/event_wind/README_HYDROMT_DATA_CATALOGS.md -> /users/e/p/epsilon/Data/Data/harris_county/catalogs/events/beryl_2024/event_wind/README_HYDROMT_DATA_CATALOGS.md | exists=False
/proj/zefflab/projects/Flooding/Data/harris_county/catalogs/events/flood_2009_04/event_pressure/README_HYDROMT_DATA_CATALOGS.md -> /users/e/p/epsilon/Data/Data/harris_county/catalogs/events/flood_2009_04/event_pressure/README_HYDROMT_DATA_CATALOGS.md | exists=False
/proj/zefflab/projects/Flooding/Data/harris_county/catalogs/events/harvey_2017/event_wind/README_HYDROMT_DATA_CATALOGS.md -> /users/e/p/epsilon/Data/Data/harris_county/catalogs/events/harvey_2017/event_wind/README_HYDROMT_DATA_CATALOGS.md | exists=False
/proj/zefflab/projects/Flooding/Data/harris_county/catalogs/events/harvey_2017_full/event_wind/README_HYDROMT_DATA_CATALOGS.md -> /users/e/p/epsilon/Data/Data/harris_county/catalogs/events/harvey_2017_full/event_wind/README_HYDROMT_DATA_CATALOGS.md | exists=False
/proj/zefflab/projects/Flooding/Data/harris_county/catalogs/events/harvey_2017_mrms/_manifests/boundary_table_audit/README_HYDROMT_DATA_CATALOGS.md -> /users/e/p/epsilon/Data/Data/harris_county/catalogs/events/harvey_2017_mrms/_manifests/boundary_table_audit/README_HYDROMT_DATA_CATALOGS.md | exists=False
/proj/zefflab/projects/Flooding/Data/harris_county/catalogs/events/harvey_2017_mrms/event_validation_lines/reviewed_crs_lines/review_figures/README_HYDROMT_DATA_CATALOGS.md -> /users/e/p/epsilon/Data/Data/harris_county/catalogs/events/harvey_2017_mrms/event_validation_lines/reviewed_crs_lines/review_figures/README_HYDROMT_DATA_CATALOGS.md | exists=False
/proj/zefflab/projects/Flooding/Data/harris_county/catalogs/events/harvey_2017_ppe/restarts/README_HYDROMT_DATA_CATALOGS.md -> /users/e/p/epsilon/Data/Data/harris_county/catalogs/events/harvey_2017_ppe/restarts/README_HYDROMT_DATA_CATALOGS.md | exists=False
/proj/zefflab/projects/Flooding/Data/harris_county/catalogs/events/imelda_2019/event_wind/README_HYDROMT_DATA_CATALOGS.md -> /users/e/p/epsilon/Data/Data/harris_county/catalogs/events/imelda_2019/event_wind/README_HYDROMT_DATA_CATALOGS.md | exists=False
/proj/zefflab/projects/Flooding/Data/harris_county/catalogs/events_reduced/beryl_2024/event_pressure/README_HYDROMT_DATA_CATALOGS.md -> /users/e/p/epsilon/Data/Data/harris_county/catalogs/events_reduced/beryl_2024/event_pressure/README_HYDROMT_DATA_CATALOGS.md | exists=False
/proj/zefflab/projects/Flooding/Data/harris_county/catalogs/events_reduced/beryl_2024/event_wind/README_HYDROMT_DATA_CATALOGS.md -> /users/e/p/epsilon/Data/Data/harris_county/catalogs/events_reduced/beryl_2024/event_wind/README_HYDROMT_DATA_CATALOGS.md | exists=False
/proj/zefflab/projects/Flooding/Data/harris_county/catalogs/events_reduced/harvey_2017/event_wind/README_HYDROMT_DATA_CATALOGS.md -> /users/e/p/epsilon/Data/Data/harris_county/catalogs/events_reduced/harvey_2017/event_wind/README_HYDROMT_DATA_CATALOGS.md | exists=False
/proj/zefflab/projects/Flooding/Data/harris_county/catalogs/events_reduced/harvey_2017_full/event_wind/README_HYDROMT_DATA_CATALOGS.md -> /users/e/p/epsilon/Data/Data/harris_county/catalogs/events_reduced/harvey_2017_full/event_wind/README_HYDROMT_DATA_CATALOGS.md | exists=False
/proj/zefflab/projects/Flooding/Data/harris_county/catalogs/events_reduced/imelda_2019/event_wind/README_HYDROMT_DATA_CATALOGS.md -> /users/e/p/epsilon/Data/Data/harris_county/catalogs/events_reduced/imelda_2019/event_wind/README_HYDROMT_DATA_CATALOGS.md | exists=False
/proj/zefflab/projects/Flooding/Data/harris_county/catalogs/static/harris_county/bathy/README_HYDROMT_DATA_CATALOGS.md -> /users/e/p/epsilon/Data/Data/harris_county/catalogs/static/harris_county/bathy/README_HYDROMT_DATA_CATALOGS.md | exists=False
/proj/zefflab/projects/Flooding/Data/harris_county/catalogs/static/harris_county/boundary_points_static/README_HYDROMT_DATA_CATALOGS.md -> /users/e/p/epsilon/Data/Data/harris_county/catalogs/static/harris_county/boundary_points_static/README_HYDROMT_DATA_CATALOGS.md | exists=False"
/proj/zefflab/projects/Flooding/pipeline/web_launcher/_audit_reports/hydromt_yaml_state_audit_20260612_183544.txt,78,OLD_PROJ_DATA_ROOT,LIKELY_DOC_OR_LINK,,- /proj/zefflab/projects/Flooding/Data/harris_county/catalogs/events/imelda_2019/event_wind/README_HYDROMT_DATA_CATALOGS.md,"/proj/zefflab/projects/Flooding/Data/harris_county/catalogs/events/beryl_2024/event_pressure/README_HYDROMT_DATA_CATALOGS.md -> /users/e/p/epsilon/Data/Data/harris_county/catalogs/events/beryl_2024/event_pressure/README_HYDROMT_DATA_CATALOGS.md | exists=False
/proj/zefflab/projects/Flooding/Data/harris_county/catalogs/events/beryl_2024/event_wind/README_HYDROMT_DATA_CATALOGS.md -> /users/e/p/epsilon/Data/Data/harris_county/catalogs/events/beryl_2024/event_wind/README_HYDROMT_DATA_CATALOGS.md | exists=False
/proj/zefflab/projects/Flooding/Data/harris_county/catalogs/events/flood_2009_04/event_pressure/README_HYDROMT_DATA_CATALOGS.md -> /users/e/p/epsilon/Data/Data/harris_county/catalogs/events/flood_2009_04/event_pressure/README_HYDROMT_DATA_CATALOGS.md | exists=False
/proj/zefflab/projects/Flooding/Data/harris_county/catalogs/events/harvey_2017/event_wind/README_HYDROMT_DATA_CATALOGS.md -> /users/e/p/epsilon/Data/Data/harris_county/catalogs/events/harvey_2017/event_wind/README_HYDROMT_DATA_CATALOGS.md | exists=False
/proj/zefflab/projects/Flooding/Data/harris_county/catalogs/events/harvey_2017_full/event_wind/README_HYDROMT_DATA_CATALOGS.md -> /users/e/p/epsilon/Data/Data/harris_county/catalogs/events/harvey_2017_full/event_wind/README_HYDROMT_DATA_CATALOGS.md | exists=False
/proj/zefflab/projects/Flooding/Data/harris_county/catalogs/events/harvey_2017_mrms/_manifests/boundary_table_audit/README_HYDROMT_DATA_CATALOGS.md -> /users/e/p/epsilon/Data/Data/harris_county/catalogs/events/harvey_2017_mrms/_manifests/boundary_table_audit/README_HYDROMT_DATA_CATALOGS.md | exists=False
/proj/zefflab/projects/Flooding/Data/harris_county/catalogs/events/harvey_2017_mrms/event_validation_lines/reviewed_crs_lines/review_figures/README_HYDROMT_DATA_CATALOGS.md -> /users/e/p/epsilon/Data/Data/harris_county/catalogs/events/harvey_2017_mrms/event_validation_lines/reviewed_crs_lines/review_figures/README_HYDROMT_DATA_CATALOGS.md | exists=False
/proj/zefflab/projects/Flooding/Data/harris_county/catalogs/events/harvey_2017_ppe/restarts/README_HYDROMT_DATA_CATALOGS.md -> /users/e/p/epsilon/Data/Data/harris_county/catalogs/events/harvey_2017_ppe/restarts/README_HYDROMT_DATA_CATALOGS.md | exists=False
/proj/zefflab/projects/Flooding/Data/harris_county/catalogs/events/imelda_2019/event_wind/README_HYDROMT_DATA_CATALOGS.md -> /users/e/p/epsilon/Data/Data/harris_county/catalogs/events/imelda_2019/event_wind/README_HYDROMT_DATA_CATALOGS.md | exists=False
/proj/zefflab/projects/Flooding/Data/harris_county/catalogs/events_reduced/beryl_2024/event_pressure/README_HYDROMT_DATA_CATALOGS.md -> /users/e/p/epsilon/Data/Data/harris_county/catalogs/events_reduced/beryl_2024/event_pressure/README_HYDROMT_DATA_CATALOGS.md | exists=False
/proj/zefflab/projects/Flooding/Data/harris_county/catalogs/events_reduced/beryl_2024/event_wind/README_HYDROMT_DATA_CATALOGS.md -> /users/e/p/epsilon/Data/Data/harris_county/catalogs/events_reduced/beryl_2024/event_wind/README_HYDROMT_DATA_CATALOGS.md | exists=False
/proj/zefflab/projects/Flooding/Data/harris_county/catalogs/events_reduced/harvey_2017/event_wind/README_HYDROMT_DATA_CATALOGS.md -> /users/e/p/epsilon/Data/Data/harris_county/catalogs/events_reduced/harvey_2017/event_wind/README_HYDROMT_DATA_CATALOGS.md | exists=False
/proj/zefflab/projects/Flooding/Data/harris_county/catalogs/events_reduced/harvey_2017_full/event_wind/README_HYDROMT_DATA_CATALOGS.md -> /users/e/p/epsilon/Data/Data/harris_county/catalogs/events_reduced/harvey_2017_full/event_wind/README_HYDROMT_DATA_CATALOGS.md | exists=False
/proj/zefflab/projects/Flooding/Data/harris_county/catalogs/events_reduced/imelda_2019/event_wind/README_HYDROMT_DATA_CATALOGS.md -> /users/e/p/epsilon/Data/Data/harris_county/catalogs/events_reduced/imelda_2019/event_wind/README_HYDROMT_DATA_CATALOGS.md | exists=False
/proj/zefflab/projects/Flooding/Data/harris_county/catalogs/static/harris_county/bathy/README_HYDROMT_DATA_CATALOGS.md -> /users/e/p/epsilon/Data/Data/harris_county/catalogs/static/harris_county/bathy/README_HYDROMT_DATA_CATALOGS.md | exists=False
/proj/zefflab/projects/Flooding/Data/harris_county/catalogs/static/harris_county/boundary_points_static/README_HYDROMT_DATA_CATALOGS.md -> /users/e/p/epsilon/Data/Data/harris_county/catalogs/static/harris_county/boundary_points_static/README_HYDROMT_DATA_CATALOGS.md | exists=False
/proj/zefflab/projects/Flooding/Data/harris_county/catalogs/static/harris_county/curve_number/README_HYDROMT_DATA_CATALOGS.md -> /users/e/p/epsilon/Data/Data/harris_county/catalogs/static/harris_county/curve_number/README_HYDROMT_DATA_CATALOGS.md | exists=False"
/proj/zefflab/projects/Flooding/pipeline/web_launcher/_audit_reports/hydromt_yaml_state_audit_20260612_183544.txt,79,OLD_PROJ_DATA_ROOT,LIKELY_DOC_OR_LINK,,- /proj/zefflab/projects/Flooding/Data/harris_county/catalogs/events_reduced/beryl_2024/event_pressure/README_HYDROMT_DATA_CATALOGS.md,"/proj/zefflab/projects/Flooding/Data/harris_county/catalogs/events/beryl_2024/event_wind/README_HYDROMT_DATA_CATALOGS.md -> /users/e/p/epsilon/Data/Data/harris_county/catalogs/events/beryl_2024/event_wind/README_HYDROMT_DATA_CATALOGS.md | exists=False
/proj/zefflab/projects/Flooding/Data/harris_county/catalogs/events/flood_2009_04/event_pressure/README_HYDROMT_DATA_CATALOGS.md -> /users/e/p/epsilon/Data/Data/harris_county/catalogs/events/flood_2009_04/event_pressure/README_HYDROMT_DATA_CATALOGS.md | exists=False
/proj/zefflab/projects/Flooding/Data/harris_county/catalogs/events/harvey_2017/event_wind/README_HYDROMT_DATA_CATALOGS.md -> /users/e/p/epsilon/Data/Data/harris_county/catalogs/events/harvey_2017/event_wind/README_HYDROMT_DATA_CATALOGS.md | exists=False
/proj/zefflab/projects/Flooding/Data/harris_county/catalogs/events/harvey_2017_full/event_wind/README_HYDROMT_DATA_CATALOGS.md -> /users/e/p/epsilon/Data/Data/harris_county/catalogs/events/harvey_2017_full/event_wind/README_HYDROMT_DATA_CATALOGS.md | exists=False
/proj/zefflab/projects/Flooding/Data/harris_county/catalogs/events/harvey_2017_mrms/_manifests/boundary_table_audit/README_HYDROMT_DATA_CATALOGS.md -> /users/e/p/epsilon/Data/Data/harris_county/catalogs/events/harvey_2017_mrms/_manifests/boundary_table_audit/README_HYDROMT_DATA_CATALOGS.md | exists=False
/proj/zefflab/projects/Flooding/Data/harris_county/catalogs/events/harvey_2017_mrms/event_validation_lines/reviewed_crs_lines/review_figures/README_HYDROMT_DATA_CATALOGS.md -> /users/e/p/epsilon/Data/Data/harris_county/catalogs/events/harvey_2017_mrms/event_validation_lines/reviewed_crs_lines/review_figures/README_HYDROMT_DATA_CATALOGS.md | exists=False
/proj/zefflab/projects/Flooding/Data/harris_county/catalogs/events/harvey_2017_ppe/restarts/README_HYDROMT_DATA_CATALOGS.md -> /users/e/p/epsilon/Data/Data/harris_county/catalogs/events/harvey_2017_ppe/restarts/README_HYDROMT_DATA_CATALOGS.md | exists=False
/proj/zefflab/projects/Flooding/Data/harris_county/catalogs/events/imelda_2019/event_wind/README_HYDROMT_DATA_CATALOGS.md -> /users/e/p/epsilon/Data/Data/harris_county/catalogs/events/imelda_2019/event_wind/README_HYDROMT_DATA_CATALOGS.md | exists=False
/proj/zefflab/projects/Flooding/Data/harris_county/catalogs/events_reduced/beryl_2024/event_pressure/README_HYDROMT_DATA_CATALOGS.md -> /users/e/p/epsilon/Data/Data/harris_county/catalogs/events_reduced/beryl_2024/event_pressure/README_HYDROMT_DATA_CATALOGS.md | exists=False
/proj/zefflab/projects/Flooding/Data/harris_county/catalogs/events_reduced/beryl_2024/event_wind/README_HYDROMT_DATA_CATALOGS.md -> /users/e/p/epsilon/Data/Data/harris_county/catalogs/events_reduced/beryl_2024/event_wind/README_HYDROMT_DATA_CATALOGS.md | exists=False
/proj/zefflab/projects/Flooding/Data/harris_county/catalogs/events_reduced/harvey_2017/event_wind/README_HYDROMT_DATA_CATALOGS.md -> /users/e/p/epsilon/Data/Data/harris_county/catalogs/events_reduced/harvey_2017/event_wind/README_HYDROMT_DATA_CATALOGS.md | exists=False
/proj/zefflab/projects/Flooding/Data/harris_county/catalogs/events_reduced/harvey_2017_full/event_wind/README_HYDROMT_DATA_CATALOGS.md -> /users/e/p/epsilon/Data/Data/harris_county/catalogs/events_reduced/harvey_2017_full/event_wind/README_HYDROMT_DATA_CATALOGS.md | exists=False
/proj/zefflab/projects/Flooding/Data/harris_county/catalogs/events_reduced/imelda_2019/event_wind/README_HYDROMT_DATA_CATALOGS.md -> /users/e/p/epsilon/Data/Data/harris_county/catalogs/events_reduced/imelda_2019/event_wind/README_HYDROMT_DATA_CATALOGS.md | exists=False
/proj/zefflab/projects/Flooding/Data/harris_county/catalogs/static/harris_county/bathy/README_HYDROMT_DATA_CATALOGS.md -> /users/e/p/epsilon/Data/Data/harris_county/catalogs/static/harris_county/bathy/README_HYDROMT_DATA_CATALOGS.md | exists=False
/proj/zefflab/projects/Flooding/Data/harris_county/catalogs/static/harris_county/boundary_points_static/README_HYDROMT_DATA_CATALOGS.md -> /users/e/p/epsilon/Data/Data/harris_county/catalogs/static/harris_county/boundary_points_static/README_HYDROMT_DATA_CATALOGS.md | exists=False
/proj/zefflab/projects/Flooding/Data/harris_county/catalogs/static/harris_county/curve_number/README_HYDROMT_DATA_CATALOGS.md -> /users/e/p/epsilon/Data/Data/harris_county/catalogs/static/harris_county/curve_number/README_HYDROMT_DATA_CATALOGS.md | exists=False"
/proj/zefflab/projects/Flooding/pipeline/web_launcher/_audit_reports/hydromt_yaml_state_audit_20260612_183544.txt,80,OLD_PROJ_DATA_ROOT,LIKELY_DOC_OR_LINK,,- /proj/zefflab/projects/Flooding/Data/harris_county/catalogs/events_reduced/beryl_2024/event_wind/README_HYDROMT_DATA_CATALOGS.md,"/proj/zefflab/projects/Flooding/Data/harris_county/catalogs/_yaml_backups/hydromt_yaml_backup_20260612_181807/event_hydromt_data_old.yml -> /users/e/p/epsilon/Data/Data/harris_county/catalogs/_yaml_backups/hydromt_yaml_backup_20260612_181807/event_hydromt_data_old.yml | exists=False
/proj/zefflab/projects/Flooding/Data/harris_county/catalogs/events/flood_2009_04/event_pressure/README_HYDROMT_DATA_CATALOGS.md -> /users/e/p/epsilon/Data/Data/harris_county/catalogs/events/flood_2009_04/event_pressure/README_HYDROMT_DATA_CATALOGS.md | exists=False
/proj/zefflab/projects/Flooding/Data/harris_county/catalogs/events/harvey_2017/event_wind/README_HYDROMT_DATA_CATALOGS.md -> /users/e/p/epsilon/Data/Data/harris_county/catalogs/events/harvey_2017/event_wind/README_HYDROMT_DATA_CATALOGS.md | exists=False
/proj/zefflab/projects/Flooding/Data/harris_county/catalogs/events/harvey_2017_full/event_wind/README_HYDROMT_DATA_CATALOGS.md -> /users/e/p/epsilon/Data/Data/harris_county/catalogs/events/harvey_2017_full/event_wind/README_HYDROMT_DATA_CATALOGS.md | exists=False
/proj/zefflab/projects/Flooding/Data/harris_county/catalogs/events/harvey_2017_mrms/_manifests/boundary_table_audit/README_HYDROMT_DATA_CATALOGS.md -> /users/e/p/epsilon/Data/Data/harris_county/catalogs/events/harvey_2017_mrms/_manifests/boundary_table_audit/README_HYDROMT_DATA_CATALOGS.md | exists=False
/proj/zefflab/projects/Flooding/Data/harris_county/catalogs/events/harvey_2017_mrms/event_validation_lines/reviewed_crs_lines/review_figures/README_HYDROMT_DATA_CATALOGS.md -> /users/e/p/epsilon/Data/Data/harris_county/catalogs/events/harvey_2017_mrms/event_validation_lines/reviewed_crs_lines/review_figures/README_HYDROMT_DATA_CATALOGS.md | exists=False
/proj/zefflab/projects/Flooding/Data/harris_county/catalogs/events/harvey_2017_ppe/restarts/README_HYDROMT_DATA_CATALOGS.md -> /users/e/p/epsilon/Data/Data/harris_county/catalogs/events/harvey_2017_ppe/restarts/README_HYDROMT_DATA_CATALOGS.md | exists=False
/proj/zefflab/projects/Flooding/Data/harris_county/catalogs/events/imelda_2019/event_wind/README_HYDROMT_DATA_CATALOGS.md -> /users/e/p/epsilon/Data/Data/harris_county/catalogs/events/imelda_2019/event_wind/README_HYDROMT_DATA_CATALOGS.md | exists=False
/proj/zefflab/projects/Flooding/Data/harris_county/catalogs/events_reduced/beryl_2024/event_pressure/README_HYDROMT_DATA_CATALOGS.md -> /users/e/p/epsilon/Data/Data/harris_county/catalogs/events_reduced/beryl_2024/event_pressure/README_HYDROMT_DATA_CATALOGS.md | exists=False
/proj/zefflab/projects/Flooding/Data/harris_county/catalogs/events_reduced/beryl_2024/event_wind/README_HYDROMT_DATA_CATALOGS.md -> /users/e/p/epsilon/Data/Data/harris_county/catalogs/events_reduced/beryl_2024/event_wind/README_HYDROMT_DATA_CATALOGS.md | exists=False
/proj/zefflab/projects/Flooding/Data/harris_county/catalogs/events_reduced/harvey_2017/event_wind/README_HYDROMT_DATA_CATALOGS.md -> /users/e/p/epsilon/Data/Data/harris_county/catalogs/events_reduced/harvey_2017/event_wind/README_HYDROMT_DATA_CATALOGS.md | exists=False
/proj/zefflab/projects/Flooding/Data/harris_county/catalogs/events_reduced/harvey_2017_full/event_wind/README_HYDROMT_DATA_CATALOGS.md -> /users/e/p/epsilon/Data/Data/harris_county/catalogs/events_reduced/harvey_2017_full/event_wind/README_HYDROMT_DATA_CATALOGS.md | exists=False
/proj/zefflab/projects/Flooding/Data/harris_county/catalogs/events_reduced/imelda_2019/event_wind/README_HYDROMT_DATA_CATALOGS.md -> /users/e/p/epsilon/Data/Data/harris_county/catalogs/events_reduced/imelda_2019/event_wind/README_HYDROMT_DATA_CATALOGS.md | exists=False
/proj/zefflab/projects/Flooding/Data/harris_county/catalogs/static/harris_county/bathy/README_HYDROMT_DATA_CATALOGS.md -> /users/e/p/epsilon/Data/Data/harris_county/catalogs/static/harris_county/bathy/README_HYDROMT_DATA_CATALOGS.md | exists=False
/proj/zefflab/projects/Flooding/Data/harris_county/catalogs/static/harris_county/boundary_points_static/README_HYDROMT_DATA_CATALOGS.md -> /users/e/p/epsilon/Data/Data/harris_county/catalogs/static/harris_county/boundary_points_static/README_HYDROMT_DATA_CATALOGS.md | exists=False
/proj/zefflab/projects/Flooding/Data/harris_county/catalogs/static/harris_county/curve_number/README_HYDROMT_DATA_CATALOGS.md -> /users/e/p/epsilon/Data/Data/harris_county/catalogs/static/harris_county/curve_number/README_HYDROMT_DATA_CATALOGS.md | exists=False"
/proj/zefflab/projects/Flooding/pipeline/web_launcher/_audit_reports/hydromt_yaml_state_audit_20260612_183544.txt,81,OLD_PROJ_DATA_ROOT,LIKELY_DOC_OR_LINK,,- /proj/zefflab/projects/Flooding/Data/harris_county/catalogs/events_reduced/harvey_2017/event_wind/README_HYDROMT_DATA_CATALOGS.md,"/proj/zefflab/projects/Flooding/Data/harris_county/catalogs/_yaml_backups/hydromt_yaml_backup_20260612_181807/event_hydromt_data_old.yml -> /users/e/p/epsilon/Data/Data/harris_county/catalogs/_yaml_backups/hydromt_yaml_backup_20260612_181807/event_hydromt_data_old.yml | exists=False
/proj/zefflab/projects/Flooding/Data/harris_county/catalogs/_yaml_backups/hydromt_yaml_backup_20260612_181807/static_hydromt_data_old.yml -> /users/e/p/epsilon/Data/Data/harris_county/catalogs/_yaml_backups/hydromt_yaml_backup_20260612_181807/static_hydromt_data_old.yml | exists=False
/proj/zefflab/projects/Flooding/Data/harris_county/catalogs/events/harvey_2017/event_wind/README_HYDROMT_DATA_CATALOGS.md -> /users/e/p/epsilon/Data/Data/harris_county/catalogs/events/harvey_2017/event_wind/README_HYDROMT_DATA_CATALOGS.md | exists=False
/proj/zefflab/projects/Flooding/Data/harris_county/catalogs/events/harvey_2017_full/event_wind/README_HYDROMT_DATA_CATALOGS.md -> /users/e/p/epsilon/Data/Data/harris_county/catalogs/events/harvey_2017_full/event_wind/README_HYDROMT_DATA_CATALOGS.md | exists=False
/proj/zefflab/projects/Flooding/Data/harris_county/catalogs/events/harvey_2017_mrms/_manifests/boundary_table_audit/README_HYDROMT_DATA_CATALOGS.md -> /users/e/p/epsilon/Data/Data/harris_county/catalogs/events/harvey_2017_mrms/_manifests/boundary_table_audit/README_HYDROMT_DATA_CATALOGS.md | exists=False
/proj/zefflab/projects/Flooding/Data/harris_county/catalogs/events/harvey_2017_mrms/event_validation_lines/reviewed_crs_lines/review_figures/README_HYDROMT_DATA_CATALOGS.md -> /users/e/p/epsilon/Data/Data/harris_county/catalogs/events/harvey_2017_mrms/event_validation_lines/reviewed_crs_lines/review_figures/README_HYDROMT_DATA_CATALOGS.md | exists=False
/proj/zefflab/projects/Flooding/Data/harris_county/catalogs/events/harvey_2017_ppe/restarts/README_HYDROMT_DATA_CATALOGS.md -> /users/e/p/epsilon/Data/Data/harris_county/catalogs/events/harvey_2017_ppe/restarts/README_HYDROMT_DATA_CATALOGS.md | exists=False
/proj/zefflab/projects/Flooding/Data/harris_county/catalogs/events/imelda_2019/event_wind/README_HYDROMT_DATA_CATALOGS.md -> /users/e/p/epsilon/Data/Data/harris_county/catalogs/events/imelda_2019/event_wind/README_HYDROMT_DATA_CATALOGS.md | exists=False
/proj/zefflab/projects/Flooding/Data/harris_county/catalogs/events_reduced/beryl_2024/event_pressure/README_HYDROMT_DATA_CATALOGS.md -> /users/e/p/epsilon/Data/Data/harris_county/catalogs/events_reduced/beryl_2024/event_pressure/README_HYDROMT_DATA_CATALOGS.md | exists=False
/proj/zefflab/projects/Flooding/Data/harris_county/catalogs/events_reduced/beryl_2024/event_wind/README_HYDROMT_DATA_CATALOGS.md -> /users/e/p/epsilon/Data/Data/harris_county/catalogs/events_reduced/beryl_2024/event_wind/README_HYDROMT_DATA_CATALOGS.md | exists=False
/proj/zefflab/projects/Flooding/Data/harris_county/catalogs/events_reduced/harvey_2017/event_wind/README_HYDROMT_DATA_CATALOGS.md -> /users/e/p/epsilon/Data/Data/harris_county/catalogs/events_reduced/harvey_2017/event_wind/README_HYDROMT_DATA_CATALOGS.md | exists=False
/proj/zefflab/projects/Flooding/Data/harris_county/catalogs/events_reduced/harvey_2017_full/event_wind/README_HYDROMT_DATA_CATALOGS.md -> /users/e/p/epsilon/Data/Data/harris_county/catalogs/events_reduced/harvey_2017_full/event_wind/README_HYDROMT_DATA_CATALOGS.md | exists=False
/proj/zefflab/projects/Flooding/Data/harris_county/catalogs/events_reduced/imelda_2019/event_wind/README_HYDROMT_DATA_CATALOGS.md -> /users/e/p/epsilon/Data/Data/harris_county/catalogs/events_reduced/imelda_2019/event_wind/README_HYDROMT_DATA_CATALOGS.md | exists=False
/proj/zefflab/projects/Flooding/Data/harris_county/catalogs/static/harris_county/bathy/README_HYDROMT_DATA_CATALOGS.md -> /users/e/p/epsilon/Data/Data/harris_county/catalogs/static/harris_county/bathy/README_HYDROMT_DATA_CATALOGS.md | exists=False
/proj/zefflab/projects/Flooding/Data/harris_county/catalogs/static/harris_county/boundary_points_static/README_HYDROMT_DATA_CATALOGS.md -> /users/e/p/epsilon/Data/Data/harris_county/catalogs/static/harris_county/boundary_points_static/README_HYDROMT_DATA_CATALOGS.md | exists=False
/proj/zefflab/projects/Flooding/Data/harris_county/catalogs/static/harris_county/curve_number/README_HYDROMT_DATA_CATALOGS.md -> /users/e/p/epsilon/Data/Data/harris_county/catalogs/static/harris_county/curve_number/README_HYDROMT_DATA_CATALOGS.md | exists=False"
/proj/zefflab/projects/Flooding/pipeline/web_launcher/_audit_reports/hydromt_yaml_state_audit_20260612_183544.txt,82,OLD_PROJ_DATA_ROOT,LIKELY_DOC_OR_LINK,,- /proj/zefflab/projects/Flooding/Data/harris_county/catalogs/events_reduced/harvey_2017_full/event_wind/README_HYDROMT_DATA_CATALOGS.md,"/proj/zefflab/projects/Flooding/Data/harris_county/catalogs/_yaml_backups/hydromt_yaml_backup_20260612_181807/event_hydromt_data_old.yml -> /users/e/p/epsilon/Data/Data/harris_county/catalogs/_yaml_backups/hydromt_yaml_backup_20260612_181807/event_hydromt_data_old.yml | exists=False
/proj/zefflab/projects/Flooding/Data/harris_county/catalogs/_yaml_backups/hydromt_yaml_backup_20260612_181807/static_hydromt_data_old.yml -> /users/e/p/epsilon/Data/Data/harris_county/catalogs/_yaml_backups/hydromt_yaml_backup_20260612_181807/static_hydromt_data_old.yml | exists=False
/proj/zefflab/projects/Flooding/Data/harris_county/catalogs/events/harvey_2017_full/event_wind/README_HYDROMT_DATA_CATALOGS.md -> /users/e/p/epsilon/Data/Data/harris_county/catalogs/events/harvey_2017_full/event_wind/README_HYDROMT_DATA_CATALOGS.md | exists=False
/proj/zefflab/projects/Flooding/Data/harris_county/catalogs/events/harvey_2017_mrms/_manifests/boundary_table_audit/README_HYDROMT_DATA_CATALOGS.md -> /users/e/p/epsilon/Data/Data/harris_county/catalogs/events/harvey_2017_mrms/_manifests/boundary_table_audit/README_HYDROMT_DATA_CATALOGS.md | exists=False
/proj/zefflab/projects/Flooding/Data/harris_county/catalogs/events/harvey_2017_mrms/event_metadata/hydromt_data.yml -> /users/e/p/epsilon/Data/Data/harris_county/catalogs/events/harvey_2017_mrms/event_metadata/hydromt_data.yml | exists=False
/proj/zefflab/projects/Flooding/Data/harris_county/catalogs/events/harvey_2017_mrms/event_validation_lines/reviewed_crs_lines/review_figures/README_HYDROMT_DATA_CATALOGS.md -> /users/e/p/epsilon/Data/Data/harris_county/catalogs/events/harvey_2017_mrms/event_validation_lines/reviewed_crs_lines/review_figures/README_HYDROMT_DATA_CATALOGS.md | exists=False
/proj/zefflab/projects/Flooding/Data/harris_county/catalogs/events/harvey_2017_ppe/restarts/README_HYDROMT_DATA_CATALOGS.md -> /users/e/p/epsilon/Data/Data/harris_county/catalogs/events/harvey_2017_ppe/restarts/README_HYDROMT_DATA_CATALOGS.md | exists=False
/proj/zefflab/projects/Flooding/Data/harris_county/catalogs/events/imelda_2019/event_wind/README_HYDROMT_DATA_CATALOGS.md -> /users/e/p/epsilon/Data/Data/harris_county/catalogs/events/imelda_2019/event_wind/README_HYDROMT_DATA_CATALOGS.md | exists=False
/proj/zefflab/projects/Flooding/Data/harris_county/catalogs/events_reduced/beryl_2024/event_pressure/README_HYDROMT_DATA_CATALOGS.md -> /users/e/p/epsilon/Data/Data/harris_county/catalogs/events_reduced/beryl_2024/event_pressure/README_HYDROMT_DATA_CATALOGS.md | exists=False
/proj/zefflab/projects/Flooding/Data/harris_county/catalogs/events_reduced/beryl_2024/event_wind/README_HYDROMT_DATA_CATALOGS.md -> /users/e/p/epsilon/Data/Data/harris_county/catalogs/events_reduced/beryl_2024/event_wind/README_HYDROMT_DATA_CATALOGS.md | exists=False
/proj/zefflab/projects/Flooding/Data/harris_county/catalogs/events_reduced/harvey_2017/event_wind/README_HYDROMT_DATA_CATALOGS.md -> /users/e/p/epsilon/Data/Data/harris_county/catalogs/events_reduced/harvey_2017/event_wind/README_HYDROMT_DATA_CATALOGS.md | exists=False
/proj/zefflab/projects/Flooding/Data/harris_county/catalogs/events_reduced/harvey_2017_full/event_wind/README_HYDROMT_DATA_CATALOGS.md -> /users/e/p/epsilon/Data/Data/harris_county/catalogs/events_reduced/harvey_2017_full/event_wind/README_HYDROMT_DATA_CATALOGS.md | exists=False
/proj/zefflab/projects/Flooding/Data/harris_county/catalogs/events_reduced/imelda_2019/event_wind/README_HYDROMT_DATA_CATALOGS.md -> /users/e/p/epsilon/Data/Data/harris_county/catalogs/events_reduced/imelda_2019/event_wind/README_HYDROMT_DATA_CATALOGS.md | exists=False
/proj/zefflab/projects/Flooding/Data/harris_county/catalogs/static/harris_county/bathy/README_HYDROMT_DATA_CATALOGS.md -> /users/e/p/epsilon/Data/Data/harris_county/catalogs/static/harris_county/bathy/README_HYDROMT_DATA_CATALOGS.md | exists=False
/proj/zefflab/projects/Flooding/Data/harris_county/catalogs/static/harris_county/boundary_points_static/README_HYDROMT_DATA_CATALOGS.md -> /users/e/p/epsilon/Data/Data/harris_county/catalogs/static/harris_county/boundary_points_static/README_HYDROMT_DATA_CATALOGS.md | exists=False
/proj/zefflab/projects/Flooding/Data/harris_county/catalogs/static/harris_county/curve_number/README_HYDROMT_DATA_CATALOGS.md -> /users/e/p/epsilon/Data/Data/harris_county/catalogs/static/harris_county/curve_number/README_HYDROMT_DATA_CATALOGS.md | exists=False"
/proj/zefflab/projects/Flooding/pipeline/web_launcher/_audit_reports/hydromt_yaml_state_audit_20260612_183544.txt,83,OLD_PROJ_DATA_ROOT,LIKELY_DOC_OR_LINK,,- /proj/zefflab/projects/Flooding/Data/harris_county/catalogs/events_reduced/imelda_2019/event_wind/README_HYDROMT_DATA_CATALOGS.md,"/proj/zefflab/projects/Flooding/Data/harris_county/catalogs/_yaml_backups/hydromt_yaml_backup_20260612_181807/event_hydromt_data_old.yml -> /users/e/p/epsilon/Data/Data/harris_county/catalogs/_yaml_backups/hydromt_yaml_backup_20260612_181807/event_hydromt_data_old.yml | exists=False
/proj/zefflab/projects/Flooding/Data/harris_county/catalogs/_yaml_backups/hydromt_yaml_backup_20260612_181807/static_hydromt_data_old.yml -> /users/e/p/epsilon/Data/Data/harris_county/catalogs/_yaml_backups/hydromt_yaml_backup_20260612_181807/static_hydromt_data_old.yml | exists=False
/proj/zefflab/projects/Flooding/Data/harris_county/catalogs/events/harvey_2017_mrms/_manifests/boundary_table_audit/README_HYDROMT_DATA_CATALOGS.md -> /users/e/p/epsilon/Data/Data/harris_county/catalogs/events/harvey_2017_mrms/_manifests/boundary_table_audit/README_HYDROMT_DATA_CATALOGS.md | exists=False
/proj/zefflab/projects/Flooding/Data/harris_county/catalogs/events/harvey_2017_mrms/event_metadata/hydromt_data.yml -> /users/e/p/epsilon/Data/Data/harris_county/catalogs/events/harvey_2017_mrms/event_metadata/hydromt_data.yml | exists=False
/proj/zefflab/projects/Flooding/Data/harris_county/catalogs/events/harvey_2017_mrms/event_validation_lines/reviewed_crs_lines/review_figures/README_HYDROMT_DATA_CATALOGS.md -> /users/e/p/epsilon/Data/Data/harris_county/catalogs/events/harvey_2017_mrms/event_validation_lines/reviewed_crs_lines/review_figures/README_HYDROMT_DATA_CATALOGS.md | exists=False
/proj/zefflab/projects/Flooding/Data/harris_county/catalogs/events/harvey_2017_ppe/restarts/README_HYDROMT_DATA_CATALOGS.md -> /users/e/p/epsilon/Data/Data/harris_county/catalogs/events/harvey_2017_ppe/restarts/README_HYDROMT_DATA_CATALOGS.md | exists=False
/proj/zefflab/projects/Flooding/Data/harris_county/catalogs/events/imelda_2019/event_wind/README_HYDROMT_DATA_CATALOGS.md -> /users/e/p/epsilon/Data/Data/harris_county/catalogs/events/imelda_2019/event_wind/README_HYDROMT_DATA_CATALOGS.md | exists=False
/proj/zefflab/projects/Flooding/Data/harris_county/catalogs/events_reduced/beryl_2024/event_pressure/README_HYDROMT_DATA_CATALOGS.md -> /users/e/p/epsilon/Data/Data/harris_county/catalogs/events_reduced/beryl_2024/event_pressure/README_HYDROMT_DATA_CATALOGS.md | exists=False
/proj/zefflab/projects/Flooding/Data/harris_county/catalogs/events_reduced/beryl_2024/event_wind/README_HYDROMT_DATA_CATALOGS.md -> /users/e/p/epsilon/Data/Data/harris_county/catalogs/events_reduced/beryl_2024/event_wind/README_HYDROMT_DATA_CATALOGS.md | exists=False
/proj/zefflab/projects/Flooding/Data/harris_county/catalogs/events_reduced/harvey_2017/event_wind/README_HYDROMT_DATA_CATALOGS.md -> /users/e/p/epsilon/Data/Data/harris_county/catalogs/events_reduced/harvey_2017/event_wind/README_HYDROMT_DATA_CATALOGS.md | exists=False
/proj/zefflab/projects/Flooding/Data/harris_county/catalogs/events_reduced/harvey_2017_full/event_wind/README_HYDROMT_DATA_CATALOGS.md -> /users/e/p/epsilon/Data/Data/harris_county/catalogs/events_reduced/harvey_2017_full/event_wind/README_HYDROMT_DATA_CATALOGS.md | exists=False
/proj/zefflab/projects/Flooding/Data/harris_county/catalogs/events_reduced/imelda_2019/event_wind/README_HYDROMT_DATA_CATALOGS.md -> /users/e/p/epsilon/Data/Data/harris_county/catalogs/events_reduced/imelda_2019/event_wind/README_HYDROMT_DATA_CATALOGS.md | exists=False
/proj/zefflab/projects/Flooding/Data/harris_county/catalogs/static/harris_county/bathy/README_HYDROMT_DATA_CATALOGS.md -> /users/e/p/epsilon/Data/Data/harris_county/catalogs/static/harris_county/bathy/README_HYDROMT_DATA_CATALOGS.md | exists=False
/proj/zefflab/projects/Flooding/Data/harris_county/catalogs/static/harris_county/boundary_points_static/README_HYDROMT_DATA_CATALOGS.md -> /users/e/p/epsilon/Data/Data/harris_county/catalogs/static/harris_county/boundary_points_static/README_HYDROMT_DATA_CATALOGS.md | exists=False
/proj/zefflab/projects/Flooding/Data/harris_county/catalogs/static/harris_county/curve_number/README_HYDROMT_DATA_CATALOGS.md -> /users/e/p/epsilon/Data/Data/harris_county/catalogs/static/harris_county/curve_number/README_HYDROMT_DATA_CATALOGS.md | exists=False
/proj/zefflab/projects/Flooding/Data/harris_county/catalogs/static/harris_county/static_metadata/hydromt_data.yml -> /users/e/p/epsilon/Data/Data/harris_county/catalogs/static/harris_county/static_metadata/hydromt_data.yml | exists=False"
/proj/zefflab/projects/Flooding/pipeline/web_launcher/_audit_reports/hydromt_yaml_state_audit_20260612_183544.txt,84,OLD_PROJ_DATA_ROOT,LIKELY_DOC_OR_LINK,,- /proj/zefflab/projects/Flooding/Data/harris_county/catalogs/static/harris_county/bathy/README_HYDROMT_DATA_CATALOGS.md,"/proj/zefflab/projects/Flooding/Data/harris_county/catalogs/_yaml_backups/hydromt_yaml_backup_20260612_181807/event_hydromt_data_old.yml -> /users/e/p/epsilon/Data/Data/harris_county/catalogs/_yaml_backups/hydromt_yaml_backup_20260612_181807/event_hydromt_data_old.yml | exists=False
/proj/zefflab/projects/Flooding/Data/harris_county/catalogs/_yaml_backups/hydromt_yaml_backup_20260612_181807/static_hydromt_data_old.yml -> /users/e/p/epsilon/Data/Data/harris_county/catalogs/_yaml_backups/hydromt_yaml_backup_20260612_181807/static_hydromt_data_old.yml | exists=False
/proj/zefflab/projects/Flooding/Data/harris_county/catalogs/events/harvey_2017_mrms/event_metadata/hydromt_data.yml -> /users/e/p/epsilon/Data/Data/harris_county/catalogs/events/harvey_2017_mrms/event_metadata/hydromt_data.yml | exists=False
/proj/zefflab/projects/Flooding/Data/harris_county/catalogs/events/harvey_2017_mrms/event_validation_lines/reviewed_crs_lines/review_figures/README_HYDROMT_DATA_CATALOGS.md -> /users/e/p/epsilon/Data/Data/harris_county/catalogs/events/harvey_2017_mrms/event_validation_lines/reviewed_crs_lines/review_figures/README_HYDROMT_DATA_CATALOGS.md | exists=False
/proj/zefflab/projects/Flooding/Data/harris_county/catalogs/events/harvey_2017_ppe/restarts/README_HYDROMT_DATA_CATALOGS.md -> /users/e/p/epsilon/Data/Data/harris_county/catalogs/events/harvey_2017_ppe/restarts/README_HYDROMT_DATA_CATALOGS.md | exists=False
/proj/zefflab/projects/Flooding/Data/harris_county/catalogs/events/imelda_2019/event_wind/README_HYDROMT_DATA_CATALOGS.md -> /users/e/p/epsilon/Data/Data/harris_county/catalogs/events/imelda_2019/event_wind/README_HYDROMT_DATA_CATALOGS.md | exists=False
/proj/zefflab/projects/Flooding/Data/harris_county/catalogs/events_reduced/beryl_2024/event_pressure/README_HYDROMT_DATA_CATALOGS.md -> /users/e/p/epsilon/Data/Data/harris_county/catalogs/events_reduced/beryl_2024/event_pressure/README_HYDROMT_DATA_CATALOGS.md | exists=False
/proj/zefflab/projects/Flooding/Data/harris_county/catalogs/events_reduced/beryl_2024/event_wind/README_HYDROMT_DATA_CATALOGS.md -> /users/e/p/epsilon/Data/Data/harris_county/catalogs/events_reduced/beryl_2024/event_wind/README_HYDROMT_DATA_CATALOGS.md | exists=False
/proj/zefflab/projects/Flooding/Data/harris_county/catalogs/events_reduced/harvey_2017/event_wind/README_HYDROMT_DATA_CATALOGS.md -> /users/e/p/epsilon/Data/Data/harris_county/catalogs/events_reduced/harvey_2017/event_wind/README_HYDROMT_DATA_CATALOGS.md | exists=False
/proj/zefflab/projects/Flooding/Data/harris_county/catalogs/events_reduced/harvey_2017_full/event_wind/README_HYDROMT_DATA_CATALOGS.md -> /users/e/p/epsilon/Data/Data/harris_county/catalogs/events_reduced/harvey_2017_full/event_wind/README_HYDROMT_DATA_CATALOGS.md | exists=False
/proj/zefflab/projects/Flooding/Data/harris_county/catalogs/events_reduced/imelda_2019/event_wind/README_HYDROMT_DATA_CATALOGS.md -> /users/e/p/epsilon/Data/Data/harris_county/catalogs/events_reduced/imelda_2019/event_wind/README_HYDROMT_DATA_CATALOGS.md | exists=False
/proj/zefflab/projects/Flooding/Data/harris_county/catalogs/static/harris_county/bathy/README_HYDROMT_DATA_CATALOGS.md -> /users/e/p/epsilon/Data/Data/harris_county/catalogs/static/harris_county/bathy/README_HYDROMT_DATA_CATALOGS.md | exists=False
/proj/zefflab/projects/Flooding/Data/harris_county/catalogs/static/harris_county/boundary_points_static/README_HYDROMT_DATA_CATALOGS.md -> /users/e/p/epsilon/Data/Data/harris_county/catalogs/static/harris_county/boundary_points_static/README_HYDROMT_DATA_CATALOGS.md | exists=False
/proj/zefflab/projects/Flooding/Data/harris_county/catalogs/static/harris_county/curve_number/README_HYDROMT_DATA_CATALOGS.md -> /users/e/p/epsilon/Data/Data/harris_county/catalogs/static/harris_county/curve_number/README_HYDROMT_DATA_CATALOGS.md | exists=False
/proj/zefflab/projects/Flooding/Data/harris_county/catalogs/static/harris_county/static_metadata/hydromt_data.yml -> /users/e/p/epsilon/Data/Data/harris_county/catalogs/static/harris_county/static_metadata/hydromt_data.yml | exists=False"
/proj/zefflab/projects/Flooding/pipeline/web_launcher/_audit_reports/hydromt_yaml_state_audit_20260612_183544.txt,85,OLD_PROJ_DATA_ROOT,LIKELY_DOC_OR_LINK,,- /proj/zefflab/projects/Flooding/Data/harris_county/catalogs/static/harris_county/boundary_points_static/README_HYDROMT_DATA_CATALOGS.md,"/proj/zefflab/projects/Flooding/Data/harris_county/catalogs/_yaml_backups/hydromt_yaml_backup_20260612_181807/event_hydromt_data_old.yml -> /users/e/p/epsilon/Data/Data/harris_county/catalogs/_yaml_backups/hydromt_yaml_backup_20260612_181807/event_hydromt_data_old.yml | exists=False
/proj/zefflab/projects/Flooding/Data/harris_county/catalogs/_yaml_backups/hydromt_yaml_backup_20260612_181807/static_hydromt_data_old.yml -> /users/e/p/epsilon/Data/Data/harris_county/catalogs/_yaml_backups/hydromt_yaml_backup_20260612_181807/static_hydromt_data_old.yml | exists=False
/proj/zefflab/projects/Flooding/Data/harris_county/catalogs/events/harvey_2017_mrms/event_metadata/hydromt_data.yml -> /users/e/p/epsilon/Data/Data/harris_county/catalogs/events/harvey_2017_mrms/event_metadata/hydromt_data.yml | exists=False
/proj/zefflab/projects/Flooding/Data/harris_county/catalogs/events/harvey_2017_ppe/restarts/README_HYDROMT_DATA_CATALOGS.md -> /users/e/p/epsilon/Data/Data/harris_county/catalogs/events/harvey_2017_ppe/restarts/README_HYDROMT_DATA_CATALOGS.md | exists=False
/proj/zefflab/projects/Flooding/Data/harris_county/catalogs/events/imelda_2019/event_wind/README_HYDROMT_DATA_CATALOGS.md -> /users/e/p/epsilon/Data/Data/harris_county/catalogs/events/imelda_2019/event_wind/README_HYDROMT_DATA_CATALOGS.md | exists=False
/proj/zefflab/projects/Flooding/Data/harris_county/catalogs/events_reduced/beryl_2024/event_pressure/README_HYDROMT_DATA_CATALOGS.md -> /users/e/p/epsilon/Data/Data/harris_county/catalogs/events_reduced/beryl_2024/event_pressure/README_HYDROMT_DATA_CATALOGS.md | exists=False
/proj/zefflab/projects/Flooding/Data/harris_county/catalogs/events_reduced/beryl_2024/event_wind/README_HYDROMT_DATA_CATALOGS.md -> /users/e/p/epsilon/Data/Data/harris_county/catalogs/events_reduced/beryl_2024/event_wind/README_HYDROMT_DATA_CATALOGS.md | exists=False
/proj/zefflab/projects/Flooding/Data/harris_county/catalogs/events_reduced/harvey_2017/event_wind/README_HYDROMT_DATA_CATALOGS.md -> /users/e/p/epsilon/Data/Data/harris_county/catalogs/events_reduced/harvey_2017/event_wind/README_HYDROMT_DATA_CATALOGS.md | exists=False
/proj/zefflab/projects/Flooding/Data/harris_county/catalogs/events_reduced/harvey_2017_full/event_wind/README_HYDROMT_DATA_CATALOGS.md -> /users/e/p/epsilon/Data/Data/harris_county/catalogs/events_reduced/harvey_2017_full/event_wind/README_HYDROMT_DATA_CATALOGS.md | exists=False
/proj/zefflab/projects/Flooding/Data/harris_county/catalogs/events_reduced/imelda_2019/event_wind/README_HYDROMT_DATA_CATALOGS.md -> /users/e/p/epsilon/Data/Data/harris_county/catalogs/events_reduced/imelda_2019/event_wind/README_HYDROMT_DATA_CATALOGS.md | exists=False
/proj/zefflab/projects/Flooding/Data/harris_county/catalogs/static/harris_county/bathy/README_HYDROMT_DATA_CATALOGS.md -> /users/e/p/epsilon/Data/Data/harris_county/catalogs/static/harris_county/bathy/README_HYDROMT_DATA_CATALOGS.md | exists=False
/proj/zefflab/projects/Flooding/Data/harris_county/catalogs/static/harris_county/boundary_points_static/README_HYDROMT_DATA_CATALOGS.md -> /users/e/p/epsilon/Data/Data/harris_county/catalogs/static/harris_county/boundary_points_static/README_HYDROMT_DATA_CATALOGS.md | exists=False
/proj/zefflab/projects/Flooding/Data/harris_county/catalogs/static/harris_county/curve_number/README_HYDROMT_DATA_CATALOGS.md -> /users/e/p/epsilon/Data/Data/harris_county/catalogs/static/harris_county/curve_number/README_HYDROMT_DATA_CATALOGS.md | exists=False
/proj/zefflab/projects/Flooding/Data/harris_county/catalogs/static/harris_county/static_metadata/hydromt_data.yml -> /users/e/p/epsilon/Data/Data/harris_county/catalogs/static/harris_county/static_metadata/hydromt_data.yml | exists=False"
/proj/zefflab/projects/Flooding/pipeline/web_launcher/_audit_reports/hydromt_yaml_state_audit_20260612_183544.txt,86,OLD_PROJ_DATA_ROOT,LIKELY_DOC_OR_LINK,,- /proj/zefflab/projects/Flooding/Data/harris_county/catalogs/static/harris_county/curve_number/README_HYDROMT_DATA_CATALOGS.md,"/proj/zefflab/projects/Flooding/Data/harris_county/catalogs/_yaml_backups/hydromt_yaml_backup_20260612_181807/event_hydromt_data_old.yml -> /users/e/p/epsilon/Data/Data/harris_county/catalogs/_yaml_backups/hydromt_yaml_backup_20260612_181807/event_hydromt_data_old.yml | exists=False
/proj/zefflab/projects/Flooding/Data/harris_county/catalogs/_yaml_backups/hydromt_yaml_backup_20260612_181807/static_hydromt_data_old.yml -> /users/e/p/epsilon/Data/Data/harris_county/catalogs/_yaml_backups/hydromt_yaml_backup_20260612_181807/static_hydromt_data_old.yml | exists=False
/proj/zefflab/projects/Flooding/Data/harris_county/catalogs/events/harvey_2017_mrms/event_metadata/hydromt_data.yml -> /users/e/p/epsilon/Data/Data/harris_county/catalogs/events/harvey_2017_mrms/event_metadata/hydromt_data.yml | exists=False
/proj/zefflab/projects/Flooding/Data/harris_county/catalogs/events/imelda_2019/event_wind/README_HYDROMT_DATA_CATALOGS.md -> /users/e/p/epsilon/Data/Data/harris_county/catalogs/events/imelda_2019/event_wind/README_HYDROMT_DATA_CATALOGS.md | exists=False
/proj/zefflab/projects/Flooding/Data/harris_county/catalogs/events_reduced/beryl_2024/event_pressure/README_HYDROMT_DATA_CATALOGS.md -> /users/e/p/epsilon/Data/Data/harris_county/catalogs/events_reduced/beryl_2024/event_pressure/README_HYDROMT_DATA_CATALOGS.md | exists=False
/proj/zefflab/projects/Flooding/Data/harris_county/catalogs/events_reduced/beryl_2024/event_wind/README_HYDROMT_DATA_CATALOGS.md -> /users/e/p/epsilon/Data/Data/harris_county/catalogs/events_reduced/beryl_2024/event_wind/README_HYDROMT_DATA_CATALOGS.md | exists=False
/proj/zefflab/projects/Flooding/Data/harris_county/catalogs/events_reduced/harvey_2017/event_wind/README_HYDROMT_DATA_CATALOGS.md -> /users/e/p/epsilon/Data/Data/harris_county/catalogs/events_reduced/harvey_2017/event_wind/README_HYDROMT_DATA_CATALOGS.md | exists=False
/proj/zefflab/projects/Flooding/Data/harris_county/catalogs/events_reduced/harvey_2017_full/event_wind/README_HYDROMT_DATA_CATALOGS.md -> /users/e/p/epsilon/Data/Data/harris_county/catalogs/events_reduced/harvey_2017_full/event_wind/README_HYDROMT_DATA_CATALOGS.md | exists=False
/proj/zefflab/projects/Flooding/Data/harris_county/catalogs/events_reduced/imelda_2019/event_wind/README_HYDROMT_DATA_CATALOGS.md -> /users/e/p/epsilon/Data/Data/harris_county/catalogs/events_reduced/imelda_2019/event_wind/README_HYDROMT_DATA_CATALOGS.md | exists=False
/proj/zefflab/projects/Flooding/Data/harris_county/catalogs/static/harris_county/bathy/README_HYDROMT_DATA_CATALOGS.md -> /users/e/p/epsilon/Data/Data/harris_county/catalogs/static/harris_county/bathy/README_HYDROMT_DATA_CATALOGS.md | exists=False
/proj/zefflab/projects/Flooding/Data/harris_county/catalogs/static/harris_county/boundary_points_static/README_HYDROMT_DATA_CATALOGS.md -> /users/e/p/epsilon/Data/Data/harris_county/catalogs/static/harris_county/boundary_points_static/README_HYDROMT_DATA_CATALOGS.md | exists=False
/proj/zefflab/projects/Flooding/Data/harris_county/catalogs/static/harris_county/curve_number/README_HYDROMT_DATA_CATALOGS.md -> /users/e/p/epsilon/Data/Data/harris_county/catalogs/static/harris_county/curve_number/README_HYDROMT_DATA_CATALOGS.md | exists=False
/proj/zefflab/projects/Flooding/Data/harris_county/catalogs/static/harris_county/static_metadata/hydromt_data.yml -> /users/e/p/epsilon/Data/Data/harris_county/catalogs/static/harris_county/static_metadata/hydromt_data.yml | exists=False"
/proj/zefflab/projects/Flooding/pipeline/web_launcher/_audit_reports/hydromt_yaml_state_audit_20260612_183544.txt,88,OLD_PROJ_DATA_ROOT,LIKELY_DOC_OR_LINK,,- /proj/zefflab/projects/Flooding/Data/harris_county/catalogs/_yaml_backups/hydromt_yaml_backup_20260612_181807/event_hydromt_data_old.yml,"/proj/zefflab/projects/Flooding/Data/harris_county/catalogs/_yaml_backups/hydromt_yaml_backup_20260612_181807/event_hydromt_data_old.yml -> /users/e/p/epsilon/Data/Data/harris_county/catalogs/_yaml_backups/hydromt_yaml_backup_20260612_181807/event_hydromt_data_old.yml | exists=False
/proj/zefflab/projects/Flooding/Data/harris_county/catalogs/_yaml_backups/hydromt_yaml_backup_20260612_181807/static_hydromt_data_old.yml -> /users/e/p/epsilon/Data/Data/harris_county/catalogs/_yaml_backups/hydromt_yaml_backup_20260612_181807/static_hydromt_data_old.yml | exists=False
/proj/zefflab/projects/Flooding/Data/harris_county/catalogs/events/harvey_2017_mrms/event_metadata/hydromt_data.yml -> /users/e/p/epsilon/Data/Data/harris_county/catalogs/events/harvey_2017_mrms/event_metadata/hydromt_data.yml | exists=False
/proj/zefflab/projects/Flooding/Data/harris_county/catalogs/events_reduced/beryl_2024/event_wind/README_HYDROMT_DATA_CATALOGS.md -> /users/e/p/epsilon/Data/Data/harris_county/catalogs/events_reduced/beryl_2024/event_wind/README_HYDROMT_DATA_CATALOGS.md | exists=False
/proj/zefflab/projects/Flooding/Data/harris_county/catalogs/events_reduced/harvey_2017/event_wind/README_HYDROMT_DATA_CATALOGS.md -> /users/e/p/epsilon/Data/Data/harris_county/catalogs/events_reduced/harvey_2017/event_wind/README_HYDROMT_DATA_CATALOGS.md | exists=False
/proj/zefflab/projects/Flooding/Data/harris_county/catalogs/events_reduced/harvey_2017_full/event_wind/README_HYDROMT_DATA_CATALOGS.md -> /users/e/p/epsilon/Data/Data/harris_county/catalogs/events_reduced/harvey_2017_full/event_wind/README_HYDROMT_DATA_CATALOGS.md | exists=False
/proj/zefflab/projects/Flooding/Data/harris_county/catalogs/events_reduced/imelda_2019/event_wind/README_HYDROMT_DATA_CATALOGS.md -> /users/e/p/epsilon/Data/Data/harris_county/catalogs/events_reduced/imelda_2019/event_wind/README_HYDROMT_DATA_CATALOGS.md | exists=False
/proj/zefflab/projects/Flooding/Data/harris_county/catalogs/static/harris_county/bathy/README_HYDROMT_DATA_CATALOGS.md -> /users/e/p/epsilon/Data/Data/harris_county/catalogs/static/harris_county/bathy/README_HYDROMT_DATA_CATALOGS.md | exists=False
/proj/zefflab/projects/Flooding/Data/harris_county/catalogs/static/harris_county/boundary_points_static/README_HYDROMT_DATA_CATALOGS.md -> /users/e/p/epsilon/Data/Data/harris_county/catalogs/static/harris_county/boundary_points_static/README_HYDROMT_DATA_CATALOGS.md | exists=False
/proj/zefflab/projects/Flooding/Data/harris_county/catalogs/static/harris_county/curve_number/README_HYDROMT_DATA_CATALOGS.md -> /users/e/p/epsilon/Data/Data/harris_county/catalogs/static/harris_county/curve_number/README_HYDROMT_DATA_CATALOGS.md | exists=False
/proj/zefflab/projects/Flooding/Data/harris_county/catalogs/static/harris_county/static_metadata/hydromt_data.yml -> /users/e/p/epsilon/Data/Data/harris_county/catalogs/static/harris_county/static_metadata/hydromt_data.yml | exists=False"
/proj/zefflab/projects/Flooding/pipeline/web_launcher/_audit_reports/hydromt_yaml_state_audit_20260612_183544.txt,89,OLD_PROJ_DATA_ROOT,LIKELY_DOC_OR_LINK,,- /proj/zefflab/projects/Flooding/Data/harris_county/catalogs/_yaml_backups/hydromt_yaml_backup_20260612_181807/static_hydromt_data_old.yml,"/proj/zefflab/projects/Flooding/Data/harris_county/catalogs/_yaml_backups/hydromt_yaml_backup_20260612_181807/event_hydromt_data_old.yml -> /users/e/p/epsilon/Data/Data/harris_county/catalogs/_yaml_backups/hydromt_yaml_backup_20260612_181807/event_hydromt_data_old.yml | exists=False
/proj/zefflab/projects/Flooding/Data/harris_county/catalogs/_yaml_backups/hydromt_yaml_backup_20260612_181807/static_hydromt_data_old.yml -> /users/e/p/epsilon/Data/Data/harris_county/catalogs/_yaml_backups/hydromt_yaml_backup_20260612_181807/static_hydromt_data_old.yml | exists=False
/proj/zefflab/projects/Flooding/Data/harris_county/catalogs/events/harvey_2017_mrms/event_metadata/hydromt_data.yml -> /users/e/p/epsilon/Data/Data/harris_county/catalogs/events/harvey_2017_mrms/event_metadata/hydromt_data.yml | exists=False
/proj/zefflab/projects/Flooding/Data/harris_county/catalogs/events_reduced/harvey_2017/event_wind/README_HYDROMT_DATA_CATALOGS.md -> /users/e/p/epsilon/Data/Data/harris_county/catalogs/events_reduced/harvey_2017/event_wind/README_HYDROMT_DATA_CATALOGS.md | exists=False
/proj/zefflab/projects/Flooding/Data/harris_county/catalogs/events_reduced/harvey_2017_full/event_wind/README_HYDROMT_DATA_CATALOGS.md -> /users/e/p/epsilon/Data/Data/harris_county/catalogs/events_reduced/harvey_2017_full/event_wind/README_HYDROMT_DATA_CATALOGS.md | exists=False
/proj/zefflab/projects/Flooding/Data/harris_county/catalogs/events_reduced/imelda_2019/event_wind/README_HYDROMT_DATA_CATALOGS.md -> /users/e/p/epsilon/Data/Data/harris_county/catalogs/events_reduced/imelda_2019/event_wind/README_HYDROMT_DATA_CATALOGS.md | exists=False
/proj/zefflab/projects/Flooding/Data/harris_county/catalogs/static/harris_county/bathy/README_HYDROMT_DATA_CATALOGS.md -> /users/e/p/epsilon/Data/Data/harris_county/catalogs/static/harris_county/bathy/README_HYDROMT_DATA_CATALOGS.md | exists=False
/proj/zefflab/projects/Flooding/Data/harris_county/catalogs/static/harris_county/boundary_points_static/README_HYDROMT_DATA_CATALOGS.md -> /users/e/p/epsilon/Data/Data/harris_county/catalogs/static/harris_county/boundary_points_static/README_HYDROMT_DATA_CATALOGS.md | exists=False
/proj/zefflab/projects/Flooding/Data/harris_county/catalogs/static/harris_county/curve_number/README_HYDROMT_DATA_CATALOGS.md -> /users/e/p/epsilon/Data/Data/harris_county/catalogs/static/harris_county/curve_number/README_HYDROMT_DATA_CATALOGS.md | exists=False
/proj/zefflab/projects/Flooding/Data/harris_county/catalogs/static/harris_county/static_metadata/hydromt_data.yml -> /users/e/p/epsilon/Data/Data/harris_county/catalogs/static/harris_county/static_metadata/hydromt_data.yml | exists=False"
/proj/zefflab/projects/Flooding/pipeline/web_launcher/_audit_reports/hydromt_yaml_state_audit_20260612_183544.txt,90,OLD_PROJ_DATA_ROOT,LIKELY_DOC_OR_LINK,,- /proj/zefflab/projects/Flooding/Data/harris_county/catalogs/events/harvey_2017_mrms/event_metadata/hydromt_data.yml,"/proj/zefflab/projects/Flooding/Data/harris_county/catalogs/_yaml_backups/hydromt_yaml_backup_20260612_181807/event_hydromt_data_old.yml -> /users/e/p/epsilon/Data/Data/harris_county/catalogs/_yaml_backups/hydromt_yaml_backup_20260612_181807/event_hydromt_data_old.yml | exists=False
/proj/zefflab/projects/Flooding/Data/harris_county/catalogs/_yaml_backups/hydromt_yaml_backup_20260612_181807/static_hydromt_data_old.yml -> /users/e/p/epsilon/Data/Data/harris_county/catalogs/_yaml_backups/hydromt_yaml_backup_20260612_181807/static_hydromt_data_old.yml | exists=False
/proj/zefflab/projects/Flooding/Data/harris_county/catalogs/events/harvey_2017_mrms/event_metadata/hydromt_data.yml -> /users/e/p/epsilon/Data/Data/harris_county/catalogs/events/harvey_2017_mrms/event_metadata/hydromt_data.yml | exists=False
/proj/zefflab/projects/Flooding/Data/harris_county/catalogs/events_reduced/harvey_2017_full/event_wind/README_HYDROMT_DATA_CATALOGS.md -> /users/e/p/epsilon/Data/Data/harris_county/catalogs/events_reduced/harvey_2017_full/event_wind/README_HYDROMT_DATA_CATALOGS.md | exists=False
/proj/zefflab/projects/Flooding/Data/harris_county/catalogs/events_reduced/imelda_2019/event_wind/README_HYDROMT_DATA_CATALOGS.md -> /users/e/p/epsilon/Data/Data/harris_county/catalogs/events_reduced/imelda_2019/event_wind/README_HYDROMT_DATA_CATALOGS.md | exists=False
/proj/zefflab/projects/Flooding/Data/harris_county/catalogs/static/harris_county/bathy/README_HYDROMT_DATA_CATALOGS.md -> /users/e/p/epsilon/Data/Data/harris_county/catalogs/static/harris_county/bathy/README_HYDROMT_DATA_CATALOGS.md | exists=False
/proj/zefflab/projects/Flooding/Data/harris_county/catalogs/static/harris_county/boundary_points_static/README_HYDROMT_DATA_CATALOGS.md -> /users/e/p/epsilon/Data/Data/harris_county/catalogs/static/harris_county/boundary_points_static/README_HYDROMT_DATA_CATALOGS.md | exists=False
/proj/zefflab/projects/Flooding/Data/harris_county/catalogs/static/harris_county/curve_number/README_HYDROMT_DATA_CATALOGS.md -> /users/e/p/epsilon/Data/Data/harris_county/catalogs/static/harris_county/curve_number/README_HYDROMT_DATA_CATALOGS.md | exists=False
/proj/zefflab/projects/Flooding/Data/harris_county/catalogs/static/harris_county/static_metadata/hydromt_data.yml -> /users/e/p/epsilon/Data/Data/harris_county/catalogs/static/harris_county/static_metadata/hydromt_data.yml | exists=False"
/proj/zefflab/projects/Flooding/pipeline/web_launcher/_audit_reports/hydromt_yaml_state_audit_20260612_183544.txt,91,OLD_PROJ_DATA_ROOT,LIKELY_DOC_OR_LINK,,- /proj/zefflab/projects/Flooding/Data/harris_county/catalogs/static/harris_county/static_metadata/hydromt_data.yml,"/proj/zefflab/projects/Flooding/Data/harris_county/catalogs/_yaml_backups/hydromt_yaml_backup_20260612_181807/event_hydromt_data_old.yml -> /users/e/p/epsilon/Data/Data/harris_county/catalogs/_yaml_backups/hydromt_yaml_backup_20260612_181807/event_hydromt_data_old.yml | exists=False
/proj/zefflab/projects/Flooding/Data/harris_county/catalogs/_yaml_backups/hydromt_yaml_backup_20260612_181807/static_hydromt_data_old.yml -> /users/e/p/epsilon/Data/Data/harris_county/catalogs/_yaml_backups/hydromt_yaml_backup_20260612_181807/static_hydromt_data_old.yml | exists=False
/proj/zefflab/projects/Flooding/Data/harris_county/catalogs/events/harvey_2017_mrms/event_metadata/hydromt_data.yml -> /users/e/p/epsilon/Data/Data/harris_county/catalogs/events/harvey_2017_mrms/event_metadata/hydromt_data.yml | exists=False
/proj/zefflab/projects/Flooding/Data/harris_county/catalogs/events_reduced/imelda_2019/event_wind/README_HYDROMT_DATA_CATALOGS.md -> /users/e/p/epsilon/Data/Data/harris_county/catalogs/events_reduced/imelda_2019/event_wind/README_HYDROMT_DATA_CATALOGS.md | exists=False
/proj/zefflab/projects/Flooding/Data/harris_county/catalogs/static/harris_county/bathy/README_HYDROMT_DATA_CATALOGS.md -> /users/e/p/epsilon/Data/Data/harris_county/catalogs/static/harris_county/bathy/README_HYDROMT_DATA_CATALOGS.md | exists=False
/proj/zefflab/projects/Flooding/Data/harris_county/catalogs/static/harris_county/boundary_points_static/README_HYDROMT_DATA_CATALOGS.md -> /users/e/p/epsilon/Data/Data/harris_county/catalogs/static/harris_county/boundary_points_static/README_HYDROMT_DATA_CATALOGS.md | exists=False
/proj/zefflab/projects/Flooding/Data/harris_county/catalogs/static/harris_county/curve_number/README_HYDROMT_DATA_CATALOGS.md -> /users/e/p/epsilon/Data/Data/harris_county/catalogs/static/harris_county/curve_number/README_HYDROMT_DATA_CATALOGS.md | exists=False
/proj/zefflab/projects/Flooding/Data/harris_county/catalogs/static/harris_county/static_metadata/hydromt_data.yml -> /users/e/p/epsilon/Data/Data/harris_county/catalogs/static/harris_county/static_metadata/hydromt_data.yml | exists=False"
/proj/zefflab/projects/Flooding/pipeline/web_launcher/_audit_reports/backend_hydromt_catalog_audit_20260612_174808.txt,14,OLD_PROJ_DATA_ROOT,UNCLEAR_REVIEW,,OK   STATIC_CATALOG                   dir                /proj/zefflab/projects/Flooding/Data/harris_county/catalogs/static/harris_county,"/proj/zefflab/projects/Flooding/Data/harris_county/catalogs/events/harvey_2017_mrms -> /users/e/p/epsilon/Data/Data/harris_county/catalogs/events/harvey_2017_mrms | exists=True
/proj/zefflab/projects/Flooding/Data/harris_county/catalogs/events/harvey_2017_mrms/event_metadata/hydromt_data.yml -> /users/e/p/epsilon/Data/Data/harris_county/catalogs/events/harvey_2017_mrms/event_metadata/hydromt_data.yml | exists=False
/proj/zefflab/projects/Flooding/Data/harris_county/catalogs/events/harvey_2017_mrms/event_runtime_window/event_runtime_window.csv -> /users/e/p/epsilon/Data/Data/harris_county/catalogs/events/harvey_2017_mrms/event_runtime_window/event_runtime_window.csv | exists=True
/proj/zefflab/projects/Flooding/Data/harris_county/catalogs/static/harris_county -> /users/e/p/epsilon/Data/Data/harris_county/catalogs/static/harris_county | exists=True
/proj/zefflab/projects/Flooding/Data/harris_county/catalogs/static/harris_county/static_metadata/hydromt_data.yml -> /users/e/p/epsilon/Data/Data/harris_county/catalogs/static/harris_county/static_metadata/hydromt_data.yml | exists=False"
/proj/zefflab/projects/Flooding/pipeline/web_launcher/_audit_reports/backend_hydromt_catalog_audit_20260612_174808.txt,15,OLD_PROJ_DATA_ROOT,POSSIBLY_LOAD_BEARING,,OK   EVENT_CATALOG                    dir                /proj/zefflab/projects/Flooding/Data/harris_county/catalogs/events/harvey_2017_mrms,"/proj/zefflab/projects/Flooding/Data/harris_county/catalogs/events/harvey_2017_mrms -> /users/e/p/epsilon/Data/Data/harris_county/catalogs/events/harvey_2017_mrms | exists=True
/proj/zefflab/projects/Flooding/Data/harris_county/catalogs/events/harvey_2017_mrms/event_metadata/hydromt_data.yml -> /users/e/p/epsilon/Data/Data/harris_county/catalogs/events/harvey_2017_mrms/event_metadata/hydromt_data.yml | exists=False
/proj/zefflab/projects/Flooding/Data/harris_county/catalogs/events/harvey_2017_mrms/event_runtime_window/event_runtime_window.csv -> /users/e/p/epsilon/Data/Data/harris_county/catalogs/events/harvey_2017_mrms/event_runtime_window/event_runtime_window.csv | exists=True
/proj/zefflab/projects/Flooding/Data/harris_county/catalogs/static/harris_county -> /users/e/p/epsilon/Data/Data/harris_county/catalogs/static/harris_county | exists=True
/proj/zefflab/projects/Flooding/Data/harris_county/catalogs/static/harris_county/static_metadata/hydromt_data.yml -> /users/e/p/epsilon/Data/Data/harris_county/catalogs/static/harris_county/static_metadata/hydromt_data.yml | exists=False"
/proj/zefflab/projects/Flooding/pipeline/web_launcher/_audit_reports/backend_hydromt_catalog_audit_20260612_174808.txt,16,OLD_PROJ_DATA_ROOT,POSSIBLY_LOAD_BEARING,,OK   STATIC hydromt YAML              file  5370         /proj/zefflab/projects/Flooding/Data/harris_county/catalogs/static/harris_county/static_metadata/hydromt_data.yml,"/proj/zefflab/projects/Flooding/Data/harris_county/catalogs/events/harvey_2017_mrms -> /users/e/p/epsilon/Data/Data/harris_county/catalogs/events/harvey_2017_mrms | exists=True
/proj/zefflab/projects/Flooding/Data/harris_county/catalogs/events/harvey_2017_mrms/event_metadata/hydromt_data.yml -> /users/e/p/epsilon/Data/Data/harris_county/catalogs/events/harvey_2017_mrms/event_metadata/hydromt_data.yml | exists=False
/proj/zefflab/projects/Flooding/Data/harris_county/catalogs/events/harvey_2017_mrms/event_runtime_window/event_runtime_window.csv -> /users/e/p/epsilon/Data/Data/harris_county/catalogs/events/harvey_2017_mrms/event_runtime_window/event_runtime_window.csv | exists=True
/proj/zefflab/projects/Flooding/Data/harris_county/catalogs/static/harris_county -> /users/e/p/epsilon/Data/Data/harris_county/catalogs/static/harris_county | exists=True
/proj/zefflab/projects/Flooding/Data/harris_county/catalogs/static/harris_county/static_metadata/hydromt_data.yml -> /users/e/p/epsilon/Data/Data/harris_county/catalogs/static/harris_county/static_metadata/hydromt_data.yml | exists=False"
/proj/zefflab/projects/Flooding/pipeline/web_launcher/_audit_reports/backend_hydromt_catalog_audit_20260612_174808.txt,17,OLD_PROJ_DATA_ROOT,POSSIBLY_LOAD_BEARING,,OK   EVENT hydromt YAML               file  5370         /proj/zefflab/projects/Flooding/Data/harris_county/catalogs/events/harvey_2017_mrms/event_metadata/hydromt_data.yml,"/proj/zefflab/projects/Flooding/Data/harris_county/catalogs/events/harvey_2017_mrms -> /users/e/p/epsilon/Data/Data/harris_county/catalogs/events/harvey_2017_mrms | exists=True
/proj/zefflab/projects/Flooding/Data/harris_county/catalogs/events/harvey_2017_mrms/event_metadata/hydromt_data.yml -> /users/e/p/epsilon/Data/Data/harris_county/catalogs/events/harvey_2017_mrms/event_metadata/hydromt_data.yml | exists=False
/proj/zefflab/projects/Flooding/Data/harris_county/catalogs/events/harvey_2017_mrms/event_runtime_window/event_runtime_window.csv -> /users/e/p/epsilon/Data/Data/harris_county/catalogs/events/harvey_2017_mrms/event_runtime_window/event_runtime_window.csv | exists=True
/proj/zefflab/projects/Flooding/Data/harris_county/catalogs/static/harris_county -> /users/e/p/epsilon/Data/Data/harris_county/catalogs/static/harris_county | exists=True
/proj/zefflab/projects/Flooding/Data/harris_county/catalogs/static/harris_county/static_metadata/hydromt_data.yml -> /users/e/p/epsilon/Data/Data/harris_county/catalogs/static/harris_county/static_metadata/hydromt_data.yml | exists=False"
/proj/zefflab/projects/Flooding/pipeline/web_launcher/_audit_reports/backend_hydromt_catalog_audit_20260612_174808.txt,18,OLD_PROJ_DATA_ROOT,POSSIBLY_LOAD_BEARING,,OK   EVENT runtime CSV                file  269          /proj/zefflab/projects/Flooding/Data/harris_county/catalogs/events/harvey_2017_mrms/event_runtime_window/event_runtime_window.csv,"/proj/zefflab/projects/Flooding/Data/harris_county/catalogs/events/harvey_2017_mrms -> /users/e/p/epsilon/Data/Data/harris_county/catalogs/events/harvey_2017_mrms | exists=True
/proj/zefflab/projects/Flooding/Data/harris_county/catalogs/events/harvey_2017_mrms/event_metadata/hydromt_data.yml -> /users/e/p/epsilon/Data/Data/harris_county/catalogs/events/harvey_2017_mrms/event_metadata/hydromt_data.yml | exists=False
/proj/zefflab/projects/Flooding/Data/harris_county/catalogs/events/harvey_2017_mrms/event_runtime_window/event_runtime_window.csv -> /users/e/p/epsilon/Data/Data/harris_county/catalogs/events/harvey_2017_mrms/event_runtime_window/event_runtime_window.csv | exists=True
/proj/zefflab/projects/Flooding/Data/harris_county/catalogs/static/harris_county -> /users/e/p/epsilon/Data/Data/harris_county/catalogs/static/harris_county | exists=True
/proj/zefflab/projects/Flooding/Data/harris_county/catalogs/static/harris_county/static_metadata/hydromt_data.yml -> /users/e/p/epsilon/Data/Data/harris_county/catalogs/static/harris_county/static_metadata/hydromt_data.yml | exists=False"
/proj/zefflab/projects/Flooding/pipeline/web_launcher/_audit_reports/backend_hydromt_catalog_audit_20260612_174808.txt,25,OLD_PROJ_DATA_ROOT,POSSIBLY_LOAD_BEARING,,"""/proj/zefflab/projects/Flooding/Data/harris_county/catalogs/events/harvey_2017_mrms"",","/proj/zefflab/projects/Flooding/Data/harris_county/catalogs/events/harvey_2017_mrms -> /users/e/p/epsilon/Data/Data/harris_county/catalogs/events/harvey_2017_mrms | exists=True
/proj/zefflab/projects/Flooding/Data/harris_county/catalogs/events/harvey_2017_mrms/event_metadata/hydromt_data.yml -> /users/e/p/epsilon/Data/Data/harris_county/catalogs/events/harvey_2017_mrms/event_metadata/hydromt_data.yml | exists=False
/proj/zefflab/projects/Flooding/Data/harris_county/catalogs/events/harvey_2017_mrms/event_runtime_window/event_runtime_window.csv -> /users/e/p/epsilon/Data/Data/harris_county/catalogs/events/harvey_2017_mrms/event_runtime_window/event_runtime_window.csv | exists=True
/proj/zefflab/projects/Flooding/Data/harris_county/catalogs/static/harris_county -> /users/e/p/epsilon/Data/Data/harris_county/catalogs/static/harris_county | exists=True"
/proj/zefflab/projects/Flooding/pipeline/web_launcher/_audit_reports/backend_hydromt_catalog_audit_20260612_174808.txt,26,OLD_PROJ_DATA_ROOT,POSSIBLY_LOAD_BEARING,,"""/proj/zefflab/projects/Flooding/Data/harris_county/catalogs/static/harris_county""","/proj/zefflab/projects/Flooding/Data/harris_county/catalogs/events/harvey_2017_mrms -> /users/e/p/epsilon/Data/Data/harris_county/catalogs/events/harvey_2017_mrms | exists=True
/proj/zefflab/projects/Flooding/Data/harris_county/catalogs/events/harvey_2017_mrms/event_metadata/hydromt_data.yml -> /users/e/p/epsilon/Data/Data/harris_county/catalogs/events/harvey_2017_mrms/event_metadata/hydromt_data.yml | exists=False
/proj/zefflab/projects/Flooding/Data/harris_county/catalogs/events/harvey_2017_mrms/event_runtime_window/event_runtime_window.csv -> /users/e/p/epsilon/Data/Data/harris_county/catalogs/events/harvey_2017_mrms/event_runtime_window/event_runtime_window.csv | exists=True
/proj/zefflab/projects/Flooding/Data/harris_county/catalogs/static/harris_county -> /users/e/p/epsilon/Data/Data/harris_county/catalogs/static/harris_county | exists=True"
/proj/zefflab/projects/Flooding/pipeline/web_launcher/_audit_reports/backend_hydromt_catalog_audit_20260612_174808.txt,34,OLD_PROJ_DATA_ROOT,UNCLEAR_REVIEW,,"""/proj/zefflab/projects/Flooding/Data/harris_county/catalogs/events/harvey_2017_mrms/event_metadata/hydromt_data.yml"",","/proj/zefflab/projects/Flooding/Data/harris_county/catalogs/events/harvey_2017_mrms -> /users/e/p/epsilon/Data/Data/harris_county/catalogs/events/harvey_2017_mrms | exists=True
/proj/zefflab/projects/Flooding/Data/harris_county/catalogs/events/harvey_2017_mrms/event_metadata/hydromt_data.yml -> /users/e/p/epsilon/Data/Data/harris_county/catalogs/events/harvey_2017_mrms/event_metadata/hydromt_data.yml | exists=False
/proj/zefflab/projects/Flooding/Data/harris_county/catalogs/static/harris_county -> /users/e/p/epsilon/Data/Data/harris_county/catalogs/static/harris_county | exists=True
/proj/zefflab/projects/Flooding/Data/harris_county/catalogs/static/harris_county/static_metadata/hydromt_data.yml -> /users/e/p/epsilon/Data/Data/harris_county/catalogs/static/harris_county/static_metadata/hydromt_data.yml | exists=False"
/proj/zefflab/projects/Flooding/pipeline/web_launcher/_audit_reports/backend_hydromt_catalog_audit_20260612_174808.txt,35,OLD_PROJ_DATA_ROOT,UNCLEAR_REVIEW,,"""/proj/zefflab/projects/Flooding/Data/harris_county/catalogs/static/harris_county/static_metadata/hydromt_data.yml""","/proj/zefflab/projects/Flooding/Data/harris_county/catalogs/events/harvey_2017_mrms -> /users/e/p/epsilon/Data/Data/harris_county/catalogs/events/harvey_2017_mrms | exists=True
/proj/zefflab/projects/Flooding/Data/harris_county/catalogs/events/harvey_2017_mrms/event_metadata/hydromt_data.yml -> /users/e/p/epsilon/Data/Data/harris_county/catalogs/events/harvey_2017_mrms/event_metadata/hydromt_data.yml | exists=False
/proj/zefflab/projects/Flooding/Data/harris_county/catalogs/static/harris_county -> /users/e/p/epsilon/Data/Data/harris_county/catalogs/static/harris_county | exists=True
/proj/zefflab/projects/Flooding/Data/harris_county/catalogs/static/harris_county/static_metadata/hydromt_data.yml -> /users/e/p/epsilon/Data/Data/harris_county/catalogs/static/harris_county/static_metadata/hydromt_data.yml | exists=False"
/proj/zefflab/projects/Flooding/pipeline/web_launcher/_audit_reports/backend_hydromt_catalog_audit_20260612_174808.txt,41,OLD_PROJ_DATA_ROOT,UNCLEAR_REVIEW,,"""/proj/zefflab/projects/Flooding/Data/harris_county/catalogs/events/harvey_2017_mrms"",","/proj/zefflab/projects/Flooding/Data/harris_county/catalogs/events/harvey_2017_mrms -> /users/e/p/epsilon/Data/Data/harris_county/catalogs/events/harvey_2017_mrms | exists=True
/proj/zefflab/projects/Flooding/Data/harris_county/catalogs/events/harvey_2017_mrms/event_metadata/hydromt_data.yml -> /users/e/p/epsilon/Data/Data/harris_county/catalogs/events/harvey_2017_mrms/event_metadata/hydromt_data.yml | exists=False
/proj/zefflab/projects/Flooding/Data/harris_county/catalogs/static/harris_county -> /users/e/p/epsilon/Data/Data/harris_county/catalogs/static/harris_county | exists=True
/proj/zefflab/projects/Flooding/Data/harris_county/catalogs/static/harris_county/static_metadata/hydromt_data.yml -> /users/e/p/epsilon/Data/Data/harris_county/catalogs/static/harris_county/static_metadata/hydromt_data.yml | exists=False"
/proj/zefflab/projects/Flooding/pipeline/web_launcher/_audit_reports/backend_hydromt_catalog_audit_20260612_174808.txt,42,OLD_PROJ_DATA_ROOT,UNCLEAR_REVIEW,,"""/proj/zefflab/projects/Flooding/Data/harris_county/catalogs/static/harris_county""","/proj/zefflab/projects/Flooding/Data/harris_county/catalogs/events/harvey_2017_mrms -> /users/e/p/epsilon/Data/Data/harris_county/catalogs/events/harvey_2017_mrms | exists=True
/proj/zefflab/projects/Flooding/Data/harris_county/catalogs/events/harvey_2017_mrms/event_metadata/hydromt_data.yml -> /users/e/p/epsilon/Data/Data/harris_county/catalogs/events/harvey_2017_mrms/event_metadata/hydromt_data.yml | exists=False
/proj/zefflab/projects/Flooding/Data/harris_county/catalogs/static/harris_county -> /users/e/p/epsilon/Data/Data/harris_county/catalogs/static/harris_county | exists=True
/proj/zefflab/projects/Flooding/Data/harris_county/catalogs/static/harris_county/static_metadata/hydromt_data.yml -> /users/e/p/epsilon/Data/Data/harris_county/catalogs/static/harris_county/static_metadata/hydromt_data.yml | exists=False"
/proj/zefflab/projects/Flooding/pipeline/web_launcher/_audit_reports/backend_hydromt_catalog_audit_20260612_174808.txt,45,OLD_PROJ_DATA_ROOT,UNCLEAR_REVIEW,,"""/proj/zefflab/projects/Flooding/Data/harris_county/catalogs/events/harvey_2017_mrms/event_metadata/hydromt_data.yml"",","/proj/zefflab/projects/Flooding/Data/harris_county/catalogs/events/harvey_2017_mrms -> /users/e/p/epsilon/Data/Data/harris_county/catalogs/events/harvey_2017_mrms | exists=True
/proj/zefflab/projects/Flooding/Data/harris_county/catalogs/events/harvey_2017_mrms/event_metadata/hydromt_data.yml -> /users/e/p/epsilon/Data/Data/harris_county/catalogs/events/harvey_2017_mrms/event_metadata/hydromt_data.yml | exists=False
/proj/zefflab/projects/Flooding/Data/harris_county/catalogs/static/harris_county -> /users/e/p/epsilon/Data/Data/harris_county/catalogs/static/harris_county | exists=True
/proj/zefflab/projects/Flooding/Data/harris_county/catalogs/static/harris_county/static_metadata/hydromt_data.yml -> /users/e/p/epsilon/Data/Data/harris_county/catalogs/static/harris_county/static_metadata/hydromt_data.yml | exists=False"
/proj/zefflab/projects/Flooding/pipeline/web_launcher/_audit_reports/backend_hydromt_catalog_audit_20260612_174808.txt,46,OLD_PROJ_DATA_ROOT,UNCLEAR_REVIEW,,"""/proj/zefflab/projects/Flooding/Data/harris_county/catalogs/static/harris_county/static_metadata/hydromt_data.yml""","/proj/zefflab/projects/Flooding/Data/harris_county/catalogs/events/harvey_2017_mrms -> /users/e/p/epsilon/Data/Data/harris_county/catalogs/events/harvey_2017_mrms | exists=True
/proj/zefflab/projects/Flooding/Data/harris_county/catalogs/events/harvey_2017_mrms/event_metadata/hydromt_data.yml -> /users/e/p/epsilon/Data/Data/harris_county/catalogs/events/harvey_2017_mrms/event_metadata/hydromt_data.yml | exists=False
/proj/zefflab/projects/Flooding/Data/harris_county/catalogs/static/harris_county -> /users/e/p/epsilon/Data/Data/harris_county/catalogs/static/harris_county | exists=True
/proj/zefflab/projects/Flooding/Data/harris_county/catalogs/static/harris_county/static_metadata/hydromt_data.yml -> /users/e/p/epsilon/Data/Data/harris_county/catalogs/static/harris_county/static_metadata/hydromt_data.yml | exists=False"
/proj/zefflab/projects/Flooding/pipeline/web_launcher/_audit_reports/backend_hydromt_catalog_audit_20260612_174808.txt,52,OLD_PROJ_DATA_ROOT,UNCLEAR_REVIEW,,--- /proj/zefflab/projects/Flooding/Data/harris_county/catalogs/events/harvey_2017_mrms/event_metadata/hydromt_data.yml ---,"/proj/zefflab/projects/Flooding/Data/harris_county/catalogs/events/harvey_2017_mrms/event_metadata/hydromt_data.yml -> /users/e/p/epsilon/Data/Data/harris_county/catalogs/events/harvey_2017_mrms/event_metadata/hydromt_data.yml | exists=False
/proj/zefflab/projects/Flooding/Data/harris_county/catalogs/static/harris_county/static_metadata/hydromt_data.yml -> /users/e/p/epsilon/Data/Data/harris_county/catalogs/static/harris_county/static_metadata/hydromt_data.yml | exists=False"
/proj/zefflab/projects/Flooding/pipeline/web_launcher/_audit_reports/backend_hydromt_catalog_audit_20260612_174808.txt,85,OLD_PROJ_DATA_ROOT,UNCLEAR_REVIEW,,--- /proj/zefflab/projects/Flooding/Data/harris_county/catalogs/static/harris_county/static_metadata/hydromt_data.yml ---,/proj/zefflab/projects/Flooding/Data/harris_county/catalogs/static/harris_county/static_metadata/hydromt_data.yml -> /users/e/p/epsilon/Data/Data/harris_county/catalogs/static/harris_county/static_metadata/hydromt_data.yml | exists=False
/proj/zefflab/projects/Flooding/pipeline/web_launcher/_audit_reports/catalog_detector_full_audit_20260612_172311.txt,11,OLD_PROJ_DATA_ROOT,LIKELY_DOC_OR_LINK,,OK  STATIC_CATALOG                     dir                /proj/zefflab/projects/Flooding/Data/harris_county/catalogs/static/harris_county,"/proj/zefflab/projects/Flooding/Data/harris_county/catalogs/events/harvey_2017_mrms -> /users/e/p/epsilon/Data/Data/harris_county/catalogs/events/harvey_2017_mrms | exists=True
/proj/zefflab/projects/Flooding/Data/harris_county/catalogs/static/harris_county -> /users/e/p/epsilon/Data/Data/harris_county/catalogs/static/harris_county | exists=True
/proj/zefflab/projects/Flooding/Data/harris_county/catalogs/static/harris_county/dem/README.md -> /users/e/p/epsilon/Data/Data/harris_county/catalogs/static/harris_county/dem/README.md | exists=True
/proj/zefflab/projects/Flooding/Data/harris_county/catalogs/static/harris_county/static_metadata/hydromt_data.yml -> /users/e/p/epsilon/Data/Data/harris_county/catalogs/static/harris_county/static_metadata/hydromt_data.yml | exists=False
/proj/zefflab/projects/Flooding/Data/harris_county/catalogs/static/harris_county/subgrid/README.md -> /users/e/p/epsilon/Data/Data/harris_county/catalogs/static/harris_county/subgrid/README.md | exists=True
/proj/zefflab/projects/Flooding/Data/harris_county/catalogs/static/harris_county/topobathy/HCFCD_DEM_5m_UTM.tif -> /users/e/p/epsilon/Data/Data/harris_county/catalogs/static/harris_county/topobathy/HCFCD_DEM_5m_UTM.tif | exists=True"
/proj/zefflab/projects/Flooding/pipeline/web_launcher/_audit_reports/catalog_detector_full_audit_20260612_172311.txt,12,OLD_PROJ_DATA_ROOT,LIKELY_DOC_OR_LINK,,OK  EVENT_CATALOG                      dir                /proj/zefflab/projects/Flooding/Data/harris_county/catalogs/events/harvey_2017_mrms,"/proj/zefflab/projects/Flooding/Data/harris_county/catalogs/events/harvey_2017_mrms -> /users/e/p/epsilon/Data/Data/harris_county/catalogs/events/harvey_2017_mrms | exists=True
/proj/zefflab/projects/Flooding/Data/harris_county/catalogs/static/harris_county -> /users/e/p/epsilon/Data/Data/harris_county/catalogs/static/harris_county | exists=True
/proj/zefflab/projects/Flooding/Data/harris_county/catalogs/static/harris_county/curve_number/cn_avg.tif -> /users/e/p/epsilon/Data/Data/harris_county/catalogs/static/harris_county/curve_number/cn_avg.tif | exists=True
/proj/zefflab/projects/Flooding/Data/harris_county/catalogs/static/harris_county/dem/README.md -> /users/e/p/epsilon/Data/Data/harris_county/catalogs/static/harris_county/dem/README.md | exists=True
/proj/zefflab/projects/Flooding/Data/harris_county/catalogs/static/harris_county/static_metadata/hydromt_data.yml -> /users/e/p/epsilon/Data/Data/harris_county/catalogs/static/harris_county/static_metadata/hydromt_data.yml | exists=False
/proj/zefflab/projects/Flooding/Data/harris_county/catalogs/static/harris_county/subgrid/README.md -> /users/e/p/epsilon/Data/Data/harris_county/catalogs/static/harris_county/subgrid/README.md | exists=True
/proj/zefflab/projects/Flooding/Data/harris_county/catalogs/static/harris_county/topobathy/HCFCD_DEM_5m_UTM.tif -> /users/e/p/epsilon/Data/Data/harris_county/catalogs/static/harris_county/topobathy/HCFCD_DEM_5m_UTM.tif | exists=True"
/proj/zefflab/projects/Flooding/pipeline/web_launcher/_audit_reports/catalog_detector_full_audit_20260612_172311.txt,16,OLD_PROJ_DATA_ROOT,LIKELY_DOC_OR_LINK,,OK  HCFCD_DEM_5m_UTM.tif               file  731212310    /proj/zefflab/projects/Flooding/Data/harris_county/catalogs/static/harris_county/topobathy/HCFCD_DEM_5m_UTM.tif,"/proj/zefflab/projects/Flooding/Data/harris_county/catalogs/events/harvey_2017_mrms -> /users/e/p/epsilon/Data/Data/harris_county/catalogs/events/harvey_2017_mrms | exists=True
/proj/zefflab/projects/Flooding/Data/harris_county/catalogs/static/harris_county -> /users/e/p/epsilon/Data/Data/harris_county/catalogs/static/harris_county | exists=True
/proj/zefflab/projects/Flooding/Data/harris_county/catalogs/static/harris_county/curve_number/cn_avg.tif -> /users/e/p/epsilon/Data/Data/harris_county/catalogs/static/harris_county/curve_number/cn_avg.tif | exists=True
/proj/zefflab/projects/Flooding/Data/harris_county/catalogs/static/harris_county/curve_number/cn_dry.tif -> /users/e/p/epsilon/Data/Data/harris_county/catalogs/static/harris_county/curve_number/cn_dry.tif | exists=False
/proj/zefflab/projects/Flooding/Data/harris_county/catalogs/static/harris_county/curve_number/cn_wet.tif -> /users/e/p/epsilon/Data/Data/harris_county/catalogs/static/harris_county/curve_number/cn_wet.tif | exists=False
/proj/zefflab/projects/Flooding/Data/harris_county/catalogs/static/harris_county/dem/README.md -> /users/e/p/epsilon/Data/Data/harris_county/catalogs/static/harris_county/dem/README.md | exists=True
/proj/zefflab/projects/Flooding/Data/harris_county/catalogs/static/harris_county/landcover/NLCD_2016_Land_Cover_L48_20190424.img -> /users/e/p/epsilon/Data/Data/harris_county/catalogs/static/harris_county/landcover/NLCD_2016_Land_Cover_L48_20190424.img | exists=True
/proj/zefflab/projects/Flooding/Data/harris_county/catalogs/static/harris_county/manning_reclass_table/nlcd_mapping_mean.csv -> /users/e/p/epsilon/Data/Data/harris_county/catalogs/static/harris_county/manning_reclass_table/nlcd_mapping_mean.csv | exists=True
/proj/zefflab/projects/Flooding/Data/harris_county/catalogs/static/harris_county/static_metadata/hydromt_data.yml -> /users/e/p/epsilon/Data/Data/harris_county/catalogs/static/harris_county/static_metadata/hydromt_data.yml | exists=False
/proj/zefflab/projects/Flooding/Data/harris_county/catalogs/static/harris_county/subgrid/README.md -> /users/e/p/epsilon/Data/Data/harris_county/catalogs/static/harris_county/subgrid/README.md | exists=True
/proj/zefflab/projects/Flooding/Data/harris_county/catalogs/static/harris_county/topobathy/HCFCD_DEM_5m_UTM.tif -> /users/e/p/epsilon/Data/Data/harris_county/catalogs/static/harris_county/topobathy/HCFCD_DEM_5m_UTM.tif | exists=True"
/proj/zefflab/projects/Flooding/pipeline/web_launcher/_audit_reports/catalog_detector_full_audit_20260612_172311.txt,17,OLD_PROJ_DATA_ROOT,LIKELY_DOC_OR_LINK,,OK  README.md                          file  130          /proj/zefflab/projects/Flooding/Data/harris_county/catalogs/static/harris_county/dem/README.md,"/proj/zefflab/projects/Flooding/Data/harris_county/catalogs/events/harvey_2017_mrms -> /users/e/p/epsilon/Data/Data/harris_county/catalogs/events/harvey_2017_mrms | exists=True
/proj/zefflab/projects/Flooding/Data/harris_county/catalogs/static/harris_county -> /users/e/p/epsilon/Data/Data/harris_county/catalogs/static/harris_county | exists=True
/proj/zefflab/projects/Flooding/Data/harris_county/catalogs/static/harris_county/curve_number/cn_avg.tif -> /users/e/p/epsilon/Data/Data/harris_county/catalogs/static/harris_county/curve_number/cn_avg.tif | exists=True
/proj/zefflab/projects/Flooding/Data/harris_county/catalogs/static/harris_county/curve_number/cn_dry.tif -> /users/e/p/epsilon/Data/Data/harris_county/catalogs/static/harris_county/curve_number/cn_dry.tif | exists=False
/proj/zefflab/projects/Flooding/Data/harris_county/catalogs/static/harris_county/curve_number/cn_wet.tif -> /users/e/p/epsilon/Data/Data/harris_county/catalogs/static/harris_county/curve_number/cn_wet.tif | exists=False
/proj/zefflab/projects/Flooding/Data/harris_county/catalogs/static/harris_county/dem/README.md -> /users/e/p/epsilon/Data/Data/harris_county/catalogs/static/harris_county/dem/README.md | exists=True
/proj/zefflab/projects/Flooding/Data/harris_county/catalogs/static/harris_county/landcover/NLCD_2016_Land_Cover_L48_20190424.img -> /users/e/p/epsilon/Data/Data/harris_county/catalogs/static/harris_county/landcover/NLCD_2016_Land_Cover_L48_20190424.img | exists=True
/proj/zefflab/projects/Flooding/Data/harris_county/catalogs/static/harris_county/manning_reclass_table/nlcd_mapping_mean.csv -> /users/e/p/epsilon/Data/Data/harris_county/catalogs/static/harris_county/manning_reclass_table/nlcd_mapping_mean.csv | exists=True
/proj/zefflab/projects/Flooding/Data/harris_county/catalogs/static/harris_county/region_geom/houston_model.shp -> /users/e/p/epsilon/Data/Data/harris_county/catalogs/static/harris_county/region_geom/houston_model.shp | exists=True
/proj/zefflab/projects/Flooding/Data/harris_county/catalogs/static/harris_county/static_metadata/hydromt_data.yml -> /users/e/p/epsilon/Data/Data/harris_county/catalogs/static/harris_county/static_metadata/hydromt_data.yml | exists=False
/proj/zefflab/projects/Flooding/Data/harris_county/catalogs/static/harris_county/subgrid/README.md -> /users/e/p/epsilon/Data/Data/harris_county/catalogs/static/harris_county/subgrid/README.md | exists=True
/proj/zefflab/projects/Flooding/Data/harris_county/catalogs/static/harris_county/topobathy/HCFCD_DEM_5m_UTM.tif -> /users/e/p/epsilon/Data/Data/harris_county/catalogs/static/harris_county/topobathy/HCFCD_DEM_5m_UTM.tif | exists=True"
/proj/zefflab/projects/Flooding/pipeline/web_launcher/_audit_reports/catalog_detector_full_audit_20260612_172311.txt,18,OLD_PROJ_DATA_ROOT,LIKELY_DOC_OR_LINK,,OK  README.md                          file  183          /proj/zefflab/projects/Flooding/Data/harris_county/catalogs/static/harris_county/subgrid/README.md,"/proj/zefflab/projects/Flooding/Data/harris_county/catalogs/events/harvey_2017_mrms -> /users/e/p/epsilon/Data/Data/harris_county/catalogs/events/harvey_2017_mrms | exists=True
/proj/zefflab/projects/Flooding/Data/harris_county/catalogs/static/harris_county -> /users/e/p/epsilon/Data/Data/harris_county/catalogs/static/harris_county | exists=True
/proj/zefflab/projects/Flooding/Data/harris_county/catalogs/static/harris_county/curve_number/cn_avg.tif -> /users/e/p/epsilon/Data/Data/harris_county/catalogs/static/harris_county/curve_number/cn_avg.tif | exists=True
/proj/zefflab/projects/Flooding/Data/harris_county/catalogs/static/harris_county/curve_number/cn_dry.tif -> /users/e/p/epsilon/Data/Data/harris_county/catalogs/static/harris_county/curve_number/cn_dry.tif | exists=False
/proj/zefflab/projects/Flooding/Data/harris_county/catalogs/static/harris_county/curve_number/cn_wet.tif -> /users/e/p/epsilon/Data/Data/harris_county/catalogs/static/harris_county/curve_number/cn_wet.tif | exists=False
/proj/zefflab/projects/Flooding/Data/harris_county/catalogs/static/harris_county/dem/README.md -> /users/e/p/epsilon/Data/Data/harris_county/catalogs/static/harris_county/dem/README.md | exists=True
/proj/zefflab/projects/Flooding/Data/harris_county/catalogs/static/harris_county/landcover/NLCD_2016_Land_Cover_L48_20190424.img -> /users/e/p/epsilon/Data/Data/harris_county/catalogs/static/harris_county/landcover/NLCD_2016_Land_Cover_L48_20190424.img | exists=True
/proj/zefflab/projects/Flooding/Data/harris_county/catalogs/static/harris_county/manning_reclass_table/nlcd_mapping_mean.csv -> /users/e/p/epsilon/Data/Data/harris_county/catalogs/static/harris_county/manning_reclass_table/nlcd_mapping_mean.csv | exists=True
/proj/zefflab/projects/Flooding/Data/harris_county/catalogs/static/harris_county/region_geom/houston_model.shp -> /users/e/p/epsilon/Data/Data/harris_county/catalogs/static/harris_county/region_geom/houston_model.shp | exists=True
/proj/zefflab/projects/Flooding/Data/harris_county/catalogs/static/harris_county/static_metadata/hydromt_data.yml -> /users/e/p/epsilon/Data/Data/harris_county/catalogs/static/harris_county/static_metadata/hydromt_data.yml | exists=False
/proj/zefflab/projects/Flooding/Data/harris_county/catalogs/static/harris_county/structures_thin_dams/AB_dams.shp -> /users/e/p/epsilon/Data/Data/harris_county/catalogs/static/harris_county/structures_thin_dams/AB_dams.shp | exists=True
/proj/zefflab/projects/Flooding/Data/harris_county/catalogs/static/harris_county/subgrid/README.md -> /users/e/p/epsilon/Data/Data/harris_county/catalogs/static/harris_county/subgrid/README.md | exists=True
/proj/zefflab/projects/Flooding/Data/harris_county/catalogs/static/harris_county/topobathy/HCFCD_DEM_5m_UTM.tif -> /users/e/p/epsilon/Data/Data/harris_county/catalogs/static/harris_county/topobathy/HCFCD_DEM_5m_UTM.tif | exists=True"
/proj/zefflab/projects/Flooding/pipeline/web_launcher/_audit_reports/catalog_detector_full_audit_20260612_172311.txt,19,OLD_PROJ_DATA_ROOT,LIKELY_DOC_OR_LINK,,OK  hydromt_data.yml                   file  5370         /proj/zefflab/projects/Flooding/Data/harris_county/catalogs/static/harris_county/static_metadata/hydromt_data.yml,"/proj/zefflab/projects/Flooding/Data/harris_county/catalogs/events/harvey_2017_mrms -> /users/e/p/epsilon/Data/Data/harris_county/catalogs/events/harvey_2017_mrms | exists=True
/proj/zefflab/projects/Flooding/Data/harris_county/catalogs/events/harvey_2017_mrms/event_runtime_window/event_runtime_window.csv -> /users/e/p/epsilon/Data/Data/harris_county/catalogs/events/harvey_2017_mrms/event_runtime_window/event_runtime_window.csv | exists=True
/proj/zefflab/projects/Flooding/Data/harris_county/catalogs/static/harris_county -> /users/e/p/epsilon/Data/Data/harris_county/catalogs/static/harris_county | exists=True
/proj/zefflab/projects/Flooding/Data/harris_county/catalogs/static/harris_county/curve_number/cn_avg.tif -> /users/e/p/epsilon/Data/Data/harris_county/catalogs/static/harris_county/curve_number/cn_avg.tif | exists=True
/proj/zefflab/projects/Flooding/Data/harris_county/catalogs/static/harris_county/curve_number/cn_dry.tif -> /users/e/p/epsilon/Data/Data/harris_county/catalogs/static/harris_county/curve_number/cn_dry.tif | exists=False
/proj/zefflab/projects/Flooding/Data/harris_county/catalogs/static/harris_county/curve_number/cn_wet.tif -> /users/e/p/epsilon/Data/Data/harris_county/catalogs/static/harris_county/curve_number/cn_wet.tif | exists=False
/proj/zefflab/projects/Flooding/Data/harris_county/catalogs/static/harris_county/dem/README.md -> /users/e/p/epsilon/Data/Data/harris_county/catalogs/static/harris_county/dem/README.md | exists=True
/proj/zefflab/projects/Flooding/Data/harris_county/catalogs/static/harris_county/landcover/NLCD_2016_Land_Cover_L48_20190424.img -> /users/e/p/epsilon/Data/Data/harris_county/catalogs/static/harris_county/landcover/NLCD_2016_Land_Cover_L48_20190424.img | exists=True
/proj/zefflab/projects/Flooding/Data/harris_county/catalogs/static/harris_county/manning_reclass_table/nlcd_mapping_mean.csv -> /users/e/p/epsilon/Data/Data/harris_county/catalogs/static/harris_county/manning_reclass_table/nlcd_mapping_mean.csv | exists=True
/proj/zefflab/projects/Flooding/Data/harris_county/catalogs/static/harris_county/region_geom/houston_model.shp -> /users/e/p/epsilon/Data/Data/harris_county/catalogs/static/harris_county/region_geom/houston_model.shp | exists=True
/proj/zefflab/projects/Flooding/Data/harris_county/catalogs/static/harris_county/static_metadata/hydromt_data.yml -> /users/e/p/epsilon/Data/Data/harris_county/catalogs/static/harris_county/static_metadata/hydromt_data.yml | exists=False
/proj/zefflab/projects/Flooding/Data/harris_county/catalogs/static/harris_county/structures_thin_dams/AB_dams.shp -> /users/e/p/epsilon/Data/Data/harris_county/catalogs/static/harris_county/structures_thin_dams/AB_dams.shp | exists=True
/proj/zefflab/projects/Flooding/Data/harris_county/catalogs/static/harris_county/subgrid/README.md -> /users/e/p/epsilon/Data/Data/harris_county/catalogs/static/harris_county/subgrid/README.md | exists=True
/proj/zefflab/projects/Flooding/Data/harris_county/catalogs/static/harris_county/topobathy/HCFCD_DEM_5m_UTM.tif -> /users/e/p/epsilon/Data/Data/harris_county/catalogs/static/harris_county/topobathy/HCFCD_DEM_5m_UTM.tif | exists=True"
/proj/zefflab/projects/Flooding/pipeline/web_launcher/_audit_reports/catalog_detector_full_audit_20260612_172311.txt,20,OLD_PROJ_DATA_ROOT,LIKELY_DOC_OR_LINK,,OK  cn_avg.tif                         file  640146429    /proj/zefflab/projects/Flooding/Data/harris_county/catalogs/static/harris_county/curve_number/cn_avg.tif,"/proj/zefflab/projects/Flooding/Data/harris_county/catalogs/events/harvey_2017_mrms -> /users/e/p/epsilon/Data/Data/harris_county/catalogs/events/harvey_2017_mrms | exists=True
/proj/zefflab/projects/Flooding/Data/harris_county/catalogs/events/harvey_2017_mrms/event_precip/harvey_mrms.nc -> /users/e/p/epsilon/Data/Data/harris_county/catalogs/events/harvey_2017_mrms/event_precip/harvey_mrms.nc | exists=True
/proj/zefflab/projects/Flooding/Data/harris_county/catalogs/events/harvey_2017_mrms/event_runtime_window/event_runtime_window.csv -> /users/e/p/epsilon/Data/Data/harris_county/catalogs/events/harvey_2017_mrms/event_runtime_window/event_runtime_window.csv | exists=True
/proj/zefflab/projects/Flooding/Data/harris_county/catalogs/static/harris_county/curve_number/cn_avg.tif -> /users/e/p/epsilon/Data/Data/harris_county/catalogs/static/harris_county/curve_number/cn_avg.tif | exists=True
/proj/zefflab/projects/Flooding/Data/harris_county/catalogs/static/harris_county/curve_number/cn_dry.tif -> /users/e/p/epsilon/Data/Data/harris_county/catalogs/static/harris_county/curve_number/cn_dry.tif | exists=False
/proj/zefflab/projects/Flooding/Data/harris_county/catalogs/static/harris_county/curve_number/cn_wet.tif -> /users/e/p/epsilon/Data/Data/harris_county/catalogs/static/harris_county/curve_number/cn_wet.tif | exists=False
/proj/zefflab/projects/Flooding/Data/harris_county/catalogs/static/harris_county/dem/README.md -> /users/e/p/epsilon/Data/Data/harris_county/catalogs/static/harris_county/dem/README.md | exists=True
/proj/zefflab/projects/Flooding/Data/harris_county/catalogs/static/harris_county/landcover/NLCD_2016_Land_Cover_L48_20190424.img -> /users/e/p/epsilon/Data/Data/harris_county/catalogs/static/harris_county/landcover/NLCD_2016_Land_Cover_L48_20190424.img | exists=True
/proj/zefflab/projects/Flooding/Data/harris_county/catalogs/static/harris_county/manning_reclass_table/nlcd_mapping_mean.csv -> /users/e/p/epsilon/Data/Data/harris_county/catalogs/static/harris_county/manning_reclass_table/nlcd_mapping_mean.csv | exists=True
/proj/zefflab/projects/Flooding/Data/harris_county/catalogs/static/harris_county/region_geom/houston_model.shp -> /users/e/p/epsilon/Data/Data/harris_county/catalogs/static/harris_county/region_geom/houston_model.shp | exists=True
/proj/zefflab/projects/Flooding/Data/harris_county/catalogs/static/harris_county/static_metadata/hydromt_data.yml -> /users/e/p/epsilon/Data/Data/harris_county/catalogs/static/harris_county/static_metadata/hydromt_data.yml | exists=False
/proj/zefflab/projects/Flooding/Data/harris_county/catalogs/static/harris_county/structures_thin_dams/AB_dams.shp -> /users/e/p/epsilon/Data/Data/harris_county/catalogs/static/harris_county/structures_thin_dams/AB_dams.shp | exists=True
/proj/zefflab/projects/Flooding/Data/harris_county/catalogs/static/harris_county/subgrid/README.md -> /users/e/p/epsilon/Data/Data/harris_county/catalogs/static/harris_county/subgrid/README.md | exists=True
/proj/zefflab/projects/Flooding/Data/harris_county/catalogs/static/harris_county/topobathy/HCFCD_DEM_5m_UTM.tif -> /users/e/p/epsilon/Data/Data/harris_county/catalogs/static/harris_county/topobathy/HCFCD_DEM_5m_UTM.tif | exists=True"
/proj/zefflab/projects/Flooding/pipeline/web_launcher/_audit_reports/catalog_detector_full_audit_20260612_172311.txt,21,OLD_PROJ_DATA_ROOT,LIKELY_DOC_OR_LINK,,OK  cn_wet.tif                         file  613372086    /proj/zefflab/projects/Flooding/Data/harris_county/catalogs/static/harris_county/curve_number/cn_wet.tif,"/proj/zefflab/projects/Flooding/Data/harris_county/catalogs/events/harvey_2017_mrms/event_precip/harvey_mrms.nc -> /users/e/p/epsilon/Data/Data/harris_county/catalogs/events/harvey_2017_mrms/event_precip/harvey_mrms.nc | exists=True
/proj/zefflab/projects/Flooding/Data/harris_county/catalogs/events/harvey_2017_mrms/event_runtime_window/event_runtime_window.csv -> /users/e/p/epsilon/Data/Data/harris_county/catalogs/events/harvey_2017_mrms/event_runtime_window/event_runtime_window.csv | exists=True
/proj/zefflab/projects/Flooding/Data/harris_county/catalogs/events/harvey_2017_mrms/event_waterlevel/harvey_houston_wl_bc.csv -> /users/e/p/epsilon/Data/Data/harris_county/catalogs/events/harvey_2017_mrms/event_waterlevel/harvey_houston_wl_bc.csv | exists=True
/proj/zefflab/projects/Flooding/Data/harris_county/catalogs/static/harris_county/curve_number/cn_avg.tif -> /users/e/p/epsilon/Data/Data/harris_county/catalogs/static/harris_county/curve_number/cn_avg.tif | exists=True
/proj/zefflab/projects/Flooding/Data/harris_county/catalogs/static/harris_county/curve_number/cn_dry.tif -> /users/e/p/epsilon/Data/Data/harris_county/catalogs/static/harris_county/curve_number/cn_dry.tif | exists=False
/proj/zefflab/projects/Flooding/Data/harris_county/catalogs/static/harris_county/curve_number/cn_wet.tif -> /users/e/p/epsilon/Data/Data/harris_county/catalogs/static/harris_county/curve_number/cn_wet.tif | exists=False
/proj/zefflab/projects/Flooding/Data/harris_county/catalogs/static/harris_county/dem/README.md -> /users/e/p/epsilon/Data/Data/harris_county/catalogs/static/harris_county/dem/README.md | exists=True
/proj/zefflab/projects/Flooding/Data/harris_county/catalogs/static/harris_county/landcover/NLCD_2016_Land_Cover_L48_20190424.img -> /users/e/p/epsilon/Data/Data/harris_county/catalogs/static/harris_county/landcover/NLCD_2016_Land_Cover_L48_20190424.img | exists=True
/proj/zefflab/projects/Flooding/Data/harris_county/catalogs/static/harris_county/manning_reclass_table/nlcd_mapping_mean.csv -> /users/e/p/epsilon/Data/Data/harris_county/catalogs/static/harris_county/manning_reclass_table/nlcd_mapping_mean.csv | exists=True
/proj/zefflab/projects/Flooding/Data/harris_county/catalogs/static/harris_county/region_geom/houston_model.shp -> /users/e/p/epsilon/Data/Data/harris_county/catalogs/static/harris_county/region_geom/houston_model.shp | exists=True
/proj/zefflab/projects/Flooding/Data/harris_county/catalogs/static/harris_county/static_metadata/hydromt_data.yml -> /users/e/p/epsilon/Data/Data/harris_county/catalogs/static/harris_county/static_metadata/hydromt_data.yml | exists=False
/proj/zefflab/projects/Flooding/Data/harris_county/catalogs/static/harris_county/structures_thin_dams/AB_dams.shp -> /users/e/p/epsilon/Data/Data/harris_county/catalogs/static/harris_county/structures_thin_dams/AB_dams.shp | exists=True
/proj/zefflab/projects/Flooding/Data/harris_county/catalogs/static/harris_county/subgrid/README.md -> /users/e/p/epsilon/Data/Data/harris_county/catalogs/static/harris_county/subgrid/README.md | exists=True
/proj/zefflab/projects/Flooding/Data/harris_county/catalogs/static/harris_county/topobathy/HCFCD_DEM_5m_UTM.tif -> /users/e/p/epsilon/Data/Data/harris_county/catalogs/static/harris_county/topobathy/HCFCD_DEM_5m_UTM.tif | exists=True"
/proj/zefflab/projects/Flooding/pipeline/web_launcher/_audit_reports/catalog_detector_full_audit_20260612_172311.txt,22,OLD_PROJ_DATA_ROOT,LIKELY_DOC_OR_LINK,,OK  cn_dry.tif                         file  640146429    /proj/zefflab/projects/Flooding/Data/harris_county/catalogs/static/harris_county/curve_number/cn_dry.tif,"/proj/zefflab/projects/Flooding/Data/harris_county/catalogs/events/harvey_2017_mrms/event_precip/harvey_mrms.nc -> /users/e/p/epsilon/Data/Data/harris_county/catalogs/events/harvey_2017_mrms/event_precip/harvey_mrms.nc | exists=True
/proj/zefflab/projects/Flooding/Data/harris_county/catalogs/events/harvey_2017_mrms/event_runtime_window/event_runtime_window.csv -> /users/e/p/epsilon/Data/Data/harris_county/catalogs/events/harvey_2017_mrms/event_runtime_window/event_runtime_window.csv | exists=True
/proj/zefflab/projects/Flooding/Data/harris_county/catalogs/events/harvey_2017_mrms/event_source_table/event_source_table.csv -> /users/e/p/epsilon/Data/Data/harris_county/catalogs/events/harvey_2017_mrms/event_source_table/event_source_table.csv | exists=True
/proj/zefflab/projects/Flooding/Data/harris_county/catalogs/events/harvey_2017_mrms/event_waterlevel/harvey_houston_wl_bc.csv -> /users/e/p/epsilon/Data/Data/harris_county/catalogs/events/harvey_2017_mrms/event_waterlevel/harvey_houston_wl_bc.csv | exists=True
/proj/zefflab/projects/Flooding/Data/harris_county/catalogs/static/harris_county/curve_number/cn_avg.tif -> /users/e/p/epsilon/Data/Data/harris_county/catalogs/static/harris_county/curve_number/cn_avg.tif | exists=True
/proj/zefflab/projects/Flooding/Data/harris_county/catalogs/static/harris_county/curve_number/cn_dry.tif -> /users/e/p/epsilon/Data/Data/harris_county/catalogs/static/harris_county/curve_number/cn_dry.tif | exists=False
/proj/zefflab/projects/Flooding/Data/harris_county/catalogs/static/harris_county/curve_number/cn_wet.tif -> /users/e/p/epsilon/Data/Data/harris_county/catalogs/static/harris_county/curve_number/cn_wet.tif | exists=False
/proj/zefflab/projects/Flooding/Data/harris_county/catalogs/static/harris_county/dem/README.md -> /users/e/p/epsilon/Data/Data/harris_county/catalogs/static/harris_county/dem/README.md | exists=True
/proj/zefflab/projects/Flooding/Data/harris_county/catalogs/static/harris_county/landcover/NLCD_2016_Land_Cover_L48_20190424.img -> /users/e/p/epsilon/Data/Data/harris_county/catalogs/static/harris_county/landcover/NLCD_2016_Land_Cover_L48_20190424.img | exists=True
/proj/zefflab/projects/Flooding/Data/harris_county/catalogs/static/harris_county/manning_reclass_table/nlcd_mapping_mean.csv -> /users/e/p/epsilon/Data/Data/harris_county/catalogs/static/harris_county/manning_reclass_table/nlcd_mapping_mean.csv | exists=True
/proj/zefflab/projects/Flooding/Data/harris_county/catalogs/static/harris_county/region_geom/houston_model.shp -> /users/e/p/epsilon/Data/Data/harris_county/catalogs/static/harris_county/region_geom/houston_model.shp | exists=True
/proj/zefflab/projects/Flooding/Data/harris_county/catalogs/static/harris_county/static_metadata/hydromt_data.yml -> /users/e/p/epsilon/Data/Data/harris_county/catalogs/static/harris_county/static_metadata/hydromt_data.yml | exists=False
/proj/zefflab/projects/Flooding/Data/harris_county/catalogs/static/harris_county/structures_thin_dams/AB_dams.shp -> /users/e/p/epsilon/Data/Data/harris_county/catalogs/static/harris_county/structures_thin_dams/AB_dams.shp | exists=True
/proj/zefflab/projects/Flooding/Data/harris_county/catalogs/static/harris_county/subgrid/README.md -> /users/e/p/epsilon/Data/Data/harris_county/catalogs/static/harris_county/subgrid/README.md | exists=True
/proj/zefflab/projects/Flooding/Data/harris_county/catalogs/static/harris_county/topobathy/HCFCD_DEM_5m_UTM.tif -> /users/e/p/epsilon/Data/Data/harris_county/catalogs/static/harris_county/topobathy/HCFCD_DEM_5m_UTM.tif | exists=True"
/proj/zefflab/projects/Flooding/pipeline/web_launcher/_audit_reports/catalog_detector_full_audit_20260612_172311.txt,23,OLD_PROJ_DATA_ROOT,LIKELY_DOC_OR_LINK,,OK  NLCD_2016_Land_Cover_L48_20190424.img file  28700        /proj/zefflab/projects/Flooding/Data/harris_county/catalogs/static/harris_county/landcover/NLCD_2016_Land_Cover_L48_20190424.img,"/proj/zefflab/projects/Flooding/Data/harris_county/catalogs/events/harvey_2017_mrms/event_discharge/harvey_houston_q_bc.csv -> /users/e/p/epsilon/Data/Data/harris_county/catalogs/events/harvey_2017_mrms/event_discharge/harvey_houston_q_bc.csv | exists=True
/proj/zefflab/projects/Flooding/Data/harris_county/catalogs/events/harvey_2017_mrms/event_precip/harvey_mrms.nc -> /users/e/p/epsilon/Data/Data/harris_county/catalogs/events/harvey_2017_mrms/event_precip/harvey_mrms.nc | exists=True
/proj/zefflab/projects/Flooding/Data/harris_county/catalogs/events/harvey_2017_mrms/event_runtime_window/event_runtime_window.csv -> /users/e/p/epsilon/Data/Data/harris_county/catalogs/events/harvey_2017_mrms/event_runtime_window/event_runtime_window.csv | exists=True
/proj/zefflab/projects/Flooding/Data/harris_county/catalogs/events/harvey_2017_mrms/event_source_table/event_source_table.csv -> /users/e/p/epsilon/Data/Data/harris_county/catalogs/events/harvey_2017_mrms/event_source_table/event_source_table.csv | exists=True
/proj/zefflab/projects/Flooding/Data/harris_county/catalogs/events/harvey_2017_mrms/event_waterlevel/harvey_houston_wl_bc.csv -> /users/e/p/epsilon/Data/Data/harris_county/catalogs/events/harvey_2017_mrms/event_waterlevel/harvey_houston_wl_bc.csv | exists=True
/proj/zefflab/projects/Flooding/Data/harris_county/catalogs/static/harris_county/curve_number/cn_avg.tif -> /users/e/p/epsilon/Data/Data/harris_county/catalogs/static/harris_county/curve_number/cn_avg.tif | exists=True
/proj/zefflab/projects/Flooding/Data/harris_county/catalogs/static/harris_county/curve_number/cn_dry.tif -> /users/e/p/epsilon/Data/Data/harris_county/catalogs/static/harris_county/curve_number/cn_dry.tif | exists=False
/proj/zefflab/projects/Flooding/Data/harris_county/catalogs/static/harris_county/curve_number/cn_wet.tif -> /users/e/p/epsilon/Data/Data/harris_county/catalogs/static/harris_county/curve_number/cn_wet.tif | exists=False
/proj/zefflab/projects/Flooding/Data/harris_county/catalogs/static/harris_county/dem/README.md -> /users/e/p/epsilon/Data/Data/harris_county/catalogs/static/harris_county/dem/README.md | exists=True
/proj/zefflab/projects/Flooding/Data/harris_county/catalogs/static/harris_county/landcover/NLCD_2016_Land_Cover_L48_20190424.img -> /users/e/p/epsilon/Data/Data/harris_county/catalogs/static/harris_county/landcover/NLCD_2016_Land_Cover_L48_20190424.img | exists=True
/proj/zefflab/projects/Flooding/Data/harris_county/catalogs/static/harris_county/manning_reclass_table/nlcd_mapping_mean.csv -> /users/e/p/epsilon/Data/Data/harris_county/catalogs/static/harris_county/manning_reclass_table/nlcd_mapping_mean.csv | exists=True
/proj/zefflab/projects/Flooding/Data/harris_county/catalogs/static/harris_county/region_geom/houston_model.shp -> /users/e/p/epsilon/Data/Data/harris_county/catalogs/static/harris_county/region_geom/houston_model.shp | exists=True
/proj/zefflab/projects/Flooding/Data/harris_county/catalogs/static/harris_county/static_metadata/hydromt_data.yml -> /users/e/p/epsilon/Data/Data/harris_county/catalogs/static/harris_county/static_metadata/hydromt_data.yml | exists=False
/proj/zefflab/projects/Flooding/Data/harris_county/catalogs/static/harris_county/structures_thin_dams/AB_dams.shp -> /users/e/p/epsilon/Data/Data/harris_county/catalogs/static/harris_county/structures_thin_dams/AB_dams.shp | exists=True
/proj/zefflab/projects/Flooding/Data/harris_county/catalogs/static/harris_county/subgrid/README.md -> /users/e/p/epsilon/Data/Data/harris_county/catalogs/static/harris_county/subgrid/README.md | exists=True
/proj/zefflab/projects/Flooding/Data/harris_county/catalogs/static/harris_county/topobathy/HCFCD_DEM_5m_UTM.tif -> /users/e/p/epsilon/Data/Data/harris_county/catalogs/static/harris_county/topobathy/HCFCD_DEM_5m_UTM.tif | exists=True"
/proj/zefflab/projects/Flooding/pipeline/web_launcher/_audit_reports/catalog_detector_full_audit_20260612_172311.txt,24,OLD_PROJ_DATA_ROOT,LIKELY_DOC_OR_LINK,,OK  nlcd_mapping_mean.csv              file  177          /proj/zefflab/projects/Flooding/Data/harris_county/catalogs/static/harris_county/manning_reclass_table/nlcd_mapping_mean.csv,"/proj/zefflab/projects/Flooding/Data/harris_county/catalogs/events/harvey_2017_mrms/event_discharge/harvey_houston_q_bc.csv -> /users/e/p/epsilon/Data/Data/harris_county/catalogs/events/harvey_2017_mrms/event_discharge/harvey_houston_q_bc.csv | exists=True
/proj/zefflab/projects/Flooding/Data/harris_county/catalogs/events/harvey_2017_mrms/event_precip/harvey_mrms.nc -> /users/e/p/epsilon/Data/Data/harris_county/catalogs/events/harvey_2017_mrms/event_precip/harvey_mrms.nc | exists=True
/proj/zefflab/projects/Flooding/Data/harris_county/catalogs/events/harvey_2017_mrms/event_runtime_window/event_runtime_window.csv -> /users/e/p/epsilon/Data/Data/harris_county/catalogs/events/harvey_2017_mrms/event_runtime_window/event_runtime_window.csv | exists=True
/proj/zefflab/projects/Flooding/Data/harris_county/catalogs/events/harvey_2017_mrms/event_source_table/event_source_table.csv -> /users/e/p/epsilon/Data/Data/harris_county/catalogs/events/harvey_2017_mrms/event_source_table/event_source_table.csv | exists=True
/proj/zefflab/projects/Flooding/Data/harris_county/catalogs/events/harvey_2017_mrms/event_validation_points/profiles/lite/sfincs_obs_points_lite.xy -> /users/e/p/epsilon/Data/Data/harris_county/catalogs/events/harvey_2017_mrms/event_validation_points/profiles/lite/sfincs_obs_points_lite.xy | exists=False
/proj/zefflab/projects/Flooding/Data/harris_county/catalogs/events/harvey_2017_mrms/event_waterlevel/harvey_houston_wl_bc.csv -> /users/e/p/epsilon/Data/Data/harris_county/catalogs/events/harvey_2017_mrms/event_waterlevel/harvey_houston_wl_bc.csv | exists=True
/proj/zefflab/projects/Flooding/Data/harris_county/catalogs/static/harris_county/curve_number/cn_avg.tif -> /users/e/p/epsilon/Data/Data/harris_county/catalogs/static/harris_county/curve_number/cn_avg.tif | exists=True
/proj/zefflab/projects/Flooding/Data/harris_county/catalogs/static/harris_county/curve_number/cn_dry.tif -> /users/e/p/epsilon/Data/Data/harris_county/catalogs/static/harris_county/curve_number/cn_dry.tif | exists=False
/proj/zefflab/projects/Flooding/Data/harris_county/catalogs/static/harris_county/curve_number/cn_wet.tif -> /users/e/p/epsilon/Data/Data/harris_county/catalogs/static/harris_county/curve_number/cn_wet.tif | exists=False
/proj/zefflab/projects/Flooding/Data/harris_county/catalogs/static/harris_county/dem/README.md -> /users/e/p/epsilon/Data/Data/harris_county/catalogs/static/harris_county/dem/README.md | exists=True
/proj/zefflab/projects/Flooding/Data/harris_county/catalogs/static/harris_county/landcover/NLCD_2016_Land_Cover_L48_20190424.img -> /users/e/p/epsilon/Data/Data/harris_county/catalogs/static/harris_county/landcover/NLCD_2016_Land_Cover_L48_20190424.img | exists=True
/proj/zefflab/projects/Flooding/Data/harris_county/catalogs/static/harris_county/manning_reclass_table/nlcd_mapping_mean.csv -> /users/e/p/epsilon/Data/Data/harris_county/catalogs/static/harris_county/manning_reclass_table/nlcd_mapping_mean.csv | exists=True
/proj/zefflab/projects/Flooding/Data/harris_county/catalogs/static/harris_county/region_geom/houston_model.shp -> /users/e/p/epsilon/Data/Data/harris_county/catalogs/static/harris_county/region_geom/houston_model.shp | exists=True
/proj/zefflab/projects/Flooding/Data/harris_county/catalogs/static/harris_county/static_metadata/hydromt_data.yml -> /users/e/p/epsilon/Data/Data/harris_county/catalogs/static/harris_county/static_metadata/hydromt_data.yml | exists=False
/proj/zefflab/projects/Flooding/Data/harris_county/catalogs/static/harris_county/structures_thin_dams/AB_dams.shp -> /users/e/p/epsilon/Data/Data/harris_county/catalogs/static/harris_county/structures_thin_dams/AB_dams.shp | exists=True
/proj/zefflab/projects/Flooding/Data/harris_county/catalogs/static/harris_county/subgrid/README.md -> /users/e/p/epsilon/Data/Data/harris_county/catalogs/static/harris_county/subgrid/README.md | exists=True
/proj/zefflab/projects/Flooding/Data/harris_county/catalogs/static/harris_county/topobathy/HCFCD_DEM_5m_UTM.tif -> /users/e/p/epsilon/Data/Data/harris_county/catalogs/static/harris_county/topobathy/HCFCD_DEM_5m_UTM.tif | exists=True"
/proj/zefflab/projects/Flooding/pipeline/web_launcher/_audit_reports/catalog_detector_full_audit_20260612_172311.txt,25,OLD_PROJ_DATA_ROOT,LIKELY_DOC_OR_LINK,,OK  houston_model.shp                  file  52716        /proj/zefflab/projects/Flooding/Data/harris_county/catalogs/static/harris_county/region_geom/houston_model.shp,"/proj/zefflab/projects/Flooding/Data/harris_county/catalogs/events/harvey_2017_mrms/event_discharge/harvey_houston_q_bc.csv -> /users/e/p/epsilon/Data/Data/harris_county/catalogs/events/harvey_2017_mrms/event_discharge/harvey_houston_q_bc.csv | exists=True
/proj/zefflab/projects/Flooding/Data/harris_county/catalogs/events/harvey_2017_mrms/event_precip/harvey_mrms.nc -> /users/e/p/epsilon/Data/Data/harris_county/catalogs/events/harvey_2017_mrms/event_precip/harvey_mrms.nc | exists=True
/proj/zefflab/projects/Flooding/Data/harris_county/catalogs/events/harvey_2017_mrms/event_runtime_window/event_runtime_window.csv -> /users/e/p/epsilon/Data/Data/harris_county/catalogs/events/harvey_2017_mrms/event_runtime_window/event_runtime_window.csv | exists=True
/proj/zefflab/projects/Flooding/Data/harris_county/catalogs/events/harvey_2017_mrms/event_source_table/event_source_table.csv -> /users/e/p/epsilon/Data/Data/harris_county/catalogs/events/harvey_2017_mrms/event_source_table/event_source_table.csv | exists=True
/proj/zefflab/projects/Flooding/Data/harris_county/catalogs/events/harvey_2017_mrms/event_validation_points/profiles/lite/sfincs_obs_points_lite.xy -> /users/e/p/epsilon/Data/Data/harris_county/catalogs/events/harvey_2017_mrms/event_validation_points/profiles/lite/sfincs_obs_points_lite.xy | exists=False
/proj/zefflab/projects/Flooding/Data/harris_county/catalogs/events/harvey_2017_mrms/event_validation_points/profiles/validation/sfincs_obs_points_validation.xy -> /users/e/p/epsilon/Data/Data/harris_county/catalogs/events/harvey_2017_mrms/event_validation_points/profiles/validation/sfincs_obs_points_validation.xy | exists=False
/proj/zefflab/projects/Flooding/Data/harris_county/catalogs/events/harvey_2017_mrms/event_waterlevel/harvey_houston_wl_bc.csv -> /users/e/p/epsilon/Data/Data/harris_county/catalogs/events/harvey_2017_mrms/event_waterlevel/harvey_houston_wl_bc.csv | exists=True
/proj/zefflab/projects/Flooding/Data/harris_county/catalogs/static/harris_county/curve_number/cn_avg.tif -> /users/e/p/epsilon/Data/Data/harris_county/catalogs/static/harris_county/curve_number/cn_avg.tif | exists=True
/proj/zefflab/projects/Flooding/Data/harris_county/catalogs/static/harris_county/curve_number/cn_dry.tif -> /users/e/p/epsilon/Data/Data/harris_county/catalogs/static/harris_county/curve_number/cn_dry.tif | exists=False
/proj/zefflab/projects/Flooding/Data/harris_county/catalogs/static/harris_county/curve_number/cn_wet.tif -> /users/e/p/epsilon/Data/Data/harris_county/catalogs/static/harris_county/curve_number/cn_wet.tif | exists=False
/proj/zefflab/projects/Flooding/Data/harris_county/catalogs/static/harris_county/dem/README.md -> /users/e/p/epsilon/Data/Data/harris_county/catalogs/static/harris_county/dem/README.md | exists=True
/proj/zefflab/projects/Flooding/Data/harris_county/catalogs/static/harris_county/landcover/NLCD_2016_Land_Cover_L48_20190424.img -> /users/e/p/epsilon/Data/Data/harris_county/catalogs/static/harris_county/landcover/NLCD_2016_Land_Cover_L48_20190424.img | exists=True
/proj/zefflab/projects/Flooding/Data/harris_county/catalogs/static/harris_county/manning_reclass_table/nlcd_mapping_mean.csv -> /users/e/p/epsilon/Data/Data/harris_county/catalogs/static/harris_county/manning_reclass_table/nlcd_mapping_mean.csv | exists=True
/proj/zefflab/projects/Flooding/Data/harris_county/catalogs/static/harris_county/region_geom/houston_model.shp -> /users/e/p/epsilon/Data/Data/harris_county/catalogs/static/harris_county/region_geom/houston_model.shp | exists=True
/proj/zefflab/projects/Flooding/Data/harris_county/catalogs/static/harris_county/static_metadata/hydromt_data.yml -> /users/e/p/epsilon/Data/Data/harris_county/catalogs/static/harris_county/static_metadata/hydromt_data.yml | exists=False
/proj/zefflab/projects/Flooding/Data/harris_county/catalogs/static/harris_county/structures_thin_dams/AB_dams.shp -> /users/e/p/epsilon/Data/Data/harris_county/catalogs/static/harris_county/structures_thin_dams/AB_dams.shp | exists=True
/proj/zefflab/projects/Flooding/Data/harris_county/catalogs/static/harris_county/subgrid/README.md -> /users/e/p/epsilon/Data/Data/harris_county/catalogs/static/harris_county/subgrid/README.md | exists=True"
/proj/zefflab/projects/Flooding/pipeline/web_launcher/_audit_reports/catalog_detector_full_audit_20260612_172311.txt,26,OLD_PROJ_DATA_ROOT,LIKELY_DOC_OR_LINK,,OK  AB_dams.shp                        file  884          /proj/zefflab/projects/Flooding/Data/harris_county/catalogs/static/harris_county/structures_thin_dams/AB_dams.shp,"/proj/zefflab/projects/Flooding/Data/harris_county/catalogs/events/harvey_2017_mrms/event_discharge/harvey_houston_q_bc.csv -> /users/e/p/epsilon/Data/Data/harris_county/catalogs/events/harvey_2017_mrms/event_discharge/harvey_houston_q_bc.csv | exists=True
/proj/zefflab/projects/Flooding/Data/harris_county/catalogs/events/harvey_2017_mrms/event_precip/harvey_mrms.nc -> /users/e/p/epsilon/Data/Data/harris_county/catalogs/events/harvey_2017_mrms/event_precip/harvey_mrms.nc | exists=True
/proj/zefflab/projects/Flooding/Data/harris_county/catalogs/events/harvey_2017_mrms/event_runtime_window/event_runtime_window.csv -> /users/e/p/epsilon/Data/Data/harris_county/catalogs/events/harvey_2017_mrms/event_runtime_window/event_runtime_window.csv | exists=True
/proj/zefflab/projects/Flooding/Data/harris_county/catalogs/events/harvey_2017_mrms/event_source_table/event_source_table.csv -> /users/e/p/epsilon/Data/Data/harris_county/catalogs/events/harvey_2017_mrms/event_source_table/event_source_table.csv | exists=True
/proj/zefflab/projects/Flooding/Data/harris_county/catalogs/events/harvey_2017_mrms/event_validation_points/profiles/full_candidates/sfincs_obs_points_full_candidates.xy -> /users/e/p/epsilon/Data/Data/harris_county/catalogs/events/harvey_2017_mrms/event_validation_points/profiles/full_candidates/sfincs_obs_points_full_candidates.xy | exists=False
/proj/zefflab/projects/Flooding/Data/harris_county/catalogs/events/harvey_2017_mrms/event_validation_points/profiles/lite/sfincs_obs_points_lite.xy -> /users/e/p/epsilon/Data/Data/harris_county/catalogs/events/harvey_2017_mrms/event_validation_points/profiles/lite/sfincs_obs_points_lite.xy | exists=False
/proj/zefflab/projects/Flooding/Data/harris_county/catalogs/events/harvey_2017_mrms/event_validation_points/profiles/validation/sfincs_obs_points_validation.xy -> /users/e/p/epsilon/Data/Data/harris_county/catalogs/events/harvey_2017_mrms/event_validation_points/profiles/validation/sfincs_obs_points_validation.xy | exists=False
/proj/zefflab/projects/Flooding/Data/harris_county/catalogs/events/harvey_2017_mrms/event_waterlevel/harvey_houston_wl_bc.csv -> /users/e/p/epsilon/Data/Data/harris_county/catalogs/events/harvey_2017_mrms/event_waterlevel/harvey_houston_wl_bc.csv | exists=True
/proj/zefflab/projects/Flooding/Data/harris_county/catalogs/static/harris_county/curve_number/cn_avg.tif -> /users/e/p/epsilon/Data/Data/harris_county/catalogs/static/harris_county/curve_number/cn_avg.tif | exists=True
/proj/zefflab/projects/Flooding/Data/harris_county/catalogs/static/harris_county/curve_number/cn_dry.tif -> /users/e/p/epsilon/Data/Data/harris_county/catalogs/static/harris_county/curve_number/cn_dry.tif | exists=False
/proj/zefflab/projects/Flooding/Data/harris_county/catalogs/static/harris_county/curve_number/cn_wet.tif -> /users/e/p/epsilon/Data/Data/harris_county/catalogs/static/harris_county/curve_number/cn_wet.tif | exists=False
/proj/zefflab/projects/Flooding/Data/harris_county/catalogs/static/harris_county/landcover/NLCD_2016_Land_Cover_L48_20190424.img -> /users/e/p/epsilon/Data/Data/harris_county/catalogs/static/harris_county/landcover/NLCD_2016_Land_Cover_L48_20190424.img | exists=True
/proj/zefflab/projects/Flooding/Data/harris_county/catalogs/static/harris_county/manning_reclass_table/nlcd_mapping_mean.csv -> /users/e/p/epsilon/Data/Data/harris_county/catalogs/static/harris_county/manning_reclass_table/nlcd_mapping_mean.csv | exists=True
/proj/zefflab/projects/Flooding/Data/harris_county/catalogs/static/harris_county/region_geom/houston_model.shp -> /users/e/p/epsilon/Data/Data/harris_county/catalogs/static/harris_county/region_geom/houston_model.shp | exists=True
/proj/zefflab/projects/Flooding/Data/harris_county/catalogs/static/harris_county/static_metadata/hydromt_data.yml -> /users/e/p/epsilon/Data/Data/harris_county/catalogs/static/harris_county/static_metadata/hydromt_data.yml | exists=False
/proj/zefflab/projects/Flooding/Data/harris_county/catalogs/static/harris_county/structures_thin_dams/AB_dams.shp -> /users/e/p/epsilon/Data/Data/harris_county/catalogs/static/harris_county/structures_thin_dams/AB_dams.shp | exists=True
/proj/zefflab/projects/Flooding/Data/harris_county/catalogs/static/harris_county/subgrid/README.md -> /users/e/p/epsilon/Data/Data/harris_county/catalogs/static/harris_county/subgrid/README.md | exists=True"
/proj/zefflab/projects/Flooding/pipeline/web_launcher/_audit_reports/catalog_detector_full_audit_20260612_172311.txt,27,OLD_PROJ_DATA_ROOT,UNCLEAR_REVIEW,,OK  event_runtime_window.csv           file  269          /proj/zefflab/projects/Flooding/Data/harris_county/catalogs/events/harvey_2017_mrms/event_runtime_window/event_runtime_window.csv,"/proj/zefflab/projects/Flooding/Data/harris_county/catalogs/events/harvey_2017_mrms/event_discharge/harvey_houston_q_bc.csv -> /users/e/p/epsilon/Data/Data/harris_county/catalogs/events/harvey_2017_mrms/event_discharge/harvey_houston_q_bc.csv | exists=True
/proj/zefflab/projects/Flooding/Data/harris_county/catalogs/events/harvey_2017_mrms/event_precip/harvey_mrms.nc -> /users/e/p/epsilon/Data/Data/harris_county/catalogs/events/harvey_2017_mrms/event_precip/harvey_mrms.nc | exists=True
/proj/zefflab/projects/Flooding/Data/harris_county/catalogs/events/harvey_2017_mrms/event_runtime_window/event_runtime_window.csv -> /users/e/p/epsilon/Data/Data/harris_county/catalogs/events/harvey_2017_mrms/event_runtime_window/event_runtime_window.csv | exists=True
/proj/zefflab/projects/Flooding/Data/harris_county/catalogs/events/harvey_2017_mrms/event_source_table/event_source_table.csv -> /users/e/p/epsilon/Data/Data/harris_county/catalogs/events/harvey_2017_mrms/event_source_table/event_source_table.csv | exists=True
/proj/zefflab/projects/Flooding/Data/harris_county/catalogs/events/harvey_2017_mrms/event_validation_lines/reviewed_crs_lines/sfincs_crs_lines_REVIEWED_PLUS_AUTO_CUSTOM.xyxy -> /users/e/p/epsilon/Data/Data/harris_county/catalogs/events/harvey_2017_mrms/event_validation_lines/reviewed_crs_lines/sfincs_crs_lines_REVIEWED_PLUS_AUTO_CUSTOM.xyxy | exists=False
/proj/zefflab/projects/Flooding/Data/harris_county/catalogs/events/harvey_2017_mrms/event_validation_points/profiles/full_candidates/sfincs_obs_points_full_candidates.xy -> /users/e/p/epsilon/Data/Data/harris_county/catalogs/events/harvey_2017_mrms/event_validation_points/profiles/full_candidates/sfincs_obs_points_full_candidates.xy | exists=False
/proj/zefflab/projects/Flooding/Data/harris_county/catalogs/events/harvey_2017_mrms/event_validation_points/profiles/lite/sfincs_obs_points_lite.xy -> /users/e/p/epsilon/Data/Data/harris_county/catalogs/events/harvey_2017_mrms/event_validation_points/profiles/lite/sfincs_obs_points_lite.xy | exists=False
/proj/zefflab/projects/Flooding/Data/harris_county/catalogs/events/harvey_2017_mrms/event_validation_points/profiles/validation/sfincs_obs_points_validation.xy -> /users/e/p/epsilon/Data/Data/harris_county/catalogs/events/harvey_2017_mrms/event_validation_points/profiles/validation/sfincs_obs_points_validation.xy | exists=False
/proj/zefflab/projects/Flooding/Data/harris_county/catalogs/events/harvey_2017_mrms/event_waterlevel/harvey_houston_wl_bc.csv -> /users/e/p/epsilon/Data/Data/harris_county/catalogs/events/harvey_2017_mrms/event_waterlevel/harvey_houston_wl_bc.csv | exists=True
/proj/zefflab/projects/Flooding/Data/harris_county/catalogs/static/harris_county/curve_number/cn_avg.tif -> /users/e/p/epsilon/Data/Data/harris_county/catalogs/static/harris_county/curve_number/cn_avg.tif | exists=True
/proj/zefflab/projects/Flooding/Data/harris_county/catalogs/static/harris_county/curve_number/cn_dry.tif -> /users/e/p/epsilon/Data/Data/harris_county/catalogs/static/harris_county/curve_number/cn_dry.tif | exists=False
/proj/zefflab/projects/Flooding/Data/harris_county/catalogs/static/harris_county/curve_number/cn_wet.tif -> /users/e/p/epsilon/Data/Data/harris_county/catalogs/static/harris_county/curve_number/cn_wet.tif | exists=False
/proj/zefflab/projects/Flooding/Data/harris_county/catalogs/static/harris_county/landcover/NLCD_2016_Land_Cover_L48_20190424.img -> /users/e/p/epsilon/Data/Data/harris_county/catalogs/static/harris_county/landcover/NLCD_2016_Land_Cover_L48_20190424.img | exists=True
/proj/zefflab/projects/Flooding/Data/harris_county/catalogs/static/harris_county/manning_reclass_table/nlcd_mapping_mean.csv -> /users/e/p/epsilon/Data/Data/harris_county/catalogs/static/harris_county/manning_reclass_table/nlcd_mapping_mean.csv | exists=True
/proj/zefflab/projects/Flooding/Data/harris_county/catalogs/static/harris_county/region_geom/houston_model.shp -> /users/e/p/epsilon/Data/Data/harris_county/catalogs/static/harris_county/region_geom/houston_model.shp | exists=True
/proj/zefflab/projects/Flooding/Data/harris_county/catalogs/static/harris_county/static_metadata/hydromt_data.yml -> /users/e/p/epsilon/Data/Data/harris_county/catalogs/static/harris_county/static_metadata/hydromt_data.yml | exists=False
/proj/zefflab/projects/Flooding/Data/harris_county/catalogs/static/harris_county/structures_thin_dams/AB_dams.shp -> /users/e/p/epsilon/Data/Data/harris_county/catalogs/static/harris_county/structures_thin_dams/AB_dams.shp | exists=True"
/proj/zefflab/projects/Flooding/pipeline/web_launcher/_audit_reports/catalog_detector_full_audit_20260612_172311.txt,28,OLD_PROJ_DATA_ROOT,UNCLEAR_REVIEW,,OK  harvey_mrms.nc                     file  13839647     /proj/zefflab/projects/Flooding/Data/harris_county/catalogs/events/harvey_2017_mrms/event_precip/harvey_mrms.nc,"/proj/zefflab/projects/Flooding/Data/harris_county/catalogs/events/harvey_2017_mrms/event_discharge/harvey_houston_q_bc.csv -> /users/e/p/epsilon/Data/Data/harris_county/catalogs/events/harvey_2017_mrms/event_discharge/harvey_houston_q_bc.csv | exists=True
/proj/zefflab/projects/Flooding/Data/harris_county/catalogs/events/harvey_2017_mrms/event_precip/harvey_mrms.nc -> /users/e/p/epsilon/Data/Data/harris_county/catalogs/events/harvey_2017_mrms/event_precip/harvey_mrms.nc | exists=True
/proj/zefflab/projects/Flooding/Data/harris_county/catalogs/events/harvey_2017_mrms/event_runtime_window/event_runtime_window.csv -> /users/e/p/epsilon/Data/Data/harris_county/catalogs/events/harvey_2017_mrms/event_runtime_window/event_runtime_window.csv | exists=True
/proj/zefflab/projects/Flooding/Data/harris_county/catalogs/events/harvey_2017_mrms/event_source_table/event_source_table.csv -> /users/e/p/epsilon/Data/Data/harris_county/catalogs/events/harvey_2017_mrms/event_source_table/event_source_table.csv | exists=True
/proj/zefflab/projects/Flooding/Data/harris_county/catalogs/events/harvey_2017_mrms/event_validation_lines/reviewed_crs_lines/sfincs_crs_lines_REVIEWED.xyxy -> /users/e/p/epsilon/Data/Data/harris_county/catalogs/events/harvey_2017_mrms/event_validation_lines/reviewed_crs_lines/sfincs_crs_lines_REVIEWED.xyxy | exists=False
/proj/zefflab/projects/Flooding/Data/harris_county/catalogs/events/harvey_2017_mrms/event_validation_lines/reviewed_crs_lines/sfincs_crs_lines_REVIEWED_PLUS_AUTO_CUSTOM.xyxy -> /users/e/p/epsilon/Data/Data/harris_county/catalogs/events/harvey_2017_mrms/event_validation_lines/reviewed_crs_lines/sfincs_crs_lines_REVIEWED_PLUS_AUTO_CUSTOM.xyxy | exists=False
/proj/zefflab/projects/Flooding/Data/harris_county/catalogs/events/harvey_2017_mrms/event_validation_points/profiles/full_candidates/sfincs_obs_points_full_candidates.xy -> /users/e/p/epsilon/Data/Data/harris_county/catalogs/events/harvey_2017_mrms/event_validation_points/profiles/full_candidates/sfincs_obs_points_full_candidates.xy | exists=False
/proj/zefflab/projects/Flooding/Data/harris_county/catalogs/events/harvey_2017_mrms/event_validation_points/profiles/lite/sfincs_obs_points_lite.xy -> /users/e/p/epsilon/Data/Data/harris_county/catalogs/events/harvey_2017_mrms/event_validation_points/profiles/lite/sfincs_obs_points_lite.xy | exists=False
/proj/zefflab/projects/Flooding/Data/harris_county/catalogs/events/harvey_2017_mrms/event_validation_points/profiles/validation/sfincs_obs_points_validation.xy -> /users/e/p/epsilon/Data/Data/harris_county/catalogs/events/harvey_2017_mrms/event_validation_points/profiles/validation/sfincs_obs_points_validation.xy | exists=False
/proj/zefflab/projects/Flooding/Data/harris_county/catalogs/events/harvey_2017_mrms/event_waterlevel/harvey_houston_wl_bc.csv -> /users/e/p/epsilon/Data/Data/harris_county/catalogs/events/harvey_2017_mrms/event_waterlevel/harvey_houston_wl_bc.csv | exists=True
/proj/zefflab/projects/Flooding/Data/harris_county/catalogs/static/harris_county/curve_number/cn_avg.tif -> /users/e/p/epsilon/Data/Data/harris_county/catalogs/static/harris_county/curve_number/cn_avg.tif | exists=True
/proj/zefflab/projects/Flooding/Data/harris_county/catalogs/static/harris_county/curve_number/cn_dry.tif -> /users/e/p/epsilon/Data/Data/harris_county/catalogs/static/harris_county/curve_number/cn_dry.tif | exists=False
/proj/zefflab/projects/Flooding/Data/harris_county/catalogs/static/harris_county/curve_number/cn_wet.tif -> /users/e/p/epsilon/Data/Data/harris_county/catalogs/static/harris_county/curve_number/cn_wet.tif | exists=False
/proj/zefflab/projects/Flooding/Data/harris_county/catalogs/static/harris_county/landcover/NLCD_2016_Land_Cover_L48_20190424.img -> /users/e/p/epsilon/Data/Data/harris_county/catalogs/static/harris_county/landcover/NLCD_2016_Land_Cover_L48_20190424.img | exists=True
/proj/zefflab/projects/Flooding/Data/harris_county/catalogs/static/harris_county/manning_reclass_table/nlcd_mapping_mean.csv -> /users/e/p/epsilon/Data/Data/harris_county/catalogs/static/harris_county/manning_reclass_table/nlcd_mapping_mean.csv | exists=True
/proj/zefflab/projects/Flooding/Data/harris_county/catalogs/static/harris_county/region_geom/houston_model.shp -> /users/e/p/epsilon/Data/Data/harris_county/catalogs/static/harris_county/region_geom/houston_model.shp | exists=True
/proj/zefflab/projects/Flooding/Data/harris_county/catalogs/static/harris_county/structures_thin_dams/AB_dams.shp -> /users/e/p/epsilon/Data/Data/harris_county/catalogs/static/harris_county/structures_thin_dams/AB_dams.shp | exists=True"
/proj/zefflab/projects/Flooding/pipeline/web_launcher/_audit_reports/catalog_detector_full_audit_20260612_172311.txt,29,OLD_PROJ_DATA_ROOT,UNCLEAR_REVIEW,,OK  harvey_houston_wl_bc.csv           file  28614        /proj/zefflab/projects/Flooding/Data/harris_county/catalogs/events/harvey_2017_mrms/event_waterlevel/harvey_houston_wl_bc.csv,"/proj/zefflab/projects/Flooding/Data/harris_county/catalogs/events/harvey_2017_mrms/event_discharge/harvey_houston_q_bc.csv -> /users/e/p/epsilon/Data/Data/harris_county/catalogs/events/harvey_2017_mrms/event_discharge/harvey_houston_q_bc.csv | exists=True
/proj/zefflab/projects/Flooding/Data/harris_county/catalogs/events/harvey_2017_mrms/event_precip/harvey_mrms.nc -> /users/e/p/epsilon/Data/Data/harris_county/catalogs/events/harvey_2017_mrms/event_precip/harvey_mrms.nc | exists=True
/proj/zefflab/projects/Flooding/Data/harris_county/catalogs/events/harvey_2017_mrms/event_runtime_window/event_runtime_window.csv -> /users/e/p/epsilon/Data/Data/harris_county/catalogs/events/harvey_2017_mrms/event_runtime_window/event_runtime_window.csv | exists=True
/proj/zefflab/projects/Flooding/Data/harris_county/catalogs/events/harvey_2017_mrms/event_source_table/event_source_table.csv -> /users/e/p/epsilon/Data/Data/harris_county/catalogs/events/harvey_2017_mrms/event_source_table/event_source_table.csv | exists=True
/proj/zefflab/projects/Flooding/Data/harris_county/catalogs/events/harvey_2017_mrms/event_validation_lines/reviewed_crs_lines/sfincs_crs_lines_REVIEWED.xyxy -> /users/e/p/epsilon/Data/Data/harris_county/catalogs/events/harvey_2017_mrms/event_validation_lines/reviewed_crs_lines/sfincs_crs_lines_REVIEWED.xyxy | exists=False
/proj/zefflab/projects/Flooding/Data/harris_county/catalogs/events/harvey_2017_mrms/event_validation_lines/reviewed_crs_lines/sfincs_crs_lines_REVIEWED_PLUS_AUTO_CUSTOM.xyxy -> /users/e/p/epsilon/Data/Data/harris_county/catalogs/events/harvey_2017_mrms/event_validation_lines/reviewed_crs_lines/sfincs_crs_lines_REVIEWED_PLUS_AUTO_CUSTOM.xyxy | exists=False
/proj/zefflab/projects/Flooding/Data/harris_county/catalogs/events/harvey_2017_mrms/event_validation_points/profiles/full_candidates/sfincs_obs_points_full_candidates.xy -> /users/e/p/epsilon/Data/Data/harris_county/catalogs/events/harvey_2017_mrms/event_validation_points/profiles/full_candidates/sfincs_obs_points_full_candidates.xy | exists=False
/proj/zefflab/projects/Flooding/Data/harris_county/catalogs/events/harvey_2017_mrms/event_validation_points/profiles/lite/sfincs_obs_points_lite.xy -> /users/e/p/epsilon/Data/Data/harris_county/catalogs/events/harvey_2017_mrms/event_validation_points/profiles/lite/sfincs_obs_points_lite.xy | exists=False
/proj/zefflab/projects/Flooding/Data/harris_county/catalogs/events/harvey_2017_mrms/event_validation_points/profiles/validation/sfincs_obs_points_validation.xy -> /users/e/p/epsilon/Data/Data/harris_county/catalogs/events/harvey_2017_mrms/event_validation_points/profiles/validation/sfincs_obs_points_validation.xy | exists=False
/proj/zefflab/projects/Flooding/Data/harris_county/catalogs/events/harvey_2017_mrms/event_waterlevel/harvey_houston_wl_bc.csv -> /users/e/p/epsilon/Data/Data/harris_county/catalogs/events/harvey_2017_mrms/event_waterlevel/harvey_houston_wl_bc.csv | exists=True
/proj/zefflab/projects/Flooding/Data/harris_county/catalogs/static/harris_county/curve_number/cn_dry.tif -> /users/e/p/epsilon/Data/Data/harris_county/catalogs/static/harris_county/curve_number/cn_dry.tif | exists=False
/proj/zefflab/projects/Flooding/Data/harris_county/catalogs/static/harris_county/curve_number/cn_wet.tif -> /users/e/p/epsilon/Data/Data/harris_county/catalogs/static/harris_county/curve_number/cn_wet.tif | exists=False
/proj/zefflab/projects/Flooding/Data/harris_county/catalogs/static/harris_county/landcover/NLCD_2016_Land_Cover_L48_20190424.img -> /users/e/p/epsilon/Data/Data/harris_county/catalogs/static/harris_county/landcover/NLCD_2016_Land_Cover_L48_20190424.img | exists=True
/proj/zefflab/projects/Flooding/Data/harris_county/catalogs/static/harris_county/manning_reclass_table/nlcd_mapping_mean.csv -> /users/e/p/epsilon/Data/Data/harris_county/catalogs/static/harris_county/manning_reclass_table/nlcd_mapping_mean.csv | exists=True
/proj/zefflab/projects/Flooding/Data/harris_county/catalogs/static/harris_county/region_geom/houston_model.shp -> /users/e/p/epsilon/Data/Data/harris_county/catalogs/static/harris_county/region_geom/houston_model.shp | exists=True
/proj/zefflab/projects/Flooding/Data/harris_county/catalogs/static/harris_county/structures_thin_dams/AB_dams.shp -> /users/e/p/epsilon/Data/Data/harris_county/catalogs/static/harris_county/structures_thin_dams/AB_dams.shp | exists=True"
/proj/zefflab/projects/Flooding/pipeline/web_launcher/_audit_reports/catalog_detector_full_audit_20260612_172311.txt,30,OLD_PROJ_DATA_ROOT,UNCLEAR_REVIEW,,OK  event_source_table.csv             file  578          /proj/zefflab/projects/Flooding/Data/harris_county/catalogs/events/harvey_2017_mrms/event_source_table/event_source_table.csv,"/proj/zefflab/projects/Flooding/Data/harris_county/catalogs/events/harvey_2017_mrms/event_discharge/harvey_houston_q_bc.csv -> /users/e/p/epsilon/Data/Data/harris_county/catalogs/events/harvey_2017_mrms/event_discharge/harvey_houston_q_bc.csv | exists=True
/proj/zefflab/projects/Flooding/Data/harris_county/catalogs/events/harvey_2017_mrms/event_precip/harvey_mrms.nc -> /users/e/p/epsilon/Data/Data/harris_county/catalogs/events/harvey_2017_mrms/event_precip/harvey_mrms.nc | exists=True
/proj/zefflab/projects/Flooding/Data/harris_county/catalogs/events/harvey_2017_mrms/event_runtime_window/event_runtime_window.csv -> /users/e/p/epsilon/Data/Data/harris_county/catalogs/events/harvey_2017_mrms/event_runtime_window/event_runtime_window.csv | exists=True
/proj/zefflab/projects/Flooding/Data/harris_county/catalogs/events/harvey_2017_mrms/event_source_table/event_source_table.csv -> /users/e/p/epsilon/Data/Data/harris_county/catalogs/events/harvey_2017_mrms/event_source_table/event_source_table.csv | exists=True
/proj/zefflab/projects/Flooding/Data/harris_county/catalogs/events/harvey_2017_mrms/event_validation_lines/reviewed_crs_lines/sfincs_crs_lines_REVIEWED.xyxy -> /users/e/p/epsilon/Data/Data/harris_county/catalogs/events/harvey_2017_mrms/event_validation_lines/reviewed_crs_lines/sfincs_crs_lines_REVIEWED.xyxy | exists=False
/proj/zefflab/projects/Flooding/Data/harris_county/catalogs/events/harvey_2017_mrms/event_validation_lines/reviewed_crs_lines/sfincs_crs_lines_REVIEWED_PLUS_AUTO_CUSTOM.xyxy -> /users/e/p/epsilon/Data/Data/harris_county/catalogs/events/harvey_2017_mrms/event_validation_lines/reviewed_crs_lines/sfincs_crs_lines_REVIEWED_PLUS_AUTO_CUSTOM.xyxy | exists=False
/proj/zefflab/projects/Flooding/Data/harris_county/catalogs/events/harvey_2017_mrms/event_validation_points/profiles/full_candidates/sfincs_obs_points_full_candidates.xy -> /users/e/p/epsilon/Data/Data/harris_county/catalogs/events/harvey_2017_mrms/event_validation_points/profiles/full_candidates/sfincs_obs_points_full_candidates.xy | exists=False
/proj/zefflab/projects/Flooding/Data/harris_county/catalogs/events/harvey_2017_mrms/event_validation_points/profiles/lite/sfincs_obs_points_lite.xy -> /users/e/p/epsilon/Data/Data/harris_county/catalogs/events/harvey_2017_mrms/event_validation_points/profiles/lite/sfincs_obs_points_lite.xy | exists=False
/proj/zefflab/projects/Flooding/Data/harris_county/catalogs/events/harvey_2017_mrms/event_validation_points/profiles/validation/sfincs_obs_points_validation.xy -> /users/e/p/epsilon/Data/Data/harris_county/catalogs/events/harvey_2017_mrms/event_validation_points/profiles/validation/sfincs_obs_points_validation.xy | exists=False
/proj/zefflab/projects/Flooding/Data/harris_county/catalogs/events/harvey_2017_mrms/event_waterlevel/harvey_houston_wl_bc.csv -> /users/e/p/epsilon/Data/Data/harris_county/catalogs/events/harvey_2017_mrms/event_waterlevel/harvey_houston_wl_bc.csv | exists=True
/proj/zefflab/projects/Flooding/Data/harris_county/catalogs/static/harris_county/curve_number/cn_dry.tif -> /users/e/p/epsilon/Data/Data/harris_county/catalogs/static/harris_county/curve_number/cn_dry.tif | exists=False
/proj/zefflab/projects/Flooding/Data/harris_county/catalogs/static/harris_county/landcover/NLCD_2016_Land_Cover_L48_20190424.img -> /users/e/p/epsilon/Data/Data/harris_county/catalogs/static/harris_county/landcover/NLCD_2016_Land_Cover_L48_20190424.img | exists=True
/proj/zefflab/projects/Flooding/Data/harris_county/catalogs/static/harris_county/manning_reclass_table/nlcd_mapping_mean.csv -> /users/e/p/epsilon/Data/Data/harris_county/catalogs/static/harris_county/manning_reclass_table/nlcd_mapping_mean.csv | exists=True
/proj/zefflab/projects/Flooding/Data/harris_county/catalogs/static/harris_county/region_geom/houston_model.shp -> /users/e/p/epsilon/Data/Data/harris_county/catalogs/static/harris_county/region_geom/houston_model.shp | exists=True
/proj/zefflab/projects/Flooding/Data/harris_county/catalogs/static/harris_county/structures_thin_dams/AB_dams.shp -> /users/e/p/epsilon/Data/Data/harris_county/catalogs/static/harris_county/structures_thin_dams/AB_dams.shp | exists=True"
/proj/zefflab/projects/Flooding/pipeline/web_launcher/_audit_reports/catalog_detector_full_audit_20260612_172311.txt,31,OLD_PROJ_DATA_ROOT,UNCLEAR_REVIEW,,OK  harvey_houston_q_bc.csv            file  444041       /proj/zefflab/projects/Flooding/Data/harris_county/catalogs/events/harvey_2017_mrms/event_discharge/harvey_houston_q_bc.csv,"/proj/zefflab/projects/Flooding/Data/harris_county/catalogs/events/harvey_2017_mrms/event_discharge/harvey_houston_q_bc.csv -> /users/e/p/epsilon/Data/Data/harris_county/catalogs/events/harvey_2017_mrms/event_discharge/harvey_houston_q_bc.csv | exists=True
/proj/zefflab/projects/Flooding/Data/harris_county/catalogs/events/harvey_2017_mrms/event_precip/harvey_mrms.nc -> /users/e/p/epsilon/Data/Data/harris_county/catalogs/events/harvey_2017_mrms/event_precip/harvey_mrms.nc | exists=True
/proj/zefflab/projects/Flooding/Data/harris_county/catalogs/events/harvey_2017_mrms/event_runtime_window/event_runtime_window.csv -> /users/e/p/epsilon/Data/Data/harris_county/catalogs/events/harvey_2017_mrms/event_runtime_window/event_runtime_window.csv | exists=True
/proj/zefflab/projects/Flooding/Data/harris_county/catalogs/events/harvey_2017_mrms/event_source_table/event_source_table.csv -> /users/e/p/epsilon/Data/Data/harris_county/catalogs/events/harvey_2017_mrms/event_source_table/event_source_table.csv | exists=True
/proj/zefflab/projects/Flooding/Data/harris_county/catalogs/events/harvey_2017_mrms/event_validation_lines/reviewed_crs_lines/sfincs_crs_lines_REVIEWED.xyxy -> /users/e/p/epsilon/Data/Data/harris_county/catalogs/events/harvey_2017_mrms/event_validation_lines/reviewed_crs_lines/sfincs_crs_lines_REVIEWED.xyxy | exists=False
/proj/zefflab/projects/Flooding/Data/harris_county/catalogs/events/harvey_2017_mrms/event_validation_lines/reviewed_crs_lines/sfincs_crs_lines_REVIEWED_PLUS_AUTO_CUSTOM.xyxy -> /users/e/p/epsilon/Data/Data/harris_county/catalogs/events/harvey_2017_mrms/event_validation_lines/reviewed_crs_lines/sfincs_crs_lines_REVIEWED_PLUS_AUTO_CUSTOM.xyxy | exists=False
/proj/zefflab/projects/Flooding/Data/harris_county/catalogs/events/harvey_2017_mrms/event_validation_points/profiles/full_candidates/sfincs_obs_points_full_candidates.xy -> /users/e/p/epsilon/Data/Data/harris_county/catalogs/events/harvey_2017_mrms/event_validation_points/profiles/full_candidates/sfincs_obs_points_full_candidates.xy | exists=False
/proj/zefflab/projects/Flooding/Data/harris_county/catalogs/events/harvey_2017_mrms/event_validation_points/profiles/lite/sfincs_obs_points_lite.xy -> /users/e/p/epsilon/Data/Data/harris_county/catalogs/events/harvey_2017_mrms/event_validation_points/profiles/lite/sfincs_obs_points_lite.xy | exists=False
/proj/zefflab/projects/Flooding/Data/harris_county/catalogs/events/harvey_2017_mrms/event_validation_points/profiles/validation/sfincs_obs_points_validation.xy -> /users/e/p/epsilon/Data/Data/harris_county/catalogs/events/harvey_2017_mrms/event_validation_points/profiles/validation/sfincs_obs_points_validation.xy | exists=False
/proj/zefflab/projects/Flooding/Data/harris_county/catalogs/events/harvey_2017_mrms/event_waterlevel/harvey_houston_wl_bc.csv -> /users/e/p/epsilon/Data/Data/harris_county/catalogs/events/harvey_2017_mrms/event_waterlevel/harvey_houston_wl_bc.csv | exists=True
/proj/zefflab/projects/Flooding/Data/harris_county/catalogs/static/harris_county/landcover/NLCD_2016_Land_Cover_L48_20190424.img -> /users/e/p/epsilon/Data/Data/harris_county/catalogs/static/harris_county/landcover/NLCD_2016_Land_Cover_L48_20190424.img | exists=True
/proj/zefflab/projects/Flooding/Data/harris_county/catalogs/static/harris_county/manning_reclass_table/nlcd_mapping_mean.csv -> /users/e/p/epsilon/Data/Data/harris_county/catalogs/static/harris_county/manning_reclass_table/nlcd_mapping_mean.csv | exists=True
/proj/zefflab/projects/Flooding/Data/harris_county/catalogs/static/harris_county/region_geom/houston_model.shp -> /users/e/p/epsilon/Data/Data/harris_county/catalogs/static/harris_county/region_geom/houston_model.shp | exists=True
/proj/zefflab/projects/Flooding/Data/harris_county/catalogs/static/harris_county/structures_thin_dams/AB_dams.shp -> /users/e/p/epsilon/Data/Data/harris_county/catalogs/static/harris_county/structures_thin_dams/AB_dams.shp | exists=True"
/proj/zefflab/projects/Flooding/pipeline/web_launcher/_audit_reports/catalog_detector_full_audit_20260612_172311.txt,32,OLD_PROJ_DATA_ROOT,UNCLEAR_REVIEW,,OK  sfincs_obs_points_lite.xy          file  184          /proj/zefflab/projects/Flooding/Data/harris_county/catalogs/events/harvey_2017_mrms/event_validation_points/profiles/lite/sfincs_obs_points_lite.xy,"/proj/zefflab/projects/Flooding/Data/harris_county/catalogs/events/harvey_2017_mrms/event_discharge/harvey_houston_q_bc.csv -> /users/e/p/epsilon/Data/Data/harris_county/catalogs/events/harvey_2017_mrms/event_discharge/harvey_houston_q_bc.csv | exists=True
/proj/zefflab/projects/Flooding/Data/harris_county/catalogs/events/harvey_2017_mrms/event_precip/harvey_mrms.nc -> /users/e/p/epsilon/Data/Data/harris_county/catalogs/events/harvey_2017_mrms/event_precip/harvey_mrms.nc | exists=True
/proj/zefflab/projects/Flooding/Data/harris_county/catalogs/events/harvey_2017_mrms/event_runtime_window/event_runtime_window.csv -> /users/e/p/epsilon/Data/Data/harris_county/catalogs/events/harvey_2017_mrms/event_runtime_window/event_runtime_window.csv | exists=True
/proj/zefflab/projects/Flooding/Data/harris_county/catalogs/events/harvey_2017_mrms/event_source_table/event_source_table.csv -> /users/e/p/epsilon/Data/Data/harris_county/catalogs/events/harvey_2017_mrms/event_source_table/event_source_table.csv | exists=True
/proj/zefflab/projects/Flooding/Data/harris_county/catalogs/events/harvey_2017_mrms/event_validation_lines/reviewed_crs_lines/sfincs_crs_lines_REVIEWED.xyxy -> /users/e/p/epsilon/Data/Data/harris_county/catalogs/events/harvey_2017_mrms/event_validation_lines/reviewed_crs_lines/sfincs_crs_lines_REVIEWED.xyxy | exists=False
/proj/zefflab/projects/Flooding/Data/harris_county/catalogs/events/harvey_2017_mrms/event_validation_lines/reviewed_crs_lines/sfincs_crs_lines_REVIEWED_PLUS_AUTO_CUSTOM.xyxy -> /users/e/p/epsilon/Data/Data/harris_county/catalogs/events/harvey_2017_mrms/event_validation_lines/reviewed_crs_lines/sfincs_crs_lines_REVIEWED_PLUS_AUTO_CUSTOM.xyxy | exists=False
/proj/zefflab/projects/Flooding/Data/harris_county/catalogs/events/harvey_2017_mrms/event_validation_points/profiles/full_candidates/sfincs_obs_points_full_candidates.xy -> /users/e/p/epsilon/Data/Data/harris_county/catalogs/events/harvey_2017_mrms/event_validation_points/profiles/full_candidates/sfincs_obs_points_full_candidates.xy | exists=False
/proj/zefflab/projects/Flooding/Data/harris_county/catalogs/events/harvey_2017_mrms/event_validation_points/profiles/lite/sfincs_obs_points_lite.xy -> /users/e/p/epsilon/Data/Data/harris_county/catalogs/events/harvey_2017_mrms/event_validation_points/profiles/lite/sfincs_obs_points_lite.xy | exists=False
/proj/zefflab/projects/Flooding/Data/harris_county/catalogs/events/harvey_2017_mrms/event_validation_points/profiles/validation/sfincs_obs_points_validation.xy -> /users/e/p/epsilon/Data/Data/harris_county/catalogs/events/harvey_2017_mrms/event_validation_points/profiles/validation/sfincs_obs_points_validation.xy | exists=False
/proj/zefflab/projects/Flooding/Data/harris_county/catalogs/events/harvey_2017_mrms/event_waterlevel/harvey_houston_wl_bc.csv -> /users/e/p/epsilon/Data/Data/harris_county/catalogs/events/harvey_2017_mrms/event_waterlevel/harvey_houston_wl_bc.csv | exists=True
/proj/zefflab/projects/Flooding/Data/harris_county/catalogs/static/harris_county -> /users/e/p/epsilon/Data/Data/harris_county/catalogs/static/harris_county | exists=True
/proj/zefflab/projects/Flooding/Data/harris_county/catalogs/static/harris_county/manning_reclass_table/nlcd_mapping_mean.csv -> /users/e/p/epsilon/Data/Data/harris_county/catalogs/static/harris_county/manning_reclass_table/nlcd_mapping_mean.csv | exists=True
/proj/zefflab/projects/Flooding/Data/harris_county/catalogs/static/harris_county/region_geom/houston_model.shp -> /users/e/p/epsilon/Data/Data/harris_county/catalogs/static/harris_county/region_geom/houston_model.shp | exists=True
/proj/zefflab/projects/Flooding/Data/harris_county/catalogs/static/harris_county/structures_thin_dams/AB_dams.shp -> /users/e/p/epsilon/Data/Data/harris_county/catalogs/static/harris_county/structures_thin_dams/AB_dams.shp | exists=True"
/proj/zefflab/projects/Flooding/pipeline/web_launcher/_audit_reports/catalog_detector_full_audit_20260612_172311.txt,33,OLD_PROJ_DATA_ROOT,UNCLEAR_REVIEW,,OK  sfincs_obs_points_validation.xy    file  805          /proj/zefflab/projects/Flooding/Data/harris_county/catalogs/events/harvey_2017_mrms/event_validation_points/profiles/validation/sfincs_obs_points_validation.xy,"/proj/zefflab/projects/Flooding/Data/harris_county/catalogs/events/harvey_2017_mrms/event_discharge/harvey_houston_q_bc.csv -> /users/e/p/epsilon/Data/Data/harris_county/catalogs/events/harvey_2017_mrms/event_discharge/harvey_houston_q_bc.csv | exists=True
/proj/zefflab/projects/Flooding/Data/harris_county/catalogs/events/harvey_2017_mrms/event_precip/harvey_mrms.nc -> /users/e/p/epsilon/Data/Data/harris_county/catalogs/events/harvey_2017_mrms/event_precip/harvey_mrms.nc | exists=True
/proj/zefflab/projects/Flooding/Data/harris_county/catalogs/events/harvey_2017_mrms/event_runtime_window/event_runtime_window.csv -> /users/e/p/epsilon/Data/Data/harris_county/catalogs/events/harvey_2017_mrms/event_runtime_window/event_runtime_window.csv | exists=True
/proj/zefflab/projects/Flooding/Data/harris_county/catalogs/events/harvey_2017_mrms/event_source_table/event_source_table.csv -> /users/e/p/epsilon/Data/Data/harris_county/catalogs/events/harvey_2017_mrms/event_source_table/event_source_table.csv | exists=True
/proj/zefflab/projects/Flooding/Data/harris_county/catalogs/events/harvey_2017_mrms/event_validation_lines/reviewed_crs_lines/sfincs_crs_lines_REVIEWED.xyxy -> /users/e/p/epsilon/Data/Data/harris_county/catalogs/events/harvey_2017_mrms/event_validation_lines/reviewed_crs_lines/sfincs_crs_lines_REVIEWED.xyxy | exists=False
/proj/zefflab/projects/Flooding/Data/harris_county/catalogs/events/harvey_2017_mrms/event_validation_lines/reviewed_crs_lines/sfincs_crs_lines_REVIEWED_PLUS_AUTO_CUSTOM.xyxy -> /users/e/p/epsilon/Data/Data/harris_county/catalogs/events/harvey_2017_mrms/event_validation_lines/reviewed_crs_lines/sfincs_crs_lines_REVIEWED_PLUS_AUTO_CUSTOM.xyxy | exists=False
/proj/zefflab/projects/Flooding/Data/harris_county/catalogs/events/harvey_2017_mrms/event_validation_points/profiles/full_candidates/sfincs_obs_points_full_candidates.xy -> /users/e/p/epsilon/Data/Data/harris_county/catalogs/events/harvey_2017_mrms/event_validation_points/profiles/full_candidates/sfincs_obs_points_full_candidates.xy | exists=False
/proj/zefflab/projects/Flooding/Data/harris_county/catalogs/events/harvey_2017_mrms/event_validation_points/profiles/lite/sfincs_obs_points_lite.xy -> /users/e/p/epsilon/Data/Data/harris_county/catalogs/events/harvey_2017_mrms/event_validation_points/profiles/lite/sfincs_obs_points_lite.xy | exists=False
/proj/zefflab/projects/Flooding/Data/harris_county/catalogs/events/harvey_2017_mrms/event_validation_points/profiles/validation/sfincs_obs_points_validation.xy -> /users/e/p/epsilon/Data/Data/harris_county/catalogs/events/harvey_2017_mrms/event_validation_points/profiles/validation/sfincs_obs_points_validation.xy | exists=False
/proj/zefflab/projects/Flooding/Data/harris_county/catalogs/events/harvey_2017_mrms/event_waterlevel/harvey_houston_wl_bc.csv -> /users/e/p/epsilon/Data/Data/harris_county/catalogs/events/harvey_2017_mrms/event_waterlevel/harvey_houston_wl_bc.csv | exists=True
/proj/zefflab/projects/Flooding/Data/harris_county/catalogs/static/harris_county -> /users/e/p/epsilon/Data/Data/harris_county/catalogs/static/harris_county | exists=True
/proj/zefflab/projects/Flooding/Data/harris_county/catalogs/static/harris_county/region_geom/houston_model.shp -> /users/e/p/epsilon/Data/Data/harris_county/catalogs/static/harris_county/region_geom/houston_model.shp | exists=True
/proj/zefflab/projects/Flooding/Data/harris_county/catalogs/static/harris_county/structures_thin_dams/AB_dams.shp -> /users/e/p/epsilon/Data/Data/harris_county/catalogs/static/harris_county/structures_thin_dams/AB_dams.shp | exists=True"
/proj/zefflab/projects/Flooding/pipeline/web_launcher/_audit_reports/catalog_detector_full_audit_20260612_172311.txt,34,OLD_PROJ_DATA_ROOT,UNCLEAR_REVIEW,,OK  sfincs_obs_points_full_candidates.xy file  1219         /proj/zefflab/projects/Flooding/Data/harris_county/catalogs/events/harvey_2017_mrms/event_validation_points/profiles/full_candidates/sfincs_obs_points_full_candidates.xy,"/proj/zefflab/projects/Flooding/Data/harris_county/catalogs/events/harvey_2017_mrms/event_discharge/harvey_houston_q_bc.csv -> /users/e/p/epsilon/Data/Data/harris_county/catalogs/events/harvey_2017_mrms/event_discharge/harvey_houston_q_bc.csv | exists=True
/proj/zefflab/projects/Flooding/Data/harris_county/catalogs/events/harvey_2017_mrms/event_precip/harvey_mrms.nc -> /users/e/p/epsilon/Data/Data/harris_county/catalogs/events/harvey_2017_mrms/event_precip/harvey_mrms.nc | exists=True
/proj/zefflab/projects/Flooding/Data/harris_county/catalogs/events/harvey_2017_mrms/event_runtime_window/event_runtime_window.csv -> /users/e/p/epsilon/Data/Data/harris_county/catalogs/events/harvey_2017_mrms/event_runtime_window/event_runtime_window.csv | exists=True
/proj/zefflab/projects/Flooding/Data/harris_county/catalogs/events/harvey_2017_mrms/event_source_table/event_source_table.csv -> /users/e/p/epsilon/Data/Data/harris_county/catalogs/events/harvey_2017_mrms/event_source_table/event_source_table.csv | exists=True
/proj/zefflab/projects/Flooding/Data/harris_county/catalogs/events/harvey_2017_mrms/event_validation_lines/reviewed_crs_lines/sfincs_crs_lines_REVIEWED.xyxy -> /users/e/p/epsilon/Data/Data/harris_county/catalogs/events/harvey_2017_mrms/event_validation_lines/reviewed_crs_lines/sfincs_crs_lines_REVIEWED.xyxy | exists=False
/proj/zefflab/projects/Flooding/Data/harris_county/catalogs/events/harvey_2017_mrms/event_validation_lines/reviewed_crs_lines/sfincs_crs_lines_REVIEWED_PLUS_AUTO_CUSTOM.xyxy -> /users/e/p/epsilon/Data/Data/harris_county/catalogs/events/harvey_2017_mrms/event_validation_lines/reviewed_crs_lines/sfincs_crs_lines_REVIEWED_PLUS_AUTO_CUSTOM.xyxy | exists=False
/proj/zefflab/projects/Flooding/Data/harris_county/catalogs/events/harvey_2017_mrms/event_validation_points/profiles/full_candidates/sfincs_obs_points_full_candidates.xy -> /users/e/p/epsilon/Data/Data/harris_county/catalogs/events/harvey_2017_mrms/event_validation_points/profiles/full_candidates/sfincs_obs_points_full_candidates.xy | exists=False
/proj/zefflab/projects/Flooding/Data/harris_county/catalogs/events/harvey_2017_mrms/event_validation_points/profiles/lite/sfincs_obs_points_lite.xy -> /users/e/p/epsilon/Data/Data/harris_county/catalogs/events/harvey_2017_mrms/event_validation_points/profiles/lite/sfincs_obs_points_lite.xy | exists=False
/proj/zefflab/projects/Flooding/Data/harris_county/catalogs/events/harvey_2017_mrms/event_validation_points/profiles/validation/sfincs_obs_points_validation.xy -> /users/e/p/epsilon/Data/Data/harris_county/catalogs/events/harvey_2017_mrms/event_validation_points/profiles/validation/sfincs_obs_points_validation.xy | exists=False
/proj/zefflab/projects/Flooding/Data/harris_county/catalogs/events/harvey_2017_mrms/event_waterlevel/harvey_houston_wl_bc.csv -> /users/e/p/epsilon/Data/Data/harris_county/catalogs/events/harvey_2017_mrms/event_waterlevel/harvey_houston_wl_bc.csv | exists=True
/proj/zefflab/projects/Flooding/Data/harris_county/catalogs/static/harris_county -> /users/e/p/epsilon/Data/Data/harris_county/catalogs/static/harris_county | exists=True
/proj/zefflab/projects/Flooding/Data/harris_county/catalogs/static/harris_county/structures_thin_dams/AB_dams.shp -> /users/e/p/epsilon/Data/Data/harris_county/catalogs/static/harris_county/structures_thin_dams/AB_dams.shp | exists=True"
/proj/zefflab/projects/Flooding/pipeline/web_launcher/_audit_reports/catalog_detector_full_audit_20260612_172311.txt,35,OLD_PROJ_DATA_ROOT,UNCLEAR_REVIEW,,OK  sfincs_crs_lines_REVIEWED_PLUS_AUTO_CUSTOM.xyxy file  1748         /proj/zefflab/projects/Flooding/Data/harris_county/catalogs/events/harvey_2017_mrms/event_validation_lines/reviewed_crs_lines/sfincs_crs_lines_REVIEWED_PLUS_AUTO_CUSTOM.xyxy,"/proj/zefflab/projects/Flooding/Data/harris_county/catalogs/events/harvey_2017_mrms/event_discharge/harvey_houston_q_bc.csv -> /users/e/p/epsilon/Data/Data/harris_county/catalogs/events/harvey_2017_mrms/event_discharge/harvey_houston_q_bc.csv | exists=True
/proj/zefflab/projects/Flooding/Data/harris_county/catalogs/events/harvey_2017_mrms/event_precip/harvey_mrms.nc -> /users/e/p/epsilon/Data/Data/harris_county/catalogs/events/harvey_2017_mrms/event_precip/harvey_mrms.nc | exists=True
/proj/zefflab/projects/Flooding/Data/harris_county/catalogs/events/harvey_2017_mrms/event_runtime_window/event_runtime_window.csv -> /users/e/p/epsilon/Data/Data/harris_county/catalogs/events/harvey_2017_mrms/event_runtime_window/event_runtime_window.csv | exists=True
/proj/zefflab/projects/Flooding/Data/harris_county/catalogs/events/harvey_2017_mrms/event_source_table/event_source_table.csv -> /users/e/p/epsilon/Data/Data/harris_county/catalogs/events/harvey_2017_mrms/event_source_table/event_source_table.csv | exists=True
/proj/zefflab/projects/Flooding/Data/harris_county/catalogs/events/harvey_2017_mrms/event_validation_lines/reviewed_crs_lines/sfincs_crs_lines_REVIEWED.xyxy -> /users/e/p/epsilon/Data/Data/harris_county/catalogs/events/harvey_2017_mrms/event_validation_lines/reviewed_crs_lines/sfincs_crs_lines_REVIEWED.xyxy | exists=False
/proj/zefflab/projects/Flooding/Data/harris_county/catalogs/events/harvey_2017_mrms/event_validation_lines/reviewed_crs_lines/sfincs_crs_lines_REVIEWED_PLUS_AUTO_CUSTOM.xyxy -> /users/e/p/epsilon/Data/Data/harris_county/catalogs/events/harvey_2017_mrms/event_validation_lines/reviewed_crs_lines/sfincs_crs_lines_REVIEWED_PLUS_AUTO_CUSTOM.xyxy | exists=False
/proj/zefflab/projects/Flooding/Data/harris_county/catalogs/events/harvey_2017_mrms/event_validation_points/profiles/full_candidates/sfincs_obs_points_full_candidates.xy -> /users/e/p/epsilon/Data/Data/harris_county/catalogs/events/harvey_2017_mrms/event_validation_points/profiles/full_candidates/sfincs_obs_points_full_candidates.xy | exists=False
/proj/zefflab/projects/Flooding/Data/harris_county/catalogs/events/harvey_2017_mrms/event_validation_points/profiles/lite/sfincs_obs_points_lite.xy -> /users/e/p/epsilon/Data/Data/harris_county/catalogs/events/harvey_2017_mrms/event_validation_points/profiles/lite/sfincs_obs_points_lite.xy | exists=False
/proj/zefflab/projects/Flooding/Data/harris_county/catalogs/events/harvey_2017_mrms/event_validation_points/profiles/validation/sfincs_obs_points_validation.xy -> /users/e/p/epsilon/Data/Data/harris_county/catalogs/events/harvey_2017_mrms/event_validation_points/profiles/validation/sfincs_obs_points_validation.xy | exists=False
/proj/zefflab/projects/Flooding/Data/harris_county/catalogs/events/harvey_2017_mrms/event_waterlevel/harvey_houston_wl_bc.csv -> /users/e/p/epsilon/Data/Data/harris_county/catalogs/events/harvey_2017_mrms/event_waterlevel/harvey_houston_wl_bc.csv | exists=True
/proj/zefflab/projects/Flooding/Data/harris_county/catalogs/static/harris_county -> /users/e/p/epsilon/Data/Data/harris_county/catalogs/static/harris_county | exists=True"
/proj/zefflab/projects/Flooding/pipeline/web_launcher/_audit_reports/catalog_detector_full_audit_20260612_172311.txt,36,OLD_PROJ_DATA_ROOT,UNCLEAR_REVIEW,,OK  sfincs_crs_lines_REVIEWED.xyxy     file  1702         /proj/zefflab/projects/Flooding/Data/harris_county/catalogs/events/harvey_2017_mrms/event_validation_lines/reviewed_crs_lines/sfincs_crs_lines_REVIEWED.xyxy,"/proj/zefflab/projects/Flooding/Data/harris_county/catalogs/events/harvey_2017_mrms/event_discharge/harvey_houston_q_bc.csv -> /users/e/p/epsilon/Data/Data/harris_county/catalogs/events/harvey_2017_mrms/event_discharge/harvey_houston_q_bc.csv | exists=True
/proj/zefflab/projects/Flooding/Data/harris_county/catalogs/events/harvey_2017_mrms/event_precip/harvey_mrms.nc -> /users/e/p/epsilon/Data/Data/harris_county/catalogs/events/harvey_2017_mrms/event_precip/harvey_mrms.nc | exists=True
/proj/zefflab/projects/Flooding/Data/harris_county/catalogs/events/harvey_2017_mrms/event_source_table/event_source_table.csv -> /users/e/p/epsilon/Data/Data/harris_county/catalogs/events/harvey_2017_mrms/event_source_table/event_source_table.csv | exists=True
/proj/zefflab/projects/Flooding/Data/harris_county/catalogs/events/harvey_2017_mrms/event_validation_lines/reviewed_crs_lines/sfincs_crs_lines_REVIEWED.xyxy -> /users/e/p/epsilon/Data/Data/harris_county/catalogs/events/harvey_2017_mrms/event_validation_lines/reviewed_crs_lines/sfincs_crs_lines_REVIEWED.xyxy | exists=False
/proj/zefflab/projects/Flooding/Data/harris_county/catalogs/events/harvey_2017_mrms/event_validation_lines/reviewed_crs_lines/sfincs_crs_lines_REVIEWED_PLUS_AUTO_CUSTOM.xyxy -> /users/e/p/epsilon/Data/Data/harris_county/catalogs/events/harvey_2017_mrms/event_validation_lines/reviewed_crs_lines/sfincs_crs_lines_REVIEWED_PLUS_AUTO_CUSTOM.xyxy | exists=False
/proj/zefflab/projects/Flooding/Data/harris_county/catalogs/events/harvey_2017_mrms/event_validation_points/profiles/full_candidates/sfincs_obs_points_full_candidates.xy -> /users/e/p/epsilon/Data/Data/harris_county/catalogs/events/harvey_2017_mrms/event_validation_points/profiles/full_candidates/sfincs_obs_points_full_candidates.xy | exists=False
/proj/zefflab/projects/Flooding/Data/harris_county/catalogs/events/harvey_2017_mrms/event_validation_points/profiles/lite/sfincs_obs_points_lite.xy -> /users/e/p/epsilon/Data/Data/harris_county/catalogs/events/harvey_2017_mrms/event_validation_points/profiles/lite/sfincs_obs_points_lite.xy | exists=False
/proj/zefflab/projects/Flooding/Data/harris_county/catalogs/events/harvey_2017_mrms/event_validation_points/profiles/validation/sfincs_obs_points_validation.xy -> /users/e/p/epsilon/Data/Data/harris_county/catalogs/events/harvey_2017_mrms/event_validation_points/profiles/validation/sfincs_obs_points_validation.xy | exists=False
/proj/zefflab/projects/Flooding/Data/harris_county/catalogs/events/harvey_2017_mrms/event_waterlevel/harvey_houston_wl_bc.csv -> /users/e/p/epsilon/Data/Data/harris_county/catalogs/events/harvey_2017_mrms/event_waterlevel/harvey_houston_wl_bc.csv | exists=True
/proj/zefflab/projects/Flooding/Data/harris_county/catalogs/static/harris_county -> /users/e/p/epsilon/Data/Data/harris_county/catalogs/static/harris_county | exists=True"
/proj/zefflab/projects/Flooding/pipeline/web_launcher/_audit_reports/catalog_detector_full_audit_20260612_172311.txt,40,OLD_PROJ_DATA_ROOT,UNCLEAR_REVIEW,,--- LIST /proj/zefflab/projects/Flooding/Data/harris_county/catalogs/static/harris_county ---,"/proj/zefflab/projects/Flooding/Data/harris_county/catalogs/events/harvey_2017_mrms/event_validation_lines/reviewed_crs_lines/sfincs_crs_lines_REVIEWED.xyxy -> /users/e/p/epsilon/Data/Data/harris_county/catalogs/events/harvey_2017_mrms/event_validation_lines/reviewed_crs_lines/sfincs_crs_lines_REVIEWED.xyxy | exists=False
/proj/zefflab/projects/Flooding/Data/harris_county/catalogs/events/harvey_2017_mrms/event_validation_lines/reviewed_crs_lines/sfincs_crs_lines_REVIEWED_PLUS_AUTO_CUSTOM.xyxy -> /users/e/p/epsilon/Data/Data/harris_county/catalogs/events/harvey_2017_mrms/event_validation_lines/reviewed_crs_lines/sfincs_crs_lines_REVIEWED_PLUS_AUTO_CUSTOM.xyxy | exists=False
/proj/zefflab/projects/Flooding/Data/harris_county/catalogs/events/harvey_2017_mrms/event_validation_points/profiles/full_candidates/sfincs_obs_points_full_candidates.xy -> /users/e/p/epsilon/Data/Data/harris_county/catalogs/events/harvey_2017_mrms/event_validation_points/profiles/full_candidates/sfincs_obs_points_full_candidates.xy | exists=False
/proj/zefflab/projects/Flooding/Data/harris_county/catalogs/events/harvey_2017_mrms/event_validation_points/profiles/lite/sfincs_obs_points_lite.xy -> /users/e/p/epsilon/Data/Data/harris_county/catalogs/events/harvey_2017_mrms/event_validation_points/profiles/lite/sfincs_obs_points_lite.xy | exists=False
/proj/zefflab/projects/Flooding/Data/harris_county/catalogs/events/harvey_2017_mrms/event_validation_points/profiles/validation/sfincs_obs_points_validation.xy -> /users/e/p/epsilon/Data/Data/harris_county/catalogs/events/harvey_2017_mrms/event_validation_points/profiles/validation/sfincs_obs_points_validation.xy | exists=False
/proj/zefflab/projects/Flooding/Data/harris_county/catalogs/static/harris_county -> /users/e/p/epsilon/Data/Data/harris_county/catalogs/static/harris_county | exists=True"
/proj/zefflab/projects/Flooding/pipeline/web_launcher/_audit_reports/catalog_detector_full_audit_20260612_172311.txt,70,OLD_PROJ_DATA_ROOT,LIKELY_DOC_OR_LINK,,--- LIST /proj/zefflab/projects/Flooding/Data/harris_county/catalogs/static/harris_county/topobathy ---,"/proj/zefflab/projects/Flooding/Data/harris_county/catalogs/static/harris_county/static_metadata -> /users/e/p/epsilon/Data/Data/harris_county/catalogs/static/harris_county/static_metadata | exists=True
/proj/zefflab/projects/Flooding/Data/harris_county/catalogs/static/harris_county/topobathy -> /users/e/p/epsilon/Data/Data/harris_county/catalogs/static/harris_county/topobathy | exists=True"
/proj/zefflab/projects/Flooding/pipeline/web_launcher/_audit_reports/catalog_detector_full_audit_20260612_172311.txt,74,OLD_PROJ_DATA_ROOT,LIKELY_DOC_OR_LINK,,--- LIST /proj/zefflab/projects/Flooding/Data/harris_county/catalogs/static/harris_county/static_metadata ---,"/proj/zefflab/projects/Flooding/Data/harris_county/catalogs/static/harris_county/curve_number -> /users/e/p/epsilon/Data/Data/harris_county/catalogs/static/harris_county/curve_number | exists=True
/proj/zefflab/projects/Flooding/Data/harris_county/catalogs/static/harris_county/static_metadata -> /users/e/p/epsilon/Data/Data/harris_county/catalogs/static/harris_county/static_metadata | exists=True
/proj/zefflab/projects/Flooding/Data/harris_county/catalogs/static/harris_county/topobathy -> /users/e/p/epsilon/Data/Data/harris_county/catalogs/static/harris_county/topobathy | exists=True"
/proj/zefflab/projects/Flooding/pipeline/web_launcher/_audit_reports/catalog_detector_full_audit_20260612_172311.txt,80,OLD_PROJ_DATA_ROOT,LIKELY_DOC_OR_LINK,,--- LIST /proj/zefflab/projects/Flooding/Data/harris_county/catalogs/static/harris_county/curve_number ---,"/proj/zefflab/projects/Flooding/Data/harris_county/catalogs/static/harris_county/curve_number -> /users/e/p/epsilon/Data/Data/harris_county/catalogs/static/harris_county/curve_number | exists=True
/proj/zefflab/projects/Flooding/Data/harris_county/catalogs/static/harris_county/dem -> /users/e/p/epsilon/Data/Data/harris_county/catalogs/static/harris_county/dem | exists=True
/proj/zefflab/projects/Flooding/Data/harris_county/catalogs/static/harris_county/static_metadata -> /users/e/p/epsilon/Data/Data/harris_county/catalogs/static/harris_county/static_metadata | exists=True"
/proj/zefflab/projects/Flooding/pipeline/web_launcher/_audit_reports/catalog_detector_full_audit_20260612_172311.txt,86,OLD_PROJ_DATA_ROOT,LIKELY_DOC_OR_LINK,,--- LIST /proj/zefflab/projects/Flooding/Data/harris_county/catalogs/static/harris_county/dem ---,"/proj/zefflab/projects/Flooding/Data/harris_county/catalogs/events/harvey_2017_mrms -> /users/e/p/epsilon/Data/Data/harris_county/catalogs/events/harvey_2017_mrms | exists=True
/proj/zefflab/projects/Flooding/Data/harris_county/catalogs/static/harris_county/curve_number -> /users/e/p/epsilon/Data/Data/harris_county/catalogs/static/harris_county/curve_number | exists=True
/proj/zefflab/projects/Flooding/Data/harris_county/catalogs/static/harris_county/dem -> /users/e/p/epsilon/Data/Data/harris_county/catalogs/static/harris_county/dem | exists=True
/proj/zefflab/projects/Flooding/Data/harris_county/catalogs/static/harris_county/subgrid -> /users/e/p/epsilon/Data/Data/harris_county/catalogs/static/harris_county/subgrid | exists=True"
/proj/zefflab/projects/Flooding/pipeline/web_launcher/_audit_reports/catalog_detector_full_audit_20260612_172311.txt,90,OLD_PROJ_DATA_ROOT,LIKELY_DOC_OR_LINK,,--- LIST /proj/zefflab/projects/Flooding/Data/harris_county/catalogs/static/harris_county/subgrid ---,"/proj/zefflab/projects/Flooding/Data/harris_county/catalogs/events/harvey_2017_mrms -> /users/e/p/epsilon/Data/Data/harris_county/catalogs/events/harvey_2017_mrms | exists=True
/proj/zefflab/projects/Flooding/Data/harris_county/catalogs/static/harris_county/dem -> /users/e/p/epsilon/Data/Data/harris_county/catalogs/static/harris_county/dem | exists=True
/proj/zefflab/projects/Flooding/Data/harris_county/catalogs/static/harris_county/subgrid -> /users/e/p/epsilon/Data/Data/harris_county/catalogs/static/harris_county/subgrid | exists=True"
/proj/zefflab/projects/Flooding/pipeline/web_launcher/_audit_reports/catalog_detector_full_audit_20260612_172311.txt,94,OLD_PROJ_DATA_ROOT,LIKELY_DOC_OR_LINK,,--- LIST /proj/zefflab/projects/Flooding/Data/harris_county/catalogs/events/harvey_2017_mrms ---,"/proj/zefflab/projects/Flooding/Data/harris_county/catalogs/events/harvey_2017_mrms -> /users/e/p/epsilon/Data/Data/harris_county/catalogs/events/harvey_2017_mrms | exists=True
/proj/zefflab/projects/Flooding/Data/harris_county/catalogs/static/harris_county/dem -> /users/e/p/epsilon/Data/Data/harris_county/catalogs/static/harris_county/dem | exists=True
/proj/zefflab/projects/Flooding/Data/harris_county/catalogs/static/harris_county/subgrid -> /users/e/p/epsilon/Data/Data/harris_county/catalogs/static/harris_county/subgrid | exists=True"
/proj/zefflab/projects/Flooding/pipeline/web_launcher/_audit_reports/catalog_detector_full_audit_20260612_172311.txt,113,OLD_PROJ_DATA_ROOT,LIKELY_DOC_OR_LINK,,--- LIST /proj/zefflab/projects/Flooding/Data/harris_county/catalogs/events/harvey_2017_mrms/event_validation_points/profiles ---,"/proj/zefflab/projects/Flooding/Data/harris_county/catalogs/events/harvey_2017_mrms/event_validation_lines/reviewed_crs_lines -> /users/e/p/epsilon/Data/Data/harris_county/catalogs/events/harvey_2017_mrms/event_validation_lines/reviewed_crs_lines | exists=False
/proj/zefflab/projects/Flooding/Data/harris_county/catalogs/events/harvey_2017_mrms/event_validation_points/profiles -> /users/e/p/epsilon/Data/Data/harris_county/catalogs/events/harvey_2017_mrms/event_validation_points/profiles | exists=False"
/proj/zefflab/projects/Flooding/pipeline/web_launcher/_audit_reports/catalog_detector_full_audit_20260612_172311.txt,120,OLD_PROJ_DATA_ROOT,LIKELY_DOC_OR_LINK,,--- LIST /proj/zefflab/projects/Flooding/Data/harris_county/catalogs/events/harvey_2017_mrms/event_validation_lines/reviewed_crs_lines ---,"/proj/zefflab/projects/Flooding/Data/harris_county/catalogs/events/harvey_2017_mrms/event_validation_lines/reviewed_crs_lines -> /users/e/p/epsilon/Data/Data/harris_county/catalogs/events/harvey_2017_mrms/event_validation_lines/reviewed_crs_lines | exists=False
/proj/zefflab/projects/Flooding/Data/harris_county/catalogs/events/harvey_2017_mrms/event_validation_points/profiles -> /users/e/p/epsilon/Data/Data/harris_county/catalogs/events/harvey_2017_mrms/event_validation_points/profiles | exists=False"
/proj/zefflab/projects/Flooding/pipeline/web_launcher/_audit_reports/catalog_detector_full_audit_20260612_172311.txt,136,OLD_PROJ_DATA_ROOT,UNCLEAR_REVIEW,,--- YAML /proj/zefflab/projects/Flooding/Data/harris_county/catalogs/static/harris_county/static_metadata/hydromt_data.yml ---,/proj/zefflab/projects/Flooding/Data/harris_county/catalogs/static/harris_county/static_metadata/hydromt_data.yml -> /users/e/p/epsilon/Data/Data/harris_county/catalogs/static/harris_county/static_metadata/hydromt_data.yml | exists=False
/proj/zefflab/projects/Flooding/pipeline/web_launcher/_audit_reports/catalog_detector_full_audit_20260612_172311.txt,162,OLD_PROJ_DATA_ROOT,UNCLEAR_REVIEW,,--- YAML /proj/zefflab/projects/Flooding/Data/harris_county/catalogs/events/harvey_2017_mrms/event_metadata/hydromt_data.yml ---,/proj/zefflab/projects/Flooding/Data/harris_county/catalogs/events/harvey_2017_mrms/event_metadata/hydromt_data.yml -> /users/e/p/epsilon/Data/Data/harris_county/catalogs/events/harvey_2017_mrms/event_metadata/hydromt_data.yml | exists=False
/proj/zefflab/projects/Flooding/pipeline/web_launcher/_audit_reports/catalog_detector_full_audit_20260612_172311.txt,623,OLD_PROJ_DATA_ROOT,UNCLEAR_REVIEW,,"""discharge_points_csv_path"": ""/proj/zefflab/projects/Flooding/Data/harris_county/catalogs/events/harvey_2017_mrms/event_source_table/event_source_table.csv"",","/proj/zefflab/projects/Flooding/Data/harris_county/catalogs/events/harvey_2017_mrms/event_discharge/harvey_houston_q_bc.csv -> /users/e/p/epsilon/Data/Data/harris_county/catalogs/events/harvey_2017_mrms/event_discharge/harvey_houston_q_bc.csv | exists=True
/proj/zefflab/projects/Flooding/Data/harris_county/catalogs/events/harvey_2017_mrms/event_source_table/event_source_table.csv -> /users/e/p/epsilon/Data/Data/harris_county/catalogs/events/harvey_2017_mrms/event_source_table/event_source_table.csv | exists=True
/proj/zefflab/projects/Flooding/Data/harris_county/catalogs/events/harvey_2017_mrms/event_validation_lines/reviewed_crs_lines/sfincs_crs_lines_REVIEWED.xyxy -> /users/e/p/epsilon/Data/Data/harris_county/catalogs/events/harvey_2017_mrms/event_validation_lines/reviewed_crs_lines/sfincs_crs_lines_REVIEWED.xyxy | exists=False
/proj/zefflab/projects/Flooding/Data/harris_county/catalogs/events/harvey_2017_mrms/event_validation_lines/reviewed_crs_lines/sfincs_crs_lines_REVIEWED_PLUS_AUTO_CUSTOM.xyxy -> /users/e/p/epsilon/Data/Data/harris_county/catalogs/events/harvey_2017_mrms/event_validation_lines/reviewed_crs_lines/sfincs_crs_lines_REVIEWED_PLUS_AUTO_CUSTOM.xyxy | exists=False
/proj/zefflab/projects/Flooding/Data/harris_county/catalogs/events/harvey_2017_mrms/event_validation_points/profiles/lite/sfincs_obs_points_lite.xy -> /users/e/p/epsilon/Data/Data/harris_county/catalogs/events/harvey_2017_mrms/event_validation_points/profiles/lite/sfincs_obs_points_lite.xy | exists=False"
/proj/zefflab/projects/Flooding/pipeline/web_launcher/_audit_reports/catalog_detector_full_audit_20260612_172311.txt,624,OLD_PROJ_DATA_ROOT,UNCLEAR_REVIEW,,"""discharge_timeseries_csv_path"": ""/proj/zefflab/projects/Flooding/Data/harris_county/catalogs/events/harvey_2017_mrms/event_discharge/harvey_houston_q_bc.csv"",","/proj/zefflab/projects/Flooding/Data/harris_county/catalogs/events/harvey_2017_mrms/event_discharge/harvey_houston_q_bc.csv -> /users/e/p/epsilon/Data/Data/harris_county/catalogs/events/harvey_2017_mrms/event_discharge/harvey_houston_q_bc.csv | exists=True
/proj/zefflab/projects/Flooding/Data/harris_county/catalogs/events/harvey_2017_mrms/event_source_table/event_source_table.csv -> /users/e/p/epsilon/Data/Data/harris_county/catalogs/events/harvey_2017_mrms/event_source_table/event_source_table.csv | exists=True
/proj/zefflab/projects/Flooding/Data/harris_county/catalogs/events/harvey_2017_mrms/event_validation_lines/reviewed_crs_lines/sfincs_crs_lines_REVIEWED.xyxy -> /users/e/p/epsilon/Data/Data/harris_county/catalogs/events/harvey_2017_mrms/event_validation_lines/reviewed_crs_lines/sfincs_crs_lines_REVIEWED.xyxy | exists=False
/proj/zefflab/projects/Flooding/Data/harris_county/catalogs/events/harvey_2017_mrms/event_validation_lines/reviewed_crs_lines/sfincs_crs_lines_REVIEWED_PLUS_AUTO_CUSTOM.xyxy -> /users/e/p/epsilon/Data/Data/harris_county/catalogs/events/harvey_2017_mrms/event_validation_lines/reviewed_crs_lines/sfincs_crs_lines_REVIEWED_PLUS_AUTO_CUSTOM.xyxy | exists=False
/proj/zefflab/projects/Flooding/Data/harris_county/catalogs/events/harvey_2017_mrms/event_validation_points/profiles/lite/sfincs_obs_points_lite.xy -> /users/e/p/epsilon/Data/Data/harris_county/catalogs/events/harvey_2017_mrms/event_validation_points/profiles/lite/sfincs_obs_points_lite.xy | exists=False
/proj/zefflab/projects/Flooding/Data/harris_county/catalogs/events/harvey_2017_mrms/event_validation_points/profiles/validation/sfincs_obs_points_validation.xy -> /users/e/p/epsilon/Data/Data/harris_county/catalogs/events/harvey_2017_mrms/event_validation_points/profiles/validation/sfincs_obs_points_validation.xy | exists=False"
/proj/zefflab/projects/Flooding/pipeline/web_launcher/_audit_reports/catalog_detector_full_audit_20260612_172311.txt,629,OLD_PROJ_DATA_ROOT,POSSIBLY_LOAD_BEARING,,"""obs_lines_reviewed_path"": ""/proj/zefflab/projects/Flooding/Data/harris_county/catalogs/events/harvey_2017_mrms/event_validation_lines/reviewed_crs_lines/sfincs_crs_lines_REVIEWED.xyxy"",","/proj/zefflab/projects/Flooding/Data/harris_county/catalogs/events/harvey_2017_mrms/event_discharge/harvey_houston_q_bc.csv -> /users/e/p/epsilon/Data/Data/harris_county/catalogs/events/harvey_2017_mrms/event_discharge/harvey_houston_q_bc.csv | exists=True
/proj/zefflab/projects/Flooding/Data/harris_county/catalogs/events/harvey_2017_mrms/event_precip/harvey_mrms.nc -> /users/e/p/epsilon/Data/Data/harris_county/catalogs/events/harvey_2017_mrms/event_precip/harvey_mrms.nc | exists=True
/proj/zefflab/projects/Flooding/Data/harris_county/catalogs/events/harvey_2017_mrms/event_runtime_window/event_runtime_window.csv -> /users/e/p/epsilon/Data/Data/harris_county/catalogs/events/harvey_2017_mrms/event_runtime_window/event_runtime_window.csv | exists=True
/proj/zefflab/projects/Flooding/Data/harris_county/catalogs/events/harvey_2017_mrms/event_source_table/event_source_table.csv -> /users/e/p/epsilon/Data/Data/harris_county/catalogs/events/harvey_2017_mrms/event_source_table/event_source_table.csv | exists=True
/proj/zefflab/projects/Flooding/Data/harris_county/catalogs/events/harvey_2017_mrms/event_validation_lines/reviewed_crs_lines/sfincs_crs_lines_REVIEWED.xyxy -> /users/e/p/epsilon/Data/Data/harris_county/catalogs/events/harvey_2017_mrms/event_validation_lines/reviewed_crs_lines/sfincs_crs_lines_REVIEWED.xyxy | exists=False
/proj/zefflab/projects/Flooding/Data/harris_county/catalogs/events/harvey_2017_mrms/event_validation_lines/reviewed_crs_lines/sfincs_crs_lines_REVIEWED_PLUS_AUTO_CUSTOM.xyxy -> /users/e/p/epsilon/Data/Data/harris_county/catalogs/events/harvey_2017_mrms/event_validation_lines/reviewed_crs_lines/sfincs_crs_lines_REVIEWED_PLUS_AUTO_CUSTOM.xyxy | exists=False
/proj/zefflab/projects/Flooding/Data/harris_county/catalogs/events/harvey_2017_mrms/event_validation_points/profiles/lite/sfincs_obs_points_lite.xy -> /users/e/p/epsilon/Data/Data/harris_county/catalogs/events/harvey_2017_mrms/event_validation_points/profiles/lite/sfincs_obs_points_lite.xy | exists=False
/proj/zefflab/projects/Flooding/Data/harris_county/catalogs/events/harvey_2017_mrms/event_validation_points/profiles/validation/sfincs_obs_points_validation.xy -> /users/e/p/epsilon/Data/Data/harris_county/catalogs/events/harvey_2017_mrms/event_validation_points/profiles/validation/sfincs_obs_points_validation.xy | exists=False
/proj/zefflab/projects/Flooding/Data/harris_county/catalogs/events/harvey_2017_mrms/event_waterlevel/harvey_houston_wl_bc.csv -> /users/e/p/epsilon/Data/Data/harris_county/catalogs/events/harvey_2017_mrms/event_waterlevel/harvey_houston_wl_bc.csv | exists=True"
/proj/zefflab/projects/Flooding/pipeline/web_launcher/_audit_reports/catalog_detector_full_audit_20260612_172311.txt,630,OLD_PROJ_DATA_ROOT,POSSIBLY_LOAD_BEARING,,"""obs_lines_reviewed_plus_path"": ""/proj/zefflab/projects/Flooding/Data/harris_county/catalogs/events/harvey_2017_mrms/event_validation_lines/reviewed_crs_lines/sfincs_crs_lines_REVIEWED_PLUS_AUTO_CUSTOM.xyxy"",","/proj/zefflab/projects/Flooding/Data/harris_county/catalogs/events/harvey_2017_mrms/event_discharge/harvey_houston_q_bc.csv -> /users/e/p/epsilon/Data/Data/harris_county/catalogs/events/harvey_2017_mrms/event_discharge/harvey_houston_q_bc.csv | exists=True
/proj/zefflab/projects/Flooding/Data/harris_county/catalogs/events/harvey_2017_mrms/event_precip/harvey_mrms.nc -> /users/e/p/epsilon/Data/Data/harris_county/catalogs/events/harvey_2017_mrms/event_precip/harvey_mrms.nc | exists=True
/proj/zefflab/projects/Flooding/Data/harris_county/catalogs/events/harvey_2017_mrms/event_runtime_window/event_runtime_window.csv -> /users/e/p/epsilon/Data/Data/harris_county/catalogs/events/harvey_2017_mrms/event_runtime_window/event_runtime_window.csv | exists=True
/proj/zefflab/projects/Flooding/Data/harris_county/catalogs/events/harvey_2017_mrms/event_source_table/event_source_table.csv -> /users/e/p/epsilon/Data/Data/harris_county/catalogs/events/harvey_2017_mrms/event_source_table/event_source_table.csv | exists=True
/proj/zefflab/projects/Flooding/Data/harris_county/catalogs/events/harvey_2017_mrms/event_validation_lines/reviewed_crs_lines/sfincs_crs_lines_REVIEWED.xyxy -> /users/e/p/epsilon/Data/Data/harris_county/catalogs/events/harvey_2017_mrms/event_validation_lines/reviewed_crs_lines/sfincs_crs_lines_REVIEWED.xyxy | exists=False
/proj/zefflab/projects/Flooding/Data/harris_county/catalogs/events/harvey_2017_mrms/event_validation_lines/reviewed_crs_lines/sfincs_crs_lines_REVIEWED_PLUS_AUTO_CUSTOM.xyxy -> /users/e/p/epsilon/Data/Data/harris_county/catalogs/events/harvey_2017_mrms/event_validation_lines/reviewed_crs_lines/sfincs_crs_lines_REVIEWED_PLUS_AUTO_CUSTOM.xyxy | exists=False
/proj/zefflab/projects/Flooding/Data/harris_county/catalogs/events/harvey_2017_mrms/event_validation_points/profiles/lite/sfincs_obs_points_lite.xy -> /users/e/p/epsilon/Data/Data/harris_county/catalogs/events/harvey_2017_mrms/event_validation_points/profiles/lite/sfincs_obs_points_lite.xy | exists=False
/proj/zefflab/projects/Flooding/Data/harris_county/catalogs/events/harvey_2017_mrms/event_validation_points/profiles/validation/sfincs_obs_points_validation.xy -> /users/e/p/epsilon/Data/Data/harris_county/catalogs/events/harvey_2017_mrms/event_validation_points/profiles/validation/sfincs_obs_points_validation.xy | exists=False
/proj/zefflab/projects/Flooding/Data/harris_county/catalogs/events/harvey_2017_mrms/event_waterlevel/harvey_houston_wl_bc.csv -> /users/e/p/epsilon/Data/Data/harris_county/catalogs/events/harvey_2017_mrms/event_waterlevel/harvey_houston_wl_bc.csv | exists=True"
/proj/zefflab/projects/Flooding/pipeline/web_launcher/_audit_reports/catalog_detector_full_audit_20260612_172311.txt,631,OLD_PROJ_DATA_ROOT,POSSIBLY_LOAD_BEARING,,"""obs_points_lite_path"": ""/proj/zefflab/projects/Flooding/Data/harris_county/catalogs/events/harvey_2017_mrms/event_validation_points/profiles/lite/sfincs_obs_points_lite.xy"",","/proj/zefflab/projects/Flooding/Data/harris_county/catalogs/events/harvey_2017_mrms/event_discharge/harvey_houston_q_bc.csv -> /users/e/p/epsilon/Data/Data/harris_county/catalogs/events/harvey_2017_mrms/event_discharge/harvey_houston_q_bc.csv | exists=True
/proj/zefflab/projects/Flooding/Data/harris_county/catalogs/events/harvey_2017_mrms/event_precip/harvey_mrms.nc -> /users/e/p/epsilon/Data/Data/harris_county/catalogs/events/harvey_2017_mrms/event_precip/harvey_mrms.nc | exists=True
/proj/zefflab/projects/Flooding/Data/harris_county/catalogs/events/harvey_2017_mrms/event_runtime_window/event_runtime_window.csv -> /users/e/p/epsilon/Data/Data/harris_county/catalogs/events/harvey_2017_mrms/event_runtime_window/event_runtime_window.csv | exists=True
/proj/zefflab/projects/Flooding/Data/harris_county/catalogs/events/harvey_2017_mrms/event_source_table/event_source_table.csv -> /users/e/p/epsilon/Data/Data/harris_county/catalogs/events/harvey_2017_mrms/event_source_table/event_source_table.csv | exists=True
/proj/zefflab/projects/Flooding/Data/harris_county/catalogs/events/harvey_2017_mrms/event_validation_lines/reviewed_crs_lines/sfincs_crs_lines_REVIEWED.xyxy -> /users/e/p/epsilon/Data/Data/harris_county/catalogs/events/harvey_2017_mrms/event_validation_lines/reviewed_crs_lines/sfincs_crs_lines_REVIEWED.xyxy | exists=False
/proj/zefflab/projects/Flooding/Data/harris_county/catalogs/events/harvey_2017_mrms/event_validation_lines/reviewed_crs_lines/sfincs_crs_lines_REVIEWED_PLUS_AUTO_CUSTOM.xyxy -> /users/e/p/epsilon/Data/Data/harris_county/catalogs/events/harvey_2017_mrms/event_validation_lines/reviewed_crs_lines/sfincs_crs_lines_REVIEWED_PLUS_AUTO_CUSTOM.xyxy | exists=False
/proj/zefflab/projects/Flooding/Data/harris_county/catalogs/events/harvey_2017_mrms/event_validation_points/profiles/lite/sfincs_obs_points_lite.xy -> /users/e/p/epsilon/Data/Data/harris_county/catalogs/events/harvey_2017_mrms/event_validation_points/profiles/lite/sfincs_obs_points_lite.xy | exists=False
/proj/zefflab/projects/Flooding/Data/harris_county/catalogs/events/harvey_2017_mrms/event_validation_points/profiles/validation/sfincs_obs_points_validation.xy -> /users/e/p/epsilon/Data/Data/harris_county/catalogs/events/harvey_2017_mrms/event_validation_points/profiles/validation/sfincs_obs_points_validation.xy | exists=False
/proj/zefflab/projects/Flooding/Data/harris_county/catalogs/events/harvey_2017_mrms/event_waterlevel/harvey_houston_wl_bc.csv -> /users/e/p/epsilon/Data/Data/harris_county/catalogs/events/harvey_2017_mrms/event_waterlevel/harvey_houston_wl_bc.csv | exists=True"
/proj/zefflab/projects/Flooding/pipeline/web_launcher/_audit_reports/catalog_detector_full_audit_20260612_172311.txt,632,OLD_PROJ_DATA_ROOT,POSSIBLY_LOAD_BEARING,,"""obs_points_validation_path"": ""/proj/zefflab/projects/Flooding/Data/harris_county/catalogs/events/harvey_2017_mrms/event_validation_points/profiles/validation/sfincs_obs_points_validation.xy"",","/proj/zefflab/projects/Flooding/Data/harris_county/catalogs/events/harvey_2017_mrms/event_discharge/harvey_houston_q_bc.csv -> /users/e/p/epsilon/Data/Data/harris_county/catalogs/events/harvey_2017_mrms/event_discharge/harvey_houston_q_bc.csv | exists=True
/proj/zefflab/projects/Flooding/Data/harris_county/catalogs/events/harvey_2017_mrms/event_precip/harvey_mrms.nc -> /users/e/p/epsilon/Data/Data/harris_county/catalogs/events/harvey_2017_mrms/event_precip/harvey_mrms.nc | exists=True
/proj/zefflab/projects/Flooding/Data/harris_county/catalogs/events/harvey_2017_mrms/event_runtime_window/event_runtime_window.csv -> /users/e/p/epsilon/Data/Data/harris_county/catalogs/events/harvey_2017_mrms/event_runtime_window/event_runtime_window.csv | exists=True
/proj/zefflab/projects/Flooding/Data/harris_county/catalogs/events/harvey_2017_mrms/event_validation_lines/reviewed_crs_lines/sfincs_crs_lines_REVIEWED.xyxy -> /users/e/p/epsilon/Data/Data/harris_county/catalogs/events/harvey_2017_mrms/event_validation_lines/reviewed_crs_lines/sfincs_crs_lines_REVIEWED.xyxy | exists=False
/proj/zefflab/projects/Flooding/Data/harris_county/catalogs/events/harvey_2017_mrms/event_validation_lines/reviewed_crs_lines/sfincs_crs_lines_REVIEWED_PLUS_AUTO_CUSTOM.xyxy -> /users/e/p/epsilon/Data/Data/harris_county/catalogs/events/harvey_2017_mrms/event_validation_lines/reviewed_crs_lines/sfincs_crs_lines_REVIEWED_PLUS_AUTO_CUSTOM.xyxy | exists=False
/proj/zefflab/projects/Flooding/Data/harris_county/catalogs/events/harvey_2017_mrms/event_validation_points/profiles/lite/sfincs_obs_points_lite.xy -> /users/e/p/epsilon/Data/Data/harris_county/catalogs/events/harvey_2017_mrms/event_validation_points/profiles/lite/sfincs_obs_points_lite.xy | exists=False
/proj/zefflab/projects/Flooding/Data/harris_county/catalogs/events/harvey_2017_mrms/event_validation_points/profiles/validation/sfincs_obs_points_validation.xy -> /users/e/p/epsilon/Data/Data/harris_county/catalogs/events/harvey_2017_mrms/event_validation_points/profiles/validation/sfincs_obs_points_validation.xy | exists=False
/proj/zefflab/projects/Flooding/Data/harris_county/catalogs/events/harvey_2017_mrms/event_waterlevel/harvey_houston_wl_bc.csv -> /users/e/p/epsilon/Data/Data/harris_county/catalogs/events/harvey_2017_mrms/event_waterlevel/harvey_houston_wl_bc.csv | exists=True"
/proj/zefflab/projects/Flooding/pipeline/web_launcher/_audit_reports/catalog_detector_full_audit_20260612_172311.txt,633,OLD_PROJ_DATA_ROOT,POSSIBLY_LOAD_BEARING,,"""rainfall_path"": ""/proj/zefflab/projects/Flooding/Data/harris_county/catalogs/events/harvey_2017_mrms/event_precip/harvey_mrms.nc"",","/proj/zefflab/projects/Flooding/Data/harris_county/catalogs/events/harvey_2017_mrms -> /users/e/p/epsilon/Data/Data/harris_county/catalogs/events/harvey_2017_mrms | exists=True
/proj/zefflab/projects/Flooding/Data/harris_county/catalogs/events/harvey_2017_mrms/event_precip/harvey_mrms.nc -> /users/e/p/epsilon/Data/Data/harris_county/catalogs/events/harvey_2017_mrms/event_precip/harvey_mrms.nc | exists=True
/proj/zefflab/projects/Flooding/Data/harris_county/catalogs/events/harvey_2017_mrms/event_runtime_window/event_runtime_window.csv -> /users/e/p/epsilon/Data/Data/harris_county/catalogs/events/harvey_2017_mrms/event_runtime_window/event_runtime_window.csv | exists=True
/proj/zefflab/projects/Flooding/Data/harris_county/catalogs/events/harvey_2017_mrms/event_validation_lines/reviewed_crs_lines/sfincs_crs_lines_REVIEWED.xyxy -> /users/e/p/epsilon/Data/Data/harris_county/catalogs/events/harvey_2017_mrms/event_validation_lines/reviewed_crs_lines/sfincs_crs_lines_REVIEWED.xyxy | exists=False
/proj/zefflab/projects/Flooding/Data/harris_county/catalogs/events/harvey_2017_mrms/event_validation_lines/reviewed_crs_lines/sfincs_crs_lines_REVIEWED_PLUS_AUTO_CUSTOM.xyxy -> /users/e/p/epsilon/Data/Data/harris_county/catalogs/events/harvey_2017_mrms/event_validation_lines/reviewed_crs_lines/sfincs_crs_lines_REVIEWED_PLUS_AUTO_CUSTOM.xyxy | exists=False
/proj/zefflab/projects/Flooding/Data/harris_county/catalogs/events/harvey_2017_mrms/event_validation_points/profiles/lite/sfincs_obs_points_lite.xy -> /users/e/p/epsilon/Data/Data/harris_county/catalogs/events/harvey_2017_mrms/event_validation_points/profiles/lite/sfincs_obs_points_lite.xy | exists=False
/proj/zefflab/projects/Flooding/Data/harris_county/catalogs/events/harvey_2017_mrms/event_validation_points/profiles/validation/sfincs_obs_points_validation.xy -> /users/e/p/epsilon/Data/Data/harris_county/catalogs/events/harvey_2017_mrms/event_validation_points/profiles/validation/sfincs_obs_points_validation.xy | exists=False
/proj/zefflab/projects/Flooding/Data/harris_county/catalogs/events/harvey_2017_mrms/event_waterlevel/harvey_houston_wl_bc.csv -> /users/e/p/epsilon/Data/Data/harris_county/catalogs/events/harvey_2017_mrms/event_waterlevel/harvey_houston_wl_bc.csv | exists=True"
/proj/zefflab/projects/Flooding/pipeline/web_launcher/_audit_reports/catalog_detector_full_audit_20260612_172311.txt,635,OLD_PROJ_DATA_ROOT,POSSIBLY_LOAD_BEARING,,"""runtime_csv"": ""/proj/zefflab/projects/Flooding/Data/harris_county/catalogs/events/harvey_2017_mrms/event_runtime_window/event_runtime_window.csv"",","/proj/zefflab/projects/Flooding/Data/harris_county/catalogs/events/harvey_2017_mrms -> /users/e/p/epsilon/Data/Data/harris_county/catalogs/events/harvey_2017_mrms | exists=True
/proj/zefflab/projects/Flooding/Data/harris_county/catalogs/events/harvey_2017_mrms/event_precip/harvey_mrms.nc -> /users/e/p/epsilon/Data/Data/harris_county/catalogs/events/harvey_2017_mrms/event_precip/harvey_mrms.nc | exists=True
/proj/zefflab/projects/Flooding/Data/harris_county/catalogs/events/harvey_2017_mrms/event_runtime_window/event_runtime_window.csv -> /users/e/p/epsilon/Data/Data/harris_county/catalogs/events/harvey_2017_mrms/event_runtime_window/event_runtime_window.csv | exists=True
/proj/zefflab/projects/Flooding/Data/harris_county/catalogs/events/harvey_2017_mrms/event_validation_lines/reviewed_crs_lines/sfincs_crs_lines_REVIEWED.xyxy -> /users/e/p/epsilon/Data/Data/harris_county/catalogs/events/harvey_2017_mrms/event_validation_lines/reviewed_crs_lines/sfincs_crs_lines_REVIEWED.xyxy | exists=False
/proj/zefflab/projects/Flooding/Data/harris_county/catalogs/events/harvey_2017_mrms/event_validation_lines/reviewed_crs_lines/sfincs_crs_lines_REVIEWED_PLUS_AUTO_CUSTOM.xyxy -> /users/e/p/epsilon/Data/Data/harris_county/catalogs/events/harvey_2017_mrms/event_validation_lines/reviewed_crs_lines/sfincs_crs_lines_REVIEWED_PLUS_AUTO_CUSTOM.xyxy | exists=False
/proj/zefflab/projects/Flooding/Data/harris_county/catalogs/events/harvey_2017_mrms/event_validation_points/profiles/lite/sfincs_obs_points_lite.xy -> /users/e/p/epsilon/Data/Data/harris_county/catalogs/events/harvey_2017_mrms/event_validation_points/profiles/lite/sfincs_obs_points_lite.xy | exists=False
/proj/zefflab/projects/Flooding/Data/harris_county/catalogs/events/harvey_2017_mrms/event_validation_points/profiles/validation/sfincs_obs_points_validation.xy -> /users/e/p/epsilon/Data/Data/harris_county/catalogs/events/harvey_2017_mrms/event_validation_points/profiles/validation/sfincs_obs_points_validation.xy | exists=False
/proj/zefflab/projects/Flooding/Data/harris_county/catalogs/events/harvey_2017_mrms/event_waterlevel/harvey_houston_wl_bc.csv -> /users/e/p/epsilon/Data/Data/harris_county/catalogs/events/harvey_2017_mrms/event_waterlevel/harvey_houston_wl_bc.csv | exists=True"
/proj/zefflab/projects/Flooding/pipeline/web_launcher/_audit_reports/catalog_detector_full_audit_20260612_172311.txt,637,OLD_PROJ_DATA_ROOT,POSSIBLY_LOAD_BEARING,,"""waterlevel_path"": ""/proj/zefflab/projects/Flooding/Data/harris_county/catalogs/events/harvey_2017_mrms/event_waterlevel/harvey_houston_wl_bc.csv"",","/proj/zefflab/projects/Flooding/Data/harris_county/catalogs/events/harvey_2017_mrms -> /users/e/p/epsilon/Data/Data/harris_county/catalogs/events/harvey_2017_mrms | exists=True
/proj/zefflab/projects/Flooding/Data/harris_county/catalogs/events/harvey_2017_mrms/event_precip/harvey_mrms.nc -> /users/e/p/epsilon/Data/Data/harris_county/catalogs/events/harvey_2017_mrms/event_precip/harvey_mrms.nc | exists=True
/proj/zefflab/projects/Flooding/Data/harris_county/catalogs/events/harvey_2017_mrms/event_runtime_window/event_runtime_window.csv -> /users/e/p/epsilon/Data/Data/harris_county/catalogs/events/harvey_2017_mrms/event_runtime_window/event_runtime_window.csv | exists=True
/proj/zefflab/projects/Flooding/Data/harris_county/catalogs/events/harvey_2017_mrms/event_validation_lines/reviewed_crs_lines/sfincs_crs_lines_REVIEWED.xyxy -> /users/e/p/epsilon/Data/Data/harris_county/catalogs/events/harvey_2017_mrms/event_validation_lines/reviewed_crs_lines/sfincs_crs_lines_REVIEWED.xyxy | exists=False
/proj/zefflab/projects/Flooding/Data/harris_county/catalogs/events/harvey_2017_mrms/event_validation_lines/reviewed_crs_lines/sfincs_crs_lines_REVIEWED_PLUS_AUTO_CUSTOM.xyxy -> /users/e/p/epsilon/Data/Data/harris_county/catalogs/events/harvey_2017_mrms/event_validation_lines/reviewed_crs_lines/sfincs_crs_lines_REVIEWED_PLUS_AUTO_CUSTOM.xyxy | exists=False
/proj/zefflab/projects/Flooding/Data/harris_county/catalogs/events/harvey_2017_mrms/event_validation_points/profiles/lite/sfincs_obs_points_lite.xy -> /users/e/p/epsilon/Data/Data/harris_county/catalogs/events/harvey_2017_mrms/event_validation_points/profiles/lite/sfincs_obs_points_lite.xy | exists=False
/proj/zefflab/projects/Flooding/Data/harris_county/catalogs/events/harvey_2017_mrms/event_validation_points/profiles/validation/sfincs_obs_points_validation.xy -> /users/e/p/epsilon/Data/Data/harris_county/catalogs/events/harvey_2017_mrms/event_validation_points/profiles/validation/sfincs_obs_points_validation.xy | exists=False
/proj/zefflab/projects/Flooding/Data/harris_county/catalogs/events/harvey_2017_mrms/event_waterlevel/harvey_houston_wl_bc.csv -> /users/e/p/epsilon/Data/Data/harris_county/catalogs/events/harvey_2017_mrms/event_waterlevel/harvey_houston_wl_bc.csv | exists=True"
/proj/zefflab/projects/Flooding/pipeline/web_launcher/_audit_reports/catalog_detector_full_audit_20260612_172311.txt,641,OLD_PROJ_DATA_ROOT,POSSIBLY_LOAD_BEARING,,"""path"": ""/proj/zefflab/projects/Flooding/Data/harris_county/catalogs/events/harvey_2017_mrms"",","/proj/zefflab/projects/Flooding/Data/harris_county/catalogs/events/harvey_2017_mrms -> /users/e/p/epsilon/Data/Data/harris_county/catalogs/events/harvey_2017_mrms | exists=True
/proj/zefflab/projects/Flooding/Data/harris_county/catalogs/events/harvey_2017_mrms/event_precip/harvey_mrms.nc -> /users/e/p/epsilon/Data/Data/harris_county/catalogs/events/harvey_2017_mrms/event_precip/harvey_mrms.nc | exists=True
/proj/zefflab/projects/Flooding/Data/harris_county/catalogs/events/harvey_2017_mrms/event_runtime_window/event_runtime_window.csv -> /users/e/p/epsilon/Data/Data/harris_county/catalogs/events/harvey_2017_mrms/event_runtime_window/event_runtime_window.csv | exists=True
/proj/zefflab/projects/Flooding/Data/harris_county/catalogs/events/harvey_2017_mrms/event_waterlevel/harvey_houston_wl_bc.csv -> /users/e/p/epsilon/Data/Data/harris_county/catalogs/events/harvey_2017_mrms/event_waterlevel/harvey_houston_wl_bc.csv | exists=True"
/proj/zefflab/projects/Flooding/pipeline/web_launcher/_audit_reports/catalog_detector_full_audit_20260612_172311.txt,665,OLD_PROJ_DATA_ROOT,UNCLEAR_REVIEW,,"""/proj/zefflab/projects/Flooding/Data/harris_county/catalogs/static/harris_county/bathy/galveston_bay_G260_2018_edited.tif""","/proj/zefflab/projects/Flooding/Data/harris_county/catalogs/static/harris_county/bathy/galveston_bay_G260_2018_edited.tif -> /users/e/p/epsilon/Data/Data/harris_county/catalogs/static/harris_county/bathy/galveston_bay_G260_2018_edited.tif | exists=False
/proj/zefflab/projects/Flooding/Data/harris_county/catalogs/static/harris_county/landcover/NLCD_2016_Land_Cover_L48_20190424.img -> /users/e/p/epsilon/Data/Data/harris_county/catalogs/static/harris_county/landcover/NLCD_2016_Land_Cover_L48_20190424.img | exists=True
/proj/zefflab/projects/Flooding/Data/harris_county/catalogs/static/harris_county/manning_reclass_table/nlcd_mapping_mean.csv -> /users/e/p/epsilon/Data/Data/harris_county/catalogs/static/harris_county/manning_reclass_table/nlcd_mapping_mean.csv | exists=True
/proj/zefflab/projects/Flooding/Data/harris_county/catalogs/static/harris_county/source_points_static/source_points_selected_for_harvey.csv -> /users/e/p/epsilon/Data/Data/harris_county/catalogs/static/harris_county/source_points_static/source_points_selected_for_harvey.csv | exists=True
/proj/zefflab/projects/Flooding/Data/harris_county/catalogs/static/harris_county/topobathy/HCFCD_DEM_5m_UTM.tif -> /users/e/p/epsilon/Data/Data/harris_county/catalogs/static/harris_county/topobathy/HCFCD_DEM_5m_UTM.tif | exists=True"
/proj/zefflab/projects/Flooding/pipeline/web_launcher/_audit_reports/catalog_detector_full_audit_20260612_172311.txt,667,OLD_PROJ_DATA_ROOT,UNCLEAR_REVIEW,,"""dem_path"": ""/proj/zefflab/projects/Flooding/Data/harris_county/catalogs/static/harris_county/topobathy/HCFCD_DEM_5m_UTM.tif"",","/proj/zefflab/projects/Flooding/Data/harris_county/catalogs/static/harris_county/bathy/galveston_bay_G260_2018_edited.tif -> /users/e/p/epsilon/Data/Data/harris_county/catalogs/static/harris_county/bathy/galveston_bay_G260_2018_edited.tif | exists=False
/proj/zefflab/projects/Flooding/Data/harris_county/catalogs/static/harris_county/landcover/NLCD_2016_Land_Cover_L48_20190424.img -> /users/e/p/epsilon/Data/Data/harris_county/catalogs/static/harris_county/landcover/NLCD_2016_Land_Cover_L48_20190424.img | exists=True
/proj/zefflab/projects/Flooding/Data/harris_county/catalogs/static/harris_county/manning_reclass_table/nlcd_mapping_mean.csv -> /users/e/p/epsilon/Data/Data/harris_county/catalogs/static/harris_county/manning_reclass_table/nlcd_mapping_mean.csv | exists=True
/proj/zefflab/projects/Flooding/Data/harris_county/catalogs/static/harris_county/source_points_static/source_points_selected_for_harvey.csv -> /users/e/p/epsilon/Data/Data/harris_county/catalogs/static/harris_county/source_points_static/source_points_selected_for_harvey.csv | exists=True
/proj/zefflab/projects/Flooding/Data/harris_county/catalogs/static/harris_county/topobathy/HCFCD_DEM_5m_UTM.tif -> /users/e/p/epsilon/Data/Data/harris_county/catalogs/static/harris_county/topobathy/HCFCD_DEM_5m_UTM.tif | exists=True"
/proj/zefflab/projects/Flooding/pipeline/web_launcher/_audit_reports/catalog_detector_full_audit_20260612_172311.txt,668,OLD_PROJ_DATA_ROOT,UNCLEAR_REVIEW,,"""discharge_points_csv_path"": ""/proj/zefflab/projects/Flooding/Data/harris_county/catalogs/static/harris_county/source_points_static/source_points_selected_for_harvey.csv"",","/proj/zefflab/projects/Flooding/Data/harris_county/catalogs/static/harris_county/bathy/galveston_bay_G260_2018_edited.tif -> /users/e/p/epsilon/Data/Data/harris_county/catalogs/static/harris_county/bathy/galveston_bay_G260_2018_edited.tif | exists=False
/proj/zefflab/projects/Flooding/Data/harris_county/catalogs/static/harris_county/landcover/NLCD_2016_Land_Cover_L48_20190424.img -> /users/e/p/epsilon/Data/Data/harris_county/catalogs/static/harris_county/landcover/NLCD_2016_Land_Cover_L48_20190424.img | exists=True
/proj/zefflab/projects/Flooding/Data/harris_county/catalogs/static/harris_county/manning_reclass_table/nlcd_mapping_mean.csv -> /users/e/p/epsilon/Data/Data/harris_county/catalogs/static/harris_county/manning_reclass_table/nlcd_mapping_mean.csv | exists=True
/proj/zefflab/projects/Flooding/Data/harris_county/catalogs/static/harris_county/source_points_static/source_points_selected_for_harvey.csv -> /users/e/p/epsilon/Data/Data/harris_county/catalogs/static/harris_county/source_points_static/source_points_selected_for_harvey.csv | exists=True
/proj/zefflab/projects/Flooding/Data/harris_county/catalogs/static/harris_county/topobathy/HCFCD_DEM_5m_UTM.tif -> /users/e/p/epsilon/Data/Data/harris_county/catalogs/static/harris_county/topobathy/HCFCD_DEM_5m_UTM.tif | exists=True"
/proj/zefflab/projects/Flooding/pipeline/web_launcher/_audit_reports/catalog_detector_full_audit_20260612_172311.txt,671,OLD_PROJ_DATA_ROOT,UNCLEAR_REVIEW,,"""landcover_path"": ""/proj/zefflab/projects/Flooding/Data/harris_county/catalogs/static/harris_county/landcover/NLCD_2016_Land_Cover_L48_20190424.img"",","/proj/zefflab/projects/Flooding/Data/harris_county/catalogs/static/harris_county/bathy/galveston_bay_G260_2018_edited.tif -> /users/e/p/epsilon/Data/Data/harris_county/catalogs/static/harris_county/bathy/galveston_bay_G260_2018_edited.tif | exists=False
/proj/zefflab/projects/Flooding/Data/harris_county/catalogs/static/harris_county/landcover/NLCD_2016_Land_Cover_L48_20190424.img -> /users/e/p/epsilon/Data/Data/harris_county/catalogs/static/harris_county/landcover/NLCD_2016_Land_Cover_L48_20190424.img | exists=True
/proj/zefflab/projects/Flooding/Data/harris_county/catalogs/static/harris_county/manning_reclass_table/nlcd_mapping_mean.csv -> /users/e/p/epsilon/Data/Data/harris_county/catalogs/static/harris_county/manning_reclass_table/nlcd_mapping_mean.csv | exists=True
/proj/zefflab/projects/Flooding/Data/harris_county/catalogs/static/harris_county/region_geom/houston_model.shp -> /users/e/p/epsilon/Data/Data/harris_county/catalogs/static/harris_county/region_geom/houston_model.shp | exists=True
/proj/zefflab/projects/Flooding/Data/harris_county/catalogs/static/harris_county/source_points_static/source_points_selected_for_harvey.csv -> /users/e/p/epsilon/Data/Data/harris_county/catalogs/static/harris_county/source_points_static/source_points_selected_for_harvey.csv | exists=True
/proj/zefflab/projects/Flooding/Data/harris_county/catalogs/static/harris_county/topobathy/HCFCD_DEM_5m_UTM.tif -> /users/e/p/epsilon/Data/Data/harris_county/catalogs/static/harris_county/topobathy/HCFCD_DEM_5m_UTM.tif | exists=True"
/proj/zefflab/projects/Flooding/pipeline/web_launcher/_audit_reports/catalog_detector_full_audit_20260612_172311.txt,672,OLD_PROJ_DATA_ROOT,UNCLEAR_REVIEW,,"""landcover_reclass_table"": ""/proj/zefflab/projects/Flooding/Data/harris_county/catalogs/static/harris_county/manning_reclass_table/nlcd_mapping_mean.csv"",","/proj/zefflab/projects/Flooding/Data/harris_county/catalogs/static/harris_county/bathy/galveston_bay_G260_2018_edited.tif -> /users/e/p/epsilon/Data/Data/harris_county/catalogs/static/harris_county/bathy/galveston_bay_G260_2018_edited.tif | exists=False
/proj/zefflab/projects/Flooding/Data/harris_county/catalogs/static/harris_county/landcover/NLCD_2016_Land_Cover_L48_20190424.img -> /users/e/p/epsilon/Data/Data/harris_county/catalogs/static/harris_county/landcover/NLCD_2016_Land_Cover_L48_20190424.img | exists=True
/proj/zefflab/projects/Flooding/Data/harris_county/catalogs/static/harris_county/manning_reclass_table/nlcd_mapping_mean.csv -> /users/e/p/epsilon/Data/Data/harris_county/catalogs/static/harris_county/manning_reclass_table/nlcd_mapping_mean.csv | exists=True
/proj/zefflab/projects/Flooding/Data/harris_county/catalogs/static/harris_county/region_geom/houston_model.shp -> /users/e/p/epsilon/Data/Data/harris_county/catalogs/static/harris_county/region_geom/houston_model.shp | exists=True
/proj/zefflab/projects/Flooding/Data/harris_county/catalogs/static/harris_county/source_points_static/source_points_selected_for_harvey.csv -> /users/e/p/epsilon/Data/Data/harris_county/catalogs/static/harris_county/source_points_static/source_points_selected_for_harvey.csv | exists=True
/proj/zefflab/projects/Flooding/Data/harris_county/catalogs/static/harris_county/topobathy/HCFCD_DEM_5m_UTM.tif -> /users/e/p/epsilon/Data/Data/harris_county/catalogs/static/harris_county/topobathy/HCFCD_DEM_5m_UTM.tif | exists=True"
/proj/zefflab/projects/Flooding/pipeline/web_launcher/_audit_reports/catalog_detector_full_audit_20260612_172311.txt,679,OLD_PROJ_DATA_ROOT,POSSIBLY_LOAD_BEARING,,"""region_path"": ""/proj/zefflab/projects/Flooding/Data/harris_county/catalogs/static/harris_county/region_geom/houston_model.shp"",","/proj/zefflab/projects/Flooding/Data/harris_county/catalogs/static/harris_county -> /users/e/p/epsilon/Data/Data/harris_county/catalogs/static/harris_county | exists=True
/proj/zefflab/projects/Flooding/Data/harris_county/catalogs/static/harris_county/landcover/NLCD_2016_Land_Cover_L48_20190424.img -> /users/e/p/epsilon/Data/Data/harris_county/catalogs/static/harris_county/landcover/NLCD_2016_Land_Cover_L48_20190424.img | exists=True
/proj/zefflab/projects/Flooding/Data/harris_county/catalogs/static/harris_county/manning_reclass_table/nlcd_mapping_mean.csv -> /users/e/p/epsilon/Data/Data/harris_county/catalogs/static/harris_county/manning_reclass_table/nlcd_mapping_mean.csv | exists=True
/proj/zefflab/projects/Flooding/Data/harris_county/catalogs/static/harris_county/region_geom/houston_model.shp -> /users/e/p/epsilon/Data/Data/harris_county/catalogs/static/harris_county/region_geom/houston_model.shp | exists=True
/proj/zefflab/projects/Flooding/Data/harris_county/catalogs/static/harris_county/structures_thin_dams/AB_dams.shp -> /users/e/p/epsilon/Data/Data/harris_county/catalogs/static/harris_county/structures_thin_dams/AB_dams.shp | exists=True"
/proj/zefflab/projects/Flooding/pipeline/web_launcher/_audit_reports/catalog_detector_full_audit_20260612_172311.txt,681,OLD_PROJ_DATA_ROOT,POSSIBLY_LOAD_BEARING,,"""thin_dam_path"": ""/proj/zefflab/projects/Flooding/Data/harris_county/catalogs/static/harris_county/structures_thin_dams/AB_dams.shp"",","/proj/zefflab/projects/Flooding/Data/harris_county/catalogs/static/harris_county -> /users/e/p/epsilon/Data/Data/harris_county/catalogs/static/harris_county | exists=True
/proj/zefflab/projects/Flooding/Data/harris_county/catalogs/static/harris_county/region_geom/houston_model.shp -> /users/e/p/epsilon/Data/Data/harris_county/catalogs/static/harris_county/region_geom/houston_model.shp | exists=True
/proj/zefflab/projects/Flooding/Data/harris_county/catalogs/static/harris_county/structures_thin_dams/AB_dams.shp -> /users/e/p/epsilon/Data/Data/harris_county/catalogs/static/harris_county/structures_thin_dams/AB_dams.shp | exists=True"
/proj/zefflab/projects/Flooding/pipeline/web_launcher/_audit_reports/catalog_detector_full_audit_20260612_172311.txt,686,OLD_PROJ_DATA_ROOT,PROBABLY_DEFAULT_BUT_REVIEW,,"""path"": ""/proj/zefflab/projects/Flooding/Data/harris_county/catalogs/static/harris_county"",","/proj/zefflab/projects/Flooding/Data/harris_county/catalogs/static/harris_county -> /users/e/p/epsilon/Data/Data/harris_county/catalogs/static/harris_county | exists=True
/proj/zefflab/projects/Flooding/Data/harris_county/catalogs/static/harris_county/region_geom/houston_model.shp -> /users/e/p/epsilon/Data/Data/harris_county/catalogs/static/harris_county/region_geom/houston_model.shp | exists=True
/proj/zefflab/projects/Flooding/Data/harris_county/catalogs/static/harris_county/structures_thin_dams/AB_dams.shp -> /users/e/p/epsilon/Data/Data/harris_county/catalogs/static/harris_county/structures_thin_dams/AB_dams.shp | exists=True"
/proj/zefflab/projects/Flooding/pipeline/web_launcher/_audit_reports/catalog_detector_full_audit_20260612_172311.txt,696,OLD_PROJ_DATA_ROOT,LIKELY_BROWSE_OR_DEFAULT_ONLY,,"""/proj/zefflab/projects/Flooding/Data/harris_county/catalogs/static/harris_county/topobathy/HCFCD_DEM_5m_UTM.tif""","/proj/zefflab/projects/Flooding/Data/harris_county/catalogs/events/harvey_2017_mrms/event_discharge/harvey_houston_q_bc.csv -> /users/e/p/epsilon/Data/Data/harris_county/catalogs/events/harvey_2017_mrms/event_discharge/harvey_houston_q_bc.csv | exists=True
/proj/zefflab/projects/Flooding/Data/harris_county/catalogs/events/harvey_2017_mrms/event_source_table/event_source_table.csv -> /users/e/p/epsilon/Data/Data/harris_county/catalogs/events/harvey_2017_mrms/event_source_table/event_source_table.csv | exists=True
/proj/zefflab/projects/Flooding/Data/harris_county/catalogs/static/harris_county/landcover/NLCD_2016_Land_Cover_L48_20190424.img -> /users/e/p/epsilon/Data/Data/harris_county/catalogs/static/harris_county/landcover/NLCD_2016_Land_Cover_L48_20190424.img | exists=True
/proj/zefflab/projects/Flooding/Data/harris_county/catalogs/static/harris_county/topobathy/HCFCD_DEM_5m_UTM.tif -> /users/e/p/epsilon/Data/Data/harris_county/catalogs/static/harris_county/topobathy/HCFCD_DEM_5m_UTM.tif | exists=True"
/proj/zefflab/projects/Flooding/pipeline/web_launcher/_audit_reports/catalog_detector_full_audit_20260612_172311.txt,698,OLD_PROJ_DATA_ROOT,LIKELY_BROWSE_OR_DEFAULT_ONLY,,"""discharge_points_csv_path"": ""/proj/zefflab/projects/Flooding/Data/harris_county/catalogs/events/harvey_2017_mrms/event_source_table/event_source_table.csv"",","/proj/zefflab/projects/Flooding/Data/harris_county/catalogs/events/harvey_2017_mrms/event_discharge/harvey_houston_q_bc.csv -> /users/e/p/epsilon/Data/Data/harris_county/catalogs/events/harvey_2017_mrms/event_discharge/harvey_houston_q_bc.csv | exists=True
/proj/zefflab/projects/Flooding/Data/harris_county/catalogs/events/harvey_2017_mrms/event_source_table/event_source_table.csv -> /users/e/p/epsilon/Data/Data/harris_county/catalogs/events/harvey_2017_mrms/event_source_table/event_source_table.csv | exists=True
/proj/zefflab/projects/Flooding/Data/harris_county/catalogs/static/harris_county/landcover/NLCD_2016_Land_Cover_L48_20190424.img -> /users/e/p/epsilon/Data/Data/harris_county/catalogs/static/harris_county/landcover/NLCD_2016_Land_Cover_L48_20190424.img | exists=True
/proj/zefflab/projects/Flooding/Data/harris_county/catalogs/static/harris_county/manning_reclass_table/nlcd_mapping_mean.csv -> /users/e/p/epsilon/Data/Data/harris_county/catalogs/static/harris_county/manning_reclass_table/nlcd_mapping_mean.csv | exists=True
/proj/zefflab/projects/Flooding/Data/harris_county/catalogs/static/harris_county/topobathy/HCFCD_DEM_5m_UTM.tif -> /users/e/p/epsilon/Data/Data/harris_county/catalogs/static/harris_county/topobathy/HCFCD_DEM_5m_UTM.tif | exists=True"
/proj/zefflab/projects/Flooding/pipeline/web_launcher/_audit_reports/catalog_detector_full_audit_20260612_172311.txt,701,OLD_PROJ_DATA_ROOT,POSSIBLY_LOAD_BEARING,,"""discharge_timeseries_csv_path"": ""/proj/zefflab/projects/Flooding/Data/harris_county/catalogs/events/harvey_2017_mrms/event_discharge/harvey_houston_q_bc.csv"",","/proj/zefflab/projects/Flooding/Data/harris_county/catalogs/events/harvey_2017_mrms/event_discharge/harvey_houston_q_bc.csv -> /users/e/p/epsilon/Data/Data/harris_county/catalogs/events/harvey_2017_mrms/event_discharge/harvey_houston_q_bc.csv | exists=True
/proj/zefflab/projects/Flooding/Data/harris_county/catalogs/events/harvey_2017_mrms/event_source_table/event_source_table.csv -> /users/e/p/epsilon/Data/Data/harris_county/catalogs/events/harvey_2017_mrms/event_source_table/event_source_table.csv | exists=True
/proj/zefflab/projects/Flooding/Data/harris_county/catalogs/events/harvey_2017_mrms/event_validation_lines/reviewed_crs_lines/sfincs_crs_lines_REVIEWED_PLUS_AUTO_CUSTOM.xyxy -> /users/e/p/epsilon/Data/Data/harris_county/catalogs/events/harvey_2017_mrms/event_validation_lines/reviewed_crs_lines/sfincs_crs_lines_REVIEWED_PLUS_AUTO_CUSTOM.xyxy | exists=False
/proj/zefflab/projects/Flooding/Data/harris_county/catalogs/events/harvey_2017_mrms/event_validation_points/profiles/lite/sfincs_obs_points_lite.xy -> /users/e/p/epsilon/Data/Data/harris_county/catalogs/events/harvey_2017_mrms/event_validation_points/profiles/lite/sfincs_obs_points_lite.xy | exists=False
/proj/zefflab/projects/Flooding/Data/harris_county/catalogs/static/harris_county/landcover/NLCD_2016_Land_Cover_L48_20190424.img -> /users/e/p/epsilon/Data/Data/harris_county/catalogs/static/harris_county/landcover/NLCD_2016_Land_Cover_L48_20190424.img | exists=True
/proj/zefflab/projects/Flooding/Data/harris_county/catalogs/static/harris_county/manning_reclass_table/nlcd_mapping_mean.csv -> /users/e/p/epsilon/Data/Data/harris_county/catalogs/static/harris_county/manning_reclass_table/nlcd_mapping_mean.csv | exists=True
/proj/zefflab/projects/Flooding/Data/harris_county/catalogs/static/harris_county/topobathy/HCFCD_DEM_5m_UTM.tif -> /users/e/p/epsilon/Data/Data/harris_county/catalogs/static/harris_county/topobathy/HCFCD_DEM_5m_UTM.tif | exists=True"
/proj/zefflab/projects/Flooding/pipeline/web_launcher/_audit_reports/catalog_detector_full_audit_20260612_172311.txt,704,OLD_PROJ_DATA_ROOT,POSSIBLY_LOAD_BEARING,,"""landcover_path"": ""/proj/zefflab/projects/Flooding/Data/harris_county/catalogs/static/harris_county/landcover/NLCD_2016_Land_Cover_L48_20190424.img"",","/proj/zefflab/projects/Flooding/Data/harris_county/catalogs/events/harvey_2017_mrms/event_discharge/harvey_houston_q_bc.csv -> /users/e/p/epsilon/Data/Data/harris_county/catalogs/events/harvey_2017_mrms/event_discharge/harvey_houston_q_bc.csv | exists=True
/proj/zefflab/projects/Flooding/Data/harris_county/catalogs/events/harvey_2017_mrms/event_precip/harvey_mrms.nc -> /users/e/p/epsilon/Data/Data/harris_county/catalogs/events/harvey_2017_mrms/event_precip/harvey_mrms.nc | exists=True
/proj/zefflab/projects/Flooding/Data/harris_county/catalogs/events/harvey_2017_mrms/event_source_table/event_source_table.csv -> /users/e/p/epsilon/Data/Data/harris_county/catalogs/events/harvey_2017_mrms/event_source_table/event_source_table.csv | exists=True
/proj/zefflab/projects/Flooding/Data/harris_county/catalogs/events/harvey_2017_mrms/event_validation_lines/reviewed_crs_lines/sfincs_crs_lines_REVIEWED_PLUS_AUTO_CUSTOM.xyxy -> /users/e/p/epsilon/Data/Data/harris_county/catalogs/events/harvey_2017_mrms/event_validation_lines/reviewed_crs_lines/sfincs_crs_lines_REVIEWED_PLUS_AUTO_CUSTOM.xyxy | exists=False
/proj/zefflab/projects/Flooding/Data/harris_county/catalogs/events/harvey_2017_mrms/event_validation_points/profiles/lite/sfincs_obs_points_lite.xy -> /users/e/p/epsilon/Data/Data/harris_county/catalogs/events/harvey_2017_mrms/event_validation_points/profiles/lite/sfincs_obs_points_lite.xy | exists=False
/proj/zefflab/projects/Flooding/Data/harris_county/catalogs/static/harris_county/landcover/NLCD_2016_Land_Cover_L48_20190424.img -> /users/e/p/epsilon/Data/Data/harris_county/catalogs/static/harris_county/landcover/NLCD_2016_Land_Cover_L48_20190424.img | exists=True
/proj/zefflab/projects/Flooding/Data/harris_county/catalogs/static/harris_county/manning_reclass_table/nlcd_mapping_mean.csv -> /users/e/p/epsilon/Data/Data/harris_county/catalogs/static/harris_county/manning_reclass_table/nlcd_mapping_mean.csv | exists=True
/proj/zefflab/projects/Flooding/Data/harris_county/catalogs/static/harris_county/topobathy/HCFCD_DEM_5m_UTM.tif -> /users/e/p/epsilon/Data/Data/harris_county/catalogs/static/harris_county/topobathy/HCFCD_DEM_5m_UTM.tif | exists=True"
/proj/zefflab/projects/Flooding/pipeline/web_launcher/_audit_reports/catalog_detector_full_audit_20260612_172311.txt,705,OLD_PROJ_DATA_ROOT,POSSIBLY_LOAD_BEARING,,"""landcover_reclass_table"": ""/proj/zefflab/projects/Flooding/Data/harris_county/catalogs/static/harris_county/manning_reclass_table/nlcd_mapping_mean.csv"",","/proj/zefflab/projects/Flooding/Data/harris_county/catalogs/events/harvey_2017_mrms/event_discharge/harvey_houston_q_bc.csv -> /users/e/p/epsilon/Data/Data/harris_county/catalogs/events/harvey_2017_mrms/event_discharge/harvey_houston_q_bc.csv | exists=True
/proj/zefflab/projects/Flooding/Data/harris_county/catalogs/events/harvey_2017_mrms/event_precip/harvey_mrms.nc -> /users/e/p/epsilon/Data/Data/harris_county/catalogs/events/harvey_2017_mrms/event_precip/harvey_mrms.nc | exists=True
/proj/zefflab/projects/Flooding/Data/harris_county/catalogs/events/harvey_2017_mrms/event_source_table/event_source_table.csv -> /users/e/p/epsilon/Data/Data/harris_county/catalogs/events/harvey_2017_mrms/event_source_table/event_source_table.csv | exists=True
/proj/zefflab/projects/Flooding/Data/harris_county/catalogs/events/harvey_2017_mrms/event_validation_lines/reviewed_crs_lines/sfincs_crs_lines_REVIEWED_PLUS_AUTO_CUSTOM.xyxy -> /users/e/p/epsilon/Data/Data/harris_county/catalogs/events/harvey_2017_mrms/event_validation_lines/reviewed_crs_lines/sfincs_crs_lines_REVIEWED_PLUS_AUTO_CUSTOM.xyxy | exists=False
/proj/zefflab/projects/Flooding/Data/harris_county/catalogs/events/harvey_2017_mrms/event_validation_points/profiles/lite/sfincs_obs_points_lite.xy -> /users/e/p/epsilon/Data/Data/harris_county/catalogs/events/harvey_2017_mrms/event_validation_points/profiles/lite/sfincs_obs_points_lite.xy | exists=False
/proj/zefflab/projects/Flooding/Data/harris_county/catalogs/static/harris_county/landcover/NLCD_2016_Land_Cover_L48_20190424.img -> /users/e/p/epsilon/Data/Data/harris_county/catalogs/static/harris_county/landcover/NLCD_2016_Land_Cover_L48_20190424.img | exists=True
/proj/zefflab/projects/Flooding/Data/harris_county/catalogs/static/harris_county/manning_reclass_table/nlcd_mapping_mean.csv -> /users/e/p/epsilon/Data/Data/harris_county/catalogs/static/harris_county/manning_reclass_table/nlcd_mapping_mean.csv | exists=True
/proj/zefflab/projects/Flooding/Data/harris_county/catalogs/static/harris_county/region_geom/houston_model.shp -> /users/e/p/epsilon/Data/Data/harris_county/catalogs/static/harris_county/region_geom/houston_model.shp | exists=True"
/proj/zefflab/projects/Flooding/pipeline/web_launcher/_audit_reports/catalog_detector_full_audit_20260612_172311.txt,707,OLD_PROJ_DATA_ROOT,POSSIBLY_LOAD_BEARING,,"""obs_lines_path"": ""/proj/zefflab/projects/Flooding/Data/harris_county/catalogs/events/harvey_2017_mrms/event_validation_lines/reviewed_crs_lines/sfincs_crs_lines_REVIEWED_PLUS_AUTO_CUSTOM.xyxy"",","/proj/zefflab/projects/Flooding/Data/harris_county/catalogs/events/harvey_2017_mrms/event_discharge/harvey_houston_q_bc.csv -> /users/e/p/epsilon/Data/Data/harris_county/catalogs/events/harvey_2017_mrms/event_discharge/harvey_houston_q_bc.csv | exists=True
/proj/zefflab/projects/Flooding/Data/harris_county/catalogs/events/harvey_2017_mrms/event_precip/harvey_mrms.nc -> /users/e/p/epsilon/Data/Data/harris_county/catalogs/events/harvey_2017_mrms/event_precip/harvey_mrms.nc | exists=True
/proj/zefflab/projects/Flooding/Data/harris_county/catalogs/events/harvey_2017_mrms/event_validation_lines/reviewed_crs_lines/sfincs_crs_lines_REVIEWED_PLUS_AUTO_CUSTOM.xyxy -> /users/e/p/epsilon/Data/Data/harris_county/catalogs/events/harvey_2017_mrms/event_validation_lines/reviewed_crs_lines/sfincs_crs_lines_REVIEWED_PLUS_AUTO_CUSTOM.xyxy | exists=False
/proj/zefflab/projects/Flooding/Data/harris_county/catalogs/events/harvey_2017_mrms/event_validation_points/profiles/lite/sfincs_obs_points_lite.xy -> /users/e/p/epsilon/Data/Data/harris_county/catalogs/events/harvey_2017_mrms/event_validation_points/profiles/lite/sfincs_obs_points_lite.xy | exists=False
/proj/zefflab/projects/Flooding/Data/harris_county/catalogs/static/harris_county/landcover/NLCD_2016_Land_Cover_L48_20190424.img -> /users/e/p/epsilon/Data/Data/harris_county/catalogs/static/harris_county/landcover/NLCD_2016_Land_Cover_L48_20190424.img | exists=True
/proj/zefflab/projects/Flooding/Data/harris_county/catalogs/static/harris_county/manning_reclass_table/nlcd_mapping_mean.csv -> /users/e/p/epsilon/Data/Data/harris_county/catalogs/static/harris_county/manning_reclass_table/nlcd_mapping_mean.csv | exists=True
/proj/zefflab/projects/Flooding/Data/harris_county/catalogs/static/harris_county/region_geom/houston_model.shp -> /users/e/p/epsilon/Data/Data/harris_county/catalogs/static/harris_county/region_geom/houston_model.shp | exists=True
/proj/zefflab/projects/Flooding/Data/harris_county/catalogs/static/harris_county/structures_thin_dams/AB_dams.shp -> /users/e/p/epsilon/Data/Data/harris_county/catalogs/static/harris_county/structures_thin_dams/AB_dams.shp | exists=True"
/proj/zefflab/projects/Flooding/pipeline/web_launcher/_audit_reports/catalog_detector_full_audit_20260612_172311.txt,708,OLD_PROJ_DATA_ROOT,POSSIBLY_LOAD_BEARING,,"""obs_points_path"": ""/proj/zefflab/projects/Flooding/Data/harris_county/catalogs/events/harvey_2017_mrms/event_validation_points/profiles/lite/sfincs_obs_points_lite.xy"",","/proj/zefflab/projects/Flooding/Data/harris_county/catalogs/events/harvey_2017_mrms/event_discharge/harvey_houston_q_bc.csv -> /users/e/p/epsilon/Data/Data/harris_county/catalogs/events/harvey_2017_mrms/event_discharge/harvey_houston_q_bc.csv | exists=True
/proj/zefflab/projects/Flooding/Data/harris_county/catalogs/events/harvey_2017_mrms/event_precip/harvey_mrms.nc -> /users/e/p/epsilon/Data/Data/harris_county/catalogs/events/harvey_2017_mrms/event_precip/harvey_mrms.nc | exists=True
/proj/zefflab/projects/Flooding/Data/harris_county/catalogs/events/harvey_2017_mrms/event_validation_lines/reviewed_crs_lines/sfincs_crs_lines_REVIEWED_PLUS_AUTO_CUSTOM.xyxy -> /users/e/p/epsilon/Data/Data/harris_county/catalogs/events/harvey_2017_mrms/event_validation_lines/reviewed_crs_lines/sfincs_crs_lines_REVIEWED_PLUS_AUTO_CUSTOM.xyxy | exists=False
/proj/zefflab/projects/Flooding/Data/harris_county/catalogs/events/harvey_2017_mrms/event_validation_points/profiles/lite/sfincs_obs_points_lite.xy -> /users/e/p/epsilon/Data/Data/harris_county/catalogs/events/harvey_2017_mrms/event_validation_points/profiles/lite/sfincs_obs_points_lite.xy | exists=False
/proj/zefflab/projects/Flooding/Data/harris_county/catalogs/static/harris_county/landcover/NLCD_2016_Land_Cover_L48_20190424.img -> /users/e/p/epsilon/Data/Data/harris_county/catalogs/static/harris_county/landcover/NLCD_2016_Land_Cover_L48_20190424.img | exists=True
/proj/zefflab/projects/Flooding/Data/harris_county/catalogs/static/harris_county/manning_reclass_table/nlcd_mapping_mean.csv -> /users/e/p/epsilon/Data/Data/harris_county/catalogs/static/harris_county/manning_reclass_table/nlcd_mapping_mean.csv | exists=True
/proj/zefflab/projects/Flooding/Data/harris_county/catalogs/static/harris_county/region_geom/houston_model.shp -> /users/e/p/epsilon/Data/Data/harris_county/catalogs/static/harris_county/region_geom/houston_model.shp | exists=True
/proj/zefflab/projects/Flooding/Data/harris_county/catalogs/static/harris_county/structures_thin_dams/AB_dams.shp -> /users/e/p/epsilon/Data/Data/harris_county/catalogs/static/harris_county/structures_thin_dams/AB_dams.shp | exists=True"
/proj/zefflab/projects/Flooding/pipeline/web_launcher/_audit_reports/catalog_detector_full_audit_20260612_172311.txt,710,OLD_PROJ_DATA_ROOT,POSSIBLY_LOAD_BEARING,,"""rainfall_path"": ""/proj/zefflab/projects/Flooding/Data/harris_county/catalogs/events/harvey_2017_mrms/event_precip/harvey_mrms.nc"",","/proj/zefflab/projects/Flooding/Data/harris_county/catalogs/events/harvey_2017_mrms/event_precip/harvey_mrms.nc -> /users/e/p/epsilon/Data/Data/harris_county/catalogs/events/harvey_2017_mrms/event_precip/harvey_mrms.nc | exists=True
/proj/zefflab/projects/Flooding/Data/harris_county/catalogs/events/harvey_2017_mrms/event_validation_lines/reviewed_crs_lines/sfincs_crs_lines_REVIEWED_PLUS_AUTO_CUSTOM.xyxy -> /users/e/p/epsilon/Data/Data/harris_county/catalogs/events/harvey_2017_mrms/event_validation_lines/reviewed_crs_lines/sfincs_crs_lines_REVIEWED_PLUS_AUTO_CUSTOM.xyxy | exists=False
/proj/zefflab/projects/Flooding/Data/harris_county/catalogs/events/harvey_2017_mrms/event_validation_points/profiles/lite/sfincs_obs_points_lite.xy -> /users/e/p/epsilon/Data/Data/harris_county/catalogs/events/harvey_2017_mrms/event_validation_points/profiles/lite/sfincs_obs_points_lite.xy | exists=False
/proj/zefflab/projects/Flooding/Data/harris_county/catalogs/static/harris_county/landcover/NLCD_2016_Land_Cover_L48_20190424.img -> /users/e/p/epsilon/Data/Data/harris_county/catalogs/static/harris_county/landcover/NLCD_2016_Land_Cover_L48_20190424.img | exists=True
/proj/zefflab/projects/Flooding/Data/harris_county/catalogs/static/harris_county/manning_reclass_table/nlcd_mapping_mean.csv -> /users/e/p/epsilon/Data/Data/harris_county/catalogs/static/harris_county/manning_reclass_table/nlcd_mapping_mean.csv | exists=True
/proj/zefflab/projects/Flooding/Data/harris_county/catalogs/static/harris_county/region_geom/houston_model.shp -> /users/e/p/epsilon/Data/Data/harris_county/catalogs/static/harris_county/region_geom/houston_model.shp | exists=True
/proj/zefflab/projects/Flooding/Data/harris_county/catalogs/static/harris_county/structures_thin_dams/AB_dams.shp -> /users/e/p/epsilon/Data/Data/harris_county/catalogs/static/harris_county/structures_thin_dams/AB_dams.shp | exists=True"
/proj/zefflab/projects/Flooding/pipeline/web_launcher/_audit_reports/catalog_detector_full_audit_20260612_172311.txt,713,OLD_PROJ_DATA_ROOT,POSSIBLY_LOAD_BEARING,,"""region_path"": ""/proj/zefflab/projects/Flooding/Data/harris_county/catalogs/static/harris_county/region_geom/houston_model.shp"",","/proj/zefflab/projects/Flooding/Data/harris_county/catalogs/events/harvey_2017_mrms/event_precip/harvey_mrms.nc -> /users/e/p/epsilon/Data/Data/harris_county/catalogs/events/harvey_2017_mrms/event_precip/harvey_mrms.nc | exists=True
/proj/zefflab/projects/Flooding/Data/harris_county/catalogs/events/harvey_2017_mrms/event_validation_lines/reviewed_crs_lines/sfincs_crs_lines_REVIEWED_PLUS_AUTO_CUSTOM.xyxy -> /users/e/p/epsilon/Data/Data/harris_county/catalogs/events/harvey_2017_mrms/event_validation_lines/reviewed_crs_lines/sfincs_crs_lines_REVIEWED_PLUS_AUTO_CUSTOM.xyxy | exists=False
/proj/zefflab/projects/Flooding/Data/harris_county/catalogs/events/harvey_2017_mrms/event_validation_points/profiles/lite/sfincs_obs_points_lite.xy -> /users/e/p/epsilon/Data/Data/harris_county/catalogs/events/harvey_2017_mrms/event_validation_points/profiles/lite/sfincs_obs_points_lite.xy | exists=False
/proj/zefflab/projects/Flooding/Data/harris_county/catalogs/static/harris_county/manning_reclass_table/nlcd_mapping_mean.csv -> /users/e/p/epsilon/Data/Data/harris_county/catalogs/static/harris_county/manning_reclass_table/nlcd_mapping_mean.csv | exists=True
/proj/zefflab/projects/Flooding/Data/harris_county/catalogs/static/harris_county/region_geom/houston_model.shp -> /users/e/p/epsilon/Data/Data/harris_county/catalogs/static/harris_county/region_geom/houston_model.shp | exists=True
/proj/zefflab/projects/Flooding/Data/harris_county/catalogs/static/harris_county/structures_thin_dams/AB_dams.shp -> /users/e/p/epsilon/Data/Data/harris_county/catalogs/static/harris_county/structures_thin_dams/AB_dams.shp | exists=True"
/proj/zefflab/projects/Flooding/pipeline/web_launcher/_audit_reports/catalog_detector_full_audit_20260612_172311.txt,714,OLD_PROJ_DATA_ROOT,POSSIBLY_LOAD_BEARING,,"""thin_dam_path"": ""/proj/zefflab/projects/Flooding/Data/harris_county/catalogs/static/harris_county/structures_thin_dams/AB_dams.shp"",","/proj/zefflab/projects/Flooding/Data/harris_county/catalogs/events/harvey_2017_mrms/event_precip/harvey_mrms.nc -> /users/e/p/epsilon/Data/Data/harris_county/catalogs/events/harvey_2017_mrms/event_precip/harvey_mrms.nc | exists=True
/proj/zefflab/projects/Flooding/Data/harris_county/catalogs/events/harvey_2017_mrms/event_validation_lines/reviewed_crs_lines/sfincs_crs_lines_REVIEWED_PLUS_AUTO_CUSTOM.xyxy -> /users/e/p/epsilon/Data/Data/harris_county/catalogs/events/harvey_2017_mrms/event_validation_lines/reviewed_crs_lines/sfincs_crs_lines_REVIEWED_PLUS_AUTO_CUSTOM.xyxy | exists=False
/proj/zefflab/projects/Flooding/Data/harris_county/catalogs/events/harvey_2017_mrms/event_validation_points/profiles/lite/sfincs_obs_points_lite.xy -> /users/e/p/epsilon/Data/Data/harris_county/catalogs/events/harvey_2017_mrms/event_validation_points/profiles/lite/sfincs_obs_points_lite.xy | exists=False
/proj/zefflab/projects/Flooding/Data/harris_county/catalogs/static/harris_county/region_geom/houston_model.shp -> /users/e/p/epsilon/Data/Data/harris_county/catalogs/static/harris_county/region_geom/houston_model.shp | exists=True
/proj/zefflab/projects/Flooding/Data/harris_county/catalogs/static/harris_county/structures_thin_dams/AB_dams.shp -> /users/e/p/epsilon/Data/Data/harris_county/catalogs/static/harris_county/structures_thin_dams/AB_dams.shp | exists=True"
/proj/zefflab/projects/Flooding/pipeline/web_launcher/_audit_reports/catalog_detector_full_audit_20260612_172311.txt,727,OLD_PROJ_DATA_ROOT,POSSIBLY_LOAD_BEARING,,"""waterlevel_path"": ""/proj/zefflab/projects/Flooding/Data/harris_county/catalogs/events/harvey_2017_mrms/event_waterlevel/harvey_houston_wl_bc.csv"",",/proj/zefflab/projects/Flooding/Data/harris_county/catalogs/events/harvey_2017_mrms/event_waterlevel/harvey_houston_wl_bc.csv -> /users/e/p/epsilon/Data/Data/harris_county/catalogs/events/harvey_2017_mrms/event_waterlevel/harvey_houston_wl_bc.csv | exists=True
/proj/zefflab/projects/Flooding/pipeline/web_launcher/_audit_reports/catalog_detector_full_audit_20260612_172311.txt,736,OLD_PROJ_DATA_ROOT,UNCLEAR_REVIEW,,"region_path: ""/proj/zefflab/projects/Flooding/Data/harris_county/catalogs/static/harris_county/region_geom/houston_model.shp""","/proj/zefflab/projects/Flooding/Data/harris_county/catalogs/static/harris_county/landcover/NLCD_2016_Land_Cover_L48_20190424.img -> /users/e/p/epsilon/Data/Data/harris_county/catalogs/static/harris_county/landcover/NLCD_2016_Land_Cover_L48_20190424.img | exists=True
/proj/zefflab/projects/Flooding/Data/harris_county/catalogs/static/harris_county/region_geom/houston_model.shp -> /users/e/p/epsilon/Data/Data/harris_county/catalogs/static/harris_county/region_geom/houston_model.shp | exists=True
/proj/zefflab/projects/Flooding/Data/harris_county/catalogs/static/harris_county/topobathy/HCFCD_DEM_5m_UTM.tif -> /users/e/p/epsilon/Data/Data/harris_county/catalogs/static/harris_county/topobathy/HCFCD_DEM_5m_UTM.tif | exists=True"
/proj/zefflab/projects/Flooding/pipeline/web_launcher/_audit_reports/catalog_detector_full_audit_20260612_172311.txt,738,OLD_PROJ_DATA_ROOT,POSSIBLY_LOAD_BEARING,,"""/proj/zefflab/projects/Flooding/Data/harris_county/catalogs/static/harris_county/topobathy/HCFCD_DEM_5m_UTM.tif""","/proj/zefflab/projects/Flooding/Data/harris_county/catalogs/events/harvey_2017_mrms/event_precip/harvey_mrms.nc -> /users/e/p/epsilon/Data/Data/harris_county/catalogs/events/harvey_2017_mrms/event_precip/harvey_mrms.nc | exists=True
/proj/zefflab/projects/Flooding/Data/harris_county/catalogs/static/harris_county/landcover/NLCD_2016_Land_Cover_L48_20190424.img -> /users/e/p/epsilon/Data/Data/harris_county/catalogs/static/harris_county/landcover/NLCD_2016_Land_Cover_L48_20190424.img | exists=True
/proj/zefflab/projects/Flooding/Data/harris_county/catalogs/static/harris_county/manning_reclass_table/nlcd_mapping_mean.csv -> /users/e/p/epsilon/Data/Data/harris_county/catalogs/static/harris_county/manning_reclass_table/nlcd_mapping_mean.csv | exists=True
/proj/zefflab/projects/Flooding/Data/harris_county/catalogs/static/harris_county/region_geom/houston_model.shp -> /users/e/p/epsilon/Data/Data/harris_county/catalogs/static/harris_county/region_geom/houston_model.shp | exists=True
/proj/zefflab/projects/Flooding/Data/harris_county/catalogs/static/harris_county/topobathy/HCFCD_DEM_5m_UTM.tif -> /users/e/p/epsilon/Data/Data/harris_county/catalogs/static/harris_county/topobathy/HCFCD_DEM_5m_UTM.tif | exists=True"
/proj/zefflab/projects/Flooding/pipeline/web_launcher/_audit_reports/catalog_detector_full_audit_20260612_172311.txt,743,OLD_PROJ_DATA_ROOT,POSSIBLY_LOAD_BEARING,,"landcover_path: ""/proj/zefflab/projects/Flooding/Data/harris_county/catalogs/static/harris_county/landcover/NLCD_2016_Land_Cover_L48_20190424.img""","/proj/zefflab/projects/Flooding/Data/harris_county/catalogs/events/harvey_2017_mrms/event_discharge/harvey_houston_q_bc.csv -> /users/e/p/epsilon/Data/Data/harris_county/catalogs/events/harvey_2017_mrms/event_discharge/harvey_houston_q_bc.csv | exists=True
/proj/zefflab/projects/Flooding/Data/harris_county/catalogs/events/harvey_2017_mrms/event_precip/harvey_mrms.nc -> /users/e/p/epsilon/Data/Data/harris_county/catalogs/events/harvey_2017_mrms/event_precip/harvey_mrms.nc | exists=True
/proj/zefflab/projects/Flooding/Data/harris_county/catalogs/events/harvey_2017_mrms/event_source_table/event_source_table.csv -> /users/e/p/epsilon/Data/Data/harris_county/catalogs/events/harvey_2017_mrms/event_source_table/event_source_table.csv | exists=True
/proj/zefflab/projects/Flooding/Data/harris_county/catalogs/events/harvey_2017_mrms/event_waterlevel/harvey_houston_wl_bc.csv -> /users/e/p/epsilon/Data/Data/harris_county/catalogs/events/harvey_2017_mrms/event_waterlevel/harvey_houston_wl_bc.csv | exists=True
/proj/zefflab/projects/Flooding/Data/harris_county/catalogs/static/harris_county/landcover/NLCD_2016_Land_Cover_L48_20190424.img -> /users/e/p/epsilon/Data/Data/harris_county/catalogs/static/harris_county/landcover/NLCD_2016_Land_Cover_L48_20190424.img | exists=True
/proj/zefflab/projects/Flooding/Data/harris_county/catalogs/static/harris_county/manning_reclass_table/nlcd_mapping_mean.csv -> /users/e/p/epsilon/Data/Data/harris_county/catalogs/static/harris_county/manning_reclass_table/nlcd_mapping_mean.csv | exists=True
/proj/zefflab/projects/Flooding/Data/harris_county/catalogs/static/harris_county/region_geom/houston_model.shp -> /users/e/p/epsilon/Data/Data/harris_county/catalogs/static/harris_county/region_geom/houston_model.shp | exists=True
/proj/zefflab/projects/Flooding/Data/harris_county/catalogs/static/harris_county/structures_thin_dams/AB_dams.shp -> /users/e/p/epsilon/Data/Data/harris_county/catalogs/static/harris_county/structures_thin_dams/AB_dams.shp | exists=True
/proj/zefflab/projects/Flooding/Data/harris_county/catalogs/static/harris_county/topobathy/HCFCD_DEM_5m_UTM.tif -> /users/e/p/epsilon/Data/Data/harris_county/catalogs/static/harris_county/topobathy/HCFCD_DEM_5m_UTM.tif | exists=True"
/proj/zefflab/projects/Flooding/pipeline/web_launcher/_audit_reports/catalog_detector_full_audit_20260612_172311.txt,745,OLD_PROJ_DATA_ROOT,POSSIBLY_LOAD_BEARING,,"landcover_reclass_table: ""/proj/zefflab/projects/Flooding/Data/harris_county/catalogs/static/harris_county/manning_reclass_table/nlcd_mapping_mean.csv""","/proj/zefflab/projects/Flooding/Data/harris_county/catalogs/events/harvey_2017_mrms/event_discharge/harvey_houston_q_bc.csv -> /users/e/p/epsilon/Data/Data/harris_county/catalogs/events/harvey_2017_mrms/event_discharge/harvey_houston_q_bc.csv | exists=True
/proj/zefflab/projects/Flooding/Data/harris_county/catalogs/events/harvey_2017_mrms/event_precip/harvey_mrms.nc -> /users/e/p/epsilon/Data/Data/harris_county/catalogs/events/harvey_2017_mrms/event_precip/harvey_mrms.nc | exists=True
/proj/zefflab/projects/Flooding/Data/harris_county/catalogs/events/harvey_2017_mrms/event_source_table/event_source_table.csv -> /users/e/p/epsilon/Data/Data/harris_county/catalogs/events/harvey_2017_mrms/event_source_table/event_source_table.csv | exists=True
/proj/zefflab/projects/Flooding/Data/harris_county/catalogs/events/harvey_2017_mrms/event_validation_points/profiles/lite/sfincs_obs_points_lite.xy -> /users/e/p/epsilon/Data/Data/harris_county/catalogs/events/harvey_2017_mrms/event_validation_points/profiles/lite/sfincs_obs_points_lite.xy | exists=False
/proj/zefflab/projects/Flooding/Data/harris_county/catalogs/events/harvey_2017_mrms/event_waterlevel/harvey_houston_wl_bc.csv -> /users/e/p/epsilon/Data/Data/harris_county/catalogs/events/harvey_2017_mrms/event_waterlevel/harvey_houston_wl_bc.csv | exists=True
/proj/zefflab/projects/Flooding/Data/harris_county/catalogs/static/harris_county/landcover/NLCD_2016_Land_Cover_L48_20190424.img -> /users/e/p/epsilon/Data/Data/harris_county/catalogs/static/harris_county/landcover/NLCD_2016_Land_Cover_L48_20190424.img | exists=True
/proj/zefflab/projects/Flooding/Data/harris_county/catalogs/static/harris_county/manning_reclass_table/nlcd_mapping_mean.csv -> /users/e/p/epsilon/Data/Data/harris_county/catalogs/static/harris_county/manning_reclass_table/nlcd_mapping_mean.csv | exists=True
/proj/zefflab/projects/Flooding/Data/harris_county/catalogs/static/harris_county/structures_thin_dams/AB_dams.shp -> /users/e/p/epsilon/Data/Data/harris_county/catalogs/static/harris_county/structures_thin_dams/AB_dams.shp | exists=True
/proj/zefflab/projects/Flooding/Data/harris_county/catalogs/static/harris_county/topobathy/HCFCD_DEM_5m_UTM.tif -> /users/e/p/epsilon/Data/Data/harris_county/catalogs/static/harris_county/topobathy/HCFCD_DEM_5m_UTM.tif | exists=True"
/proj/zefflab/projects/Flooding/pipeline/web_launcher/_audit_reports/catalog_detector_full_audit_20260612_172311.txt,746,OLD_PROJ_DATA_ROOT,POSSIBLY_LOAD_BEARING,,"rainfall_path: ""/proj/zefflab/projects/Flooding/Data/harris_county/catalogs/events/harvey_2017_mrms/event_precip/harvey_mrms.nc""","/proj/zefflab/projects/Flooding/Data/harris_county/catalogs/events/harvey_2017_mrms/event_discharge/harvey_houston_q_bc.csv -> /users/e/p/epsilon/Data/Data/harris_county/catalogs/events/harvey_2017_mrms/event_discharge/harvey_houston_q_bc.csv | exists=True
/proj/zefflab/projects/Flooding/Data/harris_county/catalogs/events/harvey_2017_mrms/event_precip/harvey_mrms.nc -> /users/e/p/epsilon/Data/Data/harris_county/catalogs/events/harvey_2017_mrms/event_precip/harvey_mrms.nc | exists=True
/proj/zefflab/projects/Flooding/Data/harris_county/catalogs/events/harvey_2017_mrms/event_source_table/event_source_table.csv -> /users/e/p/epsilon/Data/Data/harris_county/catalogs/events/harvey_2017_mrms/event_source_table/event_source_table.csv | exists=True
/proj/zefflab/projects/Flooding/Data/harris_county/catalogs/events/harvey_2017_mrms/event_validation_lines/reviewed_crs_lines/sfincs_crs_lines_REVIEWED_PLUS_AUTO_CUSTOM.xyxy -> /users/e/p/epsilon/Data/Data/harris_county/catalogs/events/harvey_2017_mrms/event_validation_lines/reviewed_crs_lines/sfincs_crs_lines_REVIEWED_PLUS_AUTO_CUSTOM.xyxy | exists=False
/proj/zefflab/projects/Flooding/Data/harris_county/catalogs/events/harvey_2017_mrms/event_validation_points/profiles/lite/sfincs_obs_points_lite.xy -> /users/e/p/epsilon/Data/Data/harris_county/catalogs/events/harvey_2017_mrms/event_validation_points/profiles/lite/sfincs_obs_points_lite.xy | exists=False
/proj/zefflab/projects/Flooding/Data/harris_county/catalogs/events/harvey_2017_mrms/event_waterlevel/harvey_houston_wl_bc.csv -> /users/e/p/epsilon/Data/Data/harris_county/catalogs/events/harvey_2017_mrms/event_waterlevel/harvey_houston_wl_bc.csv | exists=True
/proj/zefflab/projects/Flooding/Data/harris_county/catalogs/static/harris_county/landcover/NLCD_2016_Land_Cover_L48_20190424.img -> /users/e/p/epsilon/Data/Data/harris_county/catalogs/static/harris_county/landcover/NLCD_2016_Land_Cover_L48_20190424.img | exists=True
/proj/zefflab/projects/Flooding/Data/harris_county/catalogs/static/harris_county/manning_reclass_table/nlcd_mapping_mean.csv -> /users/e/p/epsilon/Data/Data/harris_county/catalogs/static/harris_county/manning_reclass_table/nlcd_mapping_mean.csv | exists=True
/proj/zefflab/projects/Flooding/Data/harris_county/catalogs/static/harris_county/structures_thin_dams/AB_dams.shp -> /users/e/p/epsilon/Data/Data/harris_county/catalogs/static/harris_county/structures_thin_dams/AB_dams.shp | exists=True
/proj/zefflab/projects/Flooding/Data/harris_county/catalogs/static/harris_county/topobathy/HCFCD_DEM_5m_UTM.tif -> /users/e/p/epsilon/Data/Data/harris_county/catalogs/static/harris_county/topobathy/HCFCD_DEM_5m_UTM.tif | exists=True"
/proj/zefflab/projects/Flooding/pipeline/web_launcher/_audit_reports/catalog_detector_full_audit_20260612_172311.txt,748,OLD_PROJ_DATA_ROOT,POSSIBLY_LOAD_BEARING,,"waterlevel_path: ""/proj/zefflab/projects/Flooding/Data/harris_county/catalogs/events/harvey_2017_mrms/event_waterlevel/harvey_houston_wl_bc.csv""","/proj/zefflab/projects/Flooding/Data/harris_county/catalogs/events/harvey_2017_mrms/event_discharge/harvey_houston_q_bc.csv -> /users/e/p/epsilon/Data/Data/harris_county/catalogs/events/harvey_2017_mrms/event_discharge/harvey_houston_q_bc.csv | exists=True
/proj/zefflab/projects/Flooding/Data/harris_county/catalogs/events/harvey_2017_mrms/event_precip/harvey_mrms.nc -> /users/e/p/epsilon/Data/Data/harris_county/catalogs/events/harvey_2017_mrms/event_precip/harvey_mrms.nc | exists=True
/proj/zefflab/projects/Flooding/Data/harris_county/catalogs/events/harvey_2017_mrms/event_source_table/event_source_table.csv -> /users/e/p/epsilon/Data/Data/harris_county/catalogs/events/harvey_2017_mrms/event_source_table/event_source_table.csv | exists=True
/proj/zefflab/projects/Flooding/Data/harris_county/catalogs/events/harvey_2017_mrms/event_validation_lines/reviewed_crs_lines/sfincs_crs_lines_REVIEWED_PLUS_AUTO_CUSTOM.xyxy -> /users/e/p/epsilon/Data/Data/harris_county/catalogs/events/harvey_2017_mrms/event_validation_lines/reviewed_crs_lines/sfincs_crs_lines_REVIEWED_PLUS_AUTO_CUSTOM.xyxy | exists=False
/proj/zefflab/projects/Flooding/Data/harris_county/catalogs/events/harvey_2017_mrms/event_validation_points/profiles/lite/sfincs_obs_points_lite.xy -> /users/e/p/epsilon/Data/Data/harris_county/catalogs/events/harvey_2017_mrms/event_validation_points/profiles/lite/sfincs_obs_points_lite.xy | exists=False
/proj/zefflab/projects/Flooding/Data/harris_county/catalogs/events/harvey_2017_mrms/event_waterlevel/harvey_houston_wl_bc.csv -> /users/e/p/epsilon/Data/Data/harris_county/catalogs/events/harvey_2017_mrms/event_waterlevel/harvey_houston_wl_bc.csv | exists=True
/proj/zefflab/projects/Flooding/Data/harris_county/catalogs/static/harris_county/landcover/NLCD_2016_Land_Cover_L48_20190424.img -> /users/e/p/epsilon/Data/Data/harris_county/catalogs/static/harris_county/landcover/NLCD_2016_Land_Cover_L48_20190424.img | exists=True
/proj/zefflab/projects/Flooding/Data/harris_county/catalogs/static/harris_county/manning_reclass_table/nlcd_mapping_mean.csv -> /users/e/p/epsilon/Data/Data/harris_county/catalogs/static/harris_county/manning_reclass_table/nlcd_mapping_mean.csv | exists=True
/proj/zefflab/projects/Flooding/Data/harris_county/catalogs/static/harris_county/structures_thin_dams/AB_dams.shp -> /users/e/p/epsilon/Data/Data/harris_county/catalogs/static/harris_county/structures_thin_dams/AB_dams.shp | exists=True"
/proj/zefflab/projects/Flooding/pipeline/web_launcher/_audit_reports/catalog_detector_full_audit_20260612_172311.txt,749,OLD_PROJ_DATA_ROOT,POSSIBLY_LOAD_BEARING,,"discharge_timeseries_csv_path: ""/proj/zefflab/projects/Flooding/Data/harris_county/catalogs/events/harvey_2017_mrms/event_discharge/harvey_houston_q_bc.csv""","/proj/zefflab/projects/Flooding/Data/harris_county/catalogs/events/harvey_2017_mrms/event_discharge/harvey_houston_q_bc.csv -> /users/e/p/epsilon/Data/Data/harris_county/catalogs/events/harvey_2017_mrms/event_discharge/harvey_houston_q_bc.csv | exists=True
/proj/zefflab/projects/Flooding/Data/harris_county/catalogs/events/harvey_2017_mrms/event_precip/harvey_mrms.nc -> /users/e/p/epsilon/Data/Data/harris_county/catalogs/events/harvey_2017_mrms/event_precip/harvey_mrms.nc | exists=True
/proj/zefflab/projects/Flooding/Data/harris_county/catalogs/events/harvey_2017_mrms/event_source_table/event_source_table.csv -> /users/e/p/epsilon/Data/Data/harris_county/catalogs/events/harvey_2017_mrms/event_source_table/event_source_table.csv | exists=True
/proj/zefflab/projects/Flooding/Data/harris_county/catalogs/events/harvey_2017_mrms/event_validation_lines/reviewed_crs_lines/sfincs_crs_lines_REVIEWED_PLUS_AUTO_CUSTOM.xyxy -> /users/e/p/epsilon/Data/Data/harris_county/catalogs/events/harvey_2017_mrms/event_validation_lines/reviewed_crs_lines/sfincs_crs_lines_REVIEWED_PLUS_AUTO_CUSTOM.xyxy | exists=False
/proj/zefflab/projects/Flooding/Data/harris_county/catalogs/events/harvey_2017_mrms/event_validation_points/profiles/lite/sfincs_obs_points_lite.xy -> /users/e/p/epsilon/Data/Data/harris_county/catalogs/events/harvey_2017_mrms/event_validation_points/profiles/lite/sfincs_obs_points_lite.xy | exists=False
/proj/zefflab/projects/Flooding/Data/harris_county/catalogs/events/harvey_2017_mrms/event_waterlevel/harvey_houston_wl_bc.csv -> /users/e/p/epsilon/Data/Data/harris_county/catalogs/events/harvey_2017_mrms/event_waterlevel/harvey_houston_wl_bc.csv | exists=True
/proj/zefflab/projects/Flooding/Data/harris_county/catalogs/static/harris_county/landcover/NLCD_2016_Land_Cover_L48_20190424.img -> /users/e/p/epsilon/Data/Data/harris_county/catalogs/static/harris_county/landcover/NLCD_2016_Land_Cover_L48_20190424.img | exists=True
/proj/zefflab/projects/Flooding/Data/harris_county/catalogs/static/harris_county/manning_reclass_table/nlcd_mapping_mean.csv -> /users/e/p/epsilon/Data/Data/harris_county/catalogs/static/harris_county/manning_reclass_table/nlcd_mapping_mean.csv | exists=True
/proj/zefflab/projects/Flooding/Data/harris_county/catalogs/static/harris_county/structures_thin_dams/AB_dams.shp -> /users/e/p/epsilon/Data/Data/harris_county/catalogs/static/harris_county/structures_thin_dams/AB_dams.shp | exists=True"
/proj/zefflab/projects/Flooding/pipeline/web_launcher/_audit_reports/catalog_detector_full_audit_20260612_172311.txt,750,OLD_PROJ_DATA_ROOT,POSSIBLY_LOAD_BEARING,,"discharge_points_csv_path: ""/proj/zefflab/projects/Flooding/Data/harris_county/catalogs/events/harvey_2017_mrms/event_source_table/event_source_table.csv""","/proj/zefflab/projects/Flooding/Data/harris_county/catalogs/events/harvey_2017_mrms/event_discharge/harvey_houston_q_bc.csv -> /users/e/p/epsilon/Data/Data/harris_county/catalogs/events/harvey_2017_mrms/event_discharge/harvey_houston_q_bc.csv | exists=True
/proj/zefflab/projects/Flooding/Data/harris_county/catalogs/events/harvey_2017_mrms/event_precip/harvey_mrms.nc -> /users/e/p/epsilon/Data/Data/harris_county/catalogs/events/harvey_2017_mrms/event_precip/harvey_mrms.nc | exists=True
/proj/zefflab/projects/Flooding/Data/harris_county/catalogs/events/harvey_2017_mrms/event_source_table/event_source_table.csv -> /users/e/p/epsilon/Data/Data/harris_county/catalogs/events/harvey_2017_mrms/event_source_table/event_source_table.csv | exists=True
/proj/zefflab/projects/Flooding/Data/harris_county/catalogs/events/harvey_2017_mrms/event_validation_lines/reviewed_crs_lines/sfincs_crs_lines_REVIEWED_PLUS_AUTO_CUSTOM.xyxy -> /users/e/p/epsilon/Data/Data/harris_county/catalogs/events/harvey_2017_mrms/event_validation_lines/reviewed_crs_lines/sfincs_crs_lines_REVIEWED_PLUS_AUTO_CUSTOM.xyxy | exists=False
/proj/zefflab/projects/Flooding/Data/harris_county/catalogs/events/harvey_2017_mrms/event_validation_points/profiles/lite/sfincs_obs_points_lite.xy -> /users/e/p/epsilon/Data/Data/harris_county/catalogs/events/harvey_2017_mrms/event_validation_points/profiles/lite/sfincs_obs_points_lite.xy | exists=False
/proj/zefflab/projects/Flooding/Data/harris_county/catalogs/events/harvey_2017_mrms/event_waterlevel/harvey_houston_wl_bc.csv -> /users/e/p/epsilon/Data/Data/harris_county/catalogs/events/harvey_2017_mrms/event_waterlevel/harvey_houston_wl_bc.csv | exists=True
/proj/zefflab/projects/Flooding/Data/harris_county/catalogs/static/harris_county/landcover/NLCD_2016_Land_Cover_L48_20190424.img -> /users/e/p/epsilon/Data/Data/harris_county/catalogs/static/harris_county/landcover/NLCD_2016_Land_Cover_L48_20190424.img | exists=True
/proj/zefflab/projects/Flooding/Data/harris_county/catalogs/static/harris_county/manning_reclass_table/nlcd_mapping_mean.csv -> /users/e/p/epsilon/Data/Data/harris_county/catalogs/static/harris_county/manning_reclass_table/nlcd_mapping_mean.csv | exists=True
/proj/zefflab/projects/Flooding/Data/harris_county/catalogs/static/harris_county/structures_thin_dams/AB_dams.shp -> /users/e/p/epsilon/Data/Data/harris_county/catalogs/static/harris_county/structures_thin_dams/AB_dams.shp | exists=True"
/proj/zefflab/projects/Flooding/pipeline/web_launcher/_audit_reports/catalog_detector_full_audit_20260612_172311.txt,751,OLD_PROJ_DATA_ROOT,POSSIBLY_LOAD_BEARING,,"thin_dam_path: ""/proj/zefflab/projects/Flooding/Data/harris_county/catalogs/static/harris_county/structures_thin_dams/AB_dams.shp""","/proj/zefflab/projects/Flooding/Data/harris_county/catalogs/events/harvey_2017_mrms -> /users/e/p/epsilon/Data/Data/harris_county/catalogs/events/harvey_2017_mrms | exists=True
/proj/zefflab/projects/Flooding/Data/harris_county/catalogs/events/harvey_2017_mrms/event_discharge/harvey_houston_q_bc.csv -> /users/e/p/epsilon/Data/Data/harris_county/catalogs/events/harvey_2017_mrms/event_discharge/harvey_houston_q_bc.csv | exists=True
/proj/zefflab/projects/Flooding/Data/harris_county/catalogs/events/harvey_2017_mrms/event_precip/harvey_mrms.nc -> /users/e/p/epsilon/Data/Data/harris_county/catalogs/events/harvey_2017_mrms/event_precip/harvey_mrms.nc | exists=True
/proj/zefflab/projects/Flooding/Data/harris_county/catalogs/events/harvey_2017_mrms/event_source_table/event_source_table.csv -> /users/e/p/epsilon/Data/Data/harris_county/catalogs/events/harvey_2017_mrms/event_source_table/event_source_table.csv | exists=True
/proj/zefflab/projects/Flooding/Data/harris_county/catalogs/events/harvey_2017_mrms/event_validation_lines/reviewed_crs_lines/sfincs_crs_lines_REVIEWED_PLUS_AUTO_CUSTOM.xyxy -> /users/e/p/epsilon/Data/Data/harris_county/catalogs/events/harvey_2017_mrms/event_validation_lines/reviewed_crs_lines/sfincs_crs_lines_REVIEWED_PLUS_AUTO_CUSTOM.xyxy | exists=False
/proj/zefflab/projects/Flooding/Data/harris_county/catalogs/events/harvey_2017_mrms/event_validation_points/profiles/lite/sfincs_obs_points_lite.xy -> /users/e/p/epsilon/Data/Data/harris_county/catalogs/events/harvey_2017_mrms/event_validation_points/profiles/lite/sfincs_obs_points_lite.xy | exists=False
/proj/zefflab/projects/Flooding/Data/harris_county/catalogs/events/harvey_2017_mrms/event_waterlevel/harvey_houston_wl_bc.csv -> /users/e/p/epsilon/Data/Data/harris_county/catalogs/events/harvey_2017_mrms/event_waterlevel/harvey_houston_wl_bc.csv | exists=True
/proj/zefflab/projects/Flooding/Data/harris_county/catalogs/static/harris_county/landcover/NLCD_2016_Land_Cover_L48_20190424.img -> /users/e/p/epsilon/Data/Data/harris_county/catalogs/static/harris_county/landcover/NLCD_2016_Land_Cover_L48_20190424.img | exists=True
/proj/zefflab/projects/Flooding/Data/harris_county/catalogs/static/harris_county/manning_reclass_table/nlcd_mapping_mean.csv -> /users/e/p/epsilon/Data/Data/harris_county/catalogs/static/harris_county/manning_reclass_table/nlcd_mapping_mean.csv | exists=True
/proj/zefflab/projects/Flooding/Data/harris_county/catalogs/static/harris_county/structures_thin_dams/AB_dams.shp -> /users/e/p/epsilon/Data/Data/harris_county/catalogs/static/harris_county/structures_thin_dams/AB_dams.shp | exists=True"
/proj/zefflab/projects/Flooding/pipeline/web_launcher/_audit_reports/catalog_detector_full_audit_20260612_172311.txt,753,OLD_PROJ_DATA_ROOT,POSSIBLY_LOAD_BEARING,,"obs_points_path: ""/proj/zefflab/projects/Flooding/Data/harris_county/catalogs/events/harvey_2017_mrms/event_validation_points/profiles/lite/sfincs_obs_points_lite.xy""","/proj/zefflab/projects/Flooding/Data/harris_county/catalogs/events/harvey_2017_mrms -> /users/e/p/epsilon/Data/Data/harris_county/catalogs/events/harvey_2017_mrms | exists=True
/proj/zefflab/projects/Flooding/Data/harris_county/catalogs/events/harvey_2017_mrms/event_discharge/harvey_houston_q_bc.csv -> /users/e/p/epsilon/Data/Data/harris_county/catalogs/events/harvey_2017_mrms/event_discharge/harvey_houston_q_bc.csv | exists=True
/proj/zefflab/projects/Flooding/Data/harris_county/catalogs/events/harvey_2017_mrms/event_precip/harvey_mrms.nc -> /users/e/p/epsilon/Data/Data/harris_county/catalogs/events/harvey_2017_mrms/event_precip/harvey_mrms.nc | exists=True
/proj/zefflab/projects/Flooding/Data/harris_county/catalogs/events/harvey_2017_mrms/event_source_table/event_source_table.csv -> /users/e/p/epsilon/Data/Data/harris_county/catalogs/events/harvey_2017_mrms/event_source_table/event_source_table.csv | exists=True
/proj/zefflab/projects/Flooding/Data/harris_county/catalogs/events/harvey_2017_mrms/event_validation_lines/reviewed_crs_lines/sfincs_crs_lines_REVIEWED_PLUS_AUTO_CUSTOM.xyxy -> /users/e/p/epsilon/Data/Data/harris_county/catalogs/events/harvey_2017_mrms/event_validation_lines/reviewed_crs_lines/sfincs_crs_lines_REVIEWED_PLUS_AUTO_CUSTOM.xyxy | exists=False
/proj/zefflab/projects/Flooding/Data/harris_county/catalogs/events/harvey_2017_mrms/event_validation_points/profiles/lite/sfincs_obs_points_lite.xy -> /users/e/p/epsilon/Data/Data/harris_county/catalogs/events/harvey_2017_mrms/event_validation_points/profiles/lite/sfincs_obs_points_lite.xy | exists=False
/proj/zefflab/projects/Flooding/Data/harris_county/catalogs/events/harvey_2017_mrms/event_waterlevel/harvey_houston_wl_bc.csv -> /users/e/p/epsilon/Data/Data/harris_county/catalogs/events/harvey_2017_mrms/event_waterlevel/harvey_houston_wl_bc.csv | exists=True
/proj/zefflab/projects/Flooding/Data/harris_county/catalogs/static/harris_county -> /users/e/p/epsilon/Data/Data/harris_county/catalogs/static/harris_county | exists=True
/proj/zefflab/projects/Flooding/Data/harris_county/catalogs/static/harris_county/manning_reclass_table/nlcd_mapping_mean.csv -> /users/e/p/epsilon/Data/Data/harris_county/catalogs/static/harris_county/manning_reclass_table/nlcd_mapping_mean.csv | exists=True
/proj/zefflab/projects/Flooding/Data/harris_county/catalogs/static/harris_county/structures_thin_dams/AB_dams.shp -> /users/e/p/epsilon/Data/Data/harris_county/catalogs/static/harris_county/structures_thin_dams/AB_dams.shp | exists=True"
/proj/zefflab/projects/Flooding/pipeline/web_launcher/_audit_reports/catalog_detector_full_audit_20260612_172311.txt,754,OLD_PROJ_DATA_ROOT,POSSIBLY_LOAD_BEARING,,"obs_lines_path: ""/proj/zefflab/projects/Flooding/Data/harris_county/catalogs/events/harvey_2017_mrms/event_validation_lines/reviewed_crs_lines/sfincs_crs_lines_REVIEWED_PLUS_AUTO_CUSTOM.xyxy""","/proj/zefflab/projects/Flooding/Data/harris_county/catalogs/events/harvey_2017_mrms -> /users/e/p/epsilon/Data/Data/harris_county/catalogs/events/harvey_2017_mrms | exists=True
/proj/zefflab/projects/Flooding/Data/harris_county/catalogs/events/harvey_2017_mrms/event_discharge/harvey_houston_q_bc.csv -> /users/e/p/epsilon/Data/Data/harris_county/catalogs/events/harvey_2017_mrms/event_discharge/harvey_houston_q_bc.csv | exists=True
/proj/zefflab/projects/Flooding/Data/harris_county/catalogs/events/harvey_2017_mrms/event_precip/harvey_mrms.nc -> /users/e/p/epsilon/Data/Data/harris_county/catalogs/events/harvey_2017_mrms/event_precip/harvey_mrms.nc | exists=True
/proj/zefflab/projects/Flooding/Data/harris_county/catalogs/events/harvey_2017_mrms/event_source_table/event_source_table.csv -> /users/e/p/epsilon/Data/Data/harris_county/catalogs/events/harvey_2017_mrms/event_source_table/event_source_table.csv | exists=True
/proj/zefflab/projects/Flooding/Data/harris_county/catalogs/events/harvey_2017_mrms/event_validation_lines/reviewed_crs_lines/sfincs_crs_lines_REVIEWED_PLUS_AUTO_CUSTOM.xyxy -> /users/e/p/epsilon/Data/Data/harris_county/catalogs/events/harvey_2017_mrms/event_validation_lines/reviewed_crs_lines/sfincs_crs_lines_REVIEWED_PLUS_AUTO_CUSTOM.xyxy | exists=False
/proj/zefflab/projects/Flooding/Data/harris_county/catalogs/events/harvey_2017_mrms/event_validation_points/profiles/lite/sfincs_obs_points_lite.xy -> /users/e/p/epsilon/Data/Data/harris_county/catalogs/events/harvey_2017_mrms/event_validation_points/profiles/lite/sfincs_obs_points_lite.xy | exists=False
/proj/zefflab/projects/Flooding/Data/harris_county/catalogs/events/harvey_2017_mrms/event_waterlevel/harvey_houston_wl_bc.csv -> /users/e/p/epsilon/Data/Data/harris_county/catalogs/events/harvey_2017_mrms/event_waterlevel/harvey_houston_wl_bc.csv | exists=True
/proj/zefflab/projects/Flooding/Data/harris_county/catalogs/static/harris_county -> /users/e/p/epsilon/Data/Data/harris_county/catalogs/static/harris_county | exists=True
/proj/zefflab/projects/Flooding/Data/harris_county/catalogs/static/harris_county/structures_thin_dams/AB_dams.shp -> /users/e/p/epsilon/Data/Data/harris_county/catalogs/static/harris_county/structures_thin_dams/AB_dams.shp | exists=True"
/proj/zefflab/projects/Flooding/pipeline/web_launcher/_audit_reports/catalog_detector_full_audit_20260612_172311.txt,759,OLD_PROJ_DATA_ROOT,POSSIBLY_LOAD_BEARING,,"""/proj/zefflab/projects/Flooding/Data/harris_county/catalogs/events/harvey_2017_mrms"",","/proj/zefflab/projects/Flooding/Data/harris_county/catalogs/events/harvey_2017_mrms -> /users/e/p/epsilon/Data/Data/harris_county/catalogs/events/harvey_2017_mrms | exists=True
/proj/zefflab/projects/Flooding/Data/harris_county/catalogs/events/harvey_2017_mrms/event_validation_lines/reviewed_crs_lines/sfincs_crs_lines_REVIEWED_PLUS_AUTO_CUSTOM.xyxy -> /users/e/p/epsilon/Data/Data/harris_county/catalogs/events/harvey_2017_mrms/event_validation_lines/reviewed_crs_lines/sfincs_crs_lines_REVIEWED_PLUS_AUTO_CUSTOM.xyxy | exists=False
/proj/zefflab/projects/Flooding/Data/harris_county/catalogs/events/harvey_2017_mrms/event_validation_points/profiles/lite/sfincs_obs_points_lite.xy -> /users/e/p/epsilon/Data/Data/harris_county/catalogs/events/harvey_2017_mrms/event_validation_points/profiles/lite/sfincs_obs_points_lite.xy | exists=False
/proj/zefflab/projects/Flooding/Data/harris_county/catalogs/static/harris_county -> /users/e/p/epsilon/Data/Data/harris_county/catalogs/static/harris_county | exists=True
/proj/zefflab/projects/Flooding/Data/harris_county/catalogs/static/harris_county/structures_thin_dams/AB_dams.shp -> /users/e/p/epsilon/Data/Data/harris_county/catalogs/static/harris_county/structures_thin_dams/AB_dams.shp | exists=True
/proj/zefflab/projects/Flooding/Data/harris_county/catalogs/static/harris_county/topobathy/HCFCD_DEM_5m_UTM.tif -> /users/e/p/epsilon/Data/Data/harris_county/catalogs/static/harris_county/topobathy/HCFCD_DEM_5m_UTM.tif | exists=True"
/proj/zefflab/projects/Flooding/pipeline/web_launcher/_audit_reports/catalog_detector_full_audit_20260612_172311.txt,760,OLD_PROJ_DATA_ROOT,POSSIBLY_LOAD_BEARING,,"""/proj/zefflab/projects/Flooding/Data/harris_county/catalogs/static/harris_county""","/proj/zefflab/projects/Flooding/Data/harris_county/catalogs/events/harvey_2017_mrms -> /users/e/p/epsilon/Data/Data/harris_county/catalogs/events/harvey_2017_mrms | exists=True
/proj/zefflab/projects/Flooding/Data/harris_county/catalogs/events/harvey_2017_mrms/event_validation_lines/reviewed_crs_lines/sfincs_crs_lines_REVIEWED_PLUS_AUTO_CUSTOM.xyxy -> /users/e/p/epsilon/Data/Data/harris_county/catalogs/events/harvey_2017_mrms/event_validation_lines/reviewed_crs_lines/sfincs_crs_lines_REVIEWED_PLUS_AUTO_CUSTOM.xyxy | exists=False
/proj/zefflab/projects/Flooding/Data/harris_county/catalogs/events/harvey_2017_mrms/event_validation_points/profiles/lite/sfincs_obs_points_lite.xy -> /users/e/p/epsilon/Data/Data/harris_county/catalogs/events/harvey_2017_mrms/event_validation_points/profiles/lite/sfincs_obs_points_lite.xy | exists=False
/proj/zefflab/projects/Flooding/Data/harris_county/catalogs/static/harris_county -> /users/e/p/epsilon/Data/Data/harris_county/catalogs/static/harris_county | exists=True
/proj/zefflab/projects/Flooding/Data/harris_county/catalogs/static/harris_county/landcover/NLCD_2016_Land_Cover_L48_20190424.img -> /users/e/p/epsilon/Data/Data/harris_county/catalogs/static/harris_county/landcover/NLCD_2016_Land_Cover_L48_20190424.img | exists=True
/proj/zefflab/projects/Flooding/Data/harris_county/catalogs/static/harris_county/topobathy/HCFCD_DEM_5m_UTM.tif -> /users/e/p/epsilon/Data/Data/harris_county/catalogs/static/harris_county/topobathy/HCFCD_DEM_5m_UTM.tif | exists=True"
/proj/zefflab/projects/Flooding/pipeline/web_launcher/_audit_reports/catalog_detector_full_audit_20260612_172311.txt,763,OLD_PROJ_DATA_ROOT,POSSIBLY_LOAD_BEARING,,"""/proj/zefflab/projects/Flooding/Data/harris_county/catalogs/static/harris_county/topobathy/HCFCD_DEM_5m_UTM.tif""","/proj/zefflab/projects/Flooding/Data/harris_county/catalogs/events/harvey_2017_mrms -> /users/e/p/epsilon/Data/Data/harris_county/catalogs/events/harvey_2017_mrms | exists=True
/proj/zefflab/projects/Flooding/Data/harris_county/catalogs/events/harvey_2017_mrms/event_discharge/harvey_houston_q_bc.csv -> /users/e/p/epsilon/Data/Data/harris_county/catalogs/events/harvey_2017_mrms/event_discharge/harvey_houston_q_bc.csv | exists=True
/proj/zefflab/projects/Flooding/Data/harris_county/catalogs/events/harvey_2017_mrms/event_precip/harvey_mrms.nc -> /users/e/p/epsilon/Data/Data/harris_county/catalogs/events/harvey_2017_mrms/event_precip/harvey_mrms.nc | exists=True
/proj/zefflab/projects/Flooding/Data/harris_county/catalogs/events/harvey_2017_mrms/event_waterlevel/harvey_houston_wl_bc.csv -> /users/e/p/epsilon/Data/Data/harris_county/catalogs/events/harvey_2017_mrms/event_waterlevel/harvey_houston_wl_bc.csv | exists=True
/proj/zefflab/projects/Flooding/Data/harris_county/catalogs/static/harris_county -> /users/e/p/epsilon/Data/Data/harris_county/catalogs/static/harris_county | exists=True
/proj/zefflab/projects/Flooding/Data/harris_county/catalogs/static/harris_county/landcover/NLCD_2016_Land_Cover_L48_20190424.img -> /users/e/p/epsilon/Data/Data/harris_county/catalogs/static/harris_county/landcover/NLCD_2016_Land_Cover_L48_20190424.img | exists=True
/proj/zefflab/projects/Flooding/Data/harris_county/catalogs/static/harris_county/topobathy/HCFCD_DEM_5m_UTM.tif -> /users/e/p/epsilon/Data/Data/harris_county/catalogs/static/harris_county/topobathy/HCFCD_DEM_5m_UTM.tif | exists=True"
/proj/zefflab/projects/Flooding/pipeline/web_launcher/_audit_reports/catalog_detector_full_audit_20260612_172311.txt,768,OLD_PROJ_DATA_ROOT,POSSIBLY_LOAD_BEARING,,"landcover_path: ""/proj/zefflab/projects/Flooding/Data/harris_county/catalogs/static/harris_county/landcover/NLCD_2016_Land_Cover_L48_20190424.img""","/proj/zefflab/projects/Flooding/Data/emes_server/lelise_INCOMING_RETRY/data/soil/gcn250/cn_avg.tif -> /users/e/p/epsilon/Data/Data/emes_server/lelise_INCOMING_RETRY/data/soil/gcn250/cn_avg.tif | exists=True
/proj/zefflab/projects/Flooding/Data/harris_county/catalogs/events/harvey_2017_mrms/event_discharge/harvey_houston_q_bc.csv -> /users/e/p/epsilon/Data/Data/harris_county/catalogs/events/harvey_2017_mrms/event_discharge/harvey_houston_q_bc.csv | exists=True
/proj/zefflab/projects/Flooding/Data/harris_county/catalogs/events/harvey_2017_mrms/event_precip/harvey_mrms.nc -> /users/e/p/epsilon/Data/Data/harris_county/catalogs/events/harvey_2017_mrms/event_precip/harvey_mrms.nc | exists=True
/proj/zefflab/projects/Flooding/Data/harris_county/catalogs/events/harvey_2017_mrms/event_source_table/event_source_table.csv -> /users/e/p/epsilon/Data/Data/harris_county/catalogs/events/harvey_2017_mrms/event_source_table/event_source_table.csv | exists=True
/proj/zefflab/projects/Flooding/Data/harris_county/catalogs/events/harvey_2017_mrms/event_validation_points/profiles/full_candidates/sfincs_obs_points_full_candidates.xy -> /users/e/p/epsilon/Data/Data/harris_county/catalogs/events/harvey_2017_mrms/event_validation_points/profiles/full_candidates/sfincs_obs_points_full_candidates.xy | exists=False
/proj/zefflab/projects/Flooding/Data/harris_county/catalogs/events/harvey_2017_mrms/event_waterlevel/harvey_houston_wl_bc.csv -> /users/e/p/epsilon/Data/Data/harris_county/catalogs/events/harvey_2017_mrms/event_waterlevel/harvey_houston_wl_bc.csv | exists=True
/proj/zefflab/projects/Flooding/Data/harris_county/catalogs/static/harris_county -> /users/e/p/epsilon/Data/Data/harris_county/catalogs/static/harris_county | exists=True
/proj/zefflab/projects/Flooding/Data/harris_county/catalogs/static/harris_county/landcover/NLCD_2016_Land_Cover_L48_20190424.img -> /users/e/p/epsilon/Data/Data/harris_county/catalogs/static/harris_county/landcover/NLCD_2016_Land_Cover_L48_20190424.img | exists=True
/proj/zefflab/projects/Flooding/Data/harris_county/catalogs/static/harris_county/topobathy/HCFCD_DEM_5m_UTM.tif -> /users/e/p/epsilon/Data/Data/harris_county/catalogs/static/harris_county/topobathy/HCFCD_DEM_5m_UTM.tif | exists=True"
/proj/zefflab/projects/Flooding/pipeline/web_launcher/_audit_reports/catalog_detector_full_audit_20260612_172311.txt,769,OLD_PROJ_DATA_ROOT,POSSIBLY_LOAD_BEARING,,"rainfall_path: ""/proj/zefflab/projects/Flooding/Data/harris_county/catalogs/events/harvey_2017_mrms/event_precip/harvey_mrms.nc""","/proj/zefflab/projects/Flooding/Data/emes_server/lelise_INCOMING_RETRY/data/soil/gcn250/cn_avg.tif -> /users/e/p/epsilon/Data/Data/emes_server/lelise_INCOMING_RETRY/data/soil/gcn250/cn_avg.tif | exists=True
/proj/zefflab/projects/Flooding/Data/harris_county/catalogs/events/harvey_2017_mrms/event_discharge/harvey_houston_q_bc.csv -> /users/e/p/epsilon/Data/Data/harris_county/catalogs/events/harvey_2017_mrms/event_discharge/harvey_houston_q_bc.csv | exists=True
/proj/zefflab/projects/Flooding/Data/harris_county/catalogs/events/harvey_2017_mrms/event_precip/harvey_mrms.nc -> /users/e/p/epsilon/Data/Data/harris_county/catalogs/events/harvey_2017_mrms/event_precip/harvey_mrms.nc | exists=True
/proj/zefflab/projects/Flooding/Data/harris_county/catalogs/events/harvey_2017_mrms/event_source_table/event_source_table.csv -> /users/e/p/epsilon/Data/Data/harris_county/catalogs/events/harvey_2017_mrms/event_source_table/event_source_table.csv | exists=True
/proj/zefflab/projects/Flooding/Data/harris_county/catalogs/events/harvey_2017_mrms/event_validation_points/profiles/full_candidates/sfincs_obs_points_full_candidates.xy -> /users/e/p/epsilon/Data/Data/harris_county/catalogs/events/harvey_2017_mrms/event_validation_points/profiles/full_candidates/sfincs_obs_points_full_candidates.xy | exists=False
/proj/zefflab/projects/Flooding/Data/harris_county/catalogs/events/harvey_2017_mrms/event_waterlevel/harvey_houston_wl_bc.csv -> /users/e/p/epsilon/Data/Data/harris_county/catalogs/events/harvey_2017_mrms/event_waterlevel/harvey_houston_wl_bc.csv | exists=True
/proj/zefflab/projects/Flooding/Data/harris_county/catalogs/static/harris_county/landcover/NLCD_2016_Land_Cover_L48_20190424.img -> /users/e/p/epsilon/Data/Data/harris_county/catalogs/static/harris_county/landcover/NLCD_2016_Land_Cover_L48_20190424.img | exists=True
/proj/zefflab/projects/Flooding/Data/harris_county/catalogs/static/harris_county/topobathy/HCFCD_DEM_5m_UTM.tif -> /users/e/p/epsilon/Data/Data/harris_county/catalogs/static/harris_county/topobathy/HCFCD_DEM_5m_UTM.tif | exists=True"
/proj/zefflab/projects/Flooding/pipeline/web_launcher/_audit_reports/catalog_detector_full_audit_20260612_172311.txt,770,OLD_PROJ_DATA_ROOT,POSSIBLY_LOAD_BEARING,,"waterlevel_path: ""/proj/zefflab/projects/Flooding/Data/harris_county/catalogs/events/harvey_2017_mrms/event_waterlevel/harvey_houston_wl_bc.csv""","/proj/zefflab/projects/Flooding/Data/emes_server/lelise_INCOMING_RETRY/data/soil/gcn250/cn_avg.tif -> /users/e/p/epsilon/Data/Data/emes_server/lelise_INCOMING_RETRY/data/soil/gcn250/cn_avg.tif | exists=True
/proj/zefflab/projects/Flooding/Data/harris_county/catalogs/events/harvey_2017_mrms/event_discharge/harvey_houston_q_bc.csv -> /users/e/p/epsilon/Data/Data/harris_county/catalogs/events/harvey_2017_mrms/event_discharge/harvey_houston_q_bc.csv | exists=True
/proj/zefflab/projects/Flooding/Data/harris_county/catalogs/events/harvey_2017_mrms/event_precip/harvey_mrms.nc -> /users/e/p/epsilon/Data/Data/harris_county/catalogs/events/harvey_2017_mrms/event_precip/harvey_mrms.nc | exists=True
/proj/zefflab/projects/Flooding/Data/harris_county/catalogs/events/harvey_2017_mrms/event_source_table/event_source_table.csv -> /users/e/p/epsilon/Data/Data/harris_county/catalogs/events/harvey_2017_mrms/event_source_table/event_source_table.csv | exists=True
/proj/zefflab/projects/Flooding/Data/harris_county/catalogs/events/harvey_2017_mrms/event_validation_lines/reviewed_crs_lines/sfincs_crs_lines_REVIEWED_PLUS_AUTO_CUSTOM.xyxy -> /users/e/p/epsilon/Data/Data/harris_county/catalogs/events/harvey_2017_mrms/event_validation_lines/reviewed_crs_lines/sfincs_crs_lines_REVIEWED_PLUS_AUTO_CUSTOM.xyxy | exists=False
/proj/zefflab/projects/Flooding/Data/harris_county/catalogs/events/harvey_2017_mrms/event_validation_points/profiles/full_candidates/sfincs_obs_points_full_candidates.xy -> /users/e/p/epsilon/Data/Data/harris_county/catalogs/events/harvey_2017_mrms/event_validation_points/profiles/full_candidates/sfincs_obs_points_full_candidates.xy | exists=False
/proj/zefflab/projects/Flooding/Data/harris_county/catalogs/events/harvey_2017_mrms/event_waterlevel/harvey_houston_wl_bc.csv -> /users/e/p/epsilon/Data/Data/harris_county/catalogs/events/harvey_2017_mrms/event_waterlevel/harvey_houston_wl_bc.csv | exists=True
/proj/zefflab/projects/Flooding/Data/harris_county/catalogs/static/harris_county/landcover/NLCD_2016_Land_Cover_L48_20190424.img -> /users/e/p/epsilon/Data/Data/harris_county/catalogs/static/harris_county/landcover/NLCD_2016_Land_Cover_L48_20190424.img | exists=True
/proj/zefflab/projects/Flooding/Data/harris_county/catalogs/static/harris_county/topobathy/HCFCD_DEM_5m_UTM.tif -> /users/e/p/epsilon/Data/Data/harris_county/catalogs/static/harris_county/topobathy/HCFCD_DEM_5m_UTM.tif | exists=True"
/proj/zefflab/projects/Flooding/pipeline/web_launcher/_audit_reports/catalog_detector_full_audit_20260612_172311.txt,771,OLD_PROJ_DATA_ROOT,POSSIBLY_LOAD_BEARING,,"discharge_timeseries_csv_path: ""/proj/zefflab/projects/Flooding/Data/harris_county/catalogs/events/harvey_2017_mrms/event_discharge/harvey_houston_q_bc.csv""","/proj/zefflab/projects/Flooding/Data/emes_server/lelise_INCOMING_RETRY/data/soil/gcn250/cn_avg.tif -> /users/e/p/epsilon/Data/Data/emes_server/lelise_INCOMING_RETRY/data/soil/gcn250/cn_avg.tif | exists=True
/proj/zefflab/projects/Flooding/Data/harris_county/catalogs/events/harvey_2017_mrms/event_discharge/harvey_houston_q_bc.csv -> /users/e/p/epsilon/Data/Data/harris_county/catalogs/events/harvey_2017_mrms/event_discharge/harvey_houston_q_bc.csv | exists=True
/proj/zefflab/projects/Flooding/Data/harris_county/catalogs/events/harvey_2017_mrms/event_precip/harvey_mrms.nc -> /users/e/p/epsilon/Data/Data/harris_county/catalogs/events/harvey_2017_mrms/event_precip/harvey_mrms.nc | exists=True
/proj/zefflab/projects/Flooding/Data/harris_county/catalogs/events/harvey_2017_mrms/event_source_table/event_source_table.csv -> /users/e/p/epsilon/Data/Data/harris_county/catalogs/events/harvey_2017_mrms/event_source_table/event_source_table.csv | exists=True
/proj/zefflab/projects/Flooding/Data/harris_county/catalogs/events/harvey_2017_mrms/event_validation_lines/reviewed_crs_lines/sfincs_crs_lines_REVIEWED_PLUS_AUTO_CUSTOM.xyxy -> /users/e/p/epsilon/Data/Data/harris_county/catalogs/events/harvey_2017_mrms/event_validation_lines/reviewed_crs_lines/sfincs_crs_lines_REVIEWED_PLUS_AUTO_CUSTOM.xyxy | exists=False
/proj/zefflab/projects/Flooding/Data/harris_county/catalogs/events/harvey_2017_mrms/event_validation_points/profiles/full_candidates/sfincs_obs_points_full_candidates.xy -> /users/e/p/epsilon/Data/Data/harris_county/catalogs/events/harvey_2017_mrms/event_validation_points/profiles/full_candidates/sfincs_obs_points_full_candidates.xy | exists=False
/proj/zefflab/projects/Flooding/Data/harris_county/catalogs/events/harvey_2017_mrms/event_waterlevel/harvey_houston_wl_bc.csv -> /users/e/p/epsilon/Data/Data/harris_county/catalogs/events/harvey_2017_mrms/event_waterlevel/harvey_houston_wl_bc.csv | exists=True
/proj/zefflab/projects/Flooding/Data/harris_county/catalogs/static/harris_county/landcover/NLCD_2016_Land_Cover_L48_20190424.img -> /users/e/p/epsilon/Data/Data/harris_county/catalogs/static/harris_county/landcover/NLCD_2016_Land_Cover_L48_20190424.img | exists=True
/proj/zefflab/projects/Flooding/Data/harris_county/catalogs/static/harris_county/topobathy/HCFCD_DEM_5m_UTM.tif -> /users/e/p/epsilon/Data/Data/harris_county/catalogs/static/harris_county/topobathy/HCFCD_DEM_5m_UTM.tif | exists=True"
/proj/zefflab/projects/Flooding/pipeline/web_launcher/_audit_reports/catalog_detector_full_audit_20260612_172311.txt,772,OLD_PROJ_DATA_ROOT,POSSIBLY_LOAD_BEARING,,"discharge_points_csv_path: ""/proj/zefflab/projects/Flooding/Data/harris_county/catalogs/events/harvey_2017_mrms/event_source_table/event_source_table.csv""","/proj/zefflab/projects/Flooding/Data/emes_server/lelise_INCOMING_RETRY/data/soil/gcn250/cn_avg.tif -> /users/e/p/epsilon/Data/Data/emes_server/lelise_INCOMING_RETRY/data/soil/gcn250/cn_avg.tif | exists=True
/proj/zefflab/projects/Flooding/Data/harris_county/catalogs/events/harvey_2017_mrms/event_discharge/harvey_houston_q_bc.csv -> /users/e/p/epsilon/Data/Data/harris_county/catalogs/events/harvey_2017_mrms/event_discharge/harvey_houston_q_bc.csv | exists=True
/proj/zefflab/projects/Flooding/Data/harris_county/catalogs/events/harvey_2017_mrms/event_precip/harvey_mrms.nc -> /users/e/p/epsilon/Data/Data/harris_county/catalogs/events/harvey_2017_mrms/event_precip/harvey_mrms.nc | exists=True
/proj/zefflab/projects/Flooding/Data/harris_county/catalogs/events/harvey_2017_mrms/event_source_table/event_source_table.csv -> /users/e/p/epsilon/Data/Data/harris_county/catalogs/events/harvey_2017_mrms/event_source_table/event_source_table.csv | exists=True
/proj/zefflab/projects/Flooding/Data/harris_county/catalogs/events/harvey_2017_mrms/event_validation_lines/reviewed_crs_lines/sfincs_crs_lines_REVIEWED_PLUS_AUTO_CUSTOM.xyxy -> /users/e/p/epsilon/Data/Data/harris_county/catalogs/events/harvey_2017_mrms/event_validation_lines/reviewed_crs_lines/sfincs_crs_lines_REVIEWED_PLUS_AUTO_CUSTOM.xyxy | exists=False
/proj/zefflab/projects/Flooding/Data/harris_county/catalogs/events/harvey_2017_mrms/event_validation_points/profiles/full_candidates/sfincs_obs_points_full_candidates.xy -> /users/e/p/epsilon/Data/Data/harris_county/catalogs/events/harvey_2017_mrms/event_validation_points/profiles/full_candidates/sfincs_obs_points_full_candidates.xy | exists=False
/proj/zefflab/projects/Flooding/Data/harris_county/catalogs/events/harvey_2017_mrms/event_waterlevel/harvey_houston_wl_bc.csv -> /users/e/p/epsilon/Data/Data/harris_county/catalogs/events/harvey_2017_mrms/event_waterlevel/harvey_houston_wl_bc.csv | exists=True
/proj/zefflab/projects/Flooding/Data/harris_county/catalogs/static/harris_county/landcover/NLCD_2016_Land_Cover_L48_20190424.img -> /users/e/p/epsilon/Data/Data/harris_county/catalogs/static/harris_county/landcover/NLCD_2016_Land_Cover_L48_20190424.img | exists=True"
/proj/zefflab/projects/Flooding/pipeline/web_launcher/_audit_reports/catalog_detector_full_audit_20260612_172311.txt,775,OLD_PROJ_DATA_ROOT,POSSIBLY_LOAD_BEARING,,"curve_number_path: ""/proj/zefflab/projects/Flooding/Data/emes_server/lelise_INCOMING_RETRY/data/soil/gcn250/cn_avg.tif""","/proj/zefflab/projects/Flooding/Data/emes_server/lelise_INCOMING_RETRY/data/soil/gcn250/cn_avg.tif -> /users/e/p/epsilon/Data/Data/emes_server/lelise_INCOMING_RETRY/data/soil/gcn250/cn_avg.tif | exists=True
/proj/zefflab/projects/Flooding/Data/harris_county/catalogs/events/harvey_2017_mrms/event_discharge/harvey_houston_q_bc.csv -> /users/e/p/epsilon/Data/Data/harris_county/catalogs/events/harvey_2017_mrms/event_discharge/harvey_houston_q_bc.csv | exists=True
/proj/zefflab/projects/Flooding/Data/harris_county/catalogs/events/harvey_2017_mrms/event_precip/harvey_mrms.nc -> /users/e/p/epsilon/Data/Data/harris_county/catalogs/events/harvey_2017_mrms/event_precip/harvey_mrms.nc | exists=True
/proj/zefflab/projects/Flooding/Data/harris_county/catalogs/events/harvey_2017_mrms/event_source_table/event_source_table.csv -> /users/e/p/epsilon/Data/Data/harris_county/catalogs/events/harvey_2017_mrms/event_source_table/event_source_table.csv | exists=True
/proj/zefflab/projects/Flooding/Data/harris_county/catalogs/events/harvey_2017_mrms/event_validation_lines/reviewed_crs_lines/sfincs_crs_lines_REVIEWED_PLUS_AUTO_CUSTOM.xyxy -> /users/e/p/epsilon/Data/Data/harris_county/catalogs/events/harvey_2017_mrms/event_validation_lines/reviewed_crs_lines/sfincs_crs_lines_REVIEWED_PLUS_AUTO_CUSTOM.xyxy | exists=False
/proj/zefflab/projects/Flooding/Data/harris_county/catalogs/events/harvey_2017_mrms/event_validation_points/profiles/full_candidates/sfincs_obs_points_full_candidates.xy -> /users/e/p/epsilon/Data/Data/harris_county/catalogs/events/harvey_2017_mrms/event_validation_points/profiles/full_candidates/sfincs_obs_points_full_candidates.xy | exists=False
/proj/zefflab/projects/Flooding/Data/harris_county/catalogs/events/harvey_2017_mrms/event_waterlevel/harvey_houston_wl_bc.csv -> /users/e/p/epsilon/Data/Data/harris_county/catalogs/events/harvey_2017_mrms/event_waterlevel/harvey_houston_wl_bc.csv | exists=True
/proj/zefflab/projects/Flooding/Data/harris_county/catalogs/static/harris_county/landcover/NLCD_2016_Land_Cover_L48_20190424.img -> /users/e/p/epsilon/Data/Data/harris_county/catalogs/static/harris_county/landcover/NLCD_2016_Land_Cover_L48_20190424.img | exists=True"
/proj/zefflab/projects/Flooding/pipeline/web_launcher/_audit_reports/catalog_detector_full_audit_20260612_172311.txt,776,OLD_PROJ_DATA_ROOT,POSSIBLY_LOAD_BEARING,,"obs_points_path: ""/proj/zefflab/projects/Flooding/Data/harris_county/catalogs/events/harvey_2017_mrms/event_validation_points/profiles/full_candidates/sfincs_obs_points_full_candidates.xy""","/proj/zefflab/projects/Flooding/Data/emes_server/lelise_INCOMING_RETRY/data/soil/gcn250/cn_avg.tif -> /users/e/p/epsilon/Data/Data/emes_server/lelise_INCOMING_RETRY/data/soil/gcn250/cn_avg.tif | exists=True
/proj/zefflab/projects/Flooding/Data/harris_county/catalogs/events/harvey_2017_mrms/event_discharge/harvey_houston_q_bc.csv -> /users/e/p/epsilon/Data/Data/harris_county/catalogs/events/harvey_2017_mrms/event_discharge/harvey_houston_q_bc.csv | exists=True
/proj/zefflab/projects/Flooding/Data/harris_county/catalogs/events/harvey_2017_mrms/event_precip/harvey_mrms.nc -> /users/e/p/epsilon/Data/Data/harris_county/catalogs/events/harvey_2017_mrms/event_precip/harvey_mrms.nc | exists=True
/proj/zefflab/projects/Flooding/Data/harris_county/catalogs/events/harvey_2017_mrms/event_source_table/event_source_table.csv -> /users/e/p/epsilon/Data/Data/harris_county/catalogs/events/harvey_2017_mrms/event_source_table/event_source_table.csv | exists=True
/proj/zefflab/projects/Flooding/Data/harris_county/catalogs/events/harvey_2017_mrms/event_validation_lines/reviewed_crs_lines/sfincs_crs_lines_REVIEWED_PLUS_AUTO_CUSTOM.xyxy -> /users/e/p/epsilon/Data/Data/harris_county/catalogs/events/harvey_2017_mrms/event_validation_lines/reviewed_crs_lines/sfincs_crs_lines_REVIEWED_PLUS_AUTO_CUSTOM.xyxy | exists=False
/proj/zefflab/projects/Flooding/Data/harris_county/catalogs/events/harvey_2017_mrms/event_validation_points/profiles/full_candidates/sfincs_obs_points_full_candidates.xy -> /users/e/p/epsilon/Data/Data/harris_county/catalogs/events/harvey_2017_mrms/event_validation_points/profiles/full_candidates/sfincs_obs_points_full_candidates.xy | exists=False
/proj/zefflab/projects/Flooding/Data/harris_county/catalogs/events/harvey_2017_mrms/event_waterlevel/harvey_houston_wl_bc.csv -> /users/e/p/epsilon/Data/Data/harris_county/catalogs/events/harvey_2017_mrms/event_waterlevel/harvey_houston_wl_bc.csv | exists=True
/proj/zefflab/projects/Flooding/Data/harris_county/catalogs/static/harris_county/landcover/NLCD_2016_Land_Cover_L48_20190424.img -> /users/e/p/epsilon/Data/Data/harris_county/catalogs/static/harris_county/landcover/NLCD_2016_Land_Cover_L48_20190424.img | exists=True"
/proj/zefflab/projects/Flooding/pipeline/web_launcher/_audit_reports/catalog_detector_full_audit_20260612_172311.txt,778,OLD_PROJ_DATA_ROOT,POSSIBLY_LOAD_BEARING,,"obs_lines_path: ""/proj/zefflab/projects/Flooding/Data/harris_county/catalogs/events/harvey_2017_mrms/event_validation_lines/reviewed_crs_lines/sfincs_crs_lines_REVIEWED_PLUS_AUTO_CUSTOM.xyxy""","/proj/zefflab/projects/Flooding/Data/emes_server/lelise_INCOMING_RETRY/data/soil/gcn250/cn_avg.tif -> /users/e/p/epsilon/Data/Data/emes_server/lelise_INCOMING_RETRY/data/soil/gcn250/cn_avg.tif | exists=True
/proj/zefflab/projects/Flooding/Data/harris_county/catalogs/events/harvey_2017_mrms/event_discharge/harvey_houston_q_bc.csv -> /users/e/p/epsilon/Data/Data/harris_county/catalogs/events/harvey_2017_mrms/event_discharge/harvey_houston_q_bc.csv | exists=True
/proj/zefflab/projects/Flooding/Data/harris_county/catalogs/events/harvey_2017_mrms/event_source_table/event_source_table.csv -> /users/e/p/epsilon/Data/Data/harris_county/catalogs/events/harvey_2017_mrms/event_source_table/event_source_table.csv | exists=True
/proj/zefflab/projects/Flooding/Data/harris_county/catalogs/events/harvey_2017_mrms/event_validation_lines/reviewed_crs_lines/sfincs_crs_lines_REVIEWED_PLUS_AUTO_CUSTOM.xyxy -> /users/e/p/epsilon/Data/Data/harris_county/catalogs/events/harvey_2017_mrms/event_validation_lines/reviewed_crs_lines/sfincs_crs_lines_REVIEWED_PLUS_AUTO_CUSTOM.xyxy | exists=False
/proj/zefflab/projects/Flooding/Data/harris_county/catalogs/events/harvey_2017_mrms/event_validation_points/profiles/full_candidates/sfincs_obs_points_full_candidates.xy -> /users/e/p/epsilon/Data/Data/harris_county/catalogs/events/harvey_2017_mrms/event_validation_points/profiles/full_candidates/sfincs_obs_points_full_candidates.xy | exists=False
/proj/zefflab/projects/Flooding/Data/harris_county/catalogs/events/harvey_2017_mrms/event_waterlevel/harvey_houston_wl_bc.csv -> /users/e/p/epsilon/Data/Data/harris_county/catalogs/events/harvey_2017_mrms/event_waterlevel/harvey_houston_wl_bc.csv | exists=True"
/proj/zefflab/projects/Flooding/pipeline/web_launcher/_audit_reports/dem_active_hole_test_20260612_195202/summary.txt,1,OLD_PROJ_DATA_ROOT,UNCLEAR_REVIEW,,DEM: /proj/zefflab/projects/Flooding/Data/harris_county/catalogs/static/harris_county/topobathy/HCFCD_DEM_5m_UTM.tif,"/proj/zefflab/projects/Flooding/Data/harris_county/catalogs/static/harris_county/topobathy/HCFCD_DEM_5m_UTM.tif -> /users/e/p/epsilon/Data/Data/harris_county/catalogs/static/harris_county/topobathy/HCFCD_DEM_5m_UTM.tif | exists=True
/proj/zefflab/projects/Flooding/Data/harris_county/catalogs/static/harris_county_ppp/gis/msk.tif -> /users/e/p/epsilon/Data/Data/harris_county/catalogs/static/harris_county_ppp/gis/msk.tif | exists=True"
/proj/zefflab/projects/Flooding/pipeline/web_launcher/_audit_reports/dem_active_hole_test_20260612_195202/summary.txt,2,OLD_PROJ_DATA_ROOT,UNCLEAR_REVIEW,,MSK: /proj/zefflab/projects/Flooding/Data/harris_county/catalogs/static/harris_county_ppp/gis/msk.tif,"/proj/zefflab/projects/Flooding/Data/harris_county/catalogs/static/harris_county/topobathy/HCFCD_DEM_5m_UTM.tif -> /users/e/p/epsilon/Data/Data/harris_county/catalogs/static/harris_county/topobathy/HCFCD_DEM_5m_UTM.tif | exists=True
/proj/zefflab/projects/Flooding/Data/harris_county/catalogs/static/harris_county_ppp/gis/msk.tif -> /users/e/p/epsilon/Data/Data/harris_county/catalogs/static/harris_county_ppp/gis/msk.tif | exists=True"
/proj/zefflab/projects/Flooding/pipeline/web_launcher/_audit_reports/dem_nan_coverage_20260612_194733/summary.txt,1,OLD_PROJ_DATA_ROOT,UNCLEAR_REVIEW,,DEM: /proj/zefflab/projects/Flooding/Data/harris_county/catalogs/static/harris_county/topobathy/HCFCD_DEM_5m_UTM.tif,/proj/zefflab/projects/Flooding/Data/harris_county/catalogs/static/harris_county/topobathy/HCFCD_DEM_5m_UTM.tif -> /users/e/p/epsilon/Data/Data/harris_county/catalogs/static/harris_county/topobathy/HCFCD_DEM_5m_UTM.tif | exists=True
/proj/zefflab/projects/Flooding/pipeline/web_launcher/_audit_reports/dem_nan_coverage_20260612_194733/summary.txt,12,OLD_PROJ_DATA_ROOT,UNCLEAR_REVIEW,,PPP mask: /proj/zefflab/projects/Flooding/Data/harris_county/catalogs/static/harris_county_ppp/gis/msk.tif,/proj/zefflab/projects/Flooding/Data/harris_county/catalogs/static/harris_county_ppp/gis/msk.tif -> /users/e/p/epsilon/Data/Data/harris_county/catalogs/static/harris_county_ppp/gis/msk.tif | exists=True
/proj/zefflab/projects/Flooding/Validation/Code/correlation_graph_generator.py,41,OLD_PROJ_DATA_ROOT,PROBABLY_DEFAULT_BUT_REVIEW,,"EVENTS_ROOT = Path(""/proj/zefflab/projects/Flooding/Data/harris_county/catalogs/events"")",/proj/zefflab/projects/Flooding/Data/harris_county/catalogs/events -> /users/e/p/epsilon/Data/Data/harris_county/catalogs/events | exists=True
/proj/zefflab/projects/Flooding/Validation/Code/raw_dem_depth_correlation_graph_generator.py,61,OLD_PROJ_DATA_ROOT,PROBABLY_DEFAULT_BUT_REVIEW,,"EVENTS_ROOT = Path(""/proj/zefflab/projects/Flooding/Data/harris_county/catalogs/events"")","/proj/zefflab/projects/Flooding/Data/harris_county/catalogs/events -> /users/e/p/epsilon/Data/Data/harris_county/catalogs/events | exists=True
/proj/zefflab/projects/Flooding/Data/harris_county/catalogs/static/ -> /users/e/p/epsilon/Data/Data/harris_county/catalogs/static/ | exists=True"
/proj/zefflab/projects/Flooding/Validation/Code/raw_dem_depth_correlation_graph_generator.py,69,OLD_PROJ_DATA_ROOT,PROBABLY_DEFAULT_BUT_REVIEW,,"""/proj/zefflab/projects/Flooding/Data/harris_county/catalogs/static/""","/proj/zefflab/projects/Flooding/Data/harris_county/catalogs/events -> /users/e/p/epsilon/Data/Data/harris_county/catalogs/events | exists=True
/proj/zefflab/projects/Flooding/Data/harris_county/catalogs/static/ -> /users/e/p/epsilon/Data/Data/harris_county/catalogs/static/ | exists=True"
/proj/zefflab/projects/Flooding/Validation/Code/Data Catalog Validation Scripts/apply_harvey_3_boundary_catalog_repair.py,41,OLD_PROJ_DATA_ROOT,PROBABLY_DEFAULT_BUT_REVIEW,,"EVENT_ROOT = Path(""/proj/zefflab/projects/Flooding/Data/harris_county/catalogs/events/harvey_2017_mrms"")",/proj/zefflab/projects/Flooding/Data/harris_county/catalogs/events/harvey_2017_mrms -> /users/e/p/epsilon/Data/Data/harris_county/catalogs/events/harvey_2017_mrms | exists=True
/proj/zefflab/projects/Flooding/Validation/Code/Data Catalog Validation Scripts/audit_14_event_boundary_point_maps.py,38,OLD_PROJ_DATA_ROOT,PROBABLY_DEFAULT_BUT_REVIEW,,"EVENTS_ROOT = Path(""/proj/zefflab/projects/Flooding/Data/harris_county/catalogs/events"")",/proj/zefflab/projects/Flooding/Data/harris_county/catalogs/events -> /users/e/p/epsilon/Data/Data/harris_county/catalogs/events | exists=True
