file,line_no,category,usage_guess,old_path,proposed_new_path,proposed_new_exists,scope,line
/proj/zefflab/projects/Flooding/pipeline/code/config_schema.py,39,OLD_PROJ_DATA_ROOT,LIKELY_BROWSE_OR_DEFAULT_ONLY,/proj/zefflab/projects/Flooding/Data/harris_county,/users/e/p/epsilon/Data/Data/harris_county,True,,"DEFAULT_DATA_ROOT = ""/proj/zefflab/projects/Flooding/Data/harris_county"""
/proj/zefflab/projects/Flooding/pipeline/code/config_schema.py,39,OLD_PROJ_DATA_ROOT,LIKELY_BROWSE_OR_DEFAULT_ONLY,/proj/zefflab/projects/Flooding/Data/harris_county/catalogs/static/harris_county_ppp,/users/e/p/epsilon/Data/Data/harris_county/catalogs/static/harris_county_ppp,True,,"DEFAULT_DATA_ROOT = ""/proj/zefflab/projects/Flooding/Data/harris_county"""
/proj/zefflab/projects/Flooding/pipeline/code/config_schema.py,42,OLD_PROJ_DATA_ROOT,LIKELY_BROWSE_OR_DEFAULT_ONLY,/proj/zefflab/projects/Flooding/Data/harris_county,/users/e/p/epsilon/Data/Data/harris_county,True,,"""/proj/zefflab/projects/Flooding/Data/harris_county/catalogs/static/harris_county_ppp"""
/proj/zefflab/projects/Flooding/pipeline/code/config_schema.py,42,OLD_PROJ_DATA_ROOT,LIKELY_BROWSE_OR_DEFAULT_ONLY,/proj/zefflab/projects/Flooding/Data/harris_county/catalogs/static/harris_county_ppp,/users/e/p/epsilon/Data/Data/harris_county/catalogs/static/harris_county_ppp,True,,"""/proj/zefflab/projects/Flooding/Data/harris_county/catalogs/static/harris_county_ppp"""
/proj/zefflab/projects/Flooding/pipeline/web_launcher/manual.html,598,OLD_PROJ_DATA_ROOT,LIKELY_BROWSE_OR_DEFAULT_ONLY,/proj/zefflab/projects/Flooding/Data/harris_county,/users/e/p/epsilon/Data/Data/harris_county,True,"HTML block near data_root: <input type=""hidden"" data-key=""data_root"" data-type=""string"" value=""/proj/zefflab/projects/Flooding/Data/harris_county"">","<input type=""hidden"" data-key=""data_root"" data-type=""string"" value=""/proj/zefflab/projects/Flooding/Data/harris_county"">"
/proj/zefflab/projects/Flooding/pipeline/web_launcher/manual.html,775,OLD_PROJ_DATA_ROOT,LIKELY_BROWSE_OR_DEFAULT_ONLY,/proj/zefflab/projects/Flooding/Data/harris_county/catalogs/static/harris_county,/users/e/p/epsilon/Data/Data/harris_county/catalogs/static/harris_county,True,"HTML block near tab-4: <div class=""panel tab-panel"" id=""tab-4"">","placeholder=""/proj/zefflab/projects/Flooding/Data/harris_county/catalogs/static/harris_county"""
/proj/zefflab/projects/Flooding/pipeline/web_launcher/manual.html,785,OLD_PROJ_DATA_ROOT,LIKELY_BROWSE_OR_DEFAULT_ONLY,/proj/zefflab/projects/Flooding/Data/harris_county/catalogs,/users/e/p/epsilon/Data/Data/harris_county/catalogs,True,"HTML block near tab-4: <div class=""panel tab-panel"" id=""tab-4"">","data-browse-start=""/proj/zefflab/projects/Flooding/Data/harris_county/catalogs"""
/proj/zefflab/projects/Flooding/pipeline/web_launcher/manual.html,3632,OLD_PROJ_DATA_ROOT,LIKELY_BROWSE_OR_DEFAULT_ONLY,/proj/zefflab/projects/Flooding/Data/harris_county,/users/e/p/epsilon/Data/Data/harris_county,True,,"defaultStart: ""/proj/zefflab/projects/Flooding/Data/harris_county"""
/proj/zefflab/projects/Flooding/pipeline/web_launcher/override.html,955,OLD_PROJ_DATA_ROOT,UNCLEAR_REVIEW,/proj/zefflab/projects/Flooding/Data/harris_county/catalogs/events/harvey_2017_mrms,/users/e/p/epsilon/Data/Data/harris_county/catalogs/events/harvey_2017_mrms,True,"HTML block near manual-4: <div class=""manual-panel"" id=""manual-4"">","placeholder=""/proj/zefflab/projects/Flooding/Data/harris_county/catalogs/events/harvey_2017_mrms"""
/proj/zefflab/projects/Flooding/pipeline/web_launcher/override.html,971,OLD_PROJ_DATA_ROOT,LIKELY_BROWSE_OR_DEFAULT_ONLY,/proj/zefflab/projects/Flooding/Data/harris_county/catalogs/events/harvey_2017_mrms,/users/e/p/epsilon/Data/Data/harris_county/catalogs/events/harvey_2017_mrms,True,"HTML block near manual-4: <div class=""manual-panel"" id=""manual-4"">","placeholder=""/proj/zefflab/projects/Flooding/Data/harris_county/catalogs/events/harvey_2017_mrms"""
/proj/zefflab/projects/Flooding/pipeline/web_launcher/override.html,981,OLD_PROJ_DATA_ROOT,LIKELY_BROWSE_OR_DEFAULT_ONLY,/proj/zefflab/projects/Flooding/Data/harris_county/catalogs,/users/e/p/epsilon/Data/Data/harris_county/catalogs,True,"HTML block near manual-4: <div class=""manual-panel"" id=""manual-4"">","data-browse-start=""/proj/zefflab/projects/Flooding/Data/harris_county/catalogs"""
/proj/zefflab/projects/Flooding/pipeline/web_launcher/override.html,2624,OLD_PROJ_DATA_ROOT,PROBABLY_DEFAULT_BUT_REVIEW,/proj/zefflab/projects/Flooding/Data/harris_county,/users/e/p/epsilon/Data/Data/harris_county,True,function getConfig() {,": ""/proj/zefflab/projects/Flooding/Data/harris_county"""
/proj/zefflab/projects/Flooding/pipeline/web_launcher/override.html,4196,OLD_PROJ_DATA_ROOT,LIKELY_BROWSE_OR_DEFAULT_ONLY,/proj/zefflab/projects/Flooding/Data/harris_county,/users/e/p/epsilon/Data/Data/harris_county,True,function runChecksSafely(navigate = true) {,"defaultStart: ""/proj/zefflab/projects/Flooding/Data/harris_county"""
/proj/zefflab/projects/Flooding/pipeline/web_launcher/override.html,4211,OLD_PROJ_DATA_ROOT,LIKELY_BROWSE_OR_DEFAULT_ONLY,/proj/zefflab/projects/Flooding/Data/harris_county/catalogs,/users/e/p/epsilon/Data/Data/harris_county/catalogs,True,<!-- BEGIN override source browse defaults patch -->,"""/proj/zefflab/projects/Flooding/Data/harris_county/catalogs"";"
/proj/zefflab/projects/Flooding/pipeline/web_launcher/app.py,370,OLD_PROJ_DATA_ROOT,LIKELY_BROWSE_OR_DEFAULT_ONLY,/proj/zefflab/projects/Flooding/Data/harris_county,/users/e/p/epsilon/Data/Data/harris_county,True,,"""dataRoot"": ""/proj/zefflab/projects/Flooding/Data/harris_county"","
/proj/zefflab/projects/Flooding/pipeline/web_launcher/app.py,370,OLD_PROJ_DATA_ROOT,LIKELY_BROWSE_OR_DEFAULT_ONLY,/proj/zefflab/projects/Flooding/Data/harris_county/catalogs,/users/e/p/epsilon/Data/Data/harris_county/catalogs,True,,"""dataRoot"": ""/proj/zefflab/projects/Flooding/Data/harris_county"","
/proj/zefflab/projects/Flooding/pipeline/web_launcher/app.py,370,OLD_PROJ_DATA_ROOT,LIKELY_BROWSE_OR_DEFAULT_ONLY,/proj/zefflab/projects/Flooding/Data/harris_county/catalogs/events_reduced,/users/e/p/epsilon/Data/Data/harris_county/catalogs/events_reduced,False,,"""dataRoot"": ""/proj/zefflab/projects/Flooding/Data/harris_county"","
/proj/zefflab/projects/Flooding/pipeline/web_launcher/app.py,371,OLD_PROJ_DATA_ROOT,LIKELY_BROWSE_OR_DEFAULT_ONLY,/proj/zefflab/projects/Flooding/Data/harris_county,/users/e/p/epsilon/Data/Data/harris_county,True,,"""catalogRoot"": ""/proj/zefflab/projects/Flooding/Data/harris_county/catalogs"","
/proj/zefflab/projects/Flooding/pipeline/web_launcher/app.py,371,OLD_PROJ_DATA_ROOT,LIKELY_BROWSE_OR_DEFAULT_ONLY,/proj/zefflab/projects/Flooding/Data/harris_county/catalogs,/users/e/p/epsilon/Data/Data/harris_county/catalogs,True,,"""catalogRoot"": ""/proj/zefflab/projects/Flooding/Data/harris_county/catalogs"","
/proj/zefflab/projects/Flooding/pipeline/web_launcher/app.py,371,OLD_PROJ_DATA_ROOT,LIKELY_BROWSE_OR_DEFAULT_ONLY,/proj/zefflab/projects/Flooding/Data/harris_county/catalogs/events_reduced,/users/e/p/epsilon/Data/Data/harris_county/catalogs/events_reduced,False,,"""catalogRoot"": ""/proj/zefflab/projects/Flooding/Data/harris_county/catalogs"","
/proj/zefflab/projects/Flooding/pipeline/web_launcher/app.py,372,OLD_PROJ_DATA_ROOT,LIKELY_BROWSE_OR_DEFAULT_ONLY,/proj/zefflab/projects/Flooding/Data/harris_county,/users/e/p/epsilon/Data/Data/harris_county,True,,"""eventCatalogRoot"": ""/proj/zefflab/projects/Flooding/Data/harris_county/catalogs/events_reduced"","
/proj/zefflab/projects/Flooding/pipeline/web_launcher/app.py,372,OLD_PROJ_DATA_ROOT,LIKELY_BROWSE_OR_DEFAULT_ONLY,/proj/zefflab/projects/Flooding/Data/harris_county/catalogs,/users/e/p/epsilon/Data/Data/harris_county/catalogs,True,,"""eventCatalogRoot"": ""/proj/zefflab/projects/Flooding/Data/harris_county/catalogs/events_reduced"","
/proj/zefflab/projects/Flooding/pipeline/web_launcher/app.py,372,OLD_PROJ_DATA_ROOT,LIKELY_BROWSE_OR_DEFAULT_ONLY,/proj/zefflab/projects/Flooding/Data/harris_county/catalogs/events_reduced,/users/e/p/epsilon/Data/Data/harris_county/catalogs/events_reduced,False,,"""eventCatalogRoot"": ""/proj/zefflab/projects/Flooding/Data/harris_county/catalogs/events_reduced"","
/proj/zefflab/projects/Flooding/pipeline/web_launcher/app.py,373,OLD_PROJ_DATA_ROOT,LIKELY_BROWSE_OR_DEFAULT_ONLY,/proj/zefflab/projects/Flooding/Data/harris_county,/users/e/p/epsilon/Data/Data/harris_county,True,,"""nativeSfincsRoot"": ""/proj/zefflab/projects/Flooding/Data/harris_county/catalogs"","
/proj/zefflab/projects/Flooding/pipeline/web_launcher/app.py,373,OLD_PROJ_DATA_ROOT,LIKELY_BROWSE_OR_DEFAULT_ONLY,/proj/zefflab/projects/Flooding/Data/harris_county/catalogs,/users/e/p/epsilon/Data/Data/harris_county/catalogs,True,,"""nativeSfincsRoot"": ""/proj/zefflab/projects/Flooding/Data/harris_county/catalogs"","
/proj/zefflab/projects/Flooding/pipeline/web_launcher/app.py,373,OLD_PROJ_DATA_ROOT,LIKELY_BROWSE_OR_DEFAULT_ONLY,/proj/zefflab/projects/Flooding/Data/harris_county/catalogs/events_reduced,/users/e/p/epsilon/Data/Data/harris_county/catalogs/events_reduced,False,,"""nativeSfincsRoot"": ""/proj/zefflab/projects/Flooding/Data/harris_county/catalogs"","
/proj/zefflab/projects/Flooding/pipeline/web_launcher/app.py,374,OLD_PROJ_DATA_ROOT,LIKELY_BROWSE_OR_DEFAULT_ONLY,/proj/zefflab/projects/Flooding/Data/harris_county,/users/e/p/epsilon/Data/Data/harris_county,True,,"""overrideSourceRoot"": ""/proj/zefflab/projects/Flooding/Data/harris_county/catalogs"","
/proj/zefflab/projects/Flooding/pipeline/web_launcher/app.py,374,OLD_PROJ_DATA_ROOT,LIKELY_BROWSE_OR_DEFAULT_ONLY,/proj/zefflab/projects/Flooding/Data/harris_county/catalogs,/users/e/p/epsilon/Data/Data/harris_county/catalogs,True,,"""overrideSourceRoot"": ""/proj/zefflab/projects/Flooding/Data/harris_county/catalogs"","
/proj/zefflab/projects/Flooding/pipeline/web_launcher/app.py,374,OLD_PROJ_DATA_ROOT,LIKELY_BROWSE_OR_DEFAULT_ONLY,/proj/zefflab/projects/Flooding/Data/harris_county/catalogs/events_reduced,/users/e/p/epsilon/Data/Data/harris_county/catalogs/events_reduced,False,,"""overrideSourceRoot"": ""/proj/zefflab/projects/Flooding/Data/harris_county/catalogs"","
/proj/zefflab/projects/Flooding/pipeline/web_launcher/static/config_path_browse_buttons.js,4,OLD_PROJ_DATA_ROOT,LIKELY_BROWSE_OR_DEFAULT_ONLY,/proj/zefflab/projects/Flooding/Data/harris_county,/users/e/p/epsilon/Data/Data/harris_county,True,,"const DEFAULT_DATA_ROOT = ""/proj/zefflab/projects/Flooding/Data/harris_county"";"
/proj/zefflab/projects/Flooding/pipeline/web_launcher/static/review.js,1955,OLD_PROJ_DATA_ROOT,UNCLEAR_REVIEW,/proj/zefflab/projects/Flooding/Data/harris_county,/users/e/p/epsilon/Data/Data/harris_county,True,function configuredDataRoot() {,"""/proj/zefflab/projects/Flooding/Data/harris_county"""
/proj/zefflab/projects/Flooding/pipeline/web_launcher/static/launcher_defaults.js,10,OLD_PROJ_DATA_ROOT,LIKELY_BROWSE_OR_DEFAULT_ONLY,/proj/zefflab/projects/Flooding/Data/harris_county,/users/e/p/epsilon/Data/Data/harris_county,True,,"dataRoot: ""/proj/zefflab/projects/Flooding/Data/harris_county"","
/proj/zefflab/projects/Flooding/pipeline/web_launcher/static/launcher_defaults.js,10,OLD_PROJ_DATA_ROOT,LIKELY_BROWSE_OR_DEFAULT_ONLY,/proj/zefflab/projects/Flooding/Data/harris_county/catalogs,/users/e/p/epsilon/Data/Data/harris_county/catalogs,True,,"dataRoot: ""/proj/zefflab/projects/Flooding/Data/harris_county"","
/proj/zefflab/projects/Flooding/pipeline/web_launcher/static/launcher_defaults.js,10,OLD_PROJ_DATA_ROOT,LIKELY_BROWSE_OR_DEFAULT_ONLY,/proj/zefflab/projects/Flooding/Data/harris_county/catalogs/events_reduced,/users/e/p/epsilon/Data/Data/harris_county/catalogs/events_reduced,False,,"dataRoot: ""/proj/zefflab/projects/Flooding/Data/harris_county"","
/proj/zefflab/projects/Flooding/pipeline/web_launcher/static/launcher_defaults.js,11,OLD_PROJ_DATA_ROOT,LIKELY_BROWSE_OR_DEFAULT_ONLY,/proj/zefflab/projects/Flooding/Data/harris_county,/users/e/p/epsilon/Data/Data/harris_county,True,,"catalogRoot: ""/proj/zefflab/projects/Flooding/Data/harris_county/catalogs"","
/proj/zefflab/projects/Flooding/pipeline/web_launcher/static/launcher_defaults.js,11,OLD_PROJ_DATA_ROOT,LIKELY_BROWSE_OR_DEFAULT_ONLY,/proj/zefflab/projects/Flooding/Data/harris_county/catalogs,/users/e/p/epsilon/Data/Data/harris_county/catalogs,True,,"catalogRoot: ""/proj/zefflab/projects/Flooding/Data/harris_county/catalogs"","
/proj/zefflab/projects/Flooding/pipeline/web_launcher/static/launcher_defaults.js,11,OLD_PROJ_DATA_ROOT,LIKELY_BROWSE_OR_DEFAULT_ONLY,/proj/zefflab/projects/Flooding/Data/harris_county/catalogs/events_reduced,/users/e/p/epsilon/Data/Data/harris_county/catalogs/events_reduced,False,,"catalogRoot: ""/proj/zefflab/projects/Flooding/Data/harris_county/catalogs"","
/proj/zefflab/projects/Flooding/pipeline/web_launcher/static/launcher_defaults.js,12,OLD_PROJ_DATA_ROOT,LIKELY_BROWSE_OR_DEFAULT_ONLY,/proj/zefflab/projects/Flooding/Data/harris_county,/users/e/p/epsilon/Data/Data/harris_county,True,,"eventCatalogRoot: ""/proj/zefflab/projects/Flooding/Data/harris_county/catalogs/events_reduced"","
/proj/zefflab/projects/Flooding/pipeline/web_launcher/static/launcher_defaults.js,12,OLD_PROJ_DATA_ROOT,LIKELY_BROWSE_OR_DEFAULT_ONLY,/proj/zefflab/projects/Flooding/Data/harris_county/catalogs,/users/e/p/epsilon/Data/Data/harris_county/catalogs,True,,"eventCatalogRoot: ""/proj/zefflab/projects/Flooding/Data/harris_county/catalogs/events_reduced"","
/proj/zefflab/projects/Flooding/pipeline/web_launcher/static/launcher_defaults.js,12,OLD_PROJ_DATA_ROOT,LIKELY_BROWSE_OR_DEFAULT_ONLY,/proj/zefflab/projects/Flooding/Data/harris_county/catalogs/events_reduced,/users/e/p/epsilon/Data/Data/harris_county/catalogs/events_reduced,False,,"eventCatalogRoot: ""/proj/zefflab/projects/Flooding/Data/harris_county/catalogs/events_reduced"","
/proj/zefflab/projects/Flooding/pipeline/web_launcher/static/launcher_defaults.js,13,OLD_PROJ_DATA_ROOT,LIKELY_BROWSE_OR_DEFAULT_ONLY,/proj/zefflab/projects/Flooding/Data/harris_county,/users/e/p/epsilon/Data/Data/harris_county,True,,"nativeSfincsRoot: ""/proj/zefflab/projects/Flooding/Data/harris_county/catalogs"","
/proj/zefflab/projects/Flooding/pipeline/web_launcher/static/launcher_defaults.js,13,OLD_PROJ_DATA_ROOT,LIKELY_BROWSE_OR_DEFAULT_ONLY,/proj/zefflab/projects/Flooding/Data/harris_county/catalogs,/users/e/p/epsilon/Data/Data/harris_county/catalogs,True,,"nativeSfincsRoot: ""/proj/zefflab/projects/Flooding/Data/harris_county/catalogs"","
/proj/zefflab/projects/Flooding/pipeline/web_launcher/static/launcher_defaults.js,13,OLD_PROJ_DATA_ROOT,LIKELY_BROWSE_OR_DEFAULT_ONLY,/proj/zefflab/projects/Flooding/Data/harris_county/catalogs/events_reduced,/users/e/p/epsilon/Data/Data/harris_county/catalogs/events_reduced,False,,"nativeSfincsRoot: ""/proj/zefflab/projects/Flooding/Data/harris_county/catalogs"","
/proj/zefflab/projects/Flooding/pipeline/web_launcher/static/launcher_defaults.js,14,OLD_PROJ_DATA_ROOT,LIKELY_BROWSE_OR_DEFAULT_ONLY,/proj/zefflab/projects/Flooding/Data/harris_county,/users/e/p/epsilon/Data/Data/harris_county,True,,"overrideSourceRoot: ""/proj/zefflab/projects/Flooding/Data/harris_county/catalogs"","
/proj/zefflab/projects/Flooding/pipeline/web_launcher/static/launcher_defaults.js,14,OLD_PROJ_DATA_ROOT,LIKELY_BROWSE_OR_DEFAULT_ONLY,/proj/zefflab/projects/Flooding/Data/harris_county/catalogs,/users/e/p/epsilon/Data/Data/harris_county/catalogs,True,,"overrideSourceRoot: ""/proj/zefflab/projects/Flooding/Data/harris_county/catalogs"","
/proj/zefflab/projects/Flooding/pipeline/web_launcher/static/launcher_defaults.js,14,OLD_PROJ_DATA_ROOT,LIKELY_BROWSE_OR_DEFAULT_ONLY,/proj/zefflab/projects/Flooding/Data/harris_county/catalogs/events_reduced,/users/e/p/epsilon/Data/Data/harris_county/catalogs/events_reduced,False,,"overrideSourceRoot: ""/proj/zefflab/projects/Flooding/Data/harris_county/catalogs"","
/proj/zefflab/projects/Flooding/pipeline/web_launcher/_guide_audits/manual_notes_and_behavior_20260602_150544.json,4554,OLD_PROJ_DATA_ROOT,PROBABLY_DEFAULT_BUT_REVIEW,/proj/zefflab/projects/Flooding/Data/harris_county,/users/e/p/epsilon/Data/Data/harris_county,True,,"""   L0464: </head>\n   L0465: <body>\n>> L0466:   <input type=\""hidden\"" data-key=\""pipeline_mode\"" data-type=\""string\"" value=\""preflight_only\"">\n   L0467:   <input type=\""hidden\"" data-key=\""preprocess_mode\"" data-type=\""string\"" value=\""hydromt_build\"">\n   L0468:   <input type=\""hidden\"" data-key=\""data_root\"" data-type=\""string\"" value=\""/proj/zefflab/projects/Flooding/Data/harris_county\"">"","
/proj/zefflab/projects/Flooding/pipeline/web_launcher/_guide_audits/manual_notes_and_behavior_20260602_150544.json,4555,OLD_PROJ_DATA_ROOT,PROBABLY_DEFAULT_BUT_REVIEW,/proj/zefflab/projects/Flooding/Data/harris_county,/users/e/p/epsilon/Data/Data/harris_county,True,,"""   L0465: <body>\n   L0466:   <input type=\""hidden\"" data-key=\""pipeline_mode\"" data-type=\""string\"" value=\""preflight_only\"">\n>> L0467:   <input type=\""hidden\"" data-key=\""preprocess_mode\"" data-type=\""string\"" value=\""hydromt_build\"">\n   L0468:   <input type=\""hidden\"" data-key=\""data_root\"" data-type=\""string\"" value=\""/proj/zefflab/projects/Flooding/Data/harris_county\"">\n   L0469:   <input type=\""hidden\"" data-key=\""sfincs_container\"" data-type=\""string\"" value=\""/proj/zefflab/projects/Flooding/pipeline/containers/sfincs-v2.3.0-mt-Faber-Release.sif\"">"","
/proj/zefflab/projects/Flooding/pipeline/web_launcher/_guide_audits/manual_guide_audit_20260602_150041.json,511,OLD_PROJ_DATA_ROOT,LIKELY_BROWSE_OR_DEFAULT_ONLY,/proj/zefflab/projects/Flooding/Data/harris_county,/users/e/p/epsilon/Data/Data/harris_county,True,,"""value"": ""/proj/zefflab/projects/Flooding/Data/harris_county"","
/proj/zefflab/projects/Flooding/pipeline/web_launcher/_guide_audits/manual_notes_and_behavior_20260602_150544.md,475,OLD_PROJ_DATA_ROOT,LIKELY_BROWSE_OR_DEFAULT_ONLY,/proj/zefflab/projects/Flooding/Data/harris_county,/users/e/p/epsilon/Data/Data/harris_county,True,"HTML block near data_root: L0468:   <input type=""hidden"" data-key=""data_root"" data-type=""string"" value=""/proj/zefflab/projects/Flooding/Data/harris_county"">","L0468:   <input type=""hidden"" data-key=""data_root"" data-type=""string"" value=""/proj/zefflab/projects/Flooding/Data/harris_county"">"
/proj/zefflab/projects/Flooding/pipeline/web_launcher/_guide_audits/manual_notes_and_behavior_20260602_150544.md,482,OLD_PROJ_DATA_ROOT,LIKELY_BROWSE_OR_DEFAULT_ONLY,/proj/zefflab/projects/Flooding/Data/harris_county,/users/e/p/epsilon/Data/Data/harris_county,True,"HTML block near data_root: L0468:   <input type=""hidden"" data-key=""data_root"" data-type=""string"" value=""/proj/zefflab/projects/Flooding/Data/harris_county"">","L0468:   <input type=""hidden"" data-key=""data_root"" data-type=""string"" value=""/proj/zefflab/projects/Flooding/Data/harris_county"">"
/proj/zefflab/projects/Flooding/pipeline/web_launcher/_audit_reports/hydromt_yaml_state_audit_20260612_183824.txt,3,OLD_PROJ_DATA_ROOT,UNCLEAR_REVIEW,/proj/zefflab/projects/Flooding/Data/harris_county/catalogs,/users/e/p/epsilon/Data/Data/harris_county/catalogs,True,,catalog_root: /proj/zefflab/projects/Flooding/Data/harris_county/catalogs
/proj/zefflab/projects/Flooding/pipeline/web_launcher/_audit_reports/hydromt_yaml_state_audit_20260612_183824.txt,70,OLD_PROJ_DATA_ROOT,LIKELY_DOC_OR_LINK,/proj/zefflab/projects/Flooding/Data/harris_county/catalogs/events/beryl_2024/event_pressure/README_HYDROMT_DATA_CATALOGS.md,/users/e/p/epsilon/Data/Data/harris_county/catalogs/events/beryl_2024/event_pressure/README_HYDROMT_DATA_CATALOGS.md,False,,- /proj/zefflab/projects/Flooding/Data/harris_county/catalogs/events/beryl_2024/event_pressure/README_HYDROMT_DATA_CATALOGS.md
/proj/zefflab/projects/Flooding/pipeline/web_launcher/_audit_reports/hydromt_yaml_state_audit_20260612_183824.txt,70,OLD_PROJ_DATA_ROOT,LIKELY_DOC_OR_LINK,/proj/zefflab/projects/Flooding/Data/harris_county/catalogs/events/beryl_2024/event_wind/README_HYDROMT_DATA_CATALOGS.md,/users/e/p/epsilon/Data/Data/harris_county/catalogs/events/beryl_2024/event_wind/README_HYDROMT_DATA_CATALOGS.md,False,,- /proj/zefflab/projects/Flooding/Data/harris_county/catalogs/events/beryl_2024/event_pressure/README_HYDROMT_DATA_CATALOGS.md
/proj/zefflab/projects/Flooding/pipeline/web_launcher/_audit_reports/hydromt_yaml_state_audit_20260612_183824.txt,70,OLD_PROJ_DATA_ROOT,LIKELY_DOC_OR_LINK,/proj/zefflab/projects/Flooding/Data/harris_county/catalogs/events/flood_2009_04/event_pressure/README_HYDROMT_DATA_CATALOGS.md,/users/e/p/epsilon/Data/Data/harris_county/catalogs/events/flood_2009_04/event_pressure/README_HYDROMT_DATA_CATALOGS.md,False,,- /proj/zefflab/projects/Flooding/Data/harris_county/catalogs/events/beryl_2024/event_pressure/README_HYDROMT_DATA_CATALOGS.md
/proj/zefflab/projects/Flooding/pipeline/web_launcher/_audit_reports/hydromt_yaml_state_audit_20260612_183824.txt,70,OLD_PROJ_DATA_ROOT,LIKELY_DOC_OR_LINK,/proj/zefflab/projects/Flooding/Data/harris_county/catalogs/events/harvey_2017/event_wind/README_HYDROMT_DATA_CATALOGS.md,/users/e/p/epsilon/Data/Data/harris_county/catalogs/events/harvey_2017/event_wind/README_HYDROMT_DATA_CATALOGS.md,False,,- /proj/zefflab/projects/Flooding/Data/harris_county/catalogs/events/beryl_2024/event_pressure/README_HYDROMT_DATA_CATALOGS.md
/proj/zefflab/projects/Flooding/pipeline/web_launcher/_audit_reports/hydromt_yaml_state_audit_20260612_183824.txt,70,OLD_PROJ_DATA_ROOT,LIKELY_DOC_OR_LINK,/proj/zefflab/projects/Flooding/Data/harris_county/catalogs/events/harvey_2017_full/event_wind/README_HYDROMT_DATA_CATALOGS.md,/users/e/p/epsilon/Data/Data/harris_county/catalogs/events/harvey_2017_full/event_wind/README_HYDROMT_DATA_CATALOGS.md,False,,- /proj/zefflab/projects/Flooding/Data/harris_county/catalogs/events/beryl_2024/event_pressure/README_HYDROMT_DATA_CATALOGS.md
/proj/zefflab/projects/Flooding/pipeline/web_launcher/_audit_reports/hydromt_yaml_state_audit_20260612_183824.txt,70,OLD_PROJ_DATA_ROOT,LIKELY_DOC_OR_LINK,/proj/zefflab/projects/Flooding/Data/harris_county/catalogs/events/harvey_2017_mrms/_manifests/boundary_table_audit/README_HYDROMT_DATA_CATALOGS.md,/users/e/p/epsilon/Data/Data/harris_county/catalogs/events/harvey_2017_mrms/_manifests/boundary_table_audit/README_HYDROMT_DATA_CATALOGS.md,False,,- /proj/zefflab/projects/Flooding/Data/harris_county/catalogs/events/beryl_2024/event_pressure/README_HYDROMT_DATA_CATALOGS.md
/proj/zefflab/projects/Flooding/pipeline/web_launcher/_audit_reports/hydromt_yaml_state_audit_20260612_183824.txt,70,OLD_PROJ_DATA_ROOT,LIKELY_DOC_OR_LINK,/proj/zefflab/projects/Flooding/Data/harris_county/catalogs/events/harvey_2017_mrms/event_validation_lines/reviewed_crs_lines/review_figures/README_HYDROMT_DATA_CATALOGS.md,/users/e/p/epsilon/Data/Data/harris_county/catalogs/events/harvey_2017_mrms/event_validation_lines/reviewed_crs_lines/review_figures/README_HYDROMT_DATA_CATALOGS.md,False,,- /proj/zefflab/projects/Flooding/Data/harris_county/catalogs/events/beryl_2024/event_pressure/README_HYDROMT_DATA_CATALOGS.md
/proj/zefflab/projects/Flooding/pipeline/web_launcher/_audit_reports/hydromt_yaml_state_audit_20260612_183824.txt,70,OLD_PROJ_DATA_ROOT,LIKELY_DOC_OR_LINK,/proj/zefflab/projects/Flooding/Data/harris_county/catalogs/events/harvey_2017_ppe/restarts/README_HYDROMT_DATA_CATALOGS.md,/users/e/p/epsilon/Data/Data/harris_county/catalogs/events/harvey_2017_ppe/restarts/README_HYDROMT_DATA_CATALOGS.md,False,,- /proj/zefflab/projects/Flooding/Data/harris_county/catalogs/events/beryl_2024/event_pressure/README_HYDROMT_DATA_CATALOGS.md
/proj/zefflab/projects/Flooding/pipeline/web_launcher/_audit_reports/hydromt_yaml_state_audit_20260612_183824.txt,70,OLD_PROJ_DATA_ROOT,LIKELY_DOC_OR_LINK,/proj/zefflab/projects/Flooding/Data/harris_county/catalogs/events/imelda_2019/event_wind/README_HYDROMT_DATA_CATALOGS.md,/users/e/p/epsilon/Data/Data/harris_county/catalogs/events/imelda_2019/event_wind/README_HYDROMT_DATA_CATALOGS.md,False,,- /proj/zefflab/projects/Flooding/Data/harris_county/catalogs/events/beryl_2024/event_pressure/README_HYDROMT_DATA_CATALOGS.md
/proj/zefflab/projects/Flooding/pipeline/web_launcher/_audit_reports/hydromt_yaml_state_audit_20260612_183824.txt,71,OLD_PROJ_DATA_ROOT,LIKELY_DOC_OR_LINK,/proj/zefflab/projects/Flooding/Data/harris_county/catalogs/events/beryl_2024/event_pressure/README_HYDROMT_DATA_CATALOGS.md,/users/e/p/epsilon/Data/Data/harris_county/catalogs/events/beryl_2024/event_pressure/README_HYDROMT_DATA_CATALOGS.md,False,,- /proj/zefflab/projects/Flooding/Data/harris_county/catalogs/events/beryl_2024/event_wind/README_HYDROMT_DATA_CATALOGS.md
/proj/zefflab/projects/Flooding/pipeline/web_launcher/_audit_reports/hydromt_yaml_state_audit_20260612_183824.txt,71,OLD_PROJ_DATA_ROOT,LIKELY_DOC_OR_LINK,/proj/zefflab/projects/Flooding/Data/harris_county/catalogs/events/beryl_2024/event_wind/README_HYDROMT_DATA_CATALOGS.md,/users/e/p/epsilon/Data/Data/harris_county/catalogs/events/beryl_2024/event_wind/README_HYDROMT_DATA_CATALOGS.md,False,,- /proj/zefflab/projects/Flooding/Data/harris_county/catalogs/events/beryl_2024/event_wind/README_HYDROMT_DATA_CATALOGS.md
/proj/zefflab/projects/Flooding/pipeline/web_launcher/_audit_reports/hydromt_yaml_state_audit_20260612_183824.txt,71,OLD_PROJ_DATA_ROOT,LIKELY_DOC_OR_LINK,/proj/zefflab/projects/Flooding/Data/harris_county/catalogs/events/flood_2009_04/event_pressure/README_HYDROMT_DATA_CATALOGS.md,/users/e/p/epsilon/Data/Data/harris_county/catalogs/events/flood_2009_04/event_pressure/README_HYDROMT_DATA_CATALOGS.md,False,,- /proj/zefflab/projects/Flooding/Data/harris_county/catalogs/events/beryl_2024/event_wind/README_HYDROMT_DATA_CATALOGS.md
/proj/zefflab/projects/Flooding/pipeline/web_launcher/_audit_reports/hydromt_yaml_state_audit_20260612_183824.txt,71,OLD_PROJ_DATA_ROOT,LIKELY_DOC_OR_LINK,/proj/zefflab/projects/Flooding/Data/harris_county/catalogs/events/harvey_2017/event_wind/README_HYDROMT_DATA_CATALOGS.md,/users/e/p/epsilon/Data/Data/harris_county/catalogs/events/harvey_2017/event_wind/README_HYDROMT_DATA_CATALOGS.md,False,,- /proj/zefflab/projects/Flooding/Data/harris_county/catalogs/events/beryl_2024/event_wind/README_HYDROMT_DATA_CATALOGS.md
/proj/zefflab/projects/Flooding/pipeline/web_launcher/_audit_reports/hydromt_yaml_state_audit_20260612_183824.txt,71,OLD_PROJ_DATA_ROOT,LIKELY_DOC_OR_LINK,/proj/zefflab/projects/Flooding/Data/harris_county/catalogs/events/harvey_2017_full/event_wind/README_HYDROMT_DATA_CATALOGS.md,/users/e/p/epsilon/Data/Data/harris_county/catalogs/events/harvey_2017_full/event_wind/README_HYDROMT_DATA_CATALOGS.md,False,,- /proj/zefflab/projects/Flooding/Data/harris_county/catalogs/events/beryl_2024/event_wind/README_HYDROMT_DATA_CATALOGS.md
/proj/zefflab/projects/Flooding/pipeline/web_launcher/_audit_reports/hydromt_yaml_state_audit_20260612_183824.txt,71,OLD_PROJ_DATA_ROOT,LIKELY_DOC_OR_LINK,/proj/zefflab/projects/Flooding/Data/harris_county/catalogs/events/harvey_2017_mrms/_manifests/boundary_table_audit/README_HYDROMT_DATA_CATALOGS.md,/users/e/p/epsilon/Data/Data/harris_county/catalogs/events/harvey_2017_mrms/_manifests/boundary_table_audit/README_HYDROMT_DATA_CATALOGS.md,False,,- /proj/zefflab/projects/Flooding/Data/harris_county/catalogs/events/beryl_2024/event_wind/README_HYDROMT_DATA_CATALOGS.md
/proj/zefflab/projects/Flooding/pipeline/web_launcher/_audit_reports/hydromt_yaml_state_audit_20260612_183824.txt,71,OLD_PROJ_DATA_ROOT,LIKELY_DOC_OR_LINK,/proj/zefflab/projects/Flooding/Data/harris_county/catalogs/events/harvey_2017_mrms/event_validation_lines/reviewed_crs_lines/review_figures/README_HYDROMT_DATA_CATALOGS.md,/users/e/p/epsilon/Data/Data/harris_county/catalogs/events/harvey_2017_mrms/event_validation_lines/reviewed_crs_lines/review_figures/README_HYDROMT_DATA_CATALOGS.md,False,,- /proj/zefflab/projects/Flooding/Data/harris_county/catalogs/events/beryl_2024/event_wind/README_HYDROMT_DATA_CATALOGS.md
/proj/zefflab/projects/Flooding/pipeline/web_launcher/_audit_reports/hydromt_yaml_state_audit_20260612_183824.txt,71,OLD_PROJ_DATA_ROOT,LIKELY_DOC_OR_LINK,/proj/zefflab/projects/Flooding/Data/harris_county/catalogs/events/harvey_2017_ppe/restarts/README_HYDROMT_DATA_CATALOGS.md,/users/e/p/epsilon/Data/Data/harris_county/catalogs/events/harvey_2017_ppe/restarts/README_HYDROMT_DATA_CATALOGS.md,False,,- /proj/zefflab/projects/Flooding/Data/harris_county/catalogs/events/beryl_2024/event_wind/README_HYDROMT_DATA_CATALOGS.md
/proj/zefflab/projects/Flooding/pipeline/web_launcher/_audit_reports/hydromt_yaml_state_audit_20260612_183824.txt,71,OLD_PROJ_DATA_ROOT,LIKELY_DOC_OR_LINK,/proj/zefflab/projects/Flooding/Data/harris_county/catalogs/events/imelda_2019/event_wind/README_HYDROMT_DATA_CATALOGS.md,/users/e/p/epsilon/Data/Data/harris_county/catalogs/events/imelda_2019/event_wind/README_HYDROMT_DATA_CATALOGS.md,False,,- /proj/zefflab/projects/Flooding/Data/harris_county/catalogs/events/beryl_2024/event_wind/README_HYDROMT_DATA_CATALOGS.md
/proj/zefflab/projects/Flooding/pipeline/web_launcher/_audit_reports/hydromt_yaml_state_audit_20260612_183824.txt,71,OLD_PROJ_DATA_ROOT,LIKELY_DOC_OR_LINK,/proj/zefflab/projects/Flooding/Data/harris_county/catalogs/events_reduced/beryl_2024/event_pressure/README_HYDROMT_DATA_CATALOGS.md,/users/e/p/epsilon/Data/Data/harris_county/catalogs/events_reduced/beryl_2024/event_pressure/README_HYDROMT_DATA_CATALOGS.md,False,,- /proj/zefflab/projects/Flooding/Data/harris_county/catalogs/events/beryl_2024/event_wind/README_HYDROMT_DATA_CATALOGS.md
/proj/zefflab/projects/Flooding/pipeline/web_launcher/_audit_reports/hydromt_yaml_state_audit_20260612_183824.txt,72,OLD_PROJ_DATA_ROOT,LIKELY_DOC_OR_LINK,/proj/zefflab/projects/Flooding/Data/harris_county/catalogs/events/beryl_2024/event_pressure/README_HYDROMT_DATA_CATALOGS.md,/users/e/p/epsilon/Data/Data/harris_county/catalogs/events/beryl_2024/event_pressure/README_HYDROMT_DATA_CATALOGS.md,False,,- /proj/zefflab/projects/Flooding/Data/harris_county/catalogs/events/flood_2009_04/event_pressure/README_HYDROMT_DATA_CATALOGS.md
/proj/zefflab/projects/Flooding/pipeline/web_launcher/_audit_reports/hydromt_yaml_state_audit_20260612_183824.txt,72,OLD_PROJ_DATA_ROOT,LIKELY_DOC_OR_LINK,/proj/zefflab/projects/Flooding/Data/harris_county/catalogs/events/beryl_2024/event_wind/README_HYDROMT_DATA_CATALOGS.md,/users/e/p/epsilon/Data/Data/harris_county/catalogs/events/beryl_2024/event_wind/README_HYDROMT_DATA_CATALOGS.md,False,,- /proj/zefflab/projects/Flooding/Data/harris_county/catalogs/events/flood_2009_04/event_pressure/README_HYDROMT_DATA_CATALOGS.md
/proj/zefflab/projects/Flooding/pipeline/web_launcher/_audit_reports/hydromt_yaml_state_audit_20260612_183824.txt,72,OLD_PROJ_DATA_ROOT,LIKELY_DOC_OR_LINK,/proj/zefflab/projects/Flooding/Data/harris_county/catalogs/events/flood_2009_04/event_pressure/README_HYDROMT_DATA_CATALOGS.md,/users/e/p/epsilon/Data/Data/harris_county/catalogs/events/flood_2009_04/event_pressure/README_HYDROMT_DATA_CATALOGS.md,False,,- /proj/zefflab/projects/Flooding/Data/harris_county/catalogs/events/flood_2009_04/event_pressure/README_HYDROMT_DATA_CATALOGS.md
/proj/zefflab/projects/Flooding/pipeline/web_launcher/_audit_reports/hydromt_yaml_state_audit_20260612_183824.txt,72,OLD_PROJ_DATA_ROOT,LIKELY_DOC_OR_LINK,/proj/zefflab/projects/Flooding/Data/harris_county/catalogs/events/harvey_2017/event_wind/README_HYDROMT_DATA_CATALOGS.md,/users/e/p/epsilon/Data/Data/harris_county/catalogs/events/harvey_2017/event_wind/README_HYDROMT_DATA_CATALOGS.md,False,,- /proj/zefflab/projects/Flooding/Data/harris_county/catalogs/events/flood_2009_04/event_pressure/README_HYDROMT_DATA_CATALOGS.md
/proj/zefflab/projects/Flooding/pipeline/web_launcher/_audit_reports/hydromt_yaml_state_audit_20260612_183824.txt,72,OLD_PROJ_DATA_ROOT,LIKELY_DOC_OR_LINK,/proj/zefflab/projects/Flooding/Data/harris_county/catalogs/events/harvey_2017_full/event_wind/README_HYDROMT_DATA_CATALOGS.md,/users/e/p/epsilon/Data/Data/harris_county/catalogs/events/harvey_2017_full/event_wind/README_HYDROMT_DATA_CATALOGS.md,False,,- /proj/zefflab/projects/Flooding/Data/harris_county/catalogs/events/flood_2009_04/event_pressure/README_HYDROMT_DATA_CATALOGS.md
/proj/zefflab/projects/Flooding/pipeline/web_launcher/_audit_reports/hydromt_yaml_state_audit_20260612_183824.txt,72,OLD_PROJ_DATA_ROOT,LIKELY_DOC_OR_LINK,/proj/zefflab/projects/Flooding/Data/harris_county/catalogs/events/harvey_2017_mrms/_manifests/boundary_table_audit/README_HYDROMT_DATA_CATALOGS.md,/users/e/p/epsilon/Data/Data/harris_county/catalogs/events/harvey_2017_mrms/_manifests/boundary_table_audit/README_HYDROMT_DATA_CATALOGS.md,False,,- /proj/zefflab/projects/Flooding/Data/harris_county/catalogs/events/flood_2009_04/event_pressure/README_HYDROMT_DATA_CATALOGS.md
/proj/zefflab/projects/Flooding/pipeline/web_launcher/_audit_reports/hydromt_yaml_state_audit_20260612_183824.txt,72,OLD_PROJ_DATA_ROOT,LIKELY_DOC_OR_LINK,/proj/zefflab/projects/Flooding/Data/harris_county/catalogs/events/harvey_2017_mrms/event_validation_lines/reviewed_crs_lines/review_figures/README_HYDROMT_DATA_CATALOGS.md,/users/e/p/epsilon/Data/Data/harris_county/catalogs/events/harvey_2017_mrms/event_validation_lines/reviewed_crs_lines/review_figures/README_HYDROMT_DATA_CATALOGS.md,False,,- /proj/zefflab/projects/Flooding/Data/harris_county/catalogs/events/flood_2009_04/event_pressure/README_HYDROMT_DATA_CATALOGS.md
/proj/zefflab/projects/Flooding/pipeline/web_launcher/_audit_reports/hydromt_yaml_state_audit_20260612_183824.txt,72,OLD_PROJ_DATA_ROOT,LIKELY_DOC_OR_LINK,/proj/zefflab/projects/Flooding/Data/harris_county/catalogs/events/harvey_2017_ppe/restarts/README_HYDROMT_DATA_CATALOGS.md,/users/e/p/epsilon/Data/Data/harris_county/catalogs/events/harvey_2017_ppe/restarts/README_HYDROMT_DATA_CATALOGS.md,False,,- /proj/zefflab/projects/Flooding/Data/harris_county/catalogs/events/flood_2009_04/event_pressure/README_HYDROMT_DATA_CATALOGS.md
/proj/zefflab/projects/Flooding/pipeline/web_launcher/_audit_reports/hydromt_yaml_state_audit_20260612_183824.txt,72,OLD_PROJ_DATA_ROOT,LIKELY_DOC_OR_LINK,/proj/zefflab/projects/Flooding/Data/harris_county/catalogs/events/imelda_2019/event_wind/README_HYDROMT_DATA_CATALOGS.md,/users/e/p/epsilon/Data/Data/harris_county/catalogs/events/imelda_2019/event_wind/README_HYDROMT_DATA_CATALOGS.md,False,,- /proj/zefflab/projects/Flooding/Data/harris_county/catalogs/events/flood_2009_04/event_pressure/README_HYDROMT_DATA_CATALOGS.md
/proj/zefflab/projects/Flooding/pipeline/web_launcher/_audit_reports/hydromt_yaml_state_audit_20260612_183824.txt,72,OLD_PROJ_DATA_ROOT,LIKELY_DOC_OR_LINK,/proj/zefflab/projects/Flooding/Data/harris_county/catalogs/events_reduced/beryl_2024/event_pressure/README_HYDROMT_DATA_CATALOGS.md,/users/e/p/epsilon/Data/Data/harris_county/catalogs/events_reduced/beryl_2024/event_pressure/README_HYDROMT_DATA_CATALOGS.md,False,,- /proj/zefflab/projects/Flooding/Data/harris_county/catalogs/events/flood_2009_04/event_pressure/README_HYDROMT_DATA_CATALOGS.md
/proj/zefflab/projects/Flooding/pipeline/web_launcher/_audit_reports/hydromt_yaml_state_audit_20260612_183824.txt,72,OLD_PROJ_DATA_ROOT,LIKELY_DOC_OR_LINK,/proj/zefflab/projects/Flooding/Data/harris_county/catalogs/events_reduced/beryl_2024/event_wind/README_HYDROMT_DATA_CATALOGS.md,/users/e/p/epsilon/Data/Data/harris_county/catalogs/events_reduced/beryl_2024/event_wind/README_HYDROMT_DATA_CATALOGS.md,False,,- /proj/zefflab/projects/Flooding/Data/harris_county/catalogs/events/flood_2009_04/event_pressure/README_HYDROMT_DATA_CATALOGS.md
/proj/zefflab/projects/Flooding/pipeline/web_launcher/_audit_reports/hydromt_yaml_state_audit_20260612_183824.txt,73,OLD_PROJ_DATA_ROOT,LIKELY_DOC_OR_LINK,/proj/zefflab/projects/Flooding/Data/harris_county/catalogs/events/beryl_2024/event_pressure/README_HYDROMT_DATA_CATALOGS.md,/users/e/p/epsilon/Data/Data/harris_county/catalogs/events/beryl_2024/event_pressure/README_HYDROMT_DATA_CATALOGS.md,False,,- /proj/zefflab/projects/Flooding/Data/harris_county/catalogs/events/harvey_2017/event_wind/README_HYDROMT_DATA_CATALOGS.md
/proj/zefflab/projects/Flooding/pipeline/web_launcher/_audit_reports/hydromt_yaml_state_audit_20260612_183824.txt,73,OLD_PROJ_DATA_ROOT,LIKELY_DOC_OR_LINK,/proj/zefflab/projects/Flooding/Data/harris_county/catalogs/events/beryl_2024/event_wind/README_HYDROMT_DATA_CATALOGS.md,/users/e/p/epsilon/Data/Data/harris_county/catalogs/events/beryl_2024/event_wind/README_HYDROMT_DATA_CATALOGS.md,False,,- /proj/zefflab/projects/Flooding/Data/harris_county/catalogs/events/harvey_2017/event_wind/README_HYDROMT_DATA_CATALOGS.md
/proj/zefflab/projects/Flooding/pipeline/web_launcher/_audit_reports/hydromt_yaml_state_audit_20260612_183824.txt,73,OLD_PROJ_DATA_ROOT,LIKELY_DOC_OR_LINK,/proj/zefflab/projects/Flooding/Data/harris_county/catalogs/events/flood_2009_04/event_pressure/README_HYDROMT_DATA_CATALOGS.md,/users/e/p/epsilon/Data/Data/harris_county/catalogs/events/flood_2009_04/event_pressure/README_HYDROMT_DATA_CATALOGS.md,False,,- /proj/zefflab/projects/Flooding/Data/harris_county/catalogs/events/harvey_2017/event_wind/README_HYDROMT_DATA_CATALOGS.md
/proj/zefflab/projects/Flooding/pipeline/web_launcher/_audit_reports/hydromt_yaml_state_audit_20260612_183824.txt,73,OLD_PROJ_DATA_ROOT,LIKELY_DOC_OR_LINK,/proj/zefflab/projects/Flooding/Data/harris_county/catalogs/events/harvey_2017/event_wind/README_HYDROMT_DATA_CATALOGS.md,/users/e/p/epsilon/Data/Data/harris_county/catalogs/events/harvey_2017/event_wind/README_HYDROMT_DATA_CATALOGS.md,False,,- /proj/zefflab/projects/Flooding/Data/harris_county/catalogs/events/harvey_2017/event_wind/README_HYDROMT_DATA_CATALOGS.md
/proj/zefflab/projects/Flooding/pipeline/web_launcher/_audit_reports/hydromt_yaml_state_audit_20260612_183824.txt,73,OLD_PROJ_DATA_ROOT,LIKELY_DOC_OR_LINK,/proj/zefflab/projects/Flooding/Data/harris_county/catalogs/events/harvey_2017_full/event_wind/README_HYDROMT_DATA_CATALOGS.md,/users/e/p/epsilon/Data/Data/harris_county/catalogs/events/harvey_2017_full/event_wind/README_HYDROMT_DATA_CATALOGS.md,False,,- /proj/zefflab/projects/Flooding/Data/harris_county/catalogs/events/harvey_2017/event_wind/README_HYDROMT_DATA_CATALOGS.md
/proj/zefflab/projects/Flooding/pipeline/web_launcher/_audit_reports/hydromt_yaml_state_audit_20260612_183824.txt,73,OLD_PROJ_DATA_ROOT,LIKELY_DOC_OR_LINK,/proj/zefflab/projects/Flooding/Data/harris_county/catalogs/events/harvey_2017_mrms/_manifests/boundary_table_audit/README_HYDROMT_DATA_CATALOGS.md,/users/e/p/epsilon/Data/Data/harris_county/catalogs/events/harvey_2017_mrms/_manifests/boundary_table_audit/README_HYDROMT_DATA_CATALOGS.md,False,,- /proj/zefflab/projects/Flooding/Data/harris_county/catalogs/events/harvey_2017/event_wind/README_HYDROMT_DATA_CATALOGS.md
/proj/zefflab/projects/Flooding/pipeline/web_launcher/_audit_reports/hydromt_yaml_state_audit_20260612_183824.txt,73,OLD_PROJ_DATA_ROOT,LIKELY_DOC_OR_LINK,/proj/zefflab/projects/Flooding/Data/harris_county/catalogs/events/harvey_2017_mrms/event_validation_lines/reviewed_crs_lines/review_figures/README_HYDROMT_DATA_CATALOGS.md,/users/e/p/epsilon/Data/Data/harris_county/catalogs/events/harvey_2017_mrms/event_validation_lines/reviewed_crs_lines/review_figures/README_HYDROMT_DATA_CATALOGS.md,False,,- /proj/zefflab/projects/Flooding/Data/harris_county/catalogs/events/harvey_2017/event_wind/README_HYDROMT_DATA_CATALOGS.md
/proj/zefflab/projects/Flooding/pipeline/web_launcher/_audit_reports/hydromt_yaml_state_audit_20260612_183824.txt,73,OLD_PROJ_DATA_ROOT,LIKELY_DOC_OR_LINK,/proj/zefflab/projects/Flooding/Data/harris_county/catalogs/events/harvey_2017_ppe/restarts/README_HYDROMT_DATA_CATALOGS.md,/users/e/p/epsilon/Data/Data/harris_county/catalogs/events/harvey_2017_ppe/restarts/README_HYDROMT_DATA_CATALOGS.md,False,,- /proj/zefflab/projects/Flooding/Data/harris_county/catalogs/events/harvey_2017/event_wind/README_HYDROMT_DATA_CATALOGS.md
/proj/zefflab/projects/Flooding/pipeline/web_launcher/_audit_reports/hydromt_yaml_state_audit_20260612_183824.txt,73,OLD_PROJ_DATA_ROOT,LIKELY_DOC_OR_LINK,/proj/zefflab/projects/Flooding/Data/harris_county/catalogs/events/imelda_2019/event_wind/README_HYDROMT_DATA_CATALOGS.md,/users/e/p/epsilon/Data/Data/harris_county/catalogs/events/imelda_2019/event_wind/README_HYDROMT_DATA_CATALOGS.md,False,,- /proj/zefflab/projects/Flooding/Data/harris_county/catalogs/events/harvey_2017/event_wind/README_HYDROMT_DATA_CATALOGS.md
/proj/zefflab/projects/Flooding/pipeline/web_launcher/_audit_reports/hydromt_yaml_state_audit_20260612_183824.txt,73,OLD_PROJ_DATA_ROOT,LIKELY_DOC_OR_LINK,/proj/zefflab/projects/Flooding/Data/harris_county/catalogs/events_reduced/beryl_2024/event_pressure/README_HYDROMT_DATA_CATALOGS.md,/users/e/p/epsilon/Data/Data/harris_county/catalogs/events_reduced/beryl_2024/event_pressure/README_HYDROMT_DATA_CATALOGS.md,False,,- /proj/zefflab/projects/Flooding/Data/harris_county/catalogs/events/harvey_2017/event_wind/README_HYDROMT_DATA_CATALOGS.md
/proj/zefflab/projects/Flooding/pipeline/web_launcher/_audit_reports/hydromt_yaml_state_audit_20260612_183824.txt,73,OLD_PROJ_DATA_ROOT,LIKELY_DOC_OR_LINK,/proj/zefflab/projects/Flooding/Data/harris_county/catalogs/events_reduced/beryl_2024/event_wind/README_HYDROMT_DATA_CATALOGS.md,/users/e/p/epsilon/Data/Data/harris_county/catalogs/events_reduced/beryl_2024/event_wind/README_HYDROMT_DATA_CATALOGS.md,False,,- /proj/zefflab/projects/Flooding/Data/harris_county/catalogs/events/harvey_2017/event_wind/README_HYDROMT_DATA_CATALOGS.md
/proj/zefflab/projects/Flooding/pipeline/web_launcher/_audit_reports/hydromt_yaml_state_audit_20260612_183824.txt,73,OLD_PROJ_DATA_ROOT,LIKELY_DOC_OR_LINK,/proj/zefflab/projects/Flooding/Data/harris_county/catalogs/events_reduced/harvey_2017/event_wind/README_HYDROMT_DATA_CATALOGS.md,/users/e/p/epsilon/Data/Data/harris_county/catalogs/events_reduced/harvey_2017/event_wind/README_HYDROMT_DATA_CATALOGS.md,False,,- /proj/zefflab/projects/Flooding/Data/harris_county/catalogs/events/harvey_2017/event_wind/README_HYDROMT_DATA_CATALOGS.md
/proj/zefflab/projects/Flooding/pipeline/web_launcher/_audit_reports/hydromt_yaml_state_audit_20260612_183824.txt,74,OLD_PROJ_DATA_ROOT,LIKELY_DOC_OR_LINK,/proj/zefflab/projects/Flooding/Data/harris_county/catalogs/events/beryl_2024/event_pressure/README_HYDROMT_DATA_CATALOGS.md,/users/e/p/epsilon/Data/Data/harris_county/catalogs/events/beryl_2024/event_pressure/README_HYDROMT_DATA_CATALOGS.md,False,,- /proj/zefflab/projects/Flooding/Data/harris_county/catalogs/events/harvey_2017_full/event_wind/README_HYDROMT_DATA_CATALOGS.md
/proj/zefflab/projects/Flooding/pipeline/web_launcher/_audit_reports/hydromt_yaml_state_audit_20260612_183824.txt,74,OLD_PROJ_DATA_ROOT,LIKELY_DOC_OR_LINK,/proj/zefflab/projects/Flooding/Data/harris_county/catalogs/events/beryl_2024/event_wind/README_HYDROMT_DATA_CATALOGS.md,/users/e/p/epsilon/Data/Data/harris_county/catalogs/events/beryl_2024/event_wind/README_HYDROMT_DATA_CATALOGS.md,False,,- /proj/zefflab/projects/Flooding/Data/harris_county/catalogs/events/harvey_2017_full/event_wind/README_HYDROMT_DATA_CATALOGS.md
/proj/zefflab/projects/Flooding/pipeline/web_launcher/_audit_reports/hydromt_yaml_state_audit_20260612_183824.txt,74,OLD_PROJ_DATA_ROOT,LIKELY_DOC_OR_LINK,/proj/zefflab/projects/Flooding/Data/harris_county/catalogs/events/flood_2009_04/event_pressure/README_HYDROMT_DATA_CATALOGS.md,/users/e/p/epsilon/Data/Data/harris_county/catalogs/events/flood_2009_04/event_pressure/README_HYDROMT_DATA_CATALOGS.md,False,,- /proj/zefflab/projects/Flooding/Data/harris_county/catalogs/events/harvey_2017_full/event_wind/README_HYDROMT_DATA_CATALOGS.md
/proj/zefflab/projects/Flooding/pipeline/web_launcher/_audit_reports/hydromt_yaml_state_audit_20260612_183824.txt,74,OLD_PROJ_DATA_ROOT,LIKELY_DOC_OR_LINK,/proj/zefflab/projects/Flooding/Data/harris_county/catalogs/events/harvey_2017/event_wind/README_HYDROMT_DATA_CATALOGS.md,/users/e/p/epsilon/Data/Data/harris_county/catalogs/events/harvey_2017/event_wind/README_HYDROMT_DATA_CATALOGS.md,False,,- /proj/zefflab/projects/Flooding/Data/harris_county/catalogs/events/harvey_2017_full/event_wind/README_HYDROMT_DATA_CATALOGS.md
/proj/zefflab/projects/Flooding/pipeline/web_launcher/_audit_reports/hydromt_yaml_state_audit_20260612_183824.txt,74,OLD_PROJ_DATA_ROOT,LIKELY_DOC_OR_LINK,/proj/zefflab/projects/Flooding/Data/harris_county/catalogs/events/harvey_2017_full/event_wind/README_HYDROMT_DATA_CATALOGS.md,/users/e/p/epsilon/Data/Data/harris_county/catalogs/events/harvey_2017_full/event_wind/README_HYDROMT_DATA_CATALOGS.md,False,,- /proj/zefflab/projects/Flooding/Data/harris_county/catalogs/events/harvey_2017_full/event_wind/README_HYDROMT_DATA_CATALOGS.md
/proj/zefflab/projects/Flooding/pipeline/web_launcher/_audit_reports/hydromt_yaml_state_audit_20260612_183824.txt,74,OLD_PROJ_DATA_ROOT,LIKELY_DOC_OR_LINK,/proj/zefflab/projects/Flooding/Data/harris_county/catalogs/events/harvey_2017_mrms/_manifests/boundary_table_audit/README_HYDROMT_DATA_CATALOGS.md,/users/e/p/epsilon/Data/Data/harris_county/catalogs/events/harvey_2017_mrms/_manifests/boundary_table_audit/README_HYDROMT_DATA_CATALOGS.md,False,,- /proj/zefflab/projects/Flooding/Data/harris_county/catalogs/events/harvey_2017_full/event_wind/README_HYDROMT_DATA_CATALOGS.md
/proj/zefflab/projects/Flooding/pipeline/web_launcher/_audit_reports/hydromt_yaml_state_audit_20260612_183824.txt,74,OLD_PROJ_DATA_ROOT,LIKELY_DOC_OR_LINK,/proj/zefflab/projects/Flooding/Data/harris_county/catalogs/events/harvey_2017_mrms/event_validation_lines/reviewed_crs_lines/review_figures/README_HYDROMT_DATA_CATALOGS.md,/users/e/p/epsilon/Data/Data/harris_county/catalogs/events/harvey_2017_mrms/event_validation_lines/reviewed_crs_lines/review_figures/README_HYDROMT_DATA_CATALOGS.md,False,,- /proj/zefflab/projects/Flooding/Data/harris_county/catalogs/events/harvey_2017_full/event_wind/README_HYDROMT_DATA_CATALOGS.md
/proj/zefflab/projects/Flooding/pipeline/web_launcher/_audit_reports/hydromt_yaml_state_audit_20260612_183824.txt,74,OLD_PROJ_DATA_ROOT,LIKELY_DOC_OR_LINK,/proj/zefflab/projects/Flooding/Data/harris_county/catalogs/events/harvey_2017_ppe/restarts/README_HYDROMT_DATA_CATALOGS.md,/users/e/p/epsilon/Data/Data/harris_county/catalogs/events/harvey_2017_ppe/restarts/README_HYDROMT_DATA_CATALOGS.md,False,,- /proj/zefflab/projects/Flooding/Data/harris_county/catalogs/events/harvey_2017_full/event_wind/README_HYDROMT_DATA_CATALOGS.md
/proj/zefflab/projects/Flooding/pipeline/web_launcher/_audit_reports/hydromt_yaml_state_audit_20260612_183824.txt,74,OLD_PROJ_DATA_ROOT,LIKELY_DOC_OR_LINK,/proj/zefflab/projects/Flooding/Data/harris_county/catalogs/events/imelda_2019/event_wind/README_HYDROMT_DATA_CATALOGS.md,/users/e/p/epsilon/Data/Data/harris_county/catalogs/events/imelda_2019/event_wind/README_HYDROMT_DATA_CATALOGS.md,False,,- /proj/zefflab/projects/Flooding/Data/harris_county/catalogs/events/harvey_2017_full/event_wind/README_HYDROMT_DATA_CATALOGS.md
/proj/zefflab/projects/Flooding/pipeline/web_launcher/_audit_reports/hydromt_yaml_state_audit_20260612_183824.txt,74,OLD_PROJ_DATA_ROOT,LIKELY_DOC_OR_LINK,/proj/zefflab/projects/Flooding/Data/harris_county/catalogs/events_reduced/beryl_2024/event_pressure/README_HYDROMT_DATA_CATALOGS.md,/users/e/p/epsilon/Data/Data/harris_county/catalogs/events_reduced/beryl_2024/event_pressure/README_HYDROMT_DATA_CATALOGS.md,False,,- /proj/zefflab/projects/Flooding/Data/harris_county/catalogs/events/harvey_2017_full/event_wind/README_HYDROMT_DATA_CATALOGS.md
/proj/zefflab/projects/Flooding/pipeline/web_launcher/_audit_reports/hydromt_yaml_state_audit_20260612_183824.txt,74,OLD_PROJ_DATA_ROOT,LIKELY_DOC_OR_LINK,/proj/zefflab/projects/Flooding/Data/harris_county/catalogs/events_reduced/beryl_2024/event_wind/README_HYDROMT_DATA_CATALOGS.md,/users/e/p/epsilon/Data/Data/harris_county/catalogs/events_reduced/beryl_2024/event_wind/README_HYDROMT_DATA_CATALOGS.md,False,,- /proj/zefflab/projects/Flooding/Data/harris_county/catalogs/events/harvey_2017_full/event_wind/README_HYDROMT_DATA_CATALOGS.md
/proj/zefflab/projects/Flooding/pipeline/web_launcher/_audit_reports/hydromt_yaml_state_audit_20260612_183824.txt,74,OLD_PROJ_DATA_ROOT,LIKELY_DOC_OR_LINK,/proj/zefflab/projects/Flooding/Data/harris_county/catalogs/events_reduced/harvey_2017/event_wind/README_HYDROMT_DATA_CATALOGS.md,/users/e/p/epsilon/Data/Data/harris_county/catalogs/events_reduced/harvey_2017/event_wind/README_HYDROMT_DATA_CATALOGS.md,False,,- /proj/zefflab/projects/Flooding/Data/harris_county/catalogs/events/harvey_2017_full/event_wind/README_HYDROMT_DATA_CATALOGS.md
/proj/zefflab/projects/Flooding/pipeline/web_launcher/_audit_reports/hydromt_yaml_state_audit_20260612_183824.txt,74,OLD_PROJ_DATA_ROOT,LIKELY_DOC_OR_LINK,/proj/zefflab/projects/Flooding/Data/harris_county/catalogs/events_reduced/harvey_2017_full/event_wind/README_HYDROMT_DATA_CATALOGS.md,/users/e/p/epsilon/Data/Data/harris_county/catalogs/events_reduced/harvey_2017_full/event_wind/README_HYDROMT_DATA_CATALOGS.md,False,,- /proj/zefflab/projects/Flooding/Data/harris_county/catalogs/events/harvey_2017_full/event_wind/README_HYDROMT_DATA_CATALOGS.md
/proj/zefflab/projects/Flooding/pipeline/web_launcher/_audit_reports/hydromt_yaml_state_audit_20260612_183824.txt,75,OLD_PROJ_DATA_ROOT,LIKELY_DOC_OR_LINK,/proj/zefflab/projects/Flooding/Data/harris_county/catalogs/events/beryl_2024/event_pressure/README_HYDROMT_DATA_CATALOGS.md,/users/e/p/epsilon/Data/Data/harris_county/catalogs/events/beryl_2024/event_pressure/README_HYDROMT_DATA_CATALOGS.md,False,,- /proj/zefflab/projects/Flooding/Data/harris_county/catalogs/events/harvey_2017_mrms/_manifests/boundary_table_audit/README_HYDROMT_DATA_CATALOGS.md
/proj/zefflab/projects/Flooding/pipeline/web_launcher/_audit_reports/hydromt_yaml_state_audit_20260612_183824.txt,75,OLD_PROJ_DATA_ROOT,LIKELY_DOC_OR_LINK,/proj/zefflab/projects/Flooding/Data/harris_county/catalogs/events/beryl_2024/event_wind/README_HYDROMT_DATA_CATALOGS.md,/users/e/p/epsilon/Data/Data/harris_county/catalogs/events/beryl_2024/event_wind/README_HYDROMT_DATA_CATALOGS.md,False,,- /proj/zefflab/projects/Flooding/Data/harris_county/catalogs/events/harvey_2017_mrms/_manifests/boundary_table_audit/README_HYDROMT_DATA_CATALOGS.md
/proj/zefflab/projects/Flooding/pipeline/web_launcher/_audit_reports/hydromt_yaml_state_audit_20260612_183824.txt,75,OLD_PROJ_DATA_ROOT,LIKELY_DOC_OR_LINK,/proj/zefflab/projects/Flooding/Data/harris_county/catalogs/events/flood_2009_04/event_pressure/README_HYDROMT_DATA_CATALOGS.md,/users/e/p/epsilon/Data/Data/harris_county/catalogs/events/flood_2009_04/event_pressure/README_HYDROMT_DATA_CATALOGS.md,False,,- /proj/zefflab/projects/Flooding/Data/harris_county/catalogs/events/harvey_2017_mrms/_manifests/boundary_table_audit/README_HYDROMT_DATA_CATALOGS.md
/proj/zefflab/projects/Flooding/pipeline/web_launcher/_audit_reports/hydromt_yaml_state_audit_20260612_183824.txt,75,OLD_PROJ_DATA_ROOT,LIKELY_DOC_OR_LINK,/proj/zefflab/projects/Flooding/Data/harris_county/catalogs/events/harvey_2017/event_wind/README_HYDROMT_DATA_CATALOGS.md,/users/e/p/epsilon/Data/Data/harris_county/catalogs/events/harvey_2017/event_wind/README_HYDROMT_DATA_CATALOGS.md,False,,- /proj/zefflab/projects/Flooding/Data/harris_county/catalogs/events/harvey_2017_mrms/_manifests/boundary_table_audit/README_HYDROMT_DATA_CATALOGS.md
/proj/zefflab/projects/Flooding/pipeline/web_launcher/_audit_reports/hydromt_yaml_state_audit_20260612_183824.txt,75,OLD_PROJ_DATA_ROOT,LIKELY_DOC_OR_LINK,/proj/zefflab/projects/Flooding/Data/harris_county/catalogs/events/harvey_2017_full/event_wind/README_HYDROMT_DATA_CATALOGS.md,/users/e/p/epsilon/Data/Data/harris_county/catalogs/events/harvey_2017_full/event_wind/README_HYDROMT_DATA_CATALOGS.md,False,,- /proj/zefflab/projects/Flooding/Data/harris_county/catalogs/events/harvey_2017_mrms/_manifests/boundary_table_audit/README_HYDROMT_DATA_CATALOGS.md
/proj/zefflab/projects/Flooding/pipeline/web_launcher/_audit_reports/hydromt_yaml_state_audit_20260612_183824.txt,75,OLD_PROJ_DATA_ROOT,LIKELY_DOC_OR_LINK,/proj/zefflab/projects/Flooding/Data/harris_county/catalogs/events/harvey_2017_mrms/_manifests/boundary_table_audit/README_HYDROMT_DATA_CATALOGS.md,/users/e/p/epsilon/Data/Data/harris_county/catalogs/events/harvey_2017_mrms/_manifests/boundary_table_audit/README_HYDROMT_DATA_CATALOGS.md,False,,- /proj/zefflab/projects/Flooding/Data/harris_county/catalogs/events/harvey_2017_mrms/_manifests/boundary_table_audit/README_HYDROMT_DATA_CATALOGS.md
/proj/zefflab/projects/Flooding/pipeline/web_launcher/_audit_reports/hydromt_yaml_state_audit_20260612_183824.txt,75,OLD_PROJ_DATA_ROOT,LIKELY_DOC_OR_LINK,/proj/zefflab/projects/Flooding/Data/harris_county/catalogs/events/harvey_2017_mrms/event_validation_lines/reviewed_crs_lines/review_figures/README_HYDROMT_DATA_CATALOGS.md,/users/e/p/epsilon/Data/Data/harris_county/catalogs/events/harvey_2017_mrms/event_validation_lines/reviewed_crs_lines/review_figures/README_HYDROMT_DATA_CATALOGS.md,False,,- /proj/zefflab/projects/Flooding/Data/harris_county/catalogs/events/harvey_2017_mrms/_manifests/boundary_table_audit/README_HYDROMT_DATA_CATALOGS.md
/proj/zefflab/projects/Flooding/pipeline/web_launcher/_audit_reports/hydromt_yaml_state_audit_20260612_183824.txt,75,OLD_PROJ_DATA_ROOT,LIKELY_DOC_OR_LINK,/proj/zefflab/projects/Flooding/Data/harris_county/catalogs/events/harvey_2017_ppe/restarts/README_HYDROMT_DATA_CATALOGS.md,/users/e/p/epsilon/Data/Data/harris_county/catalogs/events/harvey_2017_ppe/restarts/README_HYDROMT_DATA_CATALOGS.md,False,,- /proj/zefflab/projects/Flooding/Data/harris_county/catalogs/events/harvey_2017_mrms/_manifests/boundary_table_audit/README_HYDROMT_DATA_CATALOGS.md
/proj/zefflab/projects/Flooding/pipeline/web_launcher/_audit_reports/hydromt_yaml_state_audit_20260612_183824.txt,75,OLD_PROJ_DATA_ROOT,LIKELY_DOC_OR_LINK,/proj/zefflab/projects/Flooding/Data/harris_county/catalogs/events/imelda_2019/event_wind/README_HYDROMT_DATA_CATALOGS.md,/users/e/p/epsilon/Data/Data/harris_county/catalogs/events/imelda_2019/event_wind/README_HYDROMT_DATA_CATALOGS.md,False,,- /proj/zefflab/projects/Flooding/Data/harris_county/catalogs/events/harvey_2017_mrms/_manifests/boundary_table_audit/README_HYDROMT_DATA_CATALOGS.md
/proj/zefflab/projects/Flooding/pipeline/web_launcher/_audit_reports/hydromt_yaml_state_audit_20260612_183824.txt,75,OLD_PROJ_DATA_ROOT,LIKELY_DOC_OR_LINK,/proj/zefflab/projects/Flooding/Data/harris_county/catalogs/events_reduced/beryl_2024/event_pressure/README_HYDROMT_DATA_CATALOGS.md,/users/e/p/epsilon/Data/Data/harris_county/catalogs/events_reduced/beryl_2024/event_pressure/README_HYDROMT_DATA_CATALOGS.md,False,,- /proj/zefflab/projects/Flooding/Data/harris_county/catalogs/events/harvey_2017_mrms/_manifests/boundary_table_audit/README_HYDROMT_DATA_CATALOGS.md
/proj/zefflab/projects/Flooding/pipeline/web_launcher/_audit_reports/hydromt_yaml_state_audit_20260612_183824.txt,75,OLD_PROJ_DATA_ROOT,LIKELY_DOC_OR_LINK,/proj/zefflab/projects/Flooding/Data/harris_county/catalogs/events_reduced/beryl_2024/event_wind/README_HYDROMT_DATA_CATALOGS.md,/users/e/p/epsilon/Data/Data/harris_county/catalogs/events_reduced/beryl_2024/event_wind/README_HYDROMT_DATA_CATALOGS.md,False,,- /proj/zefflab/projects/Flooding/Data/harris_county/catalogs/events/harvey_2017_mrms/_manifests/boundary_table_audit/README_HYDROMT_DATA_CATALOGS.md
/proj/zefflab/projects/Flooding/pipeline/web_launcher/_audit_reports/hydromt_yaml_state_audit_20260612_183824.txt,75,OLD_PROJ_DATA_ROOT,LIKELY_DOC_OR_LINK,/proj/zefflab/projects/Flooding/Data/harris_county/catalogs/events_reduced/harvey_2017/event_wind/README_HYDROMT_DATA_CATALOGS.md,/users/e/p/epsilon/Data/Data/harris_county/catalogs/events_reduced/harvey_2017/event_wind/README_HYDROMT_DATA_CATALOGS.md,False,,- /proj/zefflab/projects/Flooding/Data/harris_county/catalogs/events/harvey_2017_mrms/_manifests/boundary_table_audit/README_HYDROMT_DATA_CATALOGS.md
/proj/zefflab/projects/Flooding/pipeline/web_launcher/_audit_reports/hydromt_yaml_state_audit_20260612_183824.txt,75,OLD_PROJ_DATA_ROOT,LIKELY_DOC_OR_LINK,/proj/zefflab/projects/Flooding/Data/harris_county/catalogs/events_reduced/harvey_2017_full/event_wind/README_HYDROMT_DATA_CATALOGS.md,/users/e/p/epsilon/Data/Data/harris_county/catalogs/events_reduced/harvey_2017_full/event_wind/README_HYDROMT_DATA_CATALOGS.md,False,,- /proj/zefflab/projects/Flooding/Data/harris_county/catalogs/events/harvey_2017_mrms/_manifests/boundary_table_audit/README_HYDROMT_DATA_CATALOGS.md
/proj/zefflab/projects/Flooding/pipeline/web_launcher/_audit_reports/hydromt_yaml_state_audit_20260612_183824.txt,75,OLD_PROJ_DATA_ROOT,LIKELY_DOC_OR_LINK,/proj/zefflab/projects/Flooding/Data/harris_county/catalogs/events_reduced/imelda_2019/event_wind/README_HYDROMT_DATA_CATALOGS.md,/users/e/p/epsilon/Data/Data/harris_county/catalogs/events_reduced/imelda_2019/event_wind/README_HYDROMT_DATA_CATALOGS.md,False,,- /proj/zefflab/projects/Flooding/Data/harris_county/catalogs/events/harvey_2017_mrms/_manifests/boundary_table_audit/README_HYDROMT_DATA_CATALOGS.md
/proj/zefflab/projects/Flooding/pipeline/web_launcher/_audit_reports/hydromt_yaml_state_audit_20260612_183824.txt,76,OLD_PROJ_DATA_ROOT,LIKELY_DOC_OR_LINK,/proj/zefflab/projects/Flooding/Data/harris_county/catalogs/events/beryl_2024/event_pressure/README_HYDROMT_DATA_CATALOGS.md,/users/e/p/epsilon/Data/Data/harris_county/catalogs/events/beryl_2024/event_pressure/README_HYDROMT_DATA_CATALOGS.md,False,,- /proj/zefflab/projects/Flooding/Data/harris_county/catalogs/events/harvey_2017_mrms/event_validation_lines/reviewed_crs_lines/review_figures/README_HYDROMT_DATA_CATALOGS.md
/proj/zefflab/projects/Flooding/pipeline/web_launcher/_audit_reports/hydromt_yaml_state_audit_20260612_183824.txt,76,OLD_PROJ_DATA_ROOT,LIKELY_DOC_OR_LINK,/proj/zefflab/projects/Flooding/Data/harris_county/catalogs/events/beryl_2024/event_wind/README_HYDROMT_DATA_CATALOGS.md,/users/e/p/epsilon/Data/Data/harris_county/catalogs/events/beryl_2024/event_wind/README_HYDROMT_DATA_CATALOGS.md,False,,- /proj/zefflab/projects/Flooding/Data/harris_county/catalogs/events/harvey_2017_mrms/event_validation_lines/reviewed_crs_lines/review_figures/README_HYDROMT_DATA_CATALOGS.md
/proj/zefflab/projects/Flooding/pipeline/web_launcher/_audit_reports/hydromt_yaml_state_audit_20260612_183824.txt,76,OLD_PROJ_DATA_ROOT,LIKELY_DOC_OR_LINK,/proj/zefflab/projects/Flooding/Data/harris_county/catalogs/events/flood_2009_04/event_pressure/README_HYDROMT_DATA_CATALOGS.md,/users/e/p/epsilon/Data/Data/harris_county/catalogs/events/flood_2009_04/event_pressure/README_HYDROMT_DATA_CATALOGS.md,False,,- /proj/zefflab/projects/Flooding/Data/harris_county/catalogs/events/harvey_2017_mrms/event_validation_lines/reviewed_crs_lines/review_figures/README_HYDROMT_DATA_CATALOGS.md
/proj/zefflab/projects/Flooding/pipeline/web_launcher/_audit_reports/hydromt_yaml_state_audit_20260612_183824.txt,76,OLD_PROJ_DATA_ROOT,LIKELY_DOC_OR_LINK,/proj/zefflab/projects/Flooding/Data/harris_county/catalogs/events/harvey_2017/event_wind/README_HYDROMT_DATA_CATALOGS.md,/users/e/p/epsilon/Data/Data/harris_county/catalogs/events/harvey_2017/event_wind/README_HYDROMT_DATA_CATALOGS.md,False,,- /proj/zefflab/projects/Flooding/Data/harris_county/catalogs/events/harvey_2017_mrms/event_validation_lines/reviewed_crs_lines/review_figures/README_HYDROMT_DATA_CATALOGS.md
/proj/zefflab/projects/Flooding/pipeline/web_launcher/_audit_reports/hydromt_yaml_state_audit_20260612_183824.txt,76,OLD_PROJ_DATA_ROOT,LIKELY_DOC_OR_LINK,/proj/zefflab/projects/Flooding/Data/harris_county/catalogs/events/harvey_2017_full/event_wind/README_HYDROMT_DATA_CATALOGS.md,/users/e/p/epsilon/Data/Data/harris_county/catalogs/events/harvey_2017_full/event_wind/README_HYDROMT_DATA_CATALOGS.md,False,,- /proj/zefflab/projects/Flooding/Data/harris_county/catalogs/events/harvey_2017_mrms/event_validation_lines/reviewed_crs_lines/review_figures/README_HYDROMT_DATA_CATALOGS.md
/proj/zefflab/projects/Flooding/pipeline/web_launcher/_audit_reports/hydromt_yaml_state_audit_20260612_183824.txt,76,OLD_PROJ_DATA_ROOT,LIKELY_DOC_OR_LINK,/proj/zefflab/projects/Flooding/Data/harris_county/catalogs/events/harvey_2017_mrms/_manifests/boundary_table_audit/README_HYDROMT_DATA_CATALOGS.md,/users/e/p/epsilon/Data/Data/harris_county/catalogs/events/harvey_2017_mrms/_manifests/boundary_table_audit/README_HYDROMT_DATA_CATALOGS.md,False,,- /proj/zefflab/projects/Flooding/Data/harris_county/catalogs/events/harvey_2017_mrms/event_validation_lines/reviewed_crs_lines/review_figures/README_HYDROMT_DATA_CATALOGS.md
/proj/zefflab/projects/Flooding/pipeline/web_launcher/_audit_reports/hydromt_yaml_state_audit_20260612_183824.txt,76,OLD_PROJ_DATA_ROOT,LIKELY_DOC_OR_LINK,/proj/zefflab/projects/Flooding/Data/harris_county/catalogs/events/harvey_2017_mrms/event_validation_lines/reviewed_crs_lines/review_figures/README_HYDROMT_DATA_CATALOGS.md,/users/e/p/epsilon/Data/Data/harris_county/catalogs/events/harvey_2017_mrms/event_validation_lines/reviewed_crs_lines/review_figures/README_HYDROMT_DATA_CATALOGS.md,False,,- /proj/zefflab/projects/Flooding/Data/harris_county/catalogs/events/harvey_2017_mrms/event_validation_lines/reviewed_crs_lines/review_figures/README_HYDROMT_DATA_CATALOGS.md
/proj/zefflab/projects/Flooding/pipeline/web_launcher/_audit_reports/hydromt_yaml_state_audit_20260612_183824.txt,76,OLD_PROJ_DATA_ROOT,LIKELY_DOC_OR_LINK,/proj/zefflab/projects/Flooding/Data/harris_county/catalogs/events/harvey_2017_ppe/restarts/README_HYDROMT_DATA_CATALOGS.md,/users/e/p/epsilon/Data/Data/harris_county/catalogs/events/harvey_2017_ppe/restarts/README_HYDROMT_DATA_CATALOGS.md,False,,- /proj/zefflab/projects/Flooding/Data/harris_county/catalogs/events/harvey_2017_mrms/event_validation_lines/reviewed_crs_lines/review_figures/README_HYDROMT_DATA_CATALOGS.md
/proj/zefflab/projects/Flooding/pipeline/web_launcher/_audit_reports/hydromt_yaml_state_audit_20260612_183824.txt,76,OLD_PROJ_DATA_ROOT,LIKELY_DOC_OR_LINK,/proj/zefflab/projects/Flooding/Data/harris_county/catalogs/events/imelda_2019/event_wind/README_HYDROMT_DATA_CATALOGS.md,/users/e/p/epsilon/Data/Data/harris_county/catalogs/events/imelda_2019/event_wind/README_HYDROMT_DATA_CATALOGS.md,False,,- /proj/zefflab/projects/Flooding/Data/harris_county/catalogs/events/harvey_2017_mrms/event_validation_lines/reviewed_crs_lines/review_figures/README_HYDROMT_DATA_CATALOGS.md
/proj/zefflab/projects/Flooding/pipeline/web_launcher/_audit_reports/hydromt_yaml_state_audit_20260612_183824.txt,76,OLD_PROJ_DATA_ROOT,LIKELY_DOC_OR_LINK,/proj/zefflab/projects/Flooding/Data/harris_county/catalogs/events_reduced/beryl_2024/event_pressure/README_HYDROMT_DATA_CATALOGS.md,/users/e/p/epsilon/Data/Data/harris_county/catalogs/events_reduced/beryl_2024/event_pressure/README_HYDROMT_DATA_CATALOGS.md,False,,- /proj/zefflab/projects/Flooding/Data/harris_county/catalogs/events/harvey_2017_mrms/event_validation_lines/reviewed_crs_lines/review_figures/README_HYDROMT_DATA_CATALOGS.md
/proj/zefflab/projects/Flooding/pipeline/web_launcher/_audit_reports/hydromt_yaml_state_audit_20260612_183824.txt,76,OLD_PROJ_DATA_ROOT,LIKELY_DOC_OR_LINK,/proj/zefflab/projects/Flooding/Data/harris_county/catalogs/events_reduced/beryl_2024/event_wind/README_HYDROMT_DATA_CATALOGS.md,/users/e/p/epsilon/Data/Data/harris_county/catalogs/events_reduced/beryl_2024/event_wind/README_HYDROMT_DATA_CATALOGS.md,False,,- /proj/zefflab/projects/Flooding/Data/harris_county/catalogs/events/harvey_2017_mrms/event_validation_lines/reviewed_crs_lines/review_figures/README_HYDROMT_DATA_CATALOGS.md
/proj/zefflab/projects/Flooding/pipeline/web_launcher/_audit_reports/hydromt_yaml_state_audit_20260612_183824.txt,76,OLD_PROJ_DATA_ROOT,LIKELY_DOC_OR_LINK,/proj/zefflab/projects/Flooding/Data/harris_county/catalogs/events_reduced/harvey_2017/event_wind/README_HYDROMT_DATA_CATALOGS.md,/users/e/p/epsilon/Data/Data/harris_county/catalogs/events_reduced/harvey_2017/event_wind/README_HYDROMT_DATA_CATALOGS.md,False,,- /proj/zefflab/projects/Flooding/Data/harris_county/catalogs/events/harvey_2017_mrms/event_validation_lines/reviewed_crs_lines/review_figures/README_HYDROMT_DATA_CATALOGS.md
/proj/zefflab/projects/Flooding/pipeline/web_launcher/_audit_reports/hydromt_yaml_state_audit_20260612_183824.txt,76,OLD_PROJ_DATA_ROOT,LIKELY_DOC_OR_LINK,/proj/zefflab/projects/Flooding/Data/harris_county/catalogs/events_reduced/harvey_2017_full/event_wind/README_HYDROMT_DATA_CATALOGS.md,/users/e/p/epsilon/Data/Data/harris_county/catalogs/events_reduced/harvey_2017_full/event_wind/README_HYDROMT_DATA_CATALOGS.md,False,,- /proj/zefflab/projects/Flooding/Data/harris_county/catalogs/events/harvey_2017_mrms/event_validation_lines/reviewed_crs_lines/review_figures/README_HYDROMT_DATA_CATALOGS.md
/proj/zefflab/projects/Flooding/pipeline/web_launcher/_audit_reports/hydromt_yaml_state_audit_20260612_183824.txt,76,OLD_PROJ_DATA_ROOT,LIKELY_DOC_OR_LINK,/proj/zefflab/projects/Flooding/Data/harris_county/catalogs/events_reduced/imelda_2019/event_wind/README_HYDROMT_DATA_CATALOGS.md,/users/e/p/epsilon/Data/Data/harris_county/catalogs/events_reduced/imelda_2019/event_wind/README_HYDROMT_DATA_CATALOGS.md,False,,- /proj/zefflab/projects/Flooding/Data/harris_county/catalogs/events/harvey_2017_mrms/event_validation_lines/reviewed_crs_lines/review_figures/README_HYDROMT_DATA_CATALOGS.md
/proj/zefflab/projects/Flooding/pipeline/web_launcher/_audit_reports/hydromt_yaml_state_audit_20260612_183824.txt,76,OLD_PROJ_DATA_ROOT,LIKELY_DOC_OR_LINK,/proj/zefflab/projects/Flooding/Data/harris_county/catalogs/static/harris_county/bathy/README_HYDROMT_DATA_CATALOGS.md,/users/e/p/epsilon/Data/Data/harris_county/catalogs/static/harris_county/bathy/README_HYDROMT_DATA_CATALOGS.md,False,,- /proj/zefflab/projects/Flooding/Data/harris_county/catalogs/events/harvey_2017_mrms/event_validation_lines/reviewed_crs_lines/review_figures/README_HYDROMT_DATA_CATALOGS.md
/proj/zefflab/projects/Flooding/pipeline/web_launcher/_audit_reports/hydromt_yaml_state_audit_20260612_183824.txt,77,OLD_PROJ_DATA_ROOT,LIKELY_DOC_OR_LINK,/proj/zefflab/projects/Flooding/Data/harris_county/catalogs/events/beryl_2024/event_pressure/README_HYDROMT_DATA_CATALOGS.md,/users/e/p/epsilon/Data/Data/harris_county/catalogs/events/beryl_2024/event_pressure/README_HYDROMT_DATA_CATALOGS.md,False,,- /proj/zefflab/projects/Flooding/Data/harris_county/catalogs/events/harvey_2017_ppe/restarts/README_HYDROMT_DATA_CATALOGS.md
/proj/zefflab/projects/Flooding/pipeline/web_launcher/_audit_reports/hydromt_yaml_state_audit_20260612_183824.txt,77,OLD_PROJ_DATA_ROOT,LIKELY_DOC_OR_LINK,/proj/zefflab/projects/Flooding/Data/harris_county/catalogs/events/beryl_2024/event_wind/README_HYDROMT_DATA_CATALOGS.md,/users/e/p/epsilon/Data/Data/harris_county/catalogs/events/beryl_2024/event_wind/README_HYDROMT_DATA_CATALOGS.md,False,,- /proj/zefflab/projects/Flooding/Data/harris_county/catalogs/events/harvey_2017_ppe/restarts/README_HYDROMT_DATA_CATALOGS.md
/proj/zefflab/projects/Flooding/pipeline/web_launcher/_audit_reports/hydromt_yaml_state_audit_20260612_183824.txt,77,OLD_PROJ_DATA_ROOT,LIKELY_DOC_OR_LINK,/proj/zefflab/projects/Flooding/Data/harris_county/catalogs/events/flood_2009_04/event_pressure/README_HYDROMT_DATA_CATALOGS.md,/users/e/p/epsilon/Data/Data/harris_county/catalogs/events/flood_2009_04/event_pressure/README_HYDROMT_DATA_CATALOGS.md,False,,- /proj/zefflab/projects/Flooding/Data/harris_county/catalogs/events/harvey_2017_ppe/restarts/README_HYDROMT_DATA_CATALOGS.md
/proj/zefflab/projects/Flooding/pipeline/web_launcher/_audit_reports/hydromt_yaml_state_audit_20260612_183824.txt,77,OLD_PROJ_DATA_ROOT,LIKELY_DOC_OR_LINK,/proj/zefflab/projects/Flooding/Data/harris_county/catalogs/events/harvey_2017/event_wind/README_HYDROMT_DATA_CATALOGS.md,/users/e/p/epsilon/Data/Data/harris_county/catalogs/events/harvey_2017/event_wind/README_HYDROMT_DATA_CATALOGS.md,False,,- /proj/zefflab/projects/Flooding/Data/harris_county/catalogs/events/harvey_2017_ppe/restarts/README_HYDROMT_DATA_CATALOGS.md
/proj/zefflab/projects/Flooding/pipeline/web_launcher/_audit_reports/hydromt_yaml_state_audit_20260612_183824.txt,77,OLD_PROJ_DATA_ROOT,LIKELY_DOC_OR_LINK,/proj/zefflab/projects/Flooding/Data/harris_county/catalogs/events/harvey_2017_full/event_wind/README_HYDROMT_DATA_CATALOGS.md,/users/e/p/epsilon/Data/Data/harris_county/catalogs/events/harvey_2017_full/event_wind/README_HYDROMT_DATA_CATALOGS.md,False,,- /proj/zefflab/projects/Flooding/Data/harris_county/catalogs/events/harvey_2017_ppe/restarts/README_HYDROMT_DATA_CATALOGS.md
/proj/zefflab/projects/Flooding/pipeline/web_launcher/_audit_reports/hydromt_yaml_state_audit_20260612_183824.txt,77,OLD_PROJ_DATA_ROOT,LIKELY_DOC_OR_LINK,/proj/zefflab/projects/Flooding/Data/harris_county/catalogs/events/harvey_2017_mrms/_manifests/boundary_table_audit/README_HYDROMT_DATA_CATALOGS.md,/users/e/p/epsilon/Data/Data/harris_county/catalogs/events/harvey_2017_mrms/_manifests/boundary_table_audit/README_HYDROMT_DATA_CATALOGS.md,False,,- /proj/zefflab/projects/Flooding/Data/harris_county/catalogs/events/harvey_2017_ppe/restarts/README_HYDROMT_DATA_CATALOGS.md
/proj/zefflab/projects/Flooding/pipeline/web_launcher/_audit_reports/hydromt_yaml_state_audit_20260612_183824.txt,77,OLD_PROJ_DATA_ROOT,LIKELY_DOC_OR_LINK,/proj/zefflab/projects/Flooding/Data/harris_county/catalogs/events/harvey_2017_mrms/event_validation_lines/reviewed_crs_lines/review_figures/README_HYDROMT_DATA_CATALOGS.md,/users/e/p/epsilon/Data/Data/harris_county/catalogs/events/harvey_2017_mrms/event_validation_lines/reviewed_crs_lines/review_figures/README_HYDROMT_DATA_CATALOGS.md,False,,- /proj/zefflab/projects/Flooding/Data/harris_county/catalogs/events/harvey_2017_ppe/restarts/README_HYDROMT_DATA_CATALOGS.md
/proj/zefflab/projects/Flooding/pipeline/web_launcher/_audit_reports/hydromt_yaml_state_audit_20260612_183824.txt,77,OLD_PROJ_DATA_ROOT,LIKELY_DOC_OR_LINK,/proj/zefflab/projects/Flooding/Data/harris_county/catalogs/events/harvey_2017_ppe/restarts/README_HYDROMT_DATA_CATALOGS.md,/users/e/p/epsilon/Data/Data/harris_county/catalogs/events/harvey_2017_ppe/restarts/README_HYDROMT_DATA_CATALOGS.md,False,,- /proj/zefflab/projects/Flooding/Data/harris_county/catalogs/events/harvey_2017_ppe/restarts/README_HYDROMT_DATA_CATALOGS.md
/proj/zefflab/projects/Flooding/pipeline/web_launcher/_audit_reports/hydromt_yaml_state_audit_20260612_183824.txt,77,OLD_PROJ_DATA_ROOT,LIKELY_DOC_OR_LINK,/proj/zefflab/projects/Flooding/Data/harris_county/catalogs/events/imelda_2019/event_wind/README_HYDROMT_DATA_CATALOGS.md,/users/e/p/epsilon/Data/Data/harris_county/catalogs/events/imelda_2019/event_wind/README_HYDROMT_DATA_CATALOGS.md,False,,- /proj/zefflab/projects/Flooding/Data/harris_county/catalogs/events/harvey_2017_ppe/restarts/README_HYDROMT_DATA_CATALOGS.md
/proj/zefflab/projects/Flooding/pipeline/web_launcher/_audit_reports/hydromt_yaml_state_audit_20260612_183824.txt,77,OLD_PROJ_DATA_ROOT,LIKELY_DOC_OR_LINK,/proj/zefflab/projects/Flooding/Data/harris_county/catalogs/events_reduced/beryl_2024/event_pressure/README_HYDROMT_DATA_CATALOGS.md,/users/e/p/epsilon/Data/Data/harris_county/catalogs/events_reduced/beryl_2024/event_pressure/README_HYDROMT_DATA_CATALOGS.md,False,,- /proj/zefflab/projects/Flooding/Data/harris_county/catalogs/events/harvey_2017_ppe/restarts/README_HYDROMT_DATA_CATALOGS.md
/proj/zefflab/projects/Flooding/pipeline/web_launcher/_audit_reports/hydromt_yaml_state_audit_20260612_183824.txt,77,OLD_PROJ_DATA_ROOT,LIKELY_DOC_OR_LINK,/proj/zefflab/projects/Flooding/Data/harris_county/catalogs/events_reduced/beryl_2024/event_wind/README_HYDROMT_DATA_CATALOGS.md,/users/e/p/epsilon/Data/Data/harris_county/catalogs/events_reduced/beryl_2024/event_wind/README_HYDROMT_DATA_CATALOGS.md,False,,- /proj/zefflab/projects/Flooding/Data/harris_county/catalogs/events/harvey_2017_ppe/restarts/README_HYDROMT_DATA_CATALOGS.md
/proj/zefflab/projects/Flooding/pipeline/web_launcher/_audit_reports/hydromt_yaml_state_audit_20260612_183824.txt,77,OLD_PROJ_DATA_ROOT,LIKELY_DOC_OR_LINK,/proj/zefflab/projects/Flooding/Data/harris_county/catalogs/events_reduced/harvey_2017/event_wind/README_HYDROMT_DATA_CATALOGS.md,/users/e/p/epsilon/Data/Data/harris_county/catalogs/events_reduced/harvey_2017/event_wind/README_HYDROMT_DATA_CATALOGS.md,False,,- /proj/zefflab/projects/Flooding/Data/harris_county/catalogs/events/harvey_2017_ppe/restarts/README_HYDROMT_DATA_CATALOGS.md
/proj/zefflab/projects/Flooding/pipeline/web_launcher/_audit_reports/hydromt_yaml_state_audit_20260612_183824.txt,77,OLD_PROJ_DATA_ROOT,LIKELY_DOC_OR_LINK,/proj/zefflab/projects/Flooding/Data/harris_county/catalogs/events_reduced/harvey_2017_full/event_wind/README_HYDROMT_DATA_CATALOGS.md,/users/e/p/epsilon/Data/Data/harris_county/catalogs/events_reduced/harvey_2017_full/event_wind/README_HYDROMT_DATA_CATALOGS.md,False,,- /proj/zefflab/projects/Flooding/Data/harris_county/catalogs/events/harvey_2017_ppe/restarts/README_HYDROMT_DATA_CATALOGS.md
/proj/zefflab/projects/Flooding/pipeline/web_launcher/_audit_reports/hydromt_yaml_state_audit_20260612_183824.txt,77,OLD_PROJ_DATA_ROOT,LIKELY_DOC_OR_LINK,/proj/zefflab/projects/Flooding/Data/harris_county/catalogs/events_reduced/imelda_2019/event_wind/README_HYDROMT_DATA_CATALOGS.md,/users/e/p/epsilon/Data/Data/harris_county/catalogs/events_reduced/imelda_2019/event_wind/README_HYDROMT_DATA_CATALOGS.md,False,,- /proj/zefflab/projects/Flooding/Data/harris_county/catalogs/events/harvey_2017_ppe/restarts/README_HYDROMT_DATA_CATALOGS.md
/proj/zefflab/projects/Flooding/pipeline/web_launcher/_audit_reports/hydromt_yaml_state_audit_20260612_183824.txt,77,OLD_PROJ_DATA_ROOT,LIKELY_DOC_OR_LINK,/proj/zefflab/projects/Flooding/Data/harris_county/catalogs/static/harris_county/bathy/README_HYDROMT_DATA_CATALOGS.md,/users/e/p/epsilon/Data/Data/harris_county/catalogs/static/harris_county/bathy/README_HYDROMT_DATA_CATALOGS.md,False,,- /proj/zefflab/projects/Flooding/Data/harris_county/catalogs/events/harvey_2017_ppe/restarts/README_HYDROMT_DATA_CATALOGS.md
/proj/zefflab/projects/Flooding/pipeline/web_launcher/_audit_reports/hydromt_yaml_state_audit_20260612_183824.txt,77,OLD_PROJ_DATA_ROOT,LIKELY_DOC_OR_LINK,/proj/zefflab/projects/Flooding/Data/harris_county/catalogs/static/harris_county/boundary_points_static/README_HYDROMT_DATA_CATALOGS.md,/users/e/p/epsilon/Data/Data/harris_county/catalogs/static/harris_county/boundary_points_static/README_HYDROMT_DATA_CATALOGS.md,False,,- /proj/zefflab/projects/Flooding/Data/harris_county/catalogs/events/harvey_2017_ppe/restarts/README_HYDROMT_DATA_CATALOGS.md
/proj/zefflab/projects/Flooding/pipeline/web_launcher/_audit_reports/hydromt_yaml_state_audit_20260612_183824.txt,78,OLD_PROJ_DATA_ROOT,LIKELY_DOC_OR_LINK,/proj/zefflab/projects/Flooding/Data/harris_county/catalogs/events/beryl_2024/event_pressure/README_HYDROMT_DATA_CATALOGS.md,/users/e/p/epsilon/Data/Data/harris_county/catalogs/events/beryl_2024/event_pressure/README_HYDROMT_DATA_CATALOGS.md,False,,- /proj/zefflab/projects/Flooding/Data/harris_county/catalogs/events/imelda_2019/event_wind/README_HYDROMT_DATA_CATALOGS.md
/proj/zefflab/projects/Flooding/pipeline/web_launcher/_audit_reports/hydromt_yaml_state_audit_20260612_183824.txt,78,OLD_PROJ_DATA_ROOT,LIKELY_DOC_OR_LINK,/proj/zefflab/projects/Flooding/Data/harris_county/catalogs/events/beryl_2024/event_wind/README_HYDROMT_DATA_CATALOGS.md,/users/e/p/epsilon/Data/Data/harris_county/catalogs/events/beryl_2024/event_wind/README_HYDROMT_DATA_CATALOGS.md,False,,- /proj/zefflab/projects/Flooding/Data/harris_county/catalogs/events/imelda_2019/event_wind/README_HYDROMT_DATA_CATALOGS.md
/proj/zefflab/projects/Flooding/pipeline/web_launcher/_audit_reports/hydromt_yaml_state_audit_20260612_183824.txt,78,OLD_PROJ_DATA_ROOT,LIKELY_DOC_OR_LINK,/proj/zefflab/projects/Flooding/Data/harris_county/catalogs/events/flood_2009_04/event_pressure/README_HYDROMT_DATA_CATALOGS.md,/users/e/p/epsilon/Data/Data/harris_county/catalogs/events/flood_2009_04/event_pressure/README_HYDROMT_DATA_CATALOGS.md,False,,- /proj/zefflab/projects/Flooding/Data/harris_county/catalogs/events/imelda_2019/event_wind/README_HYDROMT_DATA_CATALOGS.md
/proj/zefflab/projects/Flooding/pipeline/web_launcher/_audit_reports/hydromt_yaml_state_audit_20260612_183824.txt,78,OLD_PROJ_DATA_ROOT,LIKELY_DOC_OR_LINK,/proj/zefflab/projects/Flooding/Data/harris_county/catalogs/events/harvey_2017/event_wind/README_HYDROMT_DATA_CATALOGS.md,/users/e/p/epsilon/Data/Data/harris_county/catalogs/events/harvey_2017/event_wind/README_HYDROMT_DATA_CATALOGS.md,False,,- /proj/zefflab/projects/Flooding/Data/harris_county/catalogs/events/imelda_2019/event_wind/README_HYDROMT_DATA_CATALOGS.md
/proj/zefflab/projects/Flooding/pipeline/web_launcher/_audit_reports/hydromt_yaml_state_audit_20260612_183824.txt,78,OLD_PROJ_DATA_ROOT,LIKELY_DOC_OR_LINK,/proj/zefflab/projects/Flooding/Data/harris_county/catalogs/events/harvey_2017_full/event_wind/README_HYDROMT_DATA_CATALOGS.md,/users/e/p/epsilon/Data/Data/harris_county/catalogs/events/harvey_2017_full/event_wind/README_HYDROMT_DATA_CATALOGS.md,False,,- /proj/zefflab/projects/Flooding/Data/harris_county/catalogs/events/imelda_2019/event_wind/README_HYDROMT_DATA_CATALOGS.md
/proj/zefflab/projects/Flooding/pipeline/web_launcher/_audit_reports/hydromt_yaml_state_audit_20260612_183824.txt,78,OLD_PROJ_DATA_ROOT,LIKELY_DOC_OR_LINK,/proj/zefflab/projects/Flooding/Data/harris_county/catalogs/events/harvey_2017_mrms/_manifests/boundary_table_audit/README_HYDROMT_DATA_CATALOGS.md,/users/e/p/epsilon/Data/Data/harris_county/catalogs/events/harvey_2017_mrms/_manifests/boundary_table_audit/README_HYDROMT_DATA_CATALOGS.md,False,,- /proj/zefflab/projects/Flooding/Data/harris_county/catalogs/events/imelda_2019/event_wind/README_HYDROMT_DATA_CATALOGS.md
/proj/zefflab/projects/Flooding/pipeline/web_launcher/_audit_reports/hydromt_yaml_state_audit_20260612_183824.txt,78,OLD_PROJ_DATA_ROOT,LIKELY_DOC_OR_LINK,/proj/zefflab/projects/Flooding/Data/harris_county/catalogs/events/harvey_2017_mrms/event_validation_lines/reviewed_crs_lines/review_figures/README_HYDROMT_DATA_CATALOGS.md,/users/e/p/epsilon/Data/Data/harris_county/catalogs/events/harvey_2017_mrms/event_validation_lines/reviewed_crs_lines/review_figures/README_HYDROMT_DATA_CATALOGS.md,False,,- /proj/zefflab/projects/Flooding/Data/harris_county/catalogs/events/imelda_2019/event_wind/README_HYDROMT_DATA_CATALOGS.md
/proj/zefflab/projects/Flooding/pipeline/web_launcher/_audit_reports/hydromt_yaml_state_audit_20260612_183824.txt,78,OLD_PROJ_DATA_ROOT,LIKELY_DOC_OR_LINK,/proj/zefflab/projects/Flooding/Data/harris_county/catalogs/events/harvey_2017_ppe/restarts/README_HYDROMT_DATA_CATALOGS.md,/users/e/p/epsilon/Data/Data/harris_county/catalogs/events/harvey_2017_ppe/restarts/README_HYDROMT_DATA_CATALOGS.md,False,,- /proj/zefflab/projects/Flooding/Data/harris_county/catalogs/events/imelda_2019/event_wind/README_HYDROMT_DATA_CATALOGS.md
/proj/zefflab/projects/Flooding/pipeline/web_launcher/_audit_reports/hydromt_yaml_state_audit_20260612_183824.txt,78,OLD_PROJ_DATA_ROOT,LIKELY_DOC_OR_LINK,/proj/zefflab/projects/Flooding/Data/harris_county/catalogs/events/imelda_2019/event_wind/README_HYDROMT_DATA_CATALOGS.md,/users/e/p/epsilon/Data/Data/harris_county/catalogs/events/imelda_2019/event_wind/README_HYDROMT_DATA_CATALOGS.md,False,,- /proj/zefflab/projects/Flooding/Data/harris_county/catalogs/events/imelda_2019/event_wind/README_HYDROMT_DATA_CATALOGS.md
/proj/zefflab/projects/Flooding/pipeline/web_launcher/_audit_reports/hydromt_yaml_state_audit_20260612_183824.txt,78,OLD_PROJ_DATA_ROOT,LIKELY_DOC_OR_LINK,/proj/zefflab/projects/Flooding/Data/harris_county/catalogs/events_reduced/beryl_2024/event_pressure/README_HYDROMT_DATA_CATALOGS.md,/users/e/p/epsilon/Data/Data/harris_county/catalogs/events_reduced/beryl_2024/event_pressure/README_HYDROMT_DATA_CATALOGS.md,False,,- /proj/zefflab/projects/Flooding/Data/harris_county/catalogs/events/imelda_2019/event_wind/README_HYDROMT_DATA_CATALOGS.md
/proj/zefflab/projects/Flooding/pipeline/web_launcher/_audit_reports/hydromt_yaml_state_audit_20260612_183824.txt,78,OLD_PROJ_DATA_ROOT,LIKELY_DOC_OR_LINK,/proj/zefflab/projects/Flooding/Data/harris_county/catalogs/events_reduced/beryl_2024/event_wind/README_HYDROMT_DATA_CATALOGS.md,/users/e/p/epsilon/Data/Data/harris_county/catalogs/events_reduced/beryl_2024/event_wind/README_HYDROMT_DATA_CATALOGS.md,False,,- /proj/zefflab/projects/Flooding/Data/harris_county/catalogs/events/imelda_2019/event_wind/README_HYDROMT_DATA_CATALOGS.md
/proj/zefflab/projects/Flooding/pipeline/web_launcher/_audit_reports/hydromt_yaml_state_audit_20260612_183824.txt,78,OLD_PROJ_DATA_ROOT,LIKELY_DOC_OR_LINK,/proj/zefflab/projects/Flooding/Data/harris_county/catalogs/events_reduced/harvey_2017/event_wind/README_HYDROMT_DATA_CATALOGS.md,/users/e/p/epsilon/Data/Data/harris_county/catalogs/events_reduced/harvey_2017/event_wind/README_HYDROMT_DATA_CATALOGS.md,False,,- /proj/zefflab/projects/Flooding/Data/harris_county/catalogs/events/imelda_2019/event_wind/README_HYDROMT_DATA_CATALOGS.md
/proj/zefflab/projects/Flooding/pipeline/web_launcher/_audit_reports/hydromt_yaml_state_audit_20260612_183824.txt,78,OLD_PROJ_DATA_ROOT,LIKELY_DOC_OR_LINK,/proj/zefflab/projects/Flooding/Data/harris_county/catalogs/events_reduced/harvey_2017_full/event_wind/README_HYDROMT_DATA_CATALOGS.md,/users/e/p/epsilon/Data/Data/harris_county/catalogs/events_reduced/harvey_2017_full/event_wind/README_HYDROMT_DATA_CATALOGS.md,False,,- /proj/zefflab/projects/Flooding/Data/harris_county/catalogs/events/imelda_2019/event_wind/README_HYDROMT_DATA_CATALOGS.md
/proj/zefflab/projects/Flooding/pipeline/web_launcher/_audit_reports/hydromt_yaml_state_audit_20260612_183824.txt,78,OLD_PROJ_DATA_ROOT,LIKELY_DOC_OR_LINK,/proj/zefflab/projects/Flooding/Data/harris_county/catalogs/events_reduced/imelda_2019/event_wind/README_HYDROMT_DATA_CATALOGS.md,/users/e/p/epsilon/Data/Data/harris_county/catalogs/events_reduced/imelda_2019/event_wind/README_HYDROMT_DATA_CATALOGS.md,False,,- /proj/zefflab/projects/Flooding/Data/harris_county/catalogs/events/imelda_2019/event_wind/README_HYDROMT_DATA_CATALOGS.md
/proj/zefflab/projects/Flooding/pipeline/web_launcher/_audit_reports/hydromt_yaml_state_audit_20260612_183824.txt,78,OLD_PROJ_DATA_ROOT,LIKELY_DOC_OR_LINK,/proj/zefflab/projects/Flooding/Data/harris_county/catalogs/static/harris_county/bathy/README_HYDROMT_DATA_CATALOGS.md,/users/e/p/epsilon/Data/Data/harris_county/catalogs/static/harris_county/bathy/README_HYDROMT_DATA_CATALOGS.md,False,,- /proj/zefflab/projects/Flooding/Data/harris_county/catalogs/events/imelda_2019/event_wind/README_HYDROMT_DATA_CATALOGS.md
/proj/zefflab/projects/Flooding/pipeline/web_launcher/_audit_reports/hydromt_yaml_state_audit_20260612_183824.txt,78,OLD_PROJ_DATA_ROOT,LIKELY_DOC_OR_LINK,/proj/zefflab/projects/Flooding/Data/harris_county/catalogs/static/harris_county/boundary_points_static/README_HYDROMT_DATA_CATALOGS.md,/users/e/p/epsilon/Data/Data/harris_county/catalogs/static/harris_county/boundary_points_static/README_HYDROMT_DATA_CATALOGS.md,False,,- /proj/zefflab/projects/Flooding/Data/harris_county/catalogs/events/imelda_2019/event_wind/README_HYDROMT_DATA_CATALOGS.md
/proj/zefflab/projects/Flooding/pipeline/web_launcher/_audit_reports/hydromt_yaml_state_audit_20260612_183824.txt,78,OLD_PROJ_DATA_ROOT,LIKELY_DOC_OR_LINK,/proj/zefflab/projects/Flooding/Data/harris_county/catalogs/static/harris_county/curve_number/README_HYDROMT_DATA_CATALOGS.md,/users/e/p/epsilon/Data/Data/harris_county/catalogs/static/harris_county/curve_number/README_HYDROMT_DATA_CATALOGS.md,False,,- /proj/zefflab/projects/Flooding/Data/harris_county/catalogs/events/imelda_2019/event_wind/README_HYDROMT_DATA_CATALOGS.md
/proj/zefflab/projects/Flooding/pipeline/web_launcher/_audit_reports/hydromt_yaml_state_audit_20260612_183824.txt,79,OLD_PROJ_DATA_ROOT,LIKELY_DOC_OR_LINK,/proj/zefflab/projects/Flooding/Data/harris_county/catalogs/events/beryl_2024/event_wind/README_HYDROMT_DATA_CATALOGS.md,/users/e/p/epsilon/Data/Data/harris_county/catalogs/events/beryl_2024/event_wind/README_HYDROMT_DATA_CATALOGS.md,False,,- /proj/zefflab/projects/Flooding/Data/harris_county/catalogs/events_reduced/beryl_2024/event_pressure/README_HYDROMT_DATA_CATALOGS.md
/proj/zefflab/projects/Flooding/pipeline/web_launcher/_audit_reports/hydromt_yaml_state_audit_20260612_183824.txt,79,OLD_PROJ_DATA_ROOT,LIKELY_DOC_OR_LINK,/proj/zefflab/projects/Flooding/Data/harris_county/catalogs/events/flood_2009_04/event_pressure/README_HYDROMT_DATA_CATALOGS.md,/users/e/p/epsilon/Data/Data/harris_county/catalogs/events/flood_2009_04/event_pressure/README_HYDROMT_DATA_CATALOGS.md,False,,- /proj/zefflab/projects/Flooding/Data/harris_county/catalogs/events_reduced/beryl_2024/event_pressure/README_HYDROMT_DATA_CATALOGS.md
/proj/zefflab/projects/Flooding/pipeline/web_launcher/_audit_reports/hydromt_yaml_state_audit_20260612_183824.txt,79,OLD_PROJ_DATA_ROOT,LIKELY_DOC_OR_LINK,/proj/zefflab/projects/Flooding/Data/harris_county/catalogs/events/harvey_2017/event_wind/README_HYDROMT_DATA_CATALOGS.md,/users/e/p/epsilon/Data/Data/harris_county/catalogs/events/harvey_2017/event_wind/README_HYDROMT_DATA_CATALOGS.md,False,,- /proj/zefflab/projects/Flooding/Data/harris_county/catalogs/events_reduced/beryl_2024/event_pressure/README_HYDROMT_DATA_CATALOGS.md
/proj/zefflab/projects/Flooding/pipeline/web_launcher/_audit_reports/hydromt_yaml_state_audit_20260612_183824.txt,79,OLD_PROJ_DATA_ROOT,LIKELY_DOC_OR_LINK,/proj/zefflab/projects/Flooding/Data/harris_county/catalogs/events/harvey_2017_full/event_wind/README_HYDROMT_DATA_CATALOGS.md,/users/e/p/epsilon/Data/Data/harris_county/catalogs/events/harvey_2017_full/event_wind/README_HYDROMT_DATA_CATALOGS.md,False,,- /proj/zefflab/projects/Flooding/Data/harris_county/catalogs/events_reduced/beryl_2024/event_pressure/README_HYDROMT_DATA_CATALOGS.md
/proj/zefflab/projects/Flooding/pipeline/web_launcher/_audit_reports/hydromt_yaml_state_audit_20260612_183824.txt,79,OLD_PROJ_DATA_ROOT,LIKELY_DOC_OR_LINK,/proj/zefflab/projects/Flooding/Data/harris_county/catalogs/events/harvey_2017_mrms/_manifests/boundary_table_audit/README_HYDROMT_DATA_CATALOGS.md,/users/e/p/epsilon/Data/Data/harris_county/catalogs/events/harvey_2017_mrms/_manifests/boundary_table_audit/README_HYDROMT_DATA_CATALOGS.md,False,,- /proj/zefflab/projects/Flooding/Data/harris_county/catalogs/events_reduced/beryl_2024/event_pressure/README_HYDROMT_DATA_CATALOGS.md
/proj/zefflab/projects/Flooding/pipeline/web_launcher/_audit_reports/hydromt_yaml_state_audit_20260612_183824.txt,79,OLD_PROJ_DATA_ROOT,LIKELY_DOC_OR_LINK,/proj/zefflab/projects/Flooding/Data/harris_county/catalogs/events/harvey_2017_mrms/event_validation_lines/reviewed_crs_lines/review_figures/README_HYDROMT_DATA_CATALOGS.md,/users/e/p/epsilon/Data/Data/harris_county/catalogs/events/harvey_2017_mrms/event_validation_lines/reviewed_crs_lines/review_figures/README_HYDROMT_DATA_CATALOGS.md,False,,- /proj/zefflab/projects/Flooding/Data/harris_county/catalogs/events_reduced/beryl_2024/event_pressure/README_HYDROMT_DATA_CATALOGS.md
/proj/zefflab/projects/Flooding/pipeline/web_launcher/_audit_reports/hydromt_yaml_state_audit_20260612_183824.txt,79,OLD_PROJ_DATA_ROOT,LIKELY_DOC_OR_LINK,/proj/zefflab/projects/Flooding/Data/harris_county/catalogs/events/harvey_2017_ppe/restarts/README_HYDROMT_DATA_CATALOGS.md,/users/e/p/epsilon/Data/Data/harris_county/catalogs/events/harvey_2017_ppe/restarts/README_HYDROMT_DATA_CATALOGS.md,False,,- /proj/zefflab/projects/Flooding/Data/harris_county/catalogs/events_reduced/beryl_2024/event_pressure/README_HYDROMT_DATA_CATALOGS.md
/proj/zefflab/projects/Flooding/pipeline/web_launcher/_audit_reports/hydromt_yaml_state_audit_20260612_183824.txt,79,OLD_PROJ_DATA_ROOT,LIKELY_DOC_OR_LINK,/proj/zefflab/projects/Flooding/Data/harris_county/catalogs/events/imelda_2019/event_wind/README_HYDROMT_DATA_CATALOGS.md,/users/e/p/epsilon/Data/Data/harris_county/catalogs/events/imelda_2019/event_wind/README_HYDROMT_DATA_CATALOGS.md,False,,- /proj/zefflab/projects/Flooding/Data/harris_county/catalogs/events_reduced/beryl_2024/event_pressure/README_HYDROMT_DATA_CATALOGS.md
/proj/zefflab/projects/Flooding/pipeline/web_launcher/_audit_reports/hydromt_yaml_state_audit_20260612_183824.txt,79,OLD_PROJ_DATA_ROOT,LIKELY_DOC_OR_LINK,/proj/zefflab/projects/Flooding/Data/harris_county/catalogs/events_reduced/beryl_2024/event_pressure/README_HYDROMT_DATA_CATALOGS.md,/users/e/p/epsilon/Data/Data/harris_county/catalogs/events_reduced/beryl_2024/event_pressure/README_HYDROMT_DATA_CATALOGS.md,False,,- /proj/zefflab/projects/Flooding/Data/harris_county/catalogs/events_reduced/beryl_2024/event_pressure/README_HYDROMT_DATA_CATALOGS.md
/proj/zefflab/projects/Flooding/pipeline/web_launcher/_audit_reports/hydromt_yaml_state_audit_20260612_183824.txt,79,OLD_PROJ_DATA_ROOT,LIKELY_DOC_OR_LINK,/proj/zefflab/projects/Flooding/Data/harris_county/catalogs/events_reduced/beryl_2024/event_wind/README_HYDROMT_DATA_CATALOGS.md,/users/e/p/epsilon/Data/Data/harris_county/catalogs/events_reduced/beryl_2024/event_wind/README_HYDROMT_DATA_CATALOGS.md,False,,- /proj/zefflab/projects/Flooding/Data/harris_county/catalogs/events_reduced/beryl_2024/event_pressure/README_HYDROMT_DATA_CATALOGS.md
/proj/zefflab/projects/Flooding/pipeline/web_launcher/_audit_reports/hydromt_yaml_state_audit_20260612_183824.txt,79,OLD_PROJ_DATA_ROOT,LIKELY_DOC_OR_LINK,/proj/zefflab/projects/Flooding/Data/harris_county/catalogs/events_reduced/harvey_2017/event_wind/README_HYDROMT_DATA_CATALOGS.md,/users/e/p/epsilon/Data/Data/harris_county/catalogs/events_reduced/harvey_2017/event_wind/README_HYDROMT_DATA_CATALOGS.md,False,,- /proj/zefflab/projects/Flooding/Data/harris_county/catalogs/events_reduced/beryl_2024/event_pressure/README_HYDROMT_DATA_CATALOGS.md
/proj/zefflab/projects/Flooding/pipeline/web_launcher/_audit_reports/hydromt_yaml_state_audit_20260612_183824.txt,79,OLD_PROJ_DATA_ROOT,LIKELY_DOC_OR_LINK,/proj/zefflab/projects/Flooding/Data/harris_county/catalogs/events_reduced/harvey_2017_full/event_wind/README_HYDROMT_DATA_CATALOGS.md,/users/e/p/epsilon/Data/Data/harris_county/catalogs/events_reduced/harvey_2017_full/event_wind/README_HYDROMT_DATA_CATALOGS.md,False,,- /proj/zefflab/projects/Flooding/Data/harris_county/catalogs/events_reduced/beryl_2024/event_pressure/README_HYDROMT_DATA_CATALOGS.md
/proj/zefflab/projects/Flooding/pipeline/web_launcher/_audit_reports/hydromt_yaml_state_audit_20260612_183824.txt,79,OLD_PROJ_DATA_ROOT,LIKELY_DOC_OR_LINK,/proj/zefflab/projects/Flooding/Data/harris_county/catalogs/events_reduced/imelda_2019/event_wind/README_HYDROMT_DATA_CATALOGS.md,/users/e/p/epsilon/Data/Data/harris_county/catalogs/events_reduced/imelda_2019/event_wind/README_HYDROMT_DATA_CATALOGS.md,False,,- /proj/zefflab/projects/Flooding/Data/harris_county/catalogs/events_reduced/beryl_2024/event_pressure/README_HYDROMT_DATA_CATALOGS.md
/proj/zefflab/projects/Flooding/pipeline/web_launcher/_audit_reports/hydromt_yaml_state_audit_20260612_183824.txt,79,OLD_PROJ_DATA_ROOT,LIKELY_DOC_OR_LINK,/proj/zefflab/projects/Flooding/Data/harris_county/catalogs/static/harris_county/bathy/README_HYDROMT_DATA_CATALOGS.md,/users/e/p/epsilon/Data/Data/harris_county/catalogs/static/harris_county/bathy/README_HYDROMT_DATA_CATALOGS.md,False,,- /proj/zefflab/projects/Flooding/Data/harris_county/catalogs/events_reduced/beryl_2024/event_pressure/README_HYDROMT_DATA_CATALOGS.md
/proj/zefflab/projects/Flooding/pipeline/web_launcher/_audit_reports/hydromt_yaml_state_audit_20260612_183824.txt,79,OLD_PROJ_DATA_ROOT,LIKELY_DOC_OR_LINK,/proj/zefflab/projects/Flooding/Data/harris_county/catalogs/static/harris_county/boundary_points_static/README_HYDROMT_DATA_CATALOGS.md,/users/e/p/epsilon/Data/Data/harris_county/catalogs/static/harris_county/boundary_points_static/README_HYDROMT_DATA_CATALOGS.md,False,,- /proj/zefflab/projects/Flooding/Data/harris_county/catalogs/events_reduced/beryl_2024/event_pressure/README_HYDROMT_DATA_CATALOGS.md
/proj/zefflab/projects/Flooding/pipeline/web_launcher/_audit_reports/hydromt_yaml_state_audit_20260612_183824.txt,79,OLD_PROJ_DATA_ROOT,LIKELY_DOC_OR_LINK,/proj/zefflab/projects/Flooding/Data/harris_county/catalogs/static/harris_county/curve_number/README_HYDROMT_DATA_CATALOGS.md,/users/e/p/epsilon/Data/Data/harris_county/catalogs/static/harris_county/curve_number/README_HYDROMT_DATA_CATALOGS.md,False,,- /proj/zefflab/projects/Flooding/Data/harris_county/catalogs/events_reduced/beryl_2024/event_pressure/README_HYDROMT_DATA_CATALOGS.md
/proj/zefflab/projects/Flooding/pipeline/web_launcher/_audit_reports/hydromt_yaml_state_audit_20260612_183824.txt,80,OLD_PROJ_DATA_ROOT,LIKELY_DOC_OR_LINK,/proj/zefflab/projects/Flooding/Data/harris_county/catalogs/_retired_active_hydromt_yamls_20260612_183817/events/harvey_2017_mrms/event_metadata/hydromt_data.yml,/users/e/p/epsilon/Data/Data/harris_county/catalogs/_retired_active_hydromt_yamls_20260612_183817/events/harvey_2017_mrms/event_metadata/hydromt_data.yml,False,,- /proj/zefflab/projects/Flooding/Data/harris_county/catalogs/events_reduced/beryl_2024/event_wind/README_HYDROMT_DATA_CATALOGS.md
/proj/zefflab/projects/Flooding/pipeline/web_launcher/_audit_reports/hydromt_yaml_state_audit_20260612_183824.txt,80,OLD_PROJ_DATA_ROOT,LIKELY_DOC_OR_LINK,/proj/zefflab/projects/Flooding/Data/harris_county/catalogs/events/flood_2009_04/event_pressure/README_HYDROMT_DATA_CATALOGS.md,/users/e/p/epsilon/Data/Data/harris_county/catalogs/events/flood_2009_04/event_pressure/README_HYDROMT_DATA_CATALOGS.md,False,,- /proj/zefflab/projects/Flooding/Data/harris_county/catalogs/events_reduced/beryl_2024/event_wind/README_HYDROMT_DATA_CATALOGS.md
/proj/zefflab/projects/Flooding/pipeline/web_launcher/_audit_reports/hydromt_yaml_state_audit_20260612_183824.txt,80,OLD_PROJ_DATA_ROOT,LIKELY_DOC_OR_LINK,/proj/zefflab/projects/Flooding/Data/harris_county/catalogs/events/harvey_2017/event_wind/README_HYDROMT_DATA_CATALOGS.md,/users/e/p/epsilon/Data/Data/harris_county/catalogs/events/harvey_2017/event_wind/README_HYDROMT_DATA_CATALOGS.md,False,,- /proj/zefflab/projects/Flooding/Data/harris_county/catalogs/events_reduced/beryl_2024/event_wind/README_HYDROMT_DATA_CATALOGS.md
/proj/zefflab/projects/Flooding/pipeline/web_launcher/_audit_reports/hydromt_yaml_state_audit_20260612_183824.txt,80,OLD_PROJ_DATA_ROOT,LIKELY_DOC_OR_LINK,/proj/zefflab/projects/Flooding/Data/harris_county/catalogs/events/harvey_2017_full/event_wind/README_HYDROMT_DATA_CATALOGS.md,/users/e/p/epsilon/Data/Data/harris_county/catalogs/events/harvey_2017_full/event_wind/README_HYDROMT_DATA_CATALOGS.md,False,,- /proj/zefflab/projects/Flooding/Data/harris_county/catalogs/events_reduced/beryl_2024/event_wind/README_HYDROMT_DATA_CATALOGS.md
/proj/zefflab/projects/Flooding/pipeline/web_launcher/_audit_reports/hydromt_yaml_state_audit_20260612_183824.txt,80,OLD_PROJ_DATA_ROOT,LIKELY_DOC_OR_LINK,/proj/zefflab/projects/Flooding/Data/harris_county/catalogs/events/harvey_2017_mrms/_manifests/boundary_table_audit/README_HYDROMT_DATA_CATALOGS.md,/users/e/p/epsilon/Data/Data/harris_county/catalogs/events/harvey_2017_mrms/_manifests/boundary_table_audit/README_HYDROMT_DATA_CATALOGS.md,False,,- /proj/zefflab/projects/Flooding/Data/harris_county/catalogs/events_reduced/beryl_2024/event_wind/README_HYDROMT_DATA_CATALOGS.md
/proj/zefflab/projects/Flooding/pipeline/web_launcher/_audit_reports/hydromt_yaml_state_audit_20260612_183824.txt,80,OLD_PROJ_DATA_ROOT,LIKELY_DOC_OR_LINK,/proj/zefflab/projects/Flooding/Data/harris_county/catalogs/events/harvey_2017_mrms/event_validation_lines/reviewed_crs_lines/review_figures/README_HYDROMT_DATA_CATALOGS.md,/users/e/p/epsilon/Data/Data/harris_county/catalogs/events/harvey_2017_mrms/event_validation_lines/reviewed_crs_lines/review_figures/README_HYDROMT_DATA_CATALOGS.md,False,,- /proj/zefflab/projects/Flooding/Data/harris_county/catalogs/events_reduced/beryl_2024/event_wind/README_HYDROMT_DATA_CATALOGS.md
/proj/zefflab/projects/Flooding/pipeline/web_launcher/_audit_reports/hydromt_yaml_state_audit_20260612_183824.txt,80,OLD_PROJ_DATA_ROOT,LIKELY_DOC_OR_LINK,/proj/zefflab/projects/Flooding/Data/harris_county/catalogs/events/harvey_2017_ppe/restarts/README_HYDROMT_DATA_CATALOGS.md,/users/e/p/epsilon/Data/Data/harris_county/catalogs/events/harvey_2017_ppe/restarts/README_HYDROMT_DATA_CATALOGS.md,False,,- /proj/zefflab/projects/Flooding/Data/harris_county/catalogs/events_reduced/beryl_2024/event_wind/README_HYDROMT_DATA_CATALOGS.md
/proj/zefflab/projects/Flooding/pipeline/web_launcher/_audit_reports/hydromt_yaml_state_audit_20260612_183824.txt,80,OLD_PROJ_DATA_ROOT,LIKELY_DOC_OR_LINK,/proj/zefflab/projects/Flooding/Data/harris_county/catalogs/events/imelda_2019/event_wind/README_HYDROMT_DATA_CATALOGS.md,/users/e/p/epsilon/Data/Data/harris_county/catalogs/events/imelda_2019/event_wind/README_HYDROMT_DATA_CATALOGS.md,False,,- /proj/zefflab/projects/Flooding/Data/harris_county/catalogs/events_reduced/beryl_2024/event_wind/README_HYDROMT_DATA_CATALOGS.md
/proj/zefflab/projects/Flooding/pipeline/web_launcher/_audit_reports/hydromt_yaml_state_audit_20260612_183824.txt,80,OLD_PROJ_DATA_ROOT,LIKELY_DOC_OR_LINK,/proj/zefflab/projects/Flooding/Data/harris_county/catalogs/events_reduced/beryl_2024/event_pressure/README_HYDROMT_DATA_CATALOGS.md,/users/e/p/epsilon/Data/Data/harris_county/catalogs/events_reduced/beryl_2024/event_pressure/README_HYDROMT_DATA_CATALOGS.md,False,,- /proj/zefflab/projects/Flooding/Data/harris_county/catalogs/events_reduced/beryl_2024/event_wind/README_HYDROMT_DATA_CATALOGS.md
/proj/zefflab/projects/Flooding/pipeline/web_launcher/_audit_reports/hydromt_yaml_state_audit_20260612_183824.txt,80,OLD_PROJ_DATA_ROOT,LIKELY_DOC_OR_LINK,/proj/zefflab/projects/Flooding/Data/harris_county/catalogs/events_reduced/beryl_2024/event_wind/README_HYDROMT_DATA_CATALOGS.md,/users/e/p/epsilon/Data/Data/harris_county/catalogs/events_reduced/beryl_2024/event_wind/README_HYDROMT_DATA_CATALOGS.md,False,,- /proj/zefflab/projects/Flooding/Data/harris_county/catalogs/events_reduced/beryl_2024/event_wind/README_HYDROMT_DATA_CATALOGS.md
/proj/zefflab/projects/Flooding/pipeline/web_launcher/_audit_reports/hydromt_yaml_state_audit_20260612_183824.txt,80,OLD_PROJ_DATA_ROOT,LIKELY_DOC_OR_LINK,/proj/zefflab/projects/Flooding/Data/harris_county/catalogs/events_reduced/harvey_2017/event_wind/README_HYDROMT_DATA_CATALOGS.md,/users/e/p/epsilon/Data/Data/harris_county/catalogs/events_reduced/harvey_2017/event_wind/README_HYDROMT_DATA_CATALOGS.md,False,,- /proj/zefflab/projects/Flooding/Data/harris_county/catalogs/events_reduced/beryl_2024/event_wind/README_HYDROMT_DATA_CATALOGS.md
/proj/zefflab/projects/Flooding/pipeline/web_launcher/_audit_reports/hydromt_yaml_state_audit_20260612_183824.txt,80,OLD_PROJ_DATA_ROOT,LIKELY_DOC_OR_LINK,/proj/zefflab/projects/Flooding/Data/harris_county/catalogs/events_reduced/harvey_2017_full/event_wind/README_HYDROMT_DATA_CATALOGS.md,/users/e/p/epsilon/Data/Data/harris_county/catalogs/events_reduced/harvey_2017_full/event_wind/README_HYDROMT_DATA_CATALOGS.md,False,,- /proj/zefflab/projects/Flooding/Data/harris_county/catalogs/events_reduced/beryl_2024/event_wind/README_HYDROMT_DATA_CATALOGS.md
/proj/zefflab/projects/Flooding/pipeline/web_launcher/_audit_reports/hydromt_yaml_state_audit_20260612_183824.txt,80,OLD_PROJ_DATA_ROOT,LIKELY_DOC_OR_LINK,/proj/zefflab/projects/Flooding/Data/harris_county/catalogs/events_reduced/imelda_2019/event_wind/README_HYDROMT_DATA_CATALOGS.md,/users/e/p/epsilon/Data/Data/harris_county/catalogs/events_reduced/imelda_2019/event_wind/README_HYDROMT_DATA_CATALOGS.md,False,,- /proj/zefflab/projects/Flooding/Data/harris_county/catalogs/events_reduced/beryl_2024/event_wind/README_HYDROMT_DATA_CATALOGS.md
/proj/zefflab/projects/Flooding/pipeline/web_launcher/_audit_reports/hydromt_yaml_state_audit_20260612_183824.txt,80,OLD_PROJ_DATA_ROOT,LIKELY_DOC_OR_LINK,/proj/zefflab/projects/Flooding/Data/harris_county/catalogs/static/harris_county/bathy/README_HYDROMT_DATA_CATALOGS.md,/users/e/p/epsilon/Data/Data/harris_county/catalogs/static/harris_county/bathy/README_HYDROMT_DATA_CATALOGS.md,False,,- /proj/zefflab/projects/Flooding/Data/harris_county/catalogs/events_reduced/beryl_2024/event_wind/README_HYDROMT_DATA_CATALOGS.md
/proj/zefflab/projects/Flooding/pipeline/web_launcher/_audit_reports/hydromt_yaml_state_audit_20260612_183824.txt,80,OLD_PROJ_DATA_ROOT,LIKELY_DOC_OR_LINK,/proj/zefflab/projects/Flooding/Data/harris_county/catalogs/static/harris_county/boundary_points_static/README_HYDROMT_DATA_CATALOGS.md,/users/e/p/epsilon/Data/Data/harris_county/catalogs/static/harris_county/boundary_points_static/README_HYDROMT_DATA_CATALOGS.md,False,,- /proj/zefflab/projects/Flooding/Data/harris_county/catalogs/events_reduced/beryl_2024/event_wind/README_HYDROMT_DATA_CATALOGS.md
/proj/zefflab/projects/Flooding/pipeline/web_launcher/_audit_reports/hydromt_yaml_state_audit_20260612_183824.txt,80,OLD_PROJ_DATA_ROOT,LIKELY_DOC_OR_LINK,/proj/zefflab/projects/Flooding/Data/harris_county/catalogs/static/harris_county/curve_number/README_HYDROMT_DATA_CATALOGS.md,/users/e/p/epsilon/Data/Data/harris_county/catalogs/static/harris_county/curve_number/README_HYDROMT_DATA_CATALOGS.md,False,,- /proj/zefflab/projects/Flooding/Data/harris_county/catalogs/events_reduced/beryl_2024/event_wind/README_HYDROMT_DATA_CATALOGS.md
/proj/zefflab/projects/Flooding/pipeline/web_launcher/_audit_reports/hydromt_yaml_state_audit_20260612_183824.txt,81,OLD_PROJ_DATA_ROOT,LIKELY_DOC_OR_LINK,/proj/zefflab/projects/Flooding/Data/harris_county/catalogs/_retired_active_hydromt_yamls_20260612_183817/events/harvey_2017_mrms/event_metadata/hydromt_data.yml,/users/e/p/epsilon/Data/Data/harris_county/catalogs/_retired_active_hydromt_yamls_20260612_183817/events/harvey_2017_mrms/event_metadata/hydromt_data.yml,False,,- /proj/zefflab/projects/Flooding/Data/harris_county/catalogs/events_reduced/harvey_2017/event_wind/README_HYDROMT_DATA_CATALOGS.md
/proj/zefflab/projects/Flooding/pipeline/web_launcher/_audit_reports/hydromt_yaml_state_audit_20260612_183824.txt,81,OLD_PROJ_DATA_ROOT,LIKELY_DOC_OR_LINK,/proj/zefflab/projects/Flooding/Data/harris_county/catalogs/_retired_active_hydromt_yamls_20260612_183817/static/harris_county/static_metadata/hydromt_data.yml,/users/e/p/epsilon/Data/Data/harris_county/catalogs/_retired_active_hydromt_yamls_20260612_183817/static/harris_county/static_metadata/hydromt_data.yml,False,,- /proj/zefflab/projects/Flooding/Data/harris_county/catalogs/events_reduced/harvey_2017/event_wind/README_HYDROMT_DATA_CATALOGS.md
/proj/zefflab/projects/Flooding/pipeline/web_launcher/_audit_reports/hydromt_yaml_state_audit_20260612_183824.txt,81,OLD_PROJ_DATA_ROOT,LIKELY_DOC_OR_LINK,/proj/zefflab/projects/Flooding/Data/harris_county/catalogs/events/harvey_2017/event_wind/README_HYDROMT_DATA_CATALOGS.md,/users/e/p/epsilon/Data/Data/harris_county/catalogs/events/harvey_2017/event_wind/README_HYDROMT_DATA_CATALOGS.md,False,,- /proj/zefflab/projects/Flooding/Data/harris_county/catalogs/events_reduced/harvey_2017/event_wind/README_HYDROMT_DATA_CATALOGS.md
/proj/zefflab/projects/Flooding/pipeline/web_launcher/_audit_reports/hydromt_yaml_state_audit_20260612_183824.txt,81,OLD_PROJ_DATA_ROOT,LIKELY_DOC_OR_LINK,/proj/zefflab/projects/Flooding/Data/harris_county/catalogs/events/harvey_2017_full/event_wind/README_HYDROMT_DATA_CATALOGS.md,/users/e/p/epsilon/Data/Data/harris_county/catalogs/events/harvey_2017_full/event_wind/README_HYDROMT_DATA_CATALOGS.md,False,,- /proj/zefflab/projects/Flooding/Data/harris_county/catalogs/events_reduced/harvey_2017/event_wind/README_HYDROMT_DATA_CATALOGS.md
/proj/zefflab/projects/Flooding/pipeline/web_launcher/_audit_reports/hydromt_yaml_state_audit_20260612_183824.txt,81,OLD_PROJ_DATA_ROOT,LIKELY_DOC_OR_LINK,/proj/zefflab/projects/Flooding/Data/harris_county/catalogs/events/harvey_2017_mrms/_manifests/boundary_table_audit/README_HYDROMT_DATA_CATALOGS.md,/users/e/p/epsilon/Data/Data/harris_county/catalogs/events/harvey_2017_mrms/_manifests/boundary_table_audit/README_HYDROMT_DATA_CATALOGS.md,False,,- /proj/zefflab/projects/Flooding/Data/harris_county/catalogs/events_reduced/harvey_2017/event_wind/README_HYDROMT_DATA_CATALOGS.md
/proj/zefflab/projects/Flooding/pipeline/web_launcher/_audit_reports/hydromt_yaml_state_audit_20260612_183824.txt,81,OLD_PROJ_DATA_ROOT,LIKELY_DOC_OR_LINK,/proj/zefflab/projects/Flooding/Data/harris_county/catalogs/events/harvey_2017_mrms/event_validation_lines/reviewed_crs_lines/review_figures/README_HYDROMT_DATA_CATALOGS.md,/users/e/p/epsilon/Data/Data/harris_county/catalogs/events/harvey_2017_mrms/event_validation_lines/reviewed_crs_lines/review_figures/README_HYDROMT_DATA_CATALOGS.md,False,,- /proj/zefflab/projects/Flooding/Data/harris_county/catalogs/events_reduced/harvey_2017/event_wind/README_HYDROMT_DATA_CATALOGS.md
/proj/zefflab/projects/Flooding/pipeline/web_launcher/_audit_reports/hydromt_yaml_state_audit_20260612_183824.txt,81,OLD_PROJ_DATA_ROOT,LIKELY_DOC_OR_LINK,/proj/zefflab/projects/Flooding/Data/harris_county/catalogs/events/harvey_2017_ppe/restarts/README_HYDROMT_DATA_CATALOGS.md,/users/e/p/epsilon/Data/Data/harris_county/catalogs/events/harvey_2017_ppe/restarts/README_HYDROMT_DATA_CATALOGS.md,False,,- /proj/zefflab/projects/Flooding/Data/harris_county/catalogs/events_reduced/harvey_2017/event_wind/README_HYDROMT_DATA_CATALOGS.md
/proj/zefflab/projects/Flooding/pipeline/web_launcher/_audit_reports/hydromt_yaml_state_audit_20260612_183824.txt,81,OLD_PROJ_DATA_ROOT,LIKELY_DOC_OR_LINK,/proj/zefflab/projects/Flooding/Data/harris_county/catalogs/events/imelda_2019/event_wind/README_HYDROMT_DATA_CATALOGS.md,/users/e/p/epsilon/Data/Data/harris_county/catalogs/events/imelda_2019/event_wind/README_HYDROMT_DATA_CATALOGS.md,False,,- /proj/zefflab/projects/Flooding/Data/harris_county/catalogs/events_reduced/harvey_2017/event_wind/README_HYDROMT_DATA_CATALOGS.md
/proj/zefflab/projects/Flooding/pipeline/web_launcher/_audit_reports/hydromt_yaml_state_audit_20260612_183824.txt,81,OLD_PROJ_DATA_ROOT,LIKELY_DOC_OR_LINK,/proj/zefflab/projects/Flooding/Data/harris_county/catalogs/events_reduced/beryl_2024/event_pressure/README_HYDROMT_DATA_CATALOGS.md,/users/e/p/epsilon/Data/Data/harris_county/catalogs/events_reduced/beryl_2024/event_pressure/README_HYDROMT_DATA_CATALOGS.md,False,,- /proj/zefflab/projects/Flooding/Data/harris_county/catalogs/events_reduced/harvey_2017/event_wind/README_HYDROMT_DATA_CATALOGS.md
/proj/zefflab/projects/Flooding/pipeline/web_launcher/_audit_reports/hydromt_yaml_state_audit_20260612_183824.txt,81,OLD_PROJ_DATA_ROOT,LIKELY_DOC_OR_LINK,/proj/zefflab/projects/Flooding/Data/harris_county/catalogs/events_reduced/beryl_2024/event_wind/README_HYDROMT_DATA_CATALOGS.md,/users/e/p/epsilon/Data/Data/harris_county/catalogs/events_reduced/beryl_2024/event_wind/README_HYDROMT_DATA_CATALOGS.md,False,,- /proj/zefflab/projects/Flooding/Data/harris_county/catalogs/events_reduced/harvey_2017/event_wind/README_HYDROMT_DATA_CATALOGS.md
/proj/zefflab/projects/Flooding/pipeline/web_launcher/_audit_reports/hydromt_yaml_state_audit_20260612_183824.txt,81,OLD_PROJ_DATA_ROOT,LIKELY_DOC_OR_LINK,/proj/zefflab/projects/Flooding/Data/harris_county/catalogs/events_reduced/harvey_2017/event_wind/README_HYDROMT_DATA_CATALOGS.md,/users/e/p/epsilon/Data/Data/harris_county/catalogs/events_reduced/harvey_2017/event_wind/README_HYDROMT_DATA_CATALOGS.md,False,,- /proj/zefflab/projects/Flooding/Data/harris_county/catalogs/events_reduced/harvey_2017/event_wind/README_HYDROMT_DATA_CATALOGS.md
/proj/zefflab/projects/Flooding/pipeline/web_launcher/_audit_reports/hydromt_yaml_state_audit_20260612_183824.txt,81,OLD_PROJ_DATA_ROOT,LIKELY_DOC_OR_LINK,/proj/zefflab/projects/Flooding/Data/harris_county/catalogs/events_reduced/harvey_2017_full/event_wind/README_HYDROMT_DATA_CATALOGS.md,/users/e/p/epsilon/Data/Data/harris_county/catalogs/events_reduced/harvey_2017_full/event_wind/README_HYDROMT_DATA_CATALOGS.md,False,,- /proj/zefflab/projects/Flooding/Data/harris_county/catalogs/events_reduced/harvey_2017/event_wind/README_HYDROMT_DATA_CATALOGS.md
/proj/zefflab/projects/Flooding/pipeline/web_launcher/_audit_reports/hydromt_yaml_state_audit_20260612_183824.txt,81,OLD_PROJ_DATA_ROOT,LIKELY_DOC_OR_LINK,/proj/zefflab/projects/Flooding/Data/harris_county/catalogs/events_reduced/imelda_2019/event_wind/README_HYDROMT_DATA_CATALOGS.md,/users/e/p/epsilon/Data/Data/harris_county/catalogs/events_reduced/imelda_2019/event_wind/README_HYDROMT_DATA_CATALOGS.md,False,,- /proj/zefflab/projects/Flooding/Data/harris_county/catalogs/events_reduced/harvey_2017/event_wind/README_HYDROMT_DATA_CATALOGS.md
/proj/zefflab/projects/Flooding/pipeline/web_launcher/_audit_reports/hydromt_yaml_state_audit_20260612_183824.txt,81,OLD_PROJ_DATA_ROOT,LIKELY_DOC_OR_LINK,/proj/zefflab/projects/Flooding/Data/harris_county/catalogs/static/harris_county/bathy/README_HYDROMT_DATA_CATALOGS.md,/users/e/p/epsilon/Data/Data/harris_county/catalogs/static/harris_county/bathy/README_HYDROMT_DATA_CATALOGS.md,False,,- /proj/zefflab/projects/Flooding/Data/harris_county/catalogs/events_reduced/harvey_2017/event_wind/README_HYDROMT_DATA_CATALOGS.md
/proj/zefflab/projects/Flooding/pipeline/web_launcher/_audit_reports/hydromt_yaml_state_audit_20260612_183824.txt,81,OLD_PROJ_DATA_ROOT,LIKELY_DOC_OR_LINK,/proj/zefflab/projects/Flooding/Data/harris_county/catalogs/static/harris_county/boundary_points_static/README_HYDROMT_DATA_CATALOGS.md,/users/e/p/epsilon/Data/Data/harris_county/catalogs/static/harris_county/boundary_points_static/README_HYDROMT_DATA_CATALOGS.md,False,,- /proj/zefflab/projects/Flooding/Data/harris_county/catalogs/events_reduced/harvey_2017/event_wind/README_HYDROMT_DATA_CATALOGS.md
/proj/zefflab/projects/Flooding/pipeline/web_launcher/_audit_reports/hydromt_yaml_state_audit_20260612_183824.txt,81,OLD_PROJ_DATA_ROOT,LIKELY_DOC_OR_LINK,/proj/zefflab/projects/Flooding/Data/harris_county/catalogs/static/harris_county/curve_number/README_HYDROMT_DATA_CATALOGS.md,/users/e/p/epsilon/Data/Data/harris_county/catalogs/static/harris_county/curve_number/README_HYDROMT_DATA_CATALOGS.md,False,,- /proj/zefflab/projects/Flooding/Data/harris_county/catalogs/events_reduced/harvey_2017/event_wind/README_HYDROMT_DATA_CATALOGS.md
/proj/zefflab/projects/Flooding/pipeline/web_launcher/_audit_reports/hydromt_yaml_state_audit_20260612_183824.txt,82,OLD_PROJ_DATA_ROOT,LIKELY_DOC_OR_LINK,/proj/zefflab/projects/Flooding/Data/harris_county/catalogs/_retired_active_hydromt_yamls_20260612_183817/events/harvey_2017_mrms/event_metadata/hydromt_data.yml,/users/e/p/epsilon/Data/Data/harris_county/catalogs/_retired_active_hydromt_yamls_20260612_183817/events/harvey_2017_mrms/event_metadata/hydromt_data.yml,False,,- /proj/zefflab/projects/Flooding/Data/harris_county/catalogs/events_reduced/harvey_2017_full/event_wind/README_HYDROMT_DATA_CATALOGS.md
/proj/zefflab/projects/Flooding/pipeline/web_launcher/_audit_reports/hydromt_yaml_state_audit_20260612_183824.txt,82,OLD_PROJ_DATA_ROOT,LIKELY_DOC_OR_LINK,/proj/zefflab/projects/Flooding/Data/harris_county/catalogs/_retired_active_hydromt_yamls_20260612_183817/static/harris_county/static_metadata/hydromt_data.yml,/users/e/p/epsilon/Data/Data/harris_county/catalogs/_retired_active_hydromt_yamls_20260612_183817/static/harris_county/static_metadata/hydromt_data.yml,False,,- /proj/zefflab/projects/Flooding/Data/harris_county/catalogs/events_reduced/harvey_2017_full/event_wind/README_HYDROMT_DATA_CATALOGS.md
/proj/zefflab/projects/Flooding/pipeline/web_launcher/_audit_reports/hydromt_yaml_state_audit_20260612_183824.txt,82,OLD_PROJ_DATA_ROOT,LIKELY_DOC_OR_LINK,/proj/zefflab/projects/Flooding/Data/harris_county/catalogs/_yaml_backups/hydromt_yaml_backup_20260612_181807/event_hydromt_data_old.yml,/users/e/p/epsilon/Data/Data/harris_county/catalogs/_yaml_backups/hydromt_yaml_backup_20260612_181807/event_hydromt_data_old.yml,False,,- /proj/zefflab/projects/Flooding/Data/harris_county/catalogs/events_reduced/harvey_2017_full/event_wind/README_HYDROMT_DATA_CATALOGS.md
/proj/zefflab/projects/Flooding/pipeline/web_launcher/_audit_reports/hydromt_yaml_state_audit_20260612_183824.txt,82,OLD_PROJ_DATA_ROOT,LIKELY_DOC_OR_LINK,/proj/zefflab/projects/Flooding/Data/harris_county/catalogs/events/harvey_2017_full/event_wind/README_HYDROMT_DATA_CATALOGS.md,/users/e/p/epsilon/Data/Data/harris_county/catalogs/events/harvey_2017_full/event_wind/README_HYDROMT_DATA_CATALOGS.md,False,,- /proj/zefflab/projects/Flooding/Data/harris_county/catalogs/events_reduced/harvey_2017_full/event_wind/README_HYDROMT_DATA_CATALOGS.md
/proj/zefflab/projects/Flooding/pipeline/web_launcher/_audit_reports/hydromt_yaml_state_audit_20260612_183824.txt,82,OLD_PROJ_DATA_ROOT,LIKELY_DOC_OR_LINK,/proj/zefflab/projects/Flooding/Data/harris_county/catalogs/events/harvey_2017_mrms/_manifests/boundary_table_audit/README_HYDROMT_DATA_CATALOGS.md,/users/e/p/epsilon/Data/Data/harris_county/catalogs/events/harvey_2017_mrms/_manifests/boundary_table_audit/README_HYDROMT_DATA_CATALOGS.md,False,,- /proj/zefflab/projects/Flooding/Data/harris_county/catalogs/events_reduced/harvey_2017_full/event_wind/README_HYDROMT_DATA_CATALOGS.md
/proj/zefflab/projects/Flooding/pipeline/web_launcher/_audit_reports/hydromt_yaml_state_audit_20260612_183824.txt,82,OLD_PROJ_DATA_ROOT,LIKELY_DOC_OR_LINK,/proj/zefflab/projects/Flooding/Data/harris_county/catalogs/events/harvey_2017_mrms/event_validation_lines/reviewed_crs_lines/review_figures/README_HYDROMT_DATA_CATALOGS.md,/users/e/p/epsilon/Data/Data/harris_county/catalogs/events/harvey_2017_mrms/event_validation_lines/reviewed_crs_lines/review_figures/README_HYDROMT_DATA_CATALOGS.md,False,,- /proj/zefflab/projects/Flooding/Data/harris_county/catalogs/events_reduced/harvey_2017_full/event_wind/README_HYDROMT_DATA_CATALOGS.md
/proj/zefflab/projects/Flooding/pipeline/web_launcher/_audit_reports/hydromt_yaml_state_audit_20260612_183824.txt,82,OLD_PROJ_DATA_ROOT,LIKELY_DOC_OR_LINK,/proj/zefflab/projects/Flooding/Data/harris_county/catalogs/events/harvey_2017_ppe/restarts/README_HYDROMT_DATA_CATALOGS.md,/users/e/p/epsilon/Data/Data/harris_county/catalogs/events/harvey_2017_ppe/restarts/README_HYDROMT_DATA_CATALOGS.md,False,,- /proj/zefflab/projects/Flooding/Data/harris_county/catalogs/events_reduced/harvey_2017_full/event_wind/README_HYDROMT_DATA_CATALOGS.md
/proj/zefflab/projects/Flooding/pipeline/web_launcher/_audit_reports/hydromt_yaml_state_audit_20260612_183824.txt,82,OLD_PROJ_DATA_ROOT,LIKELY_DOC_OR_LINK,/proj/zefflab/projects/Flooding/Data/harris_county/catalogs/events/imelda_2019/event_wind/README_HYDROMT_DATA_CATALOGS.md,/users/e/p/epsilon/Data/Data/harris_county/catalogs/events/imelda_2019/event_wind/README_HYDROMT_DATA_CATALOGS.md,False,,- /proj/zefflab/projects/Flooding/Data/harris_county/catalogs/events_reduced/harvey_2017_full/event_wind/README_HYDROMT_DATA_CATALOGS.md
/proj/zefflab/projects/Flooding/pipeline/web_launcher/_audit_reports/hydromt_yaml_state_audit_20260612_183824.txt,82,OLD_PROJ_DATA_ROOT,LIKELY_DOC_OR_LINK,/proj/zefflab/projects/Flooding/Data/harris_county/catalogs/events_reduced/beryl_2024/event_pressure/README_HYDROMT_DATA_CATALOGS.md,/users/e/p/epsilon/Data/Data/harris_county/catalogs/events_reduced/beryl_2024/event_pressure/README_HYDROMT_DATA_CATALOGS.md,False,,- /proj/zefflab/projects/Flooding/Data/harris_county/catalogs/events_reduced/harvey_2017_full/event_wind/README_HYDROMT_DATA_CATALOGS.md
/proj/zefflab/projects/Flooding/pipeline/web_launcher/_audit_reports/hydromt_yaml_state_audit_20260612_183824.txt,82,OLD_PROJ_DATA_ROOT,LIKELY_DOC_OR_LINK,/proj/zefflab/projects/Flooding/Data/harris_county/catalogs/events_reduced/beryl_2024/event_wind/README_HYDROMT_DATA_CATALOGS.md,/users/e/p/epsilon/Data/Data/harris_county/catalogs/events_reduced/beryl_2024/event_wind/README_HYDROMT_DATA_CATALOGS.md,False,,- /proj/zefflab/projects/Flooding/Data/harris_county/catalogs/events_reduced/harvey_2017_full/event_wind/README_HYDROMT_DATA_CATALOGS.md
/proj/zefflab/projects/Flooding/pipeline/web_launcher/_audit_reports/hydromt_yaml_state_audit_20260612_183824.txt,82,OLD_PROJ_DATA_ROOT,LIKELY_DOC_OR_LINK,/proj/zefflab/projects/Flooding/Data/harris_county/catalogs/events_reduced/harvey_2017/event_wind/README_HYDROMT_DATA_CATALOGS.md,/users/e/p/epsilon/Data/Data/harris_county/catalogs/events_reduced/harvey_2017/event_wind/README_HYDROMT_DATA_CATALOGS.md,False,,- /proj/zefflab/projects/Flooding/Data/harris_county/catalogs/events_reduced/harvey_2017_full/event_wind/README_HYDROMT_DATA_CATALOGS.md
/proj/zefflab/projects/Flooding/pipeline/web_launcher/_audit_reports/hydromt_yaml_state_audit_20260612_183824.txt,82,OLD_PROJ_DATA_ROOT,LIKELY_DOC_OR_LINK,/proj/zefflab/projects/Flooding/Data/harris_county/catalogs/events_reduced/harvey_2017_full/event_wind/README_HYDROMT_DATA_CATALOGS.md,/users/e/p/epsilon/Data/Data/harris_county/catalogs/events_reduced/harvey_2017_full/event_wind/README_HYDROMT_DATA_CATALOGS.md,False,,- /proj/zefflab/projects/Flooding/Data/harris_county/catalogs/events_reduced/harvey_2017_full/event_wind/README_HYDROMT_DATA_CATALOGS.md
/proj/zefflab/projects/Flooding/pipeline/web_launcher/_audit_reports/hydromt_yaml_state_audit_20260612_183824.txt,82,OLD_PROJ_DATA_ROOT,LIKELY_DOC_OR_LINK,/proj/zefflab/projects/Flooding/Data/harris_county/catalogs/events_reduced/imelda_2019/event_wind/README_HYDROMT_DATA_CATALOGS.md,/users/e/p/epsilon/Data/Data/harris_county/catalogs/events_reduced/imelda_2019/event_wind/README_HYDROMT_DATA_CATALOGS.md,False,,- /proj/zefflab/projects/Flooding/Data/harris_county/catalogs/events_reduced/harvey_2017_full/event_wind/README_HYDROMT_DATA_CATALOGS.md
/proj/zefflab/projects/Flooding/pipeline/web_launcher/_audit_reports/hydromt_yaml_state_audit_20260612_183824.txt,82,OLD_PROJ_DATA_ROOT,LIKELY_DOC_OR_LINK,/proj/zefflab/projects/Flooding/Data/harris_county/catalogs/static/harris_county/bathy/README_HYDROMT_DATA_CATALOGS.md,/users/e/p/epsilon/Data/Data/harris_county/catalogs/static/harris_county/bathy/README_HYDROMT_DATA_CATALOGS.md,False,,- /proj/zefflab/projects/Flooding/Data/harris_county/catalogs/events_reduced/harvey_2017_full/event_wind/README_HYDROMT_DATA_CATALOGS.md
/proj/zefflab/projects/Flooding/pipeline/web_launcher/_audit_reports/hydromt_yaml_state_audit_20260612_183824.txt,82,OLD_PROJ_DATA_ROOT,LIKELY_DOC_OR_LINK,/proj/zefflab/projects/Flooding/Data/harris_county/catalogs/static/harris_county/boundary_points_static/README_HYDROMT_DATA_CATALOGS.md,/users/e/p/epsilon/Data/Data/harris_county/catalogs/static/harris_county/boundary_points_static/README_HYDROMT_DATA_CATALOGS.md,False,,- /proj/zefflab/projects/Flooding/Data/harris_county/catalogs/events_reduced/harvey_2017_full/event_wind/README_HYDROMT_DATA_CATALOGS.md
/proj/zefflab/projects/Flooding/pipeline/web_launcher/_audit_reports/hydromt_yaml_state_audit_20260612_183824.txt,82,OLD_PROJ_DATA_ROOT,LIKELY_DOC_OR_LINK,/proj/zefflab/projects/Flooding/Data/harris_county/catalogs/static/harris_county/curve_number/README_HYDROMT_DATA_CATALOGS.md,/users/e/p/epsilon/Data/Data/harris_county/catalogs/static/harris_county/curve_number/README_HYDROMT_DATA_CATALOGS.md,False,,- /proj/zefflab/projects/Flooding/Data/harris_county/catalogs/events_reduced/harvey_2017_full/event_wind/README_HYDROMT_DATA_CATALOGS.md
/proj/zefflab/projects/Flooding/pipeline/web_launcher/_audit_reports/hydromt_yaml_state_audit_20260612_183824.txt,83,OLD_PROJ_DATA_ROOT,LIKELY_DOC_OR_LINK,/proj/zefflab/projects/Flooding/Data/harris_county/catalogs/_retired_active_hydromt_yamls_20260612_183817/events/harvey_2017_mrms/event_metadata/hydromt_data.yml,/users/e/p/epsilon/Data/Data/harris_county/catalogs/_retired_active_hydromt_yamls_20260612_183817/events/harvey_2017_mrms/event_metadata/hydromt_data.yml,False,,- /proj/zefflab/projects/Flooding/Data/harris_county/catalogs/events_reduced/imelda_2019/event_wind/README_HYDROMT_DATA_CATALOGS.md
/proj/zefflab/projects/Flooding/pipeline/web_launcher/_audit_reports/hydromt_yaml_state_audit_20260612_183824.txt,83,OLD_PROJ_DATA_ROOT,LIKELY_DOC_OR_LINK,/proj/zefflab/projects/Flooding/Data/harris_county/catalogs/_retired_active_hydromt_yamls_20260612_183817/static/harris_county/static_metadata/hydromt_data.yml,/users/e/p/epsilon/Data/Data/harris_county/catalogs/_retired_active_hydromt_yamls_20260612_183817/static/harris_county/static_metadata/hydromt_data.yml,False,,- /proj/zefflab/projects/Flooding/Data/harris_county/catalogs/events_reduced/imelda_2019/event_wind/README_HYDROMT_DATA_CATALOGS.md
/proj/zefflab/projects/Flooding/pipeline/web_launcher/_audit_reports/hydromt_yaml_state_audit_20260612_183824.txt,83,OLD_PROJ_DATA_ROOT,LIKELY_DOC_OR_LINK,/proj/zefflab/projects/Flooding/Data/harris_county/catalogs/_yaml_backups/hydromt_yaml_backup_20260612_181807/event_hydromt_data_old.yml,/users/e/p/epsilon/Data/Data/harris_county/catalogs/_yaml_backups/hydromt_yaml_backup_20260612_181807/event_hydromt_data_old.yml,False,,- /proj/zefflab/projects/Flooding/Data/harris_county/catalogs/events_reduced/imelda_2019/event_wind/README_HYDROMT_DATA_CATALOGS.md
/proj/zefflab/projects/Flooding/pipeline/web_launcher/_audit_reports/hydromt_yaml_state_audit_20260612_183824.txt,83,OLD_PROJ_DATA_ROOT,LIKELY_DOC_OR_LINK,/proj/zefflab/projects/Flooding/Data/harris_county/catalogs/_yaml_backups/hydromt_yaml_backup_20260612_181807/static_hydromt_data_old.yml,/users/e/p/epsilon/Data/Data/harris_county/catalogs/_yaml_backups/hydromt_yaml_backup_20260612_181807/static_hydromt_data_old.yml,False,,- /proj/zefflab/projects/Flooding/Data/harris_county/catalogs/events_reduced/imelda_2019/event_wind/README_HYDROMT_DATA_CATALOGS.md
/proj/zefflab/projects/Flooding/pipeline/web_launcher/_audit_reports/hydromt_yaml_state_audit_20260612_183824.txt,83,OLD_PROJ_DATA_ROOT,LIKELY_DOC_OR_LINK,/proj/zefflab/projects/Flooding/Data/harris_county/catalogs/events/harvey_2017_mrms/_manifests/boundary_table_audit/README_HYDROMT_DATA_CATALOGS.md,/users/e/p/epsilon/Data/Data/harris_county/catalogs/events/harvey_2017_mrms/_manifests/boundary_table_audit/README_HYDROMT_DATA_CATALOGS.md,False,,- /proj/zefflab/projects/Flooding/Data/harris_county/catalogs/events_reduced/imelda_2019/event_wind/README_HYDROMT_DATA_CATALOGS.md
/proj/zefflab/projects/Flooding/pipeline/web_launcher/_audit_reports/hydromt_yaml_state_audit_20260612_183824.txt,83,OLD_PROJ_DATA_ROOT,LIKELY_DOC_OR_LINK,/proj/zefflab/projects/Flooding/Data/harris_county/catalogs/events/harvey_2017_mrms/event_validation_lines/reviewed_crs_lines/review_figures/README_HYDROMT_DATA_CATALOGS.md,/users/e/p/epsilon/Data/Data/harris_county/catalogs/events/harvey_2017_mrms/event_validation_lines/reviewed_crs_lines/review_figures/README_HYDROMT_DATA_CATALOGS.md,False,,- /proj/zefflab/projects/Flooding/Data/harris_county/catalogs/events_reduced/imelda_2019/event_wind/README_HYDROMT_DATA_CATALOGS.md
/proj/zefflab/projects/Flooding/pipeline/web_launcher/_audit_reports/hydromt_yaml_state_audit_20260612_183824.txt,83,OLD_PROJ_DATA_ROOT,LIKELY_DOC_OR_LINK,/proj/zefflab/projects/Flooding/Data/harris_county/catalogs/events/harvey_2017_ppe/restarts/README_HYDROMT_DATA_CATALOGS.md,/users/e/p/epsilon/Data/Data/harris_county/catalogs/events/harvey_2017_ppe/restarts/README_HYDROMT_DATA_CATALOGS.md,False,,- /proj/zefflab/projects/Flooding/Data/harris_county/catalogs/events_reduced/imelda_2019/event_wind/README_HYDROMT_DATA_CATALOGS.md
/proj/zefflab/projects/Flooding/pipeline/web_launcher/_audit_reports/hydromt_yaml_state_audit_20260612_183824.txt,83,OLD_PROJ_DATA_ROOT,LIKELY_DOC_OR_LINK,/proj/zefflab/projects/Flooding/Data/harris_county/catalogs/events/imelda_2019/event_wind/README_HYDROMT_DATA_CATALOGS.md,/users/e/p/epsilon/Data/Data/harris_county/catalogs/events/imelda_2019/event_wind/README_HYDROMT_DATA_CATALOGS.md,False,,- /proj/zefflab/projects/Flooding/Data/harris_county/catalogs/events_reduced/imelda_2019/event_wind/README_HYDROMT_DATA_CATALOGS.md
/proj/zefflab/projects/Flooding/pipeline/web_launcher/_audit_reports/hydromt_yaml_state_audit_20260612_183824.txt,83,OLD_PROJ_DATA_ROOT,LIKELY_DOC_OR_LINK,/proj/zefflab/projects/Flooding/Data/harris_county/catalogs/events_reduced/beryl_2024/event_pressure/README_HYDROMT_DATA_CATALOGS.md,/users/e/p/epsilon/Data/Data/harris_county/catalogs/events_reduced/beryl_2024/event_pressure/README_HYDROMT_DATA_CATALOGS.md,False,,- /proj/zefflab/projects/Flooding/Data/harris_county/catalogs/events_reduced/imelda_2019/event_wind/README_HYDROMT_DATA_CATALOGS.md
/proj/zefflab/projects/Flooding/pipeline/web_launcher/_audit_reports/hydromt_yaml_state_audit_20260612_183824.txt,83,OLD_PROJ_DATA_ROOT,LIKELY_DOC_OR_LINK,/proj/zefflab/projects/Flooding/Data/harris_county/catalogs/events_reduced/beryl_2024/event_wind/README_HYDROMT_DATA_CATALOGS.md,/users/e/p/epsilon/Data/Data/harris_county/catalogs/events_reduced/beryl_2024/event_wind/README_HYDROMT_DATA_CATALOGS.md,False,,- /proj/zefflab/projects/Flooding/Data/harris_county/catalogs/events_reduced/imelda_2019/event_wind/README_HYDROMT_DATA_CATALOGS.md
/proj/zefflab/projects/Flooding/pipeline/web_launcher/_audit_reports/hydromt_yaml_state_audit_20260612_183824.txt,83,OLD_PROJ_DATA_ROOT,LIKELY_DOC_OR_LINK,/proj/zefflab/projects/Flooding/Data/harris_county/catalogs/events_reduced/harvey_2017/event_wind/README_HYDROMT_DATA_CATALOGS.md,/users/e/p/epsilon/Data/Data/harris_county/catalogs/events_reduced/harvey_2017/event_wind/README_HYDROMT_DATA_CATALOGS.md,False,,- /proj/zefflab/projects/Flooding/Data/harris_county/catalogs/events_reduced/imelda_2019/event_wind/README_HYDROMT_DATA_CATALOGS.md
/proj/zefflab/projects/Flooding/pipeline/web_launcher/_audit_reports/hydromt_yaml_state_audit_20260612_183824.txt,83,OLD_PROJ_DATA_ROOT,LIKELY_DOC_OR_LINK,/proj/zefflab/projects/Flooding/Data/harris_county/catalogs/events_reduced/harvey_2017_full/event_wind/README_HYDROMT_DATA_CATALOGS.md,/users/e/p/epsilon/Data/Data/harris_county/catalogs/events_reduced/harvey_2017_full/event_wind/README_HYDROMT_DATA_CATALOGS.md,False,,- /proj/zefflab/projects/Flooding/Data/harris_county/catalogs/events_reduced/imelda_2019/event_wind/README_HYDROMT_DATA_CATALOGS.md
/proj/zefflab/projects/Flooding/pipeline/web_launcher/_audit_reports/hydromt_yaml_state_audit_20260612_183824.txt,83,OLD_PROJ_DATA_ROOT,LIKELY_DOC_OR_LINK,/proj/zefflab/projects/Flooding/Data/harris_county/catalogs/events_reduced/imelda_2019/event_wind/README_HYDROMT_DATA_CATALOGS.md,/users/e/p/epsilon/Data/Data/harris_county/catalogs/events_reduced/imelda_2019/event_wind/README_HYDROMT_DATA_CATALOGS.md,False,,- /proj/zefflab/projects/Flooding/Data/harris_county/catalogs/events_reduced/imelda_2019/event_wind/README_HYDROMT_DATA_CATALOGS.md
/proj/zefflab/projects/Flooding/pipeline/web_launcher/_audit_reports/hydromt_yaml_state_audit_20260612_183824.txt,83,OLD_PROJ_DATA_ROOT,LIKELY_DOC_OR_LINK,/proj/zefflab/projects/Flooding/Data/harris_county/catalogs/static/harris_county/bathy/README_HYDROMT_DATA_CATALOGS.md,/users/e/p/epsilon/Data/Data/harris_county/catalogs/static/harris_county/bathy/README_HYDROMT_DATA_CATALOGS.md,False,,- /proj/zefflab/projects/Flooding/Data/harris_county/catalogs/events_reduced/imelda_2019/event_wind/README_HYDROMT_DATA_CATALOGS.md
/proj/zefflab/projects/Flooding/pipeline/web_launcher/_audit_reports/hydromt_yaml_state_audit_20260612_183824.txt,83,OLD_PROJ_DATA_ROOT,LIKELY_DOC_OR_LINK,/proj/zefflab/projects/Flooding/Data/harris_county/catalogs/static/harris_county/boundary_points_static/README_HYDROMT_DATA_CATALOGS.md,/users/e/p/epsilon/Data/Data/harris_county/catalogs/static/harris_county/boundary_points_static/README_HYDROMT_DATA_CATALOGS.md,False,,- /proj/zefflab/projects/Flooding/Data/harris_county/catalogs/events_reduced/imelda_2019/event_wind/README_HYDROMT_DATA_CATALOGS.md
/proj/zefflab/projects/Flooding/pipeline/web_launcher/_audit_reports/hydromt_yaml_state_audit_20260612_183824.txt,83,OLD_PROJ_DATA_ROOT,LIKELY_DOC_OR_LINK,/proj/zefflab/projects/Flooding/Data/harris_county/catalogs/static/harris_county/curve_number/README_HYDROMT_DATA_CATALOGS.md,/users/e/p/epsilon/Data/Data/harris_county/catalogs/static/harris_county/curve_number/README_HYDROMT_DATA_CATALOGS.md,False,,- /proj/zefflab/projects/Flooding/Data/harris_county/catalogs/events_reduced/imelda_2019/event_wind/README_HYDROMT_DATA_CATALOGS.md
/proj/zefflab/projects/Flooding/pipeline/web_launcher/_audit_reports/hydromt_yaml_state_audit_20260612_183824.txt,84,OLD_PROJ_DATA_ROOT,LIKELY_DOC_OR_LINK,/proj/zefflab/projects/Flooding/Data/harris_county/catalogs/_retired_active_hydromt_yamls_20260612_183817/events/harvey_2017_mrms/event_metadata/hydromt_data.yml,/users/e/p/epsilon/Data/Data/harris_county/catalogs/_retired_active_hydromt_yamls_20260612_183817/events/harvey_2017_mrms/event_metadata/hydromt_data.yml,False,,- /proj/zefflab/projects/Flooding/Data/harris_county/catalogs/static/harris_county/bathy/README_HYDROMT_DATA_CATALOGS.md
/proj/zefflab/projects/Flooding/pipeline/web_launcher/_audit_reports/hydromt_yaml_state_audit_20260612_183824.txt,84,OLD_PROJ_DATA_ROOT,LIKELY_DOC_OR_LINK,/proj/zefflab/projects/Flooding/Data/harris_county/catalogs/_retired_active_hydromt_yamls_20260612_183817/static/harris_county/static_metadata/hydromt_data.yml,/users/e/p/epsilon/Data/Data/harris_county/catalogs/_retired_active_hydromt_yamls_20260612_183817/static/harris_county/static_metadata/hydromt_data.yml,False,,- /proj/zefflab/projects/Flooding/Data/harris_county/catalogs/static/harris_county/bathy/README_HYDROMT_DATA_CATALOGS.md
/proj/zefflab/projects/Flooding/pipeline/web_launcher/_audit_reports/hydromt_yaml_state_audit_20260612_183824.txt,84,OLD_PROJ_DATA_ROOT,LIKELY_DOC_OR_LINK,/proj/zefflab/projects/Flooding/Data/harris_county/catalogs/_yaml_backups/hydromt_yaml_backup_20260612_181807/event_hydromt_data_old.yml,/users/e/p/epsilon/Data/Data/harris_county/catalogs/_yaml_backups/hydromt_yaml_backup_20260612_181807/event_hydromt_data_old.yml,False,,- /proj/zefflab/projects/Flooding/Data/harris_county/catalogs/static/harris_county/bathy/README_HYDROMT_DATA_CATALOGS.md
/proj/zefflab/projects/Flooding/pipeline/web_launcher/_audit_reports/hydromt_yaml_state_audit_20260612_183824.txt,84,OLD_PROJ_DATA_ROOT,LIKELY_DOC_OR_LINK,/proj/zefflab/projects/Flooding/Data/harris_county/catalogs/_yaml_backups/hydromt_yaml_backup_20260612_181807/static_hydromt_data_old.yml,/users/e/p/epsilon/Data/Data/harris_county/catalogs/_yaml_backups/hydromt_yaml_backup_20260612_181807/static_hydromt_data_old.yml,False,,- /proj/zefflab/projects/Flooding/Data/harris_county/catalogs/static/harris_county/bathy/README_HYDROMT_DATA_CATALOGS.md
/proj/zefflab/projects/Flooding/pipeline/web_launcher/_audit_reports/hydromt_yaml_state_audit_20260612_183824.txt,84,OLD_PROJ_DATA_ROOT,LIKELY_DOC_OR_LINK,/proj/zefflab/projects/Flooding/Data/harris_county/catalogs/events/harvey_2017_mrms/event_validation_lines/reviewed_crs_lines/review_figures/README_HYDROMT_DATA_CATALOGS.md,/users/e/p/epsilon/Data/Data/harris_county/catalogs/events/harvey_2017_mrms/event_validation_lines/reviewed_crs_lines/review_figures/README_HYDROMT_DATA_CATALOGS.md,False,,- /proj/zefflab/projects/Flooding/Data/harris_county/catalogs/static/harris_county/bathy/README_HYDROMT_DATA_CATALOGS.md
/proj/zefflab/projects/Flooding/pipeline/web_launcher/_audit_reports/hydromt_yaml_state_audit_20260612_183824.txt,84,OLD_PROJ_DATA_ROOT,LIKELY_DOC_OR_LINK,/proj/zefflab/projects/Flooding/Data/harris_county/catalogs/events/harvey_2017_ppe/restarts/README_HYDROMT_DATA_CATALOGS.md,/users/e/p/epsilon/Data/Data/harris_county/catalogs/events/harvey_2017_ppe/restarts/README_HYDROMT_DATA_CATALOGS.md,False,,- /proj/zefflab/projects/Flooding/Data/harris_county/catalogs/static/harris_county/bathy/README_HYDROMT_DATA_CATALOGS.md
/proj/zefflab/projects/Flooding/pipeline/web_launcher/_audit_reports/hydromt_yaml_state_audit_20260612_183824.txt,84,OLD_PROJ_DATA_ROOT,LIKELY_DOC_OR_LINK,/proj/zefflab/projects/Flooding/Data/harris_county/catalogs/events/imelda_2019/event_wind/README_HYDROMT_DATA_CATALOGS.md,/users/e/p/epsilon/Data/Data/harris_county/catalogs/events/imelda_2019/event_wind/README_HYDROMT_DATA_CATALOGS.md,False,,- /proj/zefflab/projects/Flooding/Data/harris_county/catalogs/static/harris_county/bathy/README_HYDROMT_DATA_CATALOGS.md
/proj/zefflab/projects/Flooding/pipeline/web_launcher/_audit_reports/hydromt_yaml_state_audit_20260612_183824.txt,84,OLD_PROJ_DATA_ROOT,LIKELY_DOC_OR_LINK,/proj/zefflab/projects/Flooding/Data/harris_county/catalogs/events_reduced/beryl_2024/event_pressure/README_HYDROMT_DATA_CATALOGS.md,/users/e/p/epsilon/Data/Data/harris_county/catalogs/events_reduced/beryl_2024/event_pressure/README_HYDROMT_DATA_CATALOGS.md,False,,- /proj/zefflab/projects/Flooding/Data/harris_county/catalogs/static/harris_county/bathy/README_HYDROMT_DATA_CATALOGS.md
/proj/zefflab/projects/Flooding/pipeline/web_launcher/_audit_reports/hydromt_yaml_state_audit_20260612_183824.txt,84,OLD_PROJ_DATA_ROOT,LIKELY_DOC_OR_LINK,/proj/zefflab/projects/Flooding/Data/harris_county/catalogs/events_reduced/beryl_2024/event_wind/README_HYDROMT_DATA_CATALOGS.md,/users/e/p/epsilon/Data/Data/harris_county/catalogs/events_reduced/beryl_2024/event_wind/README_HYDROMT_DATA_CATALOGS.md,False,,- /proj/zefflab/projects/Flooding/Data/harris_county/catalogs/static/harris_county/bathy/README_HYDROMT_DATA_CATALOGS.md
/proj/zefflab/projects/Flooding/pipeline/web_launcher/_audit_reports/hydromt_yaml_state_audit_20260612_183824.txt,84,OLD_PROJ_DATA_ROOT,LIKELY_DOC_OR_LINK,/proj/zefflab/projects/Flooding/Data/harris_county/catalogs/events_reduced/harvey_2017/event_wind/README_HYDROMT_DATA_CATALOGS.md,/users/e/p/epsilon/Data/Data/harris_county/catalogs/events_reduced/harvey_2017/event_wind/README_HYDROMT_DATA_CATALOGS.md,False,,- /proj/zefflab/projects/Flooding/Data/harris_county/catalogs/static/harris_county/bathy/README_HYDROMT_DATA_CATALOGS.md
/proj/zefflab/projects/Flooding/pipeline/web_launcher/_audit_reports/hydromt_yaml_state_audit_20260612_183824.txt,84,OLD_PROJ_DATA_ROOT,LIKELY_DOC_OR_LINK,/proj/zefflab/projects/Flooding/Data/harris_county/catalogs/events_reduced/harvey_2017_full/event_wind/README_HYDROMT_DATA_CATALOGS.md,/users/e/p/epsilon/Data/Data/harris_county/catalogs/events_reduced/harvey_2017_full/event_wind/README_HYDROMT_DATA_CATALOGS.md,False,,- /proj/zefflab/projects/Flooding/Data/harris_county/catalogs/static/harris_county/bathy/README_HYDROMT_DATA_CATALOGS.md
/proj/zefflab/projects/Flooding/pipeline/web_launcher/_audit_reports/hydromt_yaml_state_audit_20260612_183824.txt,84,OLD_PROJ_DATA_ROOT,LIKELY_DOC_OR_LINK,/proj/zefflab/projects/Flooding/Data/harris_county/catalogs/events_reduced/imelda_2019/event_wind/README_HYDROMT_DATA_CATALOGS.md,/users/e/p/epsilon/Data/Data/harris_county/catalogs/events_reduced/imelda_2019/event_wind/README_HYDROMT_DATA_CATALOGS.md,False,,- /proj/zefflab/projects/Flooding/Data/harris_county/catalogs/static/harris_county/bathy/README_HYDROMT_DATA_CATALOGS.md
/proj/zefflab/projects/Flooding/pipeline/web_launcher/_audit_reports/hydromt_yaml_state_audit_20260612_183824.txt,84,OLD_PROJ_DATA_ROOT,LIKELY_DOC_OR_LINK,/proj/zefflab/projects/Flooding/Data/harris_county/catalogs/static/harris_county/bathy/README_HYDROMT_DATA_CATALOGS.md,/users/e/p/epsilon/Data/Data/harris_county/catalogs/static/harris_county/bathy/README_HYDROMT_DATA_CATALOGS.md,False,,- /proj/zefflab/projects/Flooding/Data/harris_county/catalogs/static/harris_county/bathy/README_HYDROMT_DATA_CATALOGS.md
/proj/zefflab/projects/Flooding/pipeline/web_launcher/_audit_reports/hydromt_yaml_state_audit_20260612_183824.txt,84,OLD_PROJ_DATA_ROOT,LIKELY_DOC_OR_LINK,/proj/zefflab/projects/Flooding/Data/harris_county/catalogs/static/harris_county/boundary_points_static/README_HYDROMT_DATA_CATALOGS.md,/users/e/p/epsilon/Data/Data/harris_county/catalogs/static/harris_county/boundary_points_static/README_HYDROMT_DATA_CATALOGS.md,False,,- /proj/zefflab/projects/Flooding/Data/harris_county/catalogs/static/harris_county/bathy/README_HYDROMT_DATA_CATALOGS.md
/proj/zefflab/projects/Flooding/pipeline/web_launcher/_audit_reports/hydromt_yaml_state_audit_20260612_183824.txt,84,OLD_PROJ_DATA_ROOT,LIKELY_DOC_OR_LINK,/proj/zefflab/projects/Flooding/Data/harris_county/catalogs/static/harris_county/curve_number/README_HYDROMT_DATA_CATALOGS.md,/users/e/p/epsilon/Data/Data/harris_county/catalogs/static/harris_county/curve_number/README_HYDROMT_DATA_CATALOGS.md,False,,- /proj/zefflab/projects/Flooding/Data/harris_county/catalogs/static/harris_county/bathy/README_HYDROMT_DATA_CATALOGS.md
/proj/zefflab/projects/Flooding/pipeline/web_launcher/_audit_reports/hydromt_yaml_state_audit_20260612_183824.txt,85,OLD_PROJ_DATA_ROOT,LIKELY_DOC_OR_LINK,/proj/zefflab/projects/Flooding/Data/harris_county/catalogs/_retired_active_hydromt_yamls_20260612_183817/events/harvey_2017_mrms/event_metadata/hydromt_data.yml,/users/e/p/epsilon/Data/Data/harris_county/catalogs/_retired_active_hydromt_yamls_20260612_183817/events/harvey_2017_mrms/event_metadata/hydromt_data.yml,False,,- /proj/zefflab/projects/Flooding/Data/harris_county/catalogs/static/harris_county/boundary_points_static/README_HYDROMT_DATA_CATALOGS.md
/proj/zefflab/projects/Flooding/pipeline/web_launcher/_audit_reports/hydromt_yaml_state_audit_20260612_183824.txt,85,OLD_PROJ_DATA_ROOT,LIKELY_DOC_OR_LINK,/proj/zefflab/projects/Flooding/Data/harris_county/catalogs/_retired_active_hydromt_yamls_20260612_183817/static/harris_county/static_metadata/hydromt_data.yml,/users/e/p/epsilon/Data/Data/harris_county/catalogs/_retired_active_hydromt_yamls_20260612_183817/static/harris_county/static_metadata/hydromt_data.yml,False,,- /proj/zefflab/projects/Flooding/Data/harris_county/catalogs/static/harris_county/boundary_points_static/README_HYDROMT_DATA_CATALOGS.md
/proj/zefflab/projects/Flooding/pipeline/web_launcher/_audit_reports/hydromt_yaml_state_audit_20260612_183824.txt,85,OLD_PROJ_DATA_ROOT,LIKELY_DOC_OR_LINK,/proj/zefflab/projects/Flooding/Data/harris_county/catalogs/_yaml_backups/hydromt_yaml_backup_20260612_181807/event_hydromt_data_old.yml,/users/e/p/epsilon/Data/Data/harris_county/catalogs/_yaml_backups/hydromt_yaml_backup_20260612_181807/event_hydromt_data_old.yml,False,,- /proj/zefflab/projects/Flooding/Data/harris_county/catalogs/static/harris_county/boundary_points_static/README_HYDROMT_DATA_CATALOGS.md
/proj/zefflab/projects/Flooding/pipeline/web_launcher/_audit_reports/hydromt_yaml_state_audit_20260612_183824.txt,85,OLD_PROJ_DATA_ROOT,LIKELY_DOC_OR_LINK,/proj/zefflab/projects/Flooding/Data/harris_county/catalogs/_yaml_backups/hydromt_yaml_backup_20260612_181807/static_hydromt_data_old.yml,/users/e/p/epsilon/Data/Data/harris_county/catalogs/_yaml_backups/hydromt_yaml_backup_20260612_181807/static_hydromt_data_old.yml,False,,- /proj/zefflab/projects/Flooding/Data/harris_county/catalogs/static/harris_county/boundary_points_static/README_HYDROMT_DATA_CATALOGS.md
/proj/zefflab/projects/Flooding/pipeline/web_launcher/_audit_reports/hydromt_yaml_state_audit_20260612_183824.txt,85,OLD_PROJ_DATA_ROOT,LIKELY_DOC_OR_LINK,/proj/zefflab/projects/Flooding/Data/harris_county/catalogs/events/harvey_2017_ppe/restarts/README_HYDROMT_DATA_CATALOGS.md,/users/e/p/epsilon/Data/Data/harris_county/catalogs/events/harvey_2017_ppe/restarts/README_HYDROMT_DATA_CATALOGS.md,False,,- /proj/zefflab/projects/Flooding/Data/harris_county/catalogs/static/harris_county/boundary_points_static/README_HYDROMT_DATA_CATALOGS.md
/proj/zefflab/projects/Flooding/pipeline/web_launcher/_audit_reports/hydromt_yaml_state_audit_20260612_183824.txt,85,OLD_PROJ_DATA_ROOT,LIKELY_DOC_OR_LINK,/proj/zefflab/projects/Flooding/Data/harris_county/catalogs/events/imelda_2019/event_wind/README_HYDROMT_DATA_CATALOGS.md,/users/e/p/epsilon/Data/Data/harris_county/catalogs/events/imelda_2019/event_wind/README_HYDROMT_DATA_CATALOGS.md,False,,- /proj/zefflab/projects/Flooding/Data/harris_county/catalogs/static/harris_county/boundary_points_static/README_HYDROMT_DATA_CATALOGS.md
/proj/zefflab/projects/Flooding/pipeline/web_launcher/_audit_reports/hydromt_yaml_state_audit_20260612_183824.txt,85,OLD_PROJ_DATA_ROOT,LIKELY_DOC_OR_LINK,/proj/zefflab/projects/Flooding/Data/harris_county/catalogs/events_reduced/beryl_2024/event_pressure/README_HYDROMT_DATA_CATALOGS.md,/users/e/p/epsilon/Data/Data/harris_county/catalogs/events_reduced/beryl_2024/event_pressure/README_HYDROMT_DATA_CATALOGS.md,False,,- /proj/zefflab/projects/Flooding/Data/harris_county/catalogs/static/harris_county/boundary_points_static/README_HYDROMT_DATA_CATALOGS.md
/proj/zefflab/projects/Flooding/pipeline/web_launcher/_audit_reports/hydromt_yaml_state_audit_20260612_183824.txt,85,OLD_PROJ_DATA_ROOT,LIKELY_DOC_OR_LINK,/proj/zefflab/projects/Flooding/Data/harris_county/catalogs/events_reduced/beryl_2024/event_wind/README_HYDROMT_DATA_CATALOGS.md,/users/e/p/epsilon/Data/Data/harris_county/catalogs/events_reduced/beryl_2024/event_wind/README_HYDROMT_DATA_CATALOGS.md,False,,- /proj/zefflab/projects/Flooding/Data/harris_county/catalogs/static/harris_county/boundary_points_static/README_HYDROMT_DATA_CATALOGS.md
/proj/zefflab/projects/Flooding/pipeline/web_launcher/_audit_reports/hydromt_yaml_state_audit_20260612_183824.txt,85,OLD_PROJ_DATA_ROOT,LIKELY_DOC_OR_LINK,/proj/zefflab/projects/Flooding/Data/harris_county/catalogs/events_reduced/harvey_2017/event_wind/README_HYDROMT_DATA_CATALOGS.md,/users/e/p/epsilon/Data/Data/harris_county/catalogs/events_reduced/harvey_2017/event_wind/README_HYDROMT_DATA_CATALOGS.md,False,,- /proj/zefflab/projects/Flooding/Data/harris_county/catalogs/static/harris_county/boundary_points_static/README_HYDROMT_DATA_CATALOGS.md
/proj/zefflab/projects/Flooding/pipeline/web_launcher/_audit_reports/hydromt_yaml_state_audit_20260612_183824.txt,85,OLD_PROJ_DATA_ROOT,LIKELY_DOC_OR_LINK,/proj/zefflab/projects/Flooding/Data/harris_county/catalogs/events_reduced/harvey_2017_full/event_wind/README_HYDROMT_DATA_CATALOGS.md,/users/e/p/epsilon/Data/Data/harris_county/catalogs/events_reduced/harvey_2017_full/event_wind/README_HYDROMT_DATA_CATALOGS.md,False,,- /proj/zefflab/projects/Flooding/Data/harris_county/catalogs/static/harris_county/boundary_points_static/README_HYDROMT_DATA_CATALOGS.md
/proj/zefflab/projects/Flooding/pipeline/web_launcher/_audit_reports/hydromt_yaml_state_audit_20260612_183824.txt,85,OLD_PROJ_DATA_ROOT,LIKELY_DOC_OR_LINK,/proj/zefflab/projects/Flooding/Data/harris_county/catalogs/events_reduced/imelda_2019/event_wind/README_HYDROMT_DATA_CATALOGS.md,/users/e/p/epsilon/Data/Data/harris_county/catalogs/events_reduced/imelda_2019/event_wind/README_HYDROMT_DATA_CATALOGS.md,False,,- /proj/zefflab/projects/Flooding/Data/harris_county/catalogs/static/harris_county/boundary_points_static/README_HYDROMT_DATA_CATALOGS.md
/proj/zefflab/projects/Flooding/pipeline/web_launcher/_audit_reports/hydromt_yaml_state_audit_20260612_183824.txt,85,OLD_PROJ_DATA_ROOT,LIKELY_DOC_OR_LINK,/proj/zefflab/projects/Flooding/Data/harris_county/catalogs/static/harris_county/bathy/README_HYDROMT_DATA_CATALOGS.md,/users/e/p/epsilon/Data/Data/harris_county/catalogs/static/harris_county/bathy/README_HYDROMT_DATA_CATALOGS.md,False,,- /proj/zefflab/projects/Flooding/Data/harris_county/catalogs/static/harris_county/boundary_points_static/README_HYDROMT_DATA_CATALOGS.md
/proj/zefflab/projects/Flooding/pipeline/web_launcher/_audit_reports/hydromt_yaml_state_audit_20260612_183824.txt,85,OLD_PROJ_DATA_ROOT,LIKELY_DOC_OR_LINK,/proj/zefflab/projects/Flooding/Data/harris_county/catalogs/static/harris_county/boundary_points_static/README_HYDROMT_DATA_CATALOGS.md,/users/e/p/epsilon/Data/Data/harris_county/catalogs/static/harris_county/boundary_points_static/README_HYDROMT_DATA_CATALOGS.md,False,,- /proj/zefflab/projects/Flooding/Data/harris_county/catalogs/static/harris_county/boundary_points_static/README_HYDROMT_DATA_CATALOGS.md
/proj/zefflab/projects/Flooding/pipeline/web_launcher/_audit_reports/hydromt_yaml_state_audit_20260612_183824.txt,85,OLD_PROJ_DATA_ROOT,LIKELY_DOC_OR_LINK,/proj/zefflab/projects/Flooding/Data/harris_county/catalogs/static/harris_county/curve_number/README_HYDROMT_DATA_CATALOGS.md,/users/e/p/epsilon/Data/Data/harris_county/catalogs/static/harris_county/curve_number/README_HYDROMT_DATA_CATALOGS.md,False,,- /proj/zefflab/projects/Flooding/Data/harris_county/catalogs/static/harris_county/boundary_points_static/README_HYDROMT_DATA_CATALOGS.md
/proj/zefflab/projects/Flooding/pipeline/web_launcher/_audit_reports/hydromt_yaml_state_audit_20260612_183824.txt,86,OLD_PROJ_DATA_ROOT,LIKELY_DOC_OR_LINK,/proj/zefflab/projects/Flooding/Data/harris_county/catalogs/_retired_active_hydromt_yamls_20260612_183817/events/harvey_2017_mrms/event_metadata/hydromt_data.yml,/users/e/p/epsilon/Data/Data/harris_county/catalogs/_retired_active_hydromt_yamls_20260612_183817/events/harvey_2017_mrms/event_metadata/hydromt_data.yml,False,,- /proj/zefflab/projects/Flooding/Data/harris_county/catalogs/static/harris_county/curve_number/README_HYDROMT_DATA_CATALOGS.md
/proj/zefflab/projects/Flooding/pipeline/web_launcher/_audit_reports/hydromt_yaml_state_audit_20260612_183824.txt,86,OLD_PROJ_DATA_ROOT,LIKELY_DOC_OR_LINK,/proj/zefflab/projects/Flooding/Data/harris_county/catalogs/_retired_active_hydromt_yamls_20260612_183817/static/harris_county/static_metadata/hydromt_data.yml,/users/e/p/epsilon/Data/Data/harris_county/catalogs/_retired_active_hydromt_yamls_20260612_183817/static/harris_county/static_metadata/hydromt_data.yml,False,,- /proj/zefflab/projects/Flooding/Data/harris_county/catalogs/static/harris_county/curve_number/README_HYDROMT_DATA_CATALOGS.md
/proj/zefflab/projects/Flooding/pipeline/web_launcher/_audit_reports/hydromt_yaml_state_audit_20260612_183824.txt,86,OLD_PROJ_DATA_ROOT,LIKELY_DOC_OR_LINK,/proj/zefflab/projects/Flooding/Data/harris_county/catalogs/_yaml_backups/hydromt_yaml_backup_20260612_181807/event_hydromt_data_old.yml,/users/e/p/epsilon/Data/Data/harris_county/catalogs/_yaml_backups/hydromt_yaml_backup_20260612_181807/event_hydromt_data_old.yml,False,,- /proj/zefflab/projects/Flooding/Data/harris_county/catalogs/static/harris_county/curve_number/README_HYDROMT_DATA_CATALOGS.md
/proj/zefflab/projects/Flooding/pipeline/web_launcher/_audit_reports/hydromt_yaml_state_audit_20260612_183824.txt,86,OLD_PROJ_DATA_ROOT,LIKELY_DOC_OR_LINK,/proj/zefflab/projects/Flooding/Data/harris_county/catalogs/_yaml_backups/hydromt_yaml_backup_20260612_181807/static_hydromt_data_old.yml,/users/e/p/epsilon/Data/Data/harris_county/catalogs/_yaml_backups/hydromt_yaml_backup_20260612_181807/static_hydromt_data_old.yml,False,,- /proj/zefflab/projects/Flooding/Data/harris_county/catalogs/static/harris_county/curve_number/README_HYDROMT_DATA_CATALOGS.md
/proj/zefflab/projects/Flooding/pipeline/web_launcher/_audit_reports/hydromt_yaml_state_audit_20260612_183824.txt,86,OLD_PROJ_DATA_ROOT,LIKELY_DOC_OR_LINK,/proj/zefflab/projects/Flooding/Data/harris_county/catalogs/events/imelda_2019/event_wind/README_HYDROMT_DATA_CATALOGS.md,/users/e/p/epsilon/Data/Data/harris_county/catalogs/events/imelda_2019/event_wind/README_HYDROMT_DATA_CATALOGS.md,False,,- /proj/zefflab/projects/Flooding/Data/harris_county/catalogs/static/harris_county/curve_number/README_HYDROMT_DATA_CATALOGS.md
/proj/zefflab/projects/Flooding/pipeline/web_launcher/_audit_reports/hydromt_yaml_state_audit_20260612_183824.txt,86,OLD_PROJ_DATA_ROOT,LIKELY_DOC_OR_LINK,/proj/zefflab/projects/Flooding/Data/harris_county/catalogs/events_reduced/beryl_2024/event_pressure/README_HYDROMT_DATA_CATALOGS.md,/users/e/p/epsilon/Data/Data/harris_county/catalogs/events_reduced/beryl_2024/event_pressure/README_HYDROMT_DATA_CATALOGS.md,False,,- /proj/zefflab/projects/Flooding/Data/harris_county/catalogs/static/harris_county/curve_number/README_HYDROMT_DATA_CATALOGS.md
/proj/zefflab/projects/Flooding/pipeline/web_launcher/_audit_reports/hydromt_yaml_state_audit_20260612_183824.txt,86,OLD_PROJ_DATA_ROOT,LIKELY_DOC_OR_LINK,/proj/zefflab/projects/Flooding/Data/harris_county/catalogs/events_reduced/beryl_2024/event_wind/README_HYDROMT_DATA_CATALOGS.md,/users/e/p/epsilon/Data/Data/harris_county/catalogs/events_reduced/beryl_2024/event_wind/README_HYDROMT_DATA_CATALOGS.md,False,,- /proj/zefflab/projects/Flooding/Data/harris_county/catalogs/static/harris_county/curve_number/README_HYDROMT_DATA_CATALOGS.md
/proj/zefflab/projects/Flooding/pipeline/web_launcher/_audit_reports/hydromt_yaml_state_audit_20260612_183824.txt,86,OLD_PROJ_DATA_ROOT,LIKELY_DOC_OR_LINK,/proj/zefflab/projects/Flooding/Data/harris_county/catalogs/events_reduced/harvey_2017/event_wind/README_HYDROMT_DATA_CATALOGS.md,/users/e/p/epsilon/Data/Data/harris_county/catalogs/events_reduced/harvey_2017/event_wind/README_HYDROMT_DATA_CATALOGS.md,False,,- /proj/zefflab/projects/Flooding/Data/harris_county/catalogs/static/harris_county/curve_number/README_HYDROMT_DATA_CATALOGS.md
/proj/zefflab/projects/Flooding/pipeline/web_launcher/_audit_reports/hydromt_yaml_state_audit_20260612_183824.txt,86,OLD_PROJ_DATA_ROOT,LIKELY_DOC_OR_LINK,/proj/zefflab/projects/Flooding/Data/harris_county/catalogs/events_reduced/harvey_2017_full/event_wind/README_HYDROMT_DATA_CATALOGS.md,/users/e/p/epsilon/Data/Data/harris_county/catalogs/events_reduced/harvey_2017_full/event_wind/README_HYDROMT_DATA_CATALOGS.md,False,,- /proj/zefflab/projects/Flooding/Data/harris_county/catalogs/static/harris_county/curve_number/README_HYDROMT_DATA_CATALOGS.md
/proj/zefflab/projects/Flooding/pipeline/web_launcher/_audit_reports/hydromt_yaml_state_audit_20260612_183824.txt,86,OLD_PROJ_DATA_ROOT,LIKELY_DOC_OR_LINK,/proj/zefflab/projects/Flooding/Data/harris_county/catalogs/events_reduced/imelda_2019/event_wind/README_HYDROMT_DATA_CATALOGS.md,/users/e/p/epsilon/Data/Data/harris_county/catalogs/events_reduced/imelda_2019/event_wind/README_HYDROMT_DATA_CATALOGS.md,False,,- /proj/zefflab/projects/Flooding/Data/harris_county/catalogs/static/harris_county/curve_number/README_HYDROMT_DATA_CATALOGS.md
/proj/zefflab/projects/Flooding/pipeline/web_launcher/_audit_reports/hydromt_yaml_state_audit_20260612_183824.txt,86,OLD_PROJ_DATA_ROOT,LIKELY_DOC_OR_LINK,/proj/zefflab/projects/Flooding/Data/harris_county/catalogs/static/harris_county/bathy/README_HYDROMT_DATA_CATALOGS.md,/users/e/p/epsilon/Data/Data/harris_county/catalogs/static/harris_county/bathy/README_HYDROMT_DATA_CATALOGS.md,False,,- /proj/zefflab/projects/Flooding/Data/harris_county/catalogs/static/harris_county/curve_number/README_HYDROMT_DATA_CATALOGS.md
/proj/zefflab/projects/Flooding/pipeline/web_launcher/_audit_reports/hydromt_yaml_state_audit_20260612_183824.txt,86,OLD_PROJ_DATA_ROOT,LIKELY_DOC_OR_LINK,/proj/zefflab/projects/Flooding/Data/harris_county/catalogs/static/harris_county/boundary_points_static/README_HYDROMT_DATA_CATALOGS.md,/users/e/p/epsilon/Data/Data/harris_county/catalogs/static/harris_county/boundary_points_static/README_HYDROMT_DATA_CATALOGS.md,False,,- /proj/zefflab/projects/Flooding/Data/harris_county/catalogs/static/harris_county/curve_number/README_HYDROMT_DATA_CATALOGS.md
/proj/zefflab/projects/Flooding/pipeline/web_launcher/_audit_reports/hydromt_yaml_state_audit_20260612_183824.txt,86,OLD_PROJ_DATA_ROOT,LIKELY_DOC_OR_LINK,/proj/zefflab/projects/Flooding/Data/harris_county/catalogs/static/harris_county/curve_number/README_HYDROMT_DATA_CATALOGS.md,/users/e/p/epsilon/Data/Data/harris_county/catalogs/static/harris_county/curve_number/README_HYDROMT_DATA_CATALOGS.md,False,,- /proj/zefflab/projects/Flooding/Data/harris_county/catalogs/static/harris_county/curve_number/README_HYDROMT_DATA_CATALOGS.md
/proj/zefflab/projects/Flooding/pipeline/web_launcher/_audit_reports/hydromt_yaml_state_audit_20260612_183824.txt,88,OLD_PROJ_DATA_ROOT,LIKELY_DOC_OR_LINK,/proj/zefflab/projects/Flooding/Data/harris_county/catalogs/_retired_active_hydromt_yamls_20260612_183817/events/harvey_2017_mrms/event_metadata/hydromt_data.yml,/users/e/p/epsilon/Data/Data/harris_county/catalogs/_retired_active_hydromt_yamls_20260612_183817/events/harvey_2017_mrms/event_metadata/hydromt_data.yml,False,,- /proj/zefflab/projects/Flooding/Data/harris_county/catalogs/_retired_active_hydromt_yamls_20260612_183817/events/harvey_2017_mrms/event_metadata/hydromt_data.yml
/proj/zefflab/projects/Flooding/pipeline/web_launcher/_audit_reports/hydromt_yaml_state_audit_20260612_183824.txt,88,OLD_PROJ_DATA_ROOT,LIKELY_DOC_OR_LINK,/proj/zefflab/projects/Flooding/Data/harris_county/catalogs/_retired_active_hydromt_yamls_20260612_183817/static/harris_county/static_metadata/hydromt_data.yml,/users/e/p/epsilon/Data/Data/harris_county/catalogs/_retired_active_hydromt_yamls_20260612_183817/static/harris_county/static_metadata/hydromt_data.yml,False,,- /proj/zefflab/projects/Flooding/Data/harris_county/catalogs/_retired_active_hydromt_yamls_20260612_183817/events/harvey_2017_mrms/event_metadata/hydromt_data.yml
/proj/zefflab/projects/Flooding/pipeline/web_launcher/_audit_reports/hydromt_yaml_state_audit_20260612_183824.txt,88,OLD_PROJ_DATA_ROOT,LIKELY_DOC_OR_LINK,/proj/zefflab/projects/Flooding/Data/harris_county/catalogs/_yaml_backups/hydromt_yaml_backup_20260612_181807/event_hydromt_data_old.yml,/users/e/p/epsilon/Data/Data/harris_county/catalogs/_yaml_backups/hydromt_yaml_backup_20260612_181807/event_hydromt_data_old.yml,False,,- /proj/zefflab/projects/Flooding/Data/harris_county/catalogs/_retired_active_hydromt_yamls_20260612_183817/events/harvey_2017_mrms/event_metadata/hydromt_data.yml
/proj/zefflab/projects/Flooding/pipeline/web_launcher/_audit_reports/hydromt_yaml_state_audit_20260612_183824.txt,88,OLD_PROJ_DATA_ROOT,LIKELY_DOC_OR_LINK,/proj/zefflab/projects/Flooding/Data/harris_county/catalogs/_yaml_backups/hydromt_yaml_backup_20260612_181807/static_hydromt_data_old.yml,/users/e/p/epsilon/Data/Data/harris_county/catalogs/_yaml_backups/hydromt_yaml_backup_20260612_181807/static_hydromt_data_old.yml,False,,- /proj/zefflab/projects/Flooding/Data/harris_county/catalogs/_retired_active_hydromt_yamls_20260612_183817/events/harvey_2017_mrms/event_metadata/hydromt_data.yml
/proj/zefflab/projects/Flooding/pipeline/web_launcher/_audit_reports/hydromt_yaml_state_audit_20260612_183824.txt,88,OLD_PROJ_DATA_ROOT,LIKELY_DOC_OR_LINK,/proj/zefflab/projects/Flooding/Data/harris_county/catalogs/events_reduced/beryl_2024/event_wind/README_HYDROMT_DATA_CATALOGS.md,/users/e/p/epsilon/Data/Data/harris_county/catalogs/events_reduced/beryl_2024/event_wind/README_HYDROMT_DATA_CATALOGS.md,False,,- /proj/zefflab/projects/Flooding/Data/harris_county/catalogs/_retired_active_hydromt_yamls_20260612_183817/events/harvey_2017_mrms/event_metadata/hydromt_data.yml
/proj/zefflab/projects/Flooding/pipeline/web_launcher/_audit_reports/hydromt_yaml_state_audit_20260612_183824.txt,88,OLD_PROJ_DATA_ROOT,LIKELY_DOC_OR_LINK,/proj/zefflab/projects/Flooding/Data/harris_county/catalogs/events_reduced/harvey_2017/event_wind/README_HYDROMT_DATA_CATALOGS.md,/users/e/p/epsilon/Data/Data/harris_county/catalogs/events_reduced/harvey_2017/event_wind/README_HYDROMT_DATA_CATALOGS.md,False,,- /proj/zefflab/projects/Flooding/Data/harris_county/catalogs/_retired_active_hydromt_yamls_20260612_183817/events/harvey_2017_mrms/event_metadata/hydromt_data.yml
/proj/zefflab/projects/Flooding/pipeline/web_launcher/_audit_reports/hydromt_yaml_state_audit_20260612_183824.txt,88,OLD_PROJ_DATA_ROOT,LIKELY_DOC_OR_LINK,/proj/zefflab/projects/Flooding/Data/harris_county/catalogs/events_reduced/harvey_2017_full/event_wind/README_HYDROMT_DATA_CATALOGS.md,/users/e/p/epsilon/Data/Data/harris_county/catalogs/events_reduced/harvey_2017_full/event_wind/README_HYDROMT_DATA_CATALOGS.md,False,,- /proj/zefflab/projects/Flooding/Data/harris_county/catalogs/_retired_active_hydromt_yamls_20260612_183817/events/harvey_2017_mrms/event_metadata/hydromt_data.yml
/proj/zefflab/projects/Flooding/pipeline/web_launcher/_audit_reports/hydromt_yaml_state_audit_20260612_183824.txt,88,OLD_PROJ_DATA_ROOT,LIKELY_DOC_OR_LINK,/proj/zefflab/projects/Flooding/Data/harris_county/catalogs/events_reduced/imelda_2019/event_wind/README_HYDROMT_DATA_CATALOGS.md,/users/e/p/epsilon/Data/Data/harris_county/catalogs/events_reduced/imelda_2019/event_wind/README_HYDROMT_DATA_CATALOGS.md,False,,- /proj/zefflab/projects/Flooding/Data/harris_county/catalogs/_retired_active_hydromt_yamls_20260612_183817/events/harvey_2017_mrms/event_metadata/hydromt_data.yml
/proj/zefflab/projects/Flooding/pipeline/web_launcher/_audit_reports/hydromt_yaml_state_audit_20260612_183824.txt,88,OLD_PROJ_DATA_ROOT,LIKELY_DOC_OR_LINK,/proj/zefflab/projects/Flooding/Data/harris_county/catalogs/static/harris_county/bathy/README_HYDROMT_DATA_CATALOGS.md,/users/e/p/epsilon/Data/Data/harris_county/catalogs/static/harris_county/bathy/README_HYDROMT_DATA_CATALOGS.md,False,,- /proj/zefflab/projects/Flooding/Data/harris_county/catalogs/_retired_active_hydromt_yamls_20260612_183817/events/harvey_2017_mrms/event_metadata/hydromt_data.yml
/proj/zefflab/projects/Flooding/pipeline/web_launcher/_audit_reports/hydromt_yaml_state_audit_20260612_183824.txt,88,OLD_PROJ_DATA_ROOT,LIKELY_DOC_OR_LINK,/proj/zefflab/projects/Flooding/Data/harris_county/catalogs/static/harris_county/boundary_points_static/README_HYDROMT_DATA_CATALOGS.md,/users/e/p/epsilon/Data/Data/harris_county/catalogs/static/harris_county/boundary_points_static/README_HYDROMT_DATA_CATALOGS.md,False,,- /proj/zefflab/projects/Flooding/Data/harris_county/catalogs/_retired_active_hydromt_yamls_20260612_183817/events/harvey_2017_mrms/event_metadata/hydromt_data.yml
/proj/zefflab/projects/Flooding/pipeline/web_launcher/_audit_reports/hydromt_yaml_state_audit_20260612_183824.txt,88,OLD_PROJ_DATA_ROOT,LIKELY_DOC_OR_LINK,/proj/zefflab/projects/Flooding/Data/harris_county/catalogs/static/harris_county/curve_number/README_HYDROMT_DATA_CATALOGS.md,/users/e/p/epsilon/Data/Data/harris_county/catalogs/static/harris_county/curve_number/README_HYDROMT_DATA_CATALOGS.md,False,,- /proj/zefflab/projects/Flooding/Data/harris_county/catalogs/_retired_active_hydromt_yamls_20260612_183817/events/harvey_2017_mrms/event_metadata/hydromt_data.yml
/proj/zefflab/projects/Flooding/pipeline/web_launcher/_audit_reports/hydromt_yaml_state_audit_20260612_183824.txt,89,OLD_PROJ_DATA_ROOT,LIKELY_DOC_OR_LINK,/proj/zefflab/projects/Flooding/Data/harris_county/catalogs/_retired_active_hydromt_yamls_20260612_183817/events/harvey_2017_mrms/event_metadata/hydromt_data.yml,/users/e/p/epsilon/Data/Data/harris_county/catalogs/_retired_active_hydromt_yamls_20260612_183817/events/harvey_2017_mrms/event_metadata/hydromt_data.yml,False,,- /proj/zefflab/projects/Flooding/Data/harris_county/catalogs/_retired_active_hydromt_yamls_20260612_183817/static/harris_county/static_metadata/hydromt_data.yml
/proj/zefflab/projects/Flooding/pipeline/web_launcher/_audit_reports/hydromt_yaml_state_audit_20260612_183824.txt,89,OLD_PROJ_DATA_ROOT,LIKELY_DOC_OR_LINK,/proj/zefflab/projects/Flooding/Data/harris_county/catalogs/_retired_active_hydromt_yamls_20260612_183817/static/harris_county/static_metadata/hydromt_data.yml,/users/e/p/epsilon/Data/Data/harris_county/catalogs/_retired_active_hydromt_yamls_20260612_183817/static/harris_county/static_metadata/hydromt_data.yml,False,,- /proj/zefflab/projects/Flooding/Data/harris_county/catalogs/_retired_active_hydromt_yamls_20260612_183817/static/harris_county/static_metadata/hydromt_data.yml
/proj/zefflab/projects/Flooding/pipeline/web_launcher/_audit_reports/hydromt_yaml_state_audit_20260612_183824.txt,89,OLD_PROJ_DATA_ROOT,LIKELY_DOC_OR_LINK,/proj/zefflab/projects/Flooding/Data/harris_county/catalogs/_yaml_backups/hydromt_yaml_backup_20260612_181807/event_hydromt_data_old.yml,/users/e/p/epsilon/Data/Data/harris_county/catalogs/_yaml_backups/hydromt_yaml_backup_20260612_181807/event_hydromt_data_old.yml,False,,- /proj/zefflab/projects/Flooding/Data/harris_county/catalogs/_retired_active_hydromt_yamls_20260612_183817/static/harris_county/static_metadata/hydromt_data.yml
/proj/zefflab/projects/Flooding/pipeline/web_launcher/_audit_reports/hydromt_yaml_state_audit_20260612_183824.txt,89,OLD_PROJ_DATA_ROOT,LIKELY_DOC_OR_LINK,/proj/zefflab/projects/Flooding/Data/harris_county/catalogs/_yaml_backups/hydromt_yaml_backup_20260612_181807/static_hydromt_data_old.yml,/users/e/p/epsilon/Data/Data/harris_county/catalogs/_yaml_backups/hydromt_yaml_backup_20260612_181807/static_hydromt_data_old.yml,False,,- /proj/zefflab/projects/Flooding/Data/harris_county/catalogs/_retired_active_hydromt_yamls_20260612_183817/static/harris_county/static_metadata/hydromt_data.yml
/proj/zefflab/projects/Flooding/pipeline/web_launcher/_audit_reports/hydromt_yaml_state_audit_20260612_183824.txt,89,OLD_PROJ_DATA_ROOT,LIKELY_DOC_OR_LINK,/proj/zefflab/projects/Flooding/Data/harris_county/catalogs/events_reduced/harvey_2017/event_wind/README_HYDROMT_DATA_CATALOGS.md,/users/e/p/epsilon/Data/Data/harris_county/catalogs/events_reduced/harvey_2017/event_wind/README_HYDROMT_DATA_CATALOGS.md,False,,- /proj/zefflab/projects/Flooding/Data/harris_county/catalogs/_retired_active_hydromt_yamls_20260612_183817/static/harris_county/static_metadata/hydromt_data.yml
/proj/zefflab/projects/Flooding/pipeline/web_launcher/_audit_reports/hydromt_yaml_state_audit_20260612_183824.txt,89,OLD_PROJ_DATA_ROOT,LIKELY_DOC_OR_LINK,/proj/zefflab/projects/Flooding/Data/harris_county/catalogs/events_reduced/harvey_2017_full/event_wind/README_HYDROMT_DATA_CATALOGS.md,/users/e/p/epsilon/Data/Data/harris_county/catalogs/events_reduced/harvey_2017_full/event_wind/README_HYDROMT_DATA_CATALOGS.md,False,,- /proj/zefflab/projects/Flooding/Data/harris_county/catalogs/_retired_active_hydromt_yamls_20260612_183817/static/harris_county/static_metadata/hydromt_data.yml
/proj/zefflab/projects/Flooding/pipeline/web_launcher/_audit_reports/hydromt_yaml_state_audit_20260612_183824.txt,89,OLD_PROJ_DATA_ROOT,LIKELY_DOC_OR_LINK,/proj/zefflab/projects/Flooding/Data/harris_county/catalogs/events_reduced/imelda_2019/event_wind/README_HYDROMT_DATA_CATALOGS.md,/users/e/p/epsilon/Data/Data/harris_county/catalogs/events_reduced/imelda_2019/event_wind/README_HYDROMT_DATA_CATALOGS.md,False,,- /proj/zefflab/projects/Flooding/Data/harris_county/catalogs/_retired_active_hydromt_yamls_20260612_183817/static/harris_county/static_metadata/hydromt_data.yml
/proj/zefflab/projects/Flooding/pipeline/web_launcher/_audit_reports/hydromt_yaml_state_audit_20260612_183824.txt,89,OLD_PROJ_DATA_ROOT,LIKELY_DOC_OR_LINK,/proj/zefflab/projects/Flooding/Data/harris_county/catalogs/static/harris_county/bathy/README_HYDROMT_DATA_CATALOGS.md,/users/e/p/epsilon/Data/Data/harris_county/catalogs/static/harris_county/bathy/README_HYDROMT_DATA_CATALOGS.md,False,,- /proj/zefflab/projects/Flooding/Data/harris_county/catalogs/_retired_active_hydromt_yamls_20260612_183817/static/harris_county/static_metadata/hydromt_data.yml
/proj/zefflab/projects/Flooding/pipeline/web_launcher/_audit_reports/hydromt_yaml_state_audit_20260612_183824.txt,89,OLD_PROJ_DATA_ROOT,LIKELY_DOC_OR_LINK,/proj/zefflab/projects/Flooding/Data/harris_county/catalogs/static/harris_county/boundary_points_static/README_HYDROMT_DATA_CATALOGS.md,/users/e/p/epsilon/Data/Data/harris_county/catalogs/static/harris_county/boundary_points_static/README_HYDROMT_DATA_CATALOGS.md,False,,- /proj/zefflab/projects/Flooding/Data/harris_county/catalogs/_retired_active_hydromt_yamls_20260612_183817/static/harris_county/static_metadata/hydromt_data.yml
/proj/zefflab/projects/Flooding/pipeline/web_launcher/_audit_reports/hydromt_yaml_state_audit_20260612_183824.txt,89,OLD_PROJ_DATA_ROOT,LIKELY_DOC_OR_LINK,/proj/zefflab/projects/Flooding/Data/harris_county/catalogs/static/harris_county/curve_number/README_HYDROMT_DATA_CATALOGS.md,/users/e/p/epsilon/Data/Data/harris_county/catalogs/static/harris_county/curve_number/README_HYDROMT_DATA_CATALOGS.md,False,,- /proj/zefflab/projects/Flooding/Data/harris_county/catalogs/_retired_active_hydromt_yamls_20260612_183817/static/harris_county/static_metadata/hydromt_data.yml
/proj/zefflab/projects/Flooding/pipeline/web_launcher/_audit_reports/hydromt_yaml_state_audit_20260612_183824.txt,90,OLD_PROJ_DATA_ROOT,LIKELY_DOC_OR_LINK,/proj/zefflab/projects/Flooding/Data/harris_county/catalogs/_retired_active_hydromt_yamls_20260612_183817/events/harvey_2017_mrms/event_metadata/hydromt_data.yml,/users/e/p/epsilon/Data/Data/harris_county/catalogs/_retired_active_hydromt_yamls_20260612_183817/events/harvey_2017_mrms/event_metadata/hydromt_data.yml,False,,- /proj/zefflab/projects/Flooding/Data/harris_county/catalogs/_yaml_backups/hydromt_yaml_backup_20260612_181807/event_hydromt_data_old.yml
/proj/zefflab/projects/Flooding/pipeline/web_launcher/_audit_reports/hydromt_yaml_state_audit_20260612_183824.txt,90,OLD_PROJ_DATA_ROOT,LIKELY_DOC_OR_LINK,/proj/zefflab/projects/Flooding/Data/harris_county/catalogs/_retired_active_hydromt_yamls_20260612_183817/static/harris_county/static_metadata/hydromt_data.yml,/users/e/p/epsilon/Data/Data/harris_county/catalogs/_retired_active_hydromt_yamls_20260612_183817/static/harris_county/static_metadata/hydromt_data.yml,False,,- /proj/zefflab/projects/Flooding/Data/harris_county/catalogs/_yaml_backups/hydromt_yaml_backup_20260612_181807/event_hydromt_data_old.yml
/proj/zefflab/projects/Flooding/pipeline/web_launcher/_audit_reports/hydromt_yaml_state_audit_20260612_183824.txt,90,OLD_PROJ_DATA_ROOT,LIKELY_DOC_OR_LINK,/proj/zefflab/projects/Flooding/Data/harris_county/catalogs/_yaml_backups/hydromt_yaml_backup_20260612_181807/event_hydromt_data_old.yml,/users/e/p/epsilon/Data/Data/harris_county/catalogs/_yaml_backups/hydromt_yaml_backup_20260612_181807/event_hydromt_data_old.yml,False,,- /proj/zefflab/projects/Flooding/Data/harris_county/catalogs/_yaml_backups/hydromt_yaml_backup_20260612_181807/event_hydromt_data_old.yml
/proj/zefflab/projects/Flooding/pipeline/web_launcher/_audit_reports/hydromt_yaml_state_audit_20260612_183824.txt,90,OLD_PROJ_DATA_ROOT,LIKELY_DOC_OR_LINK,/proj/zefflab/projects/Flooding/Data/harris_county/catalogs/_yaml_backups/hydromt_yaml_backup_20260612_181807/static_hydromt_data_old.yml,/users/e/p/epsilon/Data/Data/harris_county/catalogs/_yaml_backups/hydromt_yaml_backup_20260612_181807/static_hydromt_data_old.yml,False,,- /proj/zefflab/projects/Flooding/Data/harris_county/catalogs/_yaml_backups/hydromt_yaml_backup_20260612_181807/event_hydromt_data_old.yml
/proj/zefflab/projects/Flooding/pipeline/web_launcher/_audit_reports/hydromt_yaml_state_audit_20260612_183824.txt,90,OLD_PROJ_DATA_ROOT,LIKELY_DOC_OR_LINK,/proj/zefflab/projects/Flooding/Data/harris_county/catalogs/events_reduced/harvey_2017_full/event_wind/README_HYDROMT_DATA_CATALOGS.md,/users/e/p/epsilon/Data/Data/harris_county/catalogs/events_reduced/harvey_2017_full/event_wind/README_HYDROMT_DATA_CATALOGS.md,False,,- /proj/zefflab/projects/Flooding/Data/harris_county/catalogs/_yaml_backups/hydromt_yaml_backup_20260612_181807/event_hydromt_data_old.yml
/proj/zefflab/projects/Flooding/pipeline/web_launcher/_audit_reports/hydromt_yaml_state_audit_20260612_183824.txt,90,OLD_PROJ_DATA_ROOT,LIKELY_DOC_OR_LINK,/proj/zefflab/projects/Flooding/Data/harris_county/catalogs/events_reduced/imelda_2019/event_wind/README_HYDROMT_DATA_CATALOGS.md,/users/e/p/epsilon/Data/Data/harris_county/catalogs/events_reduced/imelda_2019/event_wind/README_HYDROMT_DATA_CATALOGS.md,False,,- /proj/zefflab/projects/Flooding/Data/harris_county/catalogs/_yaml_backups/hydromt_yaml_backup_20260612_181807/event_hydromt_data_old.yml
/proj/zefflab/projects/Flooding/pipeline/web_launcher/_audit_reports/hydromt_yaml_state_audit_20260612_183824.txt,90,OLD_PROJ_DATA_ROOT,LIKELY_DOC_OR_LINK,/proj/zefflab/projects/Flooding/Data/harris_county/catalogs/static/harris_county/bathy/README_HYDROMT_DATA_CATALOGS.md,/users/e/p/epsilon/Data/Data/harris_county/catalogs/static/harris_county/bathy/README_HYDROMT_DATA_CATALOGS.md,False,,- /proj/zefflab/projects/Flooding/Data/harris_county/catalogs/_yaml_backups/hydromt_yaml_backup_20260612_181807/event_hydromt_data_old.yml
/proj/zefflab/projects/Flooding/pipeline/web_launcher/_audit_reports/hydromt_yaml_state_audit_20260612_183824.txt,90,OLD_PROJ_DATA_ROOT,LIKELY_DOC_OR_LINK,/proj/zefflab/projects/Flooding/Data/harris_county/catalogs/static/harris_county/boundary_points_static/README_HYDROMT_DATA_CATALOGS.md,/users/e/p/epsilon/Data/Data/harris_county/catalogs/static/harris_county/boundary_points_static/README_HYDROMT_DATA_CATALOGS.md,False,,- /proj/zefflab/projects/Flooding/Data/harris_county/catalogs/_yaml_backups/hydromt_yaml_backup_20260612_181807/event_hydromt_data_old.yml
/proj/zefflab/projects/Flooding/pipeline/web_launcher/_audit_reports/hydromt_yaml_state_audit_20260612_183824.txt,90,OLD_PROJ_DATA_ROOT,LIKELY_DOC_OR_LINK,/proj/zefflab/projects/Flooding/Data/harris_county/catalogs/static/harris_county/curve_number/README_HYDROMT_DATA_CATALOGS.md,/users/e/p/epsilon/Data/Data/harris_county/catalogs/static/harris_county/curve_number/README_HYDROMT_DATA_CATALOGS.md,False,,- /proj/zefflab/projects/Flooding/Data/harris_county/catalogs/_yaml_backups/hydromt_yaml_backup_20260612_181807/event_hydromt_data_old.yml
/proj/zefflab/projects/Flooding/pipeline/web_launcher/_audit_reports/hydromt_yaml_state_audit_20260612_183824.txt,91,OLD_PROJ_DATA_ROOT,LIKELY_DOC_OR_LINK,/proj/zefflab/projects/Flooding/Data/harris_county/catalogs/_retired_active_hydromt_yamls_20260612_183817/events/harvey_2017_mrms/event_metadata/hydromt_data.yml,/users/e/p/epsilon/Data/Data/harris_county/catalogs/_retired_active_hydromt_yamls_20260612_183817/events/harvey_2017_mrms/event_metadata/hydromt_data.yml,False,,- /proj/zefflab/projects/Flooding/Data/harris_county/catalogs/_yaml_backups/hydromt_yaml_backup_20260612_181807/static_hydromt_data_old.yml
/proj/zefflab/projects/Flooding/pipeline/web_launcher/_audit_reports/hydromt_yaml_state_audit_20260612_183824.txt,91,OLD_PROJ_DATA_ROOT,LIKELY_DOC_OR_LINK,/proj/zefflab/projects/Flooding/Data/harris_county/catalogs/_retired_active_hydromt_yamls_20260612_183817/static/harris_county/static_metadata/hydromt_data.yml,/users/e/p/epsilon/Data/Data/harris_county/catalogs/_retired_active_hydromt_yamls_20260612_183817/static/harris_county/static_metadata/hydromt_data.yml,False,,- /proj/zefflab/projects/Flooding/Data/harris_county/catalogs/_yaml_backups/hydromt_yaml_backup_20260612_181807/static_hydromt_data_old.yml
/proj/zefflab/projects/Flooding/pipeline/web_launcher/_audit_reports/hydromt_yaml_state_audit_20260612_183824.txt,91,OLD_PROJ_DATA_ROOT,LIKELY_DOC_OR_LINK,/proj/zefflab/projects/Flooding/Data/harris_county/catalogs/_yaml_backups/hydromt_yaml_backup_20260612_181807/event_hydromt_data_old.yml,/users/e/p/epsilon/Data/Data/harris_county/catalogs/_yaml_backups/hydromt_yaml_backup_20260612_181807/event_hydromt_data_old.yml,False,,- /proj/zefflab/projects/Flooding/Data/harris_county/catalogs/_yaml_backups/hydromt_yaml_backup_20260612_181807/static_hydromt_data_old.yml
/proj/zefflab/projects/Flooding/pipeline/web_launcher/_audit_reports/hydromt_yaml_state_audit_20260612_183824.txt,91,OLD_PROJ_DATA_ROOT,LIKELY_DOC_OR_LINK,/proj/zefflab/projects/Flooding/Data/harris_county/catalogs/_yaml_backups/hydromt_yaml_backup_20260612_181807/static_hydromt_data_old.yml,/users/e/p/epsilon/Data/Data/harris_county/catalogs/_yaml_backups/hydromt_yaml_backup_20260612_181807/static_hydromt_data_old.yml,False,,- /proj/zefflab/projects/Flooding/Data/harris_county/catalogs/_yaml_backups/hydromt_yaml_backup_20260612_181807/static_hydromt_data_old.yml
/proj/zefflab/projects/Flooding/pipeline/web_launcher/_audit_reports/hydromt_yaml_state_audit_20260612_183824.txt,91,OLD_PROJ_DATA_ROOT,LIKELY_DOC_OR_LINK,/proj/zefflab/projects/Flooding/Data/harris_county/catalogs/events_reduced/imelda_2019/event_wind/README_HYDROMT_DATA_CATALOGS.md,/users/e/p/epsilon/Data/Data/harris_county/catalogs/events_reduced/imelda_2019/event_wind/README_HYDROMT_DATA_CATALOGS.md,False,,- /proj/zefflab/projects/Flooding/Data/harris_county/catalogs/_yaml_backups/hydromt_yaml_backup_20260612_181807/static_hydromt_data_old.yml
/proj/zefflab/projects/Flooding/pipeline/web_launcher/_audit_reports/hydromt_yaml_state_audit_20260612_183824.txt,91,OLD_PROJ_DATA_ROOT,LIKELY_DOC_OR_LINK,/proj/zefflab/projects/Flooding/Data/harris_county/catalogs/static/harris_county/bathy/README_HYDROMT_DATA_CATALOGS.md,/users/e/p/epsilon/Data/Data/harris_county/catalogs/static/harris_county/bathy/README_HYDROMT_DATA_CATALOGS.md,False,,- /proj/zefflab/projects/Flooding/Data/harris_county/catalogs/_yaml_backups/hydromt_yaml_backup_20260612_181807/static_hydromt_data_old.yml
/proj/zefflab/projects/Flooding/pipeline/web_launcher/_audit_reports/hydromt_yaml_state_audit_20260612_183824.txt,91,OLD_PROJ_DATA_ROOT,LIKELY_DOC_OR_LINK,/proj/zefflab/projects/Flooding/Data/harris_county/catalogs/static/harris_county/boundary_points_static/README_HYDROMT_DATA_CATALOGS.md,/users/e/p/epsilon/Data/Data/harris_county/catalogs/static/harris_county/boundary_points_static/README_HYDROMT_DATA_CATALOGS.md,False,,- /proj/zefflab/projects/Flooding/Data/harris_county/catalogs/_yaml_backups/hydromt_yaml_backup_20260612_181807/static_hydromt_data_old.yml
/proj/zefflab/projects/Flooding/pipeline/web_launcher/_audit_reports/hydromt_yaml_state_audit_20260612_183824.txt,91,OLD_PROJ_DATA_ROOT,LIKELY_DOC_OR_LINK,/proj/zefflab/projects/Flooding/Data/harris_county/catalogs/static/harris_county/curve_number/README_HYDROMT_DATA_CATALOGS.md,/users/e/p/epsilon/Data/Data/harris_county/catalogs/static/harris_county/curve_number/README_HYDROMT_DATA_CATALOGS.md,False,,- /proj/zefflab/projects/Flooding/Data/harris_county/catalogs/_yaml_backups/hydromt_yaml_backup_20260612_181807/static_hydromt_data_old.yml
/proj/zefflab/projects/Flooding/pipeline/web_launcher/_audit_reports/hydromt_yaml_state_audit_20260612_183544.txt,3,OLD_PROJ_DATA_ROOT,UNCLEAR_REVIEW,/proj/zefflab/projects/Flooding/Data/harris_county/catalogs,/users/e/p/epsilon/Data/Data/harris_county/catalogs,True,,catalog_root: /proj/zefflab/projects/Flooding/Data/harris_county/catalogs
/proj/zefflab/projects/Flooding/pipeline/web_launcher/_audit_reports/hydromt_yaml_state_audit_20260612_183544.txt,70,OLD_PROJ_DATA_ROOT,LIKELY_DOC_OR_LINK,/proj/zefflab/projects/Flooding/Data/harris_county/catalogs/events/beryl_2024/event_pressure/README_HYDROMT_DATA_CATALOGS.md,/users/e/p/epsilon/Data/Data/harris_county/catalogs/events/beryl_2024/event_pressure/README_HYDROMT_DATA_CATALOGS.md,False,,- /proj/zefflab/projects/Flooding/Data/harris_county/catalogs/events/beryl_2024/event_pressure/README_HYDROMT_DATA_CATALOGS.md
/proj/zefflab/projects/Flooding/pipeline/web_launcher/_audit_reports/hydromt_yaml_state_audit_20260612_183544.txt,70,OLD_PROJ_DATA_ROOT,LIKELY_DOC_OR_LINK,/proj/zefflab/projects/Flooding/Data/harris_county/catalogs/events/beryl_2024/event_wind/README_HYDROMT_DATA_CATALOGS.md,/users/e/p/epsilon/Data/Data/harris_county/catalogs/events/beryl_2024/event_wind/README_HYDROMT_DATA_CATALOGS.md,False,,- /proj/zefflab/projects/Flooding/Data/harris_county/catalogs/events/beryl_2024/event_pressure/README_HYDROMT_DATA_CATALOGS.md
/proj/zefflab/projects/Flooding/pipeline/web_launcher/_audit_reports/hydromt_yaml_state_audit_20260612_183544.txt,70,OLD_PROJ_DATA_ROOT,LIKELY_DOC_OR_LINK,/proj/zefflab/projects/Flooding/Data/harris_county/catalogs/events/flood_2009_04/event_pressure/README_HYDROMT_DATA_CATALOGS.md,/users/e/p/epsilon/Data/Data/harris_county/catalogs/events/flood_2009_04/event_pressure/README_HYDROMT_DATA_CATALOGS.md,False,,- /proj/zefflab/projects/Flooding/Data/harris_county/catalogs/events/beryl_2024/event_pressure/README_HYDROMT_DATA_CATALOGS.md
/proj/zefflab/projects/Flooding/pipeline/web_launcher/_audit_reports/hydromt_yaml_state_audit_20260612_183544.txt,70,OLD_PROJ_DATA_ROOT,LIKELY_DOC_OR_LINK,/proj/zefflab/projects/Flooding/Data/harris_county/catalogs/events/harvey_2017/event_wind/README_HYDROMT_DATA_CATALOGS.md,/users/e/p/epsilon/Data/Data/harris_county/catalogs/events/harvey_2017/event_wind/README_HYDROMT_DATA_CATALOGS.md,False,,- /proj/zefflab/projects/Flooding/Data/harris_county/catalogs/events/beryl_2024/event_pressure/README_HYDROMT_DATA_CATALOGS.md
/proj/zefflab/projects/Flooding/pipeline/web_launcher/_audit_reports/hydromt_yaml_state_audit_20260612_183544.txt,70,OLD_PROJ_DATA_ROOT,LIKELY_DOC_OR_LINK,/proj/zefflab/projects/Flooding/Data/harris_county/catalogs/events/harvey_2017_full/event_wind/README_HYDROMT_DATA_CATALOGS.md,/users/e/p/epsilon/Data/Data/harris_county/catalogs/events/harvey_2017_full/event_wind/README_HYDROMT_DATA_CATALOGS.md,False,,- /proj/zefflab/projects/Flooding/Data/harris_county/catalogs/events/beryl_2024/event_pressure/README_HYDROMT_DATA_CATALOGS.md
/proj/zefflab/projects/Flooding/pipeline/web_launcher/_audit_reports/hydromt_yaml_state_audit_20260612_183544.txt,70,OLD_PROJ_DATA_ROOT,LIKELY_DOC_OR_LINK,/proj/zefflab/projects/Flooding/Data/harris_county/catalogs/events/harvey_2017_mrms/_manifests/boundary_table_audit/README_HYDROMT_DATA_CATALOGS.md,/users/e/p/epsilon/Data/Data/harris_county/catalogs/events/harvey_2017_mrms/_manifests/boundary_table_audit/README_HYDROMT_DATA_CATALOGS.md,False,,- /proj/zefflab/projects/Flooding/Data/harris_county/catalogs/events/beryl_2024/event_pressure/README_HYDROMT_DATA_CATALOGS.md
/proj/zefflab/projects/Flooding/pipeline/web_launcher/_audit_reports/hydromt_yaml_state_audit_20260612_183544.txt,70,OLD_PROJ_DATA_ROOT,LIKELY_DOC_OR_LINK,/proj/zefflab/projects/Flooding/Data/harris_county/catalogs/events/harvey_2017_mrms/event_validation_lines/reviewed_crs_lines/review_figures/README_HYDROMT_DATA_CATALOGS.md,/users/e/p/epsilon/Data/Data/harris_county/catalogs/events/harvey_2017_mrms/event_validation_lines/reviewed_crs_lines/review_figures/README_HYDROMT_DATA_CATALOGS.md,False,,- /proj/zefflab/projects/Flooding/Data/harris_county/catalogs/events/beryl_2024/event_pressure/README_HYDROMT_DATA_CATALOGS.md
/proj/zefflab/projects/Flooding/pipeline/web_launcher/_audit_reports/hydromt_yaml_state_audit_20260612_183544.txt,70,OLD_PROJ_DATA_ROOT,LIKELY_DOC_OR_LINK,/proj/zefflab/projects/Flooding/Data/harris_county/catalogs/events/harvey_2017_ppe/restarts/README_HYDROMT_DATA_CATALOGS.md,/users/e/p/epsilon/Data/Data/harris_county/catalogs/events/harvey_2017_ppe/restarts/README_HYDROMT_DATA_CATALOGS.md,False,,- /proj/zefflab/projects/Flooding/Data/harris_county/catalogs/events/beryl_2024/event_pressure/README_HYDROMT_DATA_CATALOGS.md
/proj/zefflab/projects/Flooding/pipeline/web_launcher/_audit_reports/hydromt_yaml_state_audit_20260612_183544.txt,70,OLD_PROJ_DATA_ROOT,LIKELY_DOC_OR_LINK,/proj/zefflab/projects/Flooding/Data/harris_county/catalogs/events/imelda_2019/event_wind/README_HYDROMT_DATA_CATALOGS.md,/users/e/p/epsilon/Data/Data/harris_county/catalogs/events/imelda_2019/event_wind/README_HYDROMT_DATA_CATALOGS.md,False,,- /proj/zefflab/projects/Flooding/Data/harris_county/catalogs/events/beryl_2024/event_pressure/README_HYDROMT_DATA_CATALOGS.md
/proj/zefflab/projects/Flooding/pipeline/web_launcher/_audit_reports/hydromt_yaml_state_audit_20260612_183544.txt,71,OLD_PROJ_DATA_ROOT,LIKELY_DOC_OR_LINK,/proj/zefflab/projects/Flooding/Data/harris_county/catalogs/events/beryl_2024/event_pressure/README_HYDROMT_DATA_CATALOGS.md,/users/e/p/epsilon/Data/Data/harris_county/catalogs/events/beryl_2024/event_pressure/README_HYDROMT_DATA_CATALOGS.md,False,,- /proj/zefflab/projects/Flooding/Data/harris_county/catalogs/events/beryl_2024/event_wind/README_HYDROMT_DATA_CATALOGS.md
/proj/zefflab/projects/Flooding/pipeline/web_launcher/_audit_reports/hydromt_yaml_state_audit_20260612_183544.txt,71,OLD_PROJ_DATA_ROOT,LIKELY_DOC_OR_LINK,/proj/zefflab/projects/Flooding/Data/harris_county/catalogs/events/beryl_2024/event_wind/README_HYDROMT_DATA_CATALOGS.md,/users/e/p/epsilon/Data/Data/harris_county/catalogs/events/beryl_2024/event_wind/README_HYDROMT_DATA_CATALOGS.md,False,,- /proj/zefflab/projects/Flooding/Data/harris_county/catalogs/events/beryl_2024/event_wind/README_HYDROMT_DATA_CATALOGS.md
/proj/zefflab/projects/Flooding/pipeline/web_launcher/_audit_reports/hydromt_yaml_state_audit_20260612_183544.txt,71,OLD_PROJ_DATA_ROOT,LIKELY_DOC_OR_LINK,/proj/zefflab/projects/Flooding/Data/harris_county/catalogs/events/flood_2009_04/event_pressure/README_HYDROMT_DATA_CATALOGS.md,/users/e/p/epsilon/Data/Data/harris_county/catalogs/events/flood_2009_04/event_pressure/README_HYDROMT_DATA_CATALOGS.md,False,,- /proj/zefflab/projects/Flooding/Data/harris_county/catalogs/events/beryl_2024/event_wind/README_HYDROMT_DATA_CATALOGS.md
/proj/zefflab/projects/Flooding/pipeline/web_launcher/_audit_reports/hydromt_yaml_state_audit_20260612_183544.txt,71,OLD_PROJ_DATA_ROOT,LIKELY_DOC_OR_LINK,/proj/zefflab/projects/Flooding/Data/harris_county/catalogs/events/harvey_2017/event_wind/README_HYDROMT_DATA_CATALOGS.md,/users/e/p/epsilon/Data/Data/harris_county/catalogs/events/harvey_2017/event_wind/README_HYDROMT_DATA_CATALOGS.md,False,,- /proj/zefflab/projects/Flooding/Data/harris_county/catalogs/events/beryl_2024/event_wind/README_HYDROMT_DATA_CATALOGS.md
/proj/zefflab/projects/Flooding/pipeline/web_launcher/_audit_reports/hydromt_yaml_state_audit_20260612_183544.txt,71,OLD_PROJ_DATA_ROOT,LIKELY_DOC_OR_LINK,/proj/zefflab/projects/Flooding/Data/harris_county/catalogs/events/harvey_2017_full/event_wind/README_HYDROMT_DATA_CATALOGS.md,/users/e/p/epsilon/Data/Data/harris_county/catalogs/events/harvey_2017_full/event_wind/README_HYDROMT_DATA_CATALOGS.md,False,,- /proj/zefflab/projects/Flooding/Data/harris_county/catalogs/events/beryl_2024/event_wind/README_HYDROMT_DATA_CATALOGS.md
/proj/zefflab/projects/Flooding/pipeline/web_launcher/_audit_reports/hydromt_yaml_state_audit_20260612_183544.txt,71,OLD_PROJ_DATA_ROOT,LIKELY_DOC_OR_LINK,/proj/zefflab/projects/Flooding/Data/harris_county/catalogs/events/harvey_2017_mrms/_manifests/boundary_table_audit/README_HYDROMT_DATA_CATALOGS.md,/users/e/p/epsilon/Data/Data/harris_county/catalogs/events/harvey_2017_mrms/_manifests/boundary_table_audit/README_HYDROMT_DATA_CATALOGS.md,False,,- /proj/zefflab/projects/Flooding/Data/harris_county/catalogs/events/beryl_2024/event_wind/README_HYDROMT_DATA_CATALOGS.md
/proj/zefflab/projects/Flooding/pipeline/web_launcher/_audit_reports/hydromt_yaml_state_audit_20260612_183544.txt,71,OLD_PROJ_DATA_ROOT,LIKELY_DOC_OR_LINK,/proj/zefflab/projects/Flooding/Data/harris_county/catalogs/events/harvey_2017_mrms/event_validation_lines/reviewed_crs_lines/review_figures/README_HYDROMT_DATA_CATALOGS.md,/users/e/p/epsilon/Data/Data/harris_county/catalogs/events/harvey_2017_mrms/event_validation_lines/reviewed_crs_lines/review_figures/README_HYDROMT_DATA_CATALOGS.md,False,,- /proj/zefflab/projects/Flooding/Data/harris_county/catalogs/events/beryl_2024/event_wind/README_HYDROMT_DATA_CATALOGS.md
/proj/zefflab/projects/Flooding/pipeline/web_launcher/_audit_reports/hydromt_yaml_state_audit_20260612_183544.txt,71,OLD_PROJ_DATA_ROOT,LIKELY_DOC_OR_LINK,/proj/zefflab/projects/Flooding/Data/harris_county/catalogs/events/harvey_2017_ppe/restarts/README_HYDROMT_DATA_CATALOGS.md,/users/e/p/epsilon/Data/Data/harris_county/catalogs/events/harvey_2017_ppe/restarts/README_HYDROMT_DATA_CATALOGS.md,False,,- /proj/zefflab/projects/Flooding/Data/harris_county/catalogs/events/beryl_2024/event_wind/README_HYDROMT_DATA_CATALOGS.md
/proj/zefflab/projects/Flooding/pipeline/web_launcher/_audit_reports/hydromt_yaml_state_audit_20260612_183544.txt,71,OLD_PROJ_DATA_ROOT,LIKELY_DOC_OR_LINK,/proj/zefflab/projects/Flooding/Data/harris_county/catalogs/events/imelda_2019/event_wind/README_HYDROMT_DATA_CATALOGS.md,/users/e/p/epsilon/Data/Data/harris_county/catalogs/events/imelda_2019/event_wind/README_HYDROMT_DATA_CATALOGS.md,False,,- /proj/zefflab/projects/Flooding/Data/harris_county/catalogs/events/beryl_2024/event_wind/README_HYDROMT_DATA_CATALOGS.md
/proj/zefflab/projects/Flooding/pipeline/web_launcher/_audit_reports/hydromt_yaml_state_audit_20260612_183544.txt,71,OLD_PROJ_DATA_ROOT,LIKELY_DOC_OR_LINK,/proj/zefflab/projects/Flooding/Data/harris_county/catalogs/events_reduced/beryl_2024/event_pressure/README_HYDROMT_DATA_CATALOGS.md,/users/e/p/epsilon/Data/Data/harris_county/catalogs/events_reduced/beryl_2024/event_pressure/README_HYDROMT_DATA_CATALOGS.md,False,,- /proj/zefflab/projects/Flooding/Data/harris_county/catalogs/events/beryl_2024/event_wind/README_HYDROMT_DATA_CATALOGS.md
/proj/zefflab/projects/Flooding/pipeline/web_launcher/_audit_reports/hydromt_yaml_state_audit_20260612_183544.txt,72,OLD_PROJ_DATA_ROOT,LIKELY_DOC_OR_LINK,/proj/zefflab/projects/Flooding/Data/harris_county/catalogs/events/beryl_2024/event_pressure/README_HYDROMT_DATA_CATALOGS.md,/users/e/p/epsilon/Data/Data/harris_county/catalogs/events/beryl_2024/event_pressure/README_HYDROMT_DATA_CATALOGS.md,False,,- /proj/zefflab/projects/Flooding/Data/harris_county/catalogs/events/flood_2009_04/event_pressure/README_HYDROMT_DATA_CATALOGS.md
/proj/zefflab/projects/Flooding/pipeline/web_launcher/_audit_reports/hydromt_yaml_state_audit_20260612_183544.txt,72,OLD_PROJ_DATA_ROOT,LIKELY_DOC_OR_LINK,/proj/zefflab/projects/Flooding/Data/harris_county/catalogs/events/beryl_2024/event_wind/README_HYDROMT_DATA_CATALOGS.md,/users/e/p/epsilon/Data/Data/harris_county/catalogs/events/beryl_2024/event_wind/README_HYDROMT_DATA_CATALOGS.md,False,,- /proj/zefflab/projects/Flooding/Data/harris_county/catalogs/events/flood_2009_04/event_pressure/README_HYDROMT_DATA_CATALOGS.md
/proj/zefflab/projects/Flooding/pipeline/web_launcher/_audit_reports/hydromt_yaml_state_audit_20260612_183544.txt,72,OLD_PROJ_DATA_ROOT,LIKELY_DOC_OR_LINK,/proj/zefflab/projects/Flooding/Data/harris_county/catalogs/events/flood_2009_04/event_pressure/README_HYDROMT_DATA_CATALOGS.md,/users/e/p/epsilon/Data/Data/harris_county/catalogs/events/flood_2009_04/event_pressure/README_HYDROMT_DATA_CATALOGS.md,False,,- /proj/zefflab/projects/Flooding/Data/harris_county/catalogs/events/flood_2009_04/event_pressure/README_HYDROMT_DATA_CATALOGS.md
/proj/zefflab/projects/Flooding/pipeline/web_launcher/_audit_reports/hydromt_yaml_state_audit_20260612_183544.txt,72,OLD_PROJ_DATA_ROOT,LIKELY_DOC_OR_LINK,/proj/zefflab/projects/Flooding/Data/harris_county/catalogs/events/harvey_2017/event_wind/README_HYDROMT_DATA_CATALOGS.md,/users/e/p/epsilon/Data/Data/harris_county/catalogs/events/harvey_2017/event_wind/README_HYDROMT_DATA_CATALOGS.md,False,,- /proj/zefflab/projects/Flooding/Data/harris_county/catalogs/events/flood_2009_04/event_pressure/README_HYDROMT_DATA_CATALOGS.md
/proj/zefflab/projects/Flooding/pipeline/web_launcher/_audit_reports/hydromt_yaml_state_audit_20260612_183544.txt,72,OLD_PROJ_DATA_ROOT,LIKELY_DOC_OR_LINK,/proj/zefflab/projects/Flooding/Data/harris_county/catalogs/events/harvey_2017_full/event_wind/README_HYDROMT_DATA_CATALOGS.md,/users/e/p/epsilon/Data/Data/harris_county/catalogs/events/harvey_2017_full/event_wind/README_HYDROMT_DATA_CATALOGS.md,False,,- /proj/zefflab/projects/Flooding/Data/harris_county/catalogs/events/flood_2009_04/event_pressure/README_HYDROMT_DATA_CATALOGS.md
/proj/zefflab/projects/Flooding/pipeline/web_launcher/_audit_reports/hydromt_yaml_state_audit_20260612_183544.txt,72,OLD_PROJ_DATA_ROOT,LIKELY_DOC_OR_LINK,/proj/zefflab/projects/Flooding/Data/harris_county/catalogs/events/harvey_2017_mrms/_manifests/boundary_table_audit/README_HYDROMT_DATA_CATALOGS.md,/users/e/p/epsilon/Data/Data/harris_county/catalogs/events/harvey_2017_mrms/_manifests/boundary_table_audit/README_HYDROMT_DATA_CATALOGS.md,False,,- /proj/zefflab/projects/Flooding/Data/harris_county/catalogs/events/flood_2009_04/event_pressure/README_HYDROMT_DATA_CATALOGS.md
/proj/zefflab/projects/Flooding/pipeline/web_launcher/_audit_reports/hydromt_yaml_state_audit_20260612_183544.txt,72,OLD_PROJ_DATA_ROOT,LIKELY_DOC_OR_LINK,/proj/zefflab/projects/Flooding/Data/harris_county/catalogs/events/harvey_2017_mrms/event_validation_lines/reviewed_crs_lines/review_figures/README_HYDROMT_DATA_CATALOGS.md,/users/e/p/epsilon/Data/Data/harris_county/catalogs/events/harvey_2017_mrms/event_validation_lines/reviewed_crs_lines/review_figures/README_HYDROMT_DATA_CATALOGS.md,False,,- /proj/zefflab/projects/Flooding/Data/harris_county/catalogs/events/flood_2009_04/event_pressure/README_HYDROMT_DATA_CATALOGS.md
/proj/zefflab/projects/Flooding/pipeline/web_launcher/_audit_reports/hydromt_yaml_state_audit_20260612_183544.txt,72,OLD_PROJ_DATA_ROOT,LIKELY_DOC_OR_LINK,/proj/zefflab/projects/Flooding/Data/harris_county/catalogs/events/harvey_2017_ppe/restarts/README_HYDROMT_DATA_CATALOGS.md,/users/e/p/epsilon/Data/Data/harris_county/catalogs/events/harvey_2017_ppe/restarts/README_HYDROMT_DATA_CATALOGS.md,False,,- /proj/zefflab/projects/Flooding/Data/harris_county/catalogs/events/flood_2009_04/event_pressure/README_HYDROMT_DATA_CATALOGS.md
/proj/zefflab/projects/Flooding/pipeline/web_launcher/_audit_reports/hydromt_yaml_state_audit_20260612_183544.txt,72,OLD_PROJ_DATA_ROOT,LIKELY_DOC_OR_LINK,/proj/zefflab/projects/Flooding/Data/harris_county/catalogs/events/imelda_2019/event_wind/README_HYDROMT_DATA_CATALOGS.md,/users/e/p/epsilon/Data/Data/harris_county/catalogs/events/imelda_2019/event_wind/README_HYDROMT_DATA_CATALOGS.md,False,,- /proj/zefflab/projects/Flooding/Data/harris_county/catalogs/events/flood_2009_04/event_pressure/README_HYDROMT_DATA_CATALOGS.md
/proj/zefflab/projects/Flooding/pipeline/web_launcher/_audit_reports/hydromt_yaml_state_audit_20260612_183544.txt,72,OLD_PROJ_DATA_ROOT,LIKELY_DOC_OR_LINK,/proj/zefflab/projects/Flooding/Data/harris_county/catalogs/events_reduced/beryl_2024/event_pressure/README_HYDROMT_DATA_CATALOGS.md,/users/e/p/epsilon/Data/Data/harris_county/catalogs/events_reduced/beryl_2024/event_pressure/README_HYDROMT_DATA_CATALOGS.md,False,,- /proj/zefflab/projects/Flooding/Data/harris_county/catalogs/events/flood_2009_04/event_pressure/README_HYDROMT_DATA_CATALOGS.md
/proj/zefflab/projects/Flooding/pipeline/web_launcher/_audit_reports/hydromt_yaml_state_audit_20260612_183544.txt,72,OLD_PROJ_DATA_ROOT,LIKELY_DOC_OR_LINK,/proj/zefflab/projects/Flooding/Data/harris_county/catalogs/events_reduced/beryl_2024/event_wind/README_HYDROMT_DATA_CATALOGS.md,/users/e/p/epsilon/Data/Data/harris_county/catalogs/events_reduced/beryl_2024/event_wind/README_HYDROMT_DATA_CATALOGS.md,False,,- /proj/zefflab/projects/Flooding/Data/harris_county/catalogs/events/flood_2009_04/event_pressure/README_HYDROMT_DATA_CATALOGS.md
/proj/zefflab/projects/Flooding/pipeline/web_launcher/_audit_reports/hydromt_yaml_state_audit_20260612_183544.txt,73,OLD_PROJ_DATA_ROOT,LIKELY_DOC_OR_LINK,/proj/zefflab/projects/Flooding/Data/harris_county/catalogs/events/beryl_2024/event_pressure/README_HYDROMT_DATA_CATALOGS.md,/users/e/p/epsilon/Data/Data/harris_county/catalogs/events/beryl_2024/event_pressure/README_HYDROMT_DATA_CATALOGS.md,False,,- /proj/zefflab/projects/Flooding/Data/harris_county/catalogs/events/harvey_2017/event_wind/README_HYDROMT_DATA_CATALOGS.md
/proj/zefflab/projects/Flooding/pipeline/web_launcher/_audit_reports/hydromt_yaml_state_audit_20260612_183544.txt,73,OLD_PROJ_DATA_ROOT,LIKELY_DOC_OR_LINK,/proj/zefflab/projects/Flooding/Data/harris_county/catalogs/events/beryl_2024/event_wind/README_HYDROMT_DATA_CATALOGS.md,/users/e/p/epsilon/Data/Data/harris_county/catalogs/events/beryl_2024/event_wind/README_HYDROMT_DATA_CATALOGS.md,False,,- /proj/zefflab/projects/Flooding/Data/harris_county/catalogs/events/harvey_2017/event_wind/README_HYDROMT_DATA_CATALOGS.md
/proj/zefflab/projects/Flooding/pipeline/web_launcher/_audit_reports/hydromt_yaml_state_audit_20260612_183544.txt,73,OLD_PROJ_DATA_ROOT,LIKELY_DOC_OR_LINK,/proj/zefflab/projects/Flooding/Data/harris_county/catalogs/events/flood_2009_04/event_pressure/README_HYDROMT_DATA_CATALOGS.md,/users/e/p/epsilon/Data/Data/harris_county/catalogs/events/flood_2009_04/event_pressure/README_HYDROMT_DATA_CATALOGS.md,False,,- /proj/zefflab/projects/Flooding/Data/harris_county/catalogs/events/harvey_2017/event_wind/README_HYDROMT_DATA_CATALOGS.md
/proj/zefflab/projects/Flooding/pipeline/web_launcher/_audit_reports/hydromt_yaml_state_audit_20260612_183544.txt,73,OLD_PROJ_DATA_ROOT,LIKELY_DOC_OR_LINK,/proj/zefflab/projects/Flooding/Data/harris_county/catalogs/events/harvey_2017/event_wind/README_HYDROMT_DATA_CATALOGS.md,/users/e/p/epsilon/Data/Data/harris_county/catalogs/events/harvey_2017/event_wind/README_HYDROMT_DATA_CATALOGS.md,False,,- /proj/zefflab/projects/Flooding/Data/harris_county/catalogs/events/harvey_2017/event_wind/README_HYDROMT_DATA_CATALOGS.md
/proj/zefflab/projects/Flooding/pipeline/web_launcher/_audit_reports/hydromt_yaml_state_audit_20260612_183544.txt,73,OLD_PROJ_DATA_ROOT,LIKELY_DOC_OR_LINK,/proj/zefflab/projects/Flooding/Data/harris_county/catalogs/events/harvey_2017_full/event_wind/README_HYDROMT_DATA_CATALOGS.md,/users/e/p/epsilon/Data/Data/harris_county/catalogs/events/harvey_2017_full/event_wind/README_HYDROMT_DATA_CATALOGS.md,False,,- /proj/zefflab/projects/Flooding/Data/harris_county/catalogs/events/harvey_2017/event_wind/README_HYDROMT_DATA_CATALOGS.md
/proj/zefflab/projects/Flooding/pipeline/web_launcher/_audit_reports/hydromt_yaml_state_audit_20260612_183544.txt,73,OLD_PROJ_DATA_ROOT,LIKELY_DOC_OR_LINK,/proj/zefflab/projects/Flooding/Data/harris_county/catalogs/events/harvey_2017_mrms/_manifests/boundary_table_audit/README_HYDROMT_DATA_CATALOGS.md,/users/e/p/epsilon/Data/Data/harris_county/catalogs/events/harvey_2017_mrms/_manifests/boundary_table_audit/README_HYDROMT_DATA_CATALOGS.md,False,,- /proj/zefflab/projects/Flooding/Data/harris_county/catalogs/events/harvey_2017/event_wind/README_HYDROMT_DATA_CATALOGS.md
/proj/zefflab/projects/Flooding/pipeline/web_launcher/_audit_reports/hydromt_yaml_state_audit_20260612_183544.txt,73,OLD_PROJ_DATA_ROOT,LIKELY_DOC_OR_LINK,/proj/zefflab/projects/Flooding/Data/harris_county/catalogs/events/harvey_2017_mrms/event_validation_lines/reviewed_crs_lines/review_figures/README_HYDROMT_DATA_CATALOGS.md,/users/e/p/epsilon/Data/Data/harris_county/catalogs/events/harvey_2017_mrms/event_validation_lines/reviewed_crs_lines/review_figures/README_HYDROMT_DATA_CATALOGS.md,False,,- /proj/zefflab/projects/Flooding/Data/harris_county/catalogs/events/harvey_2017/event_wind/README_HYDROMT_DATA_CATALOGS.md
/proj/zefflab/projects/Flooding/pipeline/web_launcher/_audit_reports/hydromt_yaml_state_audit_20260612_183544.txt,73,OLD_PROJ_DATA_ROOT,LIKELY_DOC_OR_LINK,/proj/zefflab/projects/Flooding/Data/harris_county/catalogs/events/harvey_2017_ppe/restarts/README_HYDROMT_DATA_CATALOGS.md,/users/e/p/epsilon/Data/Data/harris_county/catalogs/events/harvey_2017_ppe/restarts/README_HYDROMT_DATA_CATALOGS.md,False,,- /proj/zefflab/projects/Flooding/Data/harris_county/catalogs/events/harvey_2017/event_wind/README_HYDROMT_DATA_CATALOGS.md
/proj/zefflab/projects/Flooding/pipeline/web_launcher/_audit_reports/hydromt_yaml_state_audit_20260612_183544.txt,73,OLD_PROJ_DATA_ROOT,LIKELY_DOC_OR_LINK,/proj/zefflab/projects/Flooding/Data/harris_county/catalogs/events/imelda_2019/event_wind/README_HYDROMT_DATA_CATALOGS.md,/users/e/p/epsilon/Data/Data/harris_county/catalogs/events/imelda_2019/event_wind/README_HYDROMT_DATA_CATALOGS.md,False,,- /proj/zefflab/projects/Flooding/Data/harris_county/catalogs/events/harvey_2017/event_wind/README_HYDROMT_DATA_CATALOGS.md
/proj/zefflab/projects/Flooding/pipeline/web_launcher/_audit_reports/hydromt_yaml_state_audit_20260612_183544.txt,73,OLD_PROJ_DATA_ROOT,LIKELY_DOC_OR_LINK,/proj/zefflab/projects/Flooding/Data/harris_county/catalogs/events_reduced/beryl_2024/event_pressure/README_HYDROMT_DATA_CATALOGS.md,/users/e/p/epsilon/Data/Data/harris_county/catalogs/events_reduced/beryl_2024/event_pressure/README_HYDROMT_DATA_CATALOGS.md,False,,- /proj/zefflab/projects/Flooding/Data/harris_county/catalogs/events/harvey_2017/event_wind/README_HYDROMT_DATA_CATALOGS.md
/proj/zefflab/projects/Flooding/pipeline/web_launcher/_audit_reports/hydromt_yaml_state_audit_20260612_183544.txt,73,OLD_PROJ_DATA_ROOT,LIKELY_DOC_OR_LINK,/proj/zefflab/projects/Flooding/Data/harris_county/catalogs/events_reduced/beryl_2024/event_wind/README_HYDROMT_DATA_CATALOGS.md,/users/e/p/epsilon/Data/Data/harris_county/catalogs/events_reduced/beryl_2024/event_wind/README_HYDROMT_DATA_CATALOGS.md,False,,- /proj/zefflab/projects/Flooding/Data/harris_county/catalogs/events/harvey_2017/event_wind/README_HYDROMT_DATA_CATALOGS.md
/proj/zefflab/projects/Flooding/pipeline/web_launcher/_audit_reports/hydromt_yaml_state_audit_20260612_183544.txt,73,OLD_PROJ_DATA_ROOT,LIKELY_DOC_OR_LINK,/proj/zefflab/projects/Flooding/Data/harris_county/catalogs/events_reduced/harvey_2017/event_wind/README_HYDROMT_DATA_CATALOGS.md,/users/e/p/epsilon/Data/Data/harris_county/catalogs/events_reduced/harvey_2017/event_wind/README_HYDROMT_DATA_CATALOGS.md,False,,- /proj/zefflab/projects/Flooding/Data/harris_county/catalogs/events/harvey_2017/event_wind/README_HYDROMT_DATA_CATALOGS.md
/proj/zefflab/projects/Flooding/pipeline/web_launcher/_audit_reports/hydromt_yaml_state_audit_20260612_183544.txt,74,OLD_PROJ_DATA_ROOT,LIKELY_DOC_OR_LINK,/proj/zefflab/projects/Flooding/Data/harris_county/catalogs/events/beryl_2024/event_pressure/README_HYDROMT_DATA_CATALOGS.md,/users/e/p/epsilon/Data/Data/harris_county/catalogs/events/beryl_2024/event_pressure/README_HYDROMT_DATA_CATALOGS.md,False,,- /proj/zefflab/projects/Flooding/Data/harris_county/catalogs/events/harvey_2017_full/event_wind/README_HYDROMT_DATA_CATALOGS.md
/proj/zefflab/projects/Flooding/pipeline/web_launcher/_audit_reports/hydromt_yaml_state_audit_20260612_183544.txt,74,OLD_PROJ_DATA_ROOT,LIKELY_DOC_OR_LINK,/proj/zefflab/projects/Flooding/Data/harris_county/catalogs/events/beryl_2024/event_wind/README_HYDROMT_DATA_CATALOGS.md,/users/e/p/epsilon/Data/Data/harris_county/catalogs/events/beryl_2024/event_wind/README_HYDROMT_DATA_CATALOGS.md,False,,- /proj/zefflab/projects/Flooding/Data/harris_county/catalogs/events/harvey_2017_full/event_wind/README_HYDROMT_DATA_CATALOGS.md
/proj/zefflab/projects/Flooding/pipeline/web_launcher/_audit_reports/hydromt_yaml_state_audit_20260612_183544.txt,74,OLD_PROJ_DATA_ROOT,LIKELY_DOC_OR_LINK,/proj/zefflab/projects/Flooding/Data/harris_county/catalogs/events/flood_2009_04/event_pressure/README_HYDROMT_DATA_CATALOGS.md,/users/e/p/epsilon/Data/Data/harris_county/catalogs/events/flood_2009_04/event_pressure/README_HYDROMT_DATA_CATALOGS.md,False,,- /proj/zefflab/projects/Flooding/Data/harris_county/catalogs/events/harvey_2017_full/event_wind/README_HYDROMT_DATA_CATALOGS.md
/proj/zefflab/projects/Flooding/pipeline/web_launcher/_audit_reports/hydromt_yaml_state_audit_20260612_183544.txt,74,OLD_PROJ_DATA_ROOT,LIKELY_DOC_OR_LINK,/proj/zefflab/projects/Flooding/Data/harris_county/catalogs/events/harvey_2017/event_wind/README_HYDROMT_DATA_CATALOGS.md,/users/e/p/epsilon/Data/Data/harris_county/catalogs/events/harvey_2017/event_wind/README_HYDROMT_DATA_CATALOGS.md,False,,- /proj/zefflab/projects/Flooding/Data/harris_county/catalogs/events/harvey_2017_full/event_wind/README_HYDROMT_DATA_CATALOGS.md
/proj/zefflab/projects/Flooding/pipeline/web_launcher/_audit_reports/hydromt_yaml_state_audit_20260612_183544.txt,74,OLD_PROJ_DATA_ROOT,LIKELY_DOC_OR_LINK,/proj/zefflab/projects/Flooding/Data/harris_county/catalogs/events/harvey_2017_full/event_wind/README_HYDROMT_DATA_CATALOGS.md,/users/e/p/epsilon/Data/Data/harris_county/catalogs/events/harvey_2017_full/event_wind/README_HYDROMT_DATA_CATALOGS.md,False,,- /proj/zefflab/projects/Flooding/Data/harris_county/catalogs/events/harvey_2017_full/event_wind/README_HYDROMT_DATA_CATALOGS.md
/proj/zefflab/projects/Flooding/pipeline/web_launcher/_audit_reports/hydromt_yaml_state_audit_20260612_183544.txt,74,OLD_PROJ_DATA_ROOT,LIKELY_DOC_OR_LINK,/proj/zefflab/projects/Flooding/Data/harris_county/catalogs/events/harvey_2017_mrms/_manifests/boundary_table_audit/README_HYDROMT_DATA_CATALOGS.md,/users/e/p/epsilon/Data/Data/harris_county/catalogs/events/harvey_2017_mrms/_manifests/boundary_table_audit/README_HYDROMT_DATA_CATALOGS.md,False,,- /proj/zefflab/projects/Flooding/Data/harris_county/catalogs/events/harvey_2017_full/event_wind/README_HYDROMT_DATA_CATALOGS.md
/proj/zefflab/projects/Flooding/pipeline/web_launcher/_audit_reports/hydromt_yaml_state_audit_20260612_183544.txt,74,OLD_PROJ_DATA_ROOT,LIKELY_DOC_OR_LINK,/proj/zefflab/projects/Flooding/Data/harris_county/catalogs/events/harvey_2017_mrms/event_validation_lines/reviewed_crs_lines/review_figures/README_HYDROMT_DATA_CATALOGS.md,/users/e/p/epsilon/Data/Data/harris_county/catalogs/events/harvey_2017_mrms/event_validation_lines/reviewed_crs_lines/review_figures/README_HYDROMT_DATA_CATALOGS.md,False,,- /proj/zefflab/projects/Flooding/Data/harris_county/catalogs/events/harvey_2017_full/event_wind/README_HYDROMT_DATA_CATALOGS.md
/proj/zefflab/projects/Flooding/pipeline/web_launcher/_audit_reports/hydromt_yaml_state_audit_20260612_183544.txt,74,OLD_PROJ_DATA_ROOT,LIKELY_DOC_OR_LINK,/proj/zefflab/projects/Flooding/Data/harris_county/catalogs/events/harvey_2017_ppe/restarts/README_HYDROMT_DATA_CATALOGS.md,/users/e/p/epsilon/Data/Data/harris_county/catalogs/events/harvey_2017_ppe/restarts/README_HYDROMT_DATA_CATALOGS.md,False,,- /proj/zefflab/projects/Flooding/Data/harris_county/catalogs/events/harvey_2017_full/event_wind/README_HYDROMT_DATA_CATALOGS.md
/proj/zefflab/projects/Flooding/pipeline/web_launcher/_audit_reports/hydromt_yaml_state_audit_20260612_183544.txt,74,OLD_PROJ_DATA_ROOT,LIKELY_DOC_OR_LINK,/proj/zefflab/projects/Flooding/Data/harris_county/catalogs/events/imelda_2019/event_wind/README_HYDROMT_DATA_CATALOGS.md,/users/e/p/epsilon/Data/Data/harris_county/catalogs/events/imelda_2019/event_wind/README_HYDROMT_DATA_CATALOGS.md,False,,- /proj/zefflab/projects/Flooding/Data/harris_county/catalogs/events/harvey_2017_full/event_wind/README_HYDROMT_DATA_CATALOGS.md
/proj/zefflab/projects/Flooding/pipeline/web_launcher/_audit_reports/hydromt_yaml_state_audit_20260612_183544.txt,74,OLD_PROJ_DATA_ROOT,LIKELY_DOC_OR_LINK,/proj/zefflab/projects/Flooding/Data/harris_county/catalogs/events_reduced/beryl_2024/event_pressure/README_HYDROMT_DATA_CATALOGS.md,/users/e/p/epsilon/Data/Data/harris_county/catalogs/events_reduced/beryl_2024/event_pressure/README_HYDROMT_DATA_CATALOGS.md,False,,- /proj/zefflab/projects/Flooding/Data/harris_county/catalogs/events/harvey_2017_full/event_wind/README_HYDROMT_DATA_CATALOGS.md
/proj/zefflab/projects/Flooding/pipeline/web_launcher/_audit_reports/hydromt_yaml_state_audit_20260612_183544.txt,74,OLD_PROJ_DATA_ROOT,LIKELY_DOC_OR_LINK,/proj/zefflab/projects/Flooding/Data/harris_county/catalogs/events_reduced/beryl_2024/event_wind/README_HYDROMT_DATA_CATALOGS.md,/users/e/p/epsilon/Data/Data/harris_county/catalogs/events_reduced/beryl_2024/event_wind/README_HYDROMT_DATA_CATALOGS.md,False,,- /proj/zefflab/projects/Flooding/Data/harris_county/catalogs/events/harvey_2017_full/event_wind/README_HYDROMT_DATA_CATALOGS.md
/proj/zefflab/projects/Flooding/pipeline/web_launcher/_audit_reports/hydromt_yaml_state_audit_20260612_183544.txt,74,OLD_PROJ_DATA_ROOT,LIKELY_DOC_OR_LINK,/proj/zefflab/projects/Flooding/Data/harris_county/catalogs/events_reduced/harvey_2017/event_wind/README_HYDROMT_DATA_CATALOGS.md,/users/e/p/epsilon/Data/Data/harris_county/catalogs/events_reduced/harvey_2017/event_wind/README_HYDROMT_DATA_CATALOGS.md,False,,- /proj/zefflab/projects/Flooding/Data/harris_county/catalogs/events/harvey_2017_full/event_wind/README_HYDROMT_DATA_CATALOGS.md
/proj/zefflab/projects/Flooding/pipeline/web_launcher/_audit_reports/hydromt_yaml_state_audit_20260612_183544.txt,74,OLD_PROJ_DATA_ROOT,LIKELY_DOC_OR_LINK,/proj/zefflab/projects/Flooding/Data/harris_county/catalogs/events_reduced/harvey_2017_full/event_wind/README_HYDROMT_DATA_CATALOGS.md,/users/e/p/epsilon/Data/Data/harris_county/catalogs/events_reduced/harvey_2017_full/event_wind/README_HYDROMT_DATA_CATALOGS.md,False,,- /proj/zefflab/projects/Flooding/Data/harris_county/catalogs/events/harvey_2017_full/event_wind/README_HYDROMT_DATA_CATALOGS.md
/proj/zefflab/projects/Flooding/pipeline/web_launcher/_audit_reports/hydromt_yaml_state_audit_20260612_183544.txt,75,OLD_PROJ_DATA_ROOT,LIKELY_DOC_OR_LINK,/proj/zefflab/projects/Flooding/Data/harris_county/catalogs/events/beryl_2024/event_pressure/README_HYDROMT_DATA_CATALOGS.md,/users/e/p/epsilon/Data/Data/harris_county/catalogs/events/beryl_2024/event_pressure/README_HYDROMT_DATA_CATALOGS.md,False,,- /proj/zefflab/projects/Flooding/Data/harris_county/catalogs/events/harvey_2017_mrms/_manifests/boundary_table_audit/README_HYDROMT_DATA_CATALOGS.md
/proj/zefflab/projects/Flooding/pipeline/web_launcher/_audit_reports/hydromt_yaml_state_audit_20260612_183544.txt,75,OLD_PROJ_DATA_ROOT,LIKELY_DOC_OR_LINK,/proj/zefflab/projects/Flooding/Data/harris_county/catalogs/events/beryl_2024/event_wind/README_HYDROMT_DATA_CATALOGS.md,/users/e/p/epsilon/Data/Data/harris_county/catalogs/events/beryl_2024/event_wind/README_HYDROMT_DATA_CATALOGS.md,False,,- /proj/zefflab/projects/Flooding/Data/harris_county/catalogs/events/harvey_2017_mrms/_manifests/boundary_table_audit/README_HYDROMT_DATA_CATALOGS.md
/proj/zefflab/projects/Flooding/pipeline/web_launcher/_audit_reports/hydromt_yaml_state_audit_20260612_183544.txt,75,OLD_PROJ_DATA_ROOT,LIKELY_DOC_OR_LINK,/proj/zefflab/projects/Flooding/Data/harris_county/catalogs/events/flood_2009_04/event_pressure/README_HYDROMT_DATA_CATALOGS.md,/users/e/p/epsilon/Data/Data/harris_county/catalogs/events/flood_2009_04/event_pressure/README_HYDROMT_DATA_CATALOGS.md,False,,- /proj/zefflab/projects/Flooding/Data/harris_county/catalogs/events/harvey_2017_mrms/_manifests/boundary_table_audit/README_HYDROMT_DATA_CATALOGS.md
/proj/zefflab/projects/Flooding/pipeline/web_launcher/_audit_reports/hydromt_yaml_state_audit_20260612_183544.txt,75,OLD_PROJ_DATA_ROOT,LIKELY_DOC_OR_LINK,/proj/zefflab/projects/Flooding/Data/harris_county/catalogs/events/harvey_2017/event_wind/README_HYDROMT_DATA_CATALOGS.md,/users/e/p/epsilon/Data/Data/harris_county/catalogs/events/harvey_2017/event_wind/README_HYDROMT_DATA_CATALOGS.md,False,,- /proj/zefflab/projects/Flooding/Data/harris_county/catalogs/events/harvey_2017_mrms/_manifests/boundary_table_audit/README_HYDROMT_DATA_CATALOGS.md
/proj/zefflab/projects/Flooding/pipeline/web_launcher/_audit_reports/hydromt_yaml_state_audit_20260612_183544.txt,75,OLD_PROJ_DATA_ROOT,LIKELY_DOC_OR_LINK,/proj/zefflab/projects/Flooding/Data/harris_county/catalogs/events/harvey_2017_full/event_wind/README_HYDROMT_DATA_CATALOGS.md,/users/e/p/epsilon/Data/Data/harris_county/catalogs/events/harvey_2017_full/event_wind/README_HYDROMT_DATA_CATALOGS.md,False,,- /proj/zefflab/projects/Flooding/Data/harris_county/catalogs/events/harvey_2017_mrms/_manifests/boundary_table_audit/README_HYDROMT_DATA_CATALOGS.md
/proj/zefflab/projects/Flooding/pipeline/web_launcher/_audit_reports/hydromt_yaml_state_audit_20260612_183544.txt,75,OLD_PROJ_DATA_ROOT,LIKELY_DOC_OR_LINK,/proj/zefflab/projects/Flooding/Data/harris_county/catalogs/events/harvey_2017_mrms/_manifests/boundary_table_audit/README_HYDROMT_DATA_CATALOGS.md,/users/e/p/epsilon/Data/Data/harris_county/catalogs/events/harvey_2017_mrms/_manifests/boundary_table_audit/README_HYDROMT_DATA_CATALOGS.md,False,,- /proj/zefflab/projects/Flooding/Data/harris_county/catalogs/events/harvey_2017_mrms/_manifests/boundary_table_audit/README_HYDROMT_DATA_CATALOGS.md
/proj/zefflab/projects/Flooding/pipeline/web_launcher/_audit_reports/hydromt_yaml_state_audit_20260612_183544.txt,75,OLD_PROJ_DATA_ROOT,LIKELY_DOC_OR_LINK,/proj/zefflab/projects/Flooding/Data/harris_county/catalogs/events/harvey_2017_mrms/event_validation_lines/reviewed_crs_lines/review_figures/README_HYDROMT_DATA_CATALOGS.md,/users/e/p/epsilon/Data/Data/harris_county/catalogs/events/harvey_2017_mrms/event_validation_lines/reviewed_crs_lines/review_figures/README_HYDROMT_DATA_CATALOGS.md,False,,- /proj/zefflab/projects/Flooding/Data/harris_county/catalogs/events/harvey_2017_mrms/_manifests/boundary_table_audit/README_HYDROMT_DATA_CATALOGS.md
/proj/zefflab/projects/Flooding/pipeline/web_launcher/_audit_reports/hydromt_yaml_state_audit_20260612_183544.txt,75,OLD_PROJ_DATA_ROOT,LIKELY_DOC_OR_LINK,/proj/zefflab/projects/Flooding/Data/harris_county/catalogs/events/harvey_2017_ppe/restarts/README_HYDROMT_DATA_CATALOGS.md,/users/e/p/epsilon/Data/Data/harris_county/catalogs/events/harvey_2017_ppe/restarts/README_HYDROMT_DATA_CATALOGS.md,False,,- /proj/zefflab/projects/Flooding/Data/harris_county/catalogs/events/harvey_2017_mrms/_manifests/boundary_table_audit/README_HYDROMT_DATA_CATALOGS.md
/proj/zefflab/projects/Flooding/pipeline/web_launcher/_audit_reports/hydromt_yaml_state_audit_20260612_183544.txt,75,OLD_PROJ_DATA_ROOT,LIKELY_DOC_OR_LINK,/proj/zefflab/projects/Flooding/Data/harris_county/catalogs/events/imelda_2019/event_wind/README_HYDROMT_DATA_CATALOGS.md,/users/e/p/epsilon/Data/Data/harris_county/catalogs/events/imelda_2019/event_wind/README_HYDROMT_DATA_CATALOGS.md,False,,- /proj/zefflab/projects/Flooding/Data/harris_county/catalogs/events/harvey_2017_mrms/_manifests/boundary_table_audit/README_HYDROMT_DATA_CATALOGS.md
/proj/zefflab/projects/Flooding/pipeline/web_launcher/_audit_reports/hydromt_yaml_state_audit_20260612_183544.txt,75,OLD_PROJ_DATA_ROOT,LIKELY_DOC_OR_LINK,/proj/zefflab/projects/Flooding/Data/harris_county/catalogs/events_reduced/beryl_2024/event_pressure/README_HYDROMT_DATA_CATALOGS.md,/users/e/p/epsilon/Data/Data/harris_county/catalogs/events_reduced/beryl_2024/event_pressure/README_HYDROMT_DATA_CATALOGS.md,False,,- /proj/zefflab/projects/Flooding/Data/harris_county/catalogs/events/harvey_2017_mrms/_manifests/boundary_table_audit/README_HYDROMT_DATA_CATALOGS.md
/proj/zefflab/projects/Flooding/pipeline/web_launcher/_audit_reports/hydromt_yaml_state_audit_20260612_183544.txt,75,OLD_PROJ_DATA_ROOT,LIKELY_DOC_OR_LINK,/proj/zefflab/projects/Flooding/Data/harris_county/catalogs/events_reduced/beryl_2024/event_wind/README_HYDROMT_DATA_CATALOGS.md,/users/e/p/epsilon/Data/Data/harris_county/catalogs/events_reduced/beryl_2024/event_wind/README_HYDROMT_DATA_CATALOGS.md,False,,- /proj/zefflab/projects/Flooding/Data/harris_county/catalogs/events/harvey_2017_mrms/_manifests/boundary_table_audit/README_HYDROMT_DATA_CATALOGS.md
/proj/zefflab/projects/Flooding/pipeline/web_launcher/_audit_reports/hydromt_yaml_state_audit_20260612_183544.txt,75,OLD_PROJ_DATA_ROOT,LIKELY_DOC_OR_LINK,/proj/zefflab/projects/Flooding/Data/harris_county/catalogs/events_reduced/harvey_2017/event_wind/README_HYDROMT_DATA_CATALOGS.md,/users/e/p/epsilon/Data/Data/harris_county/catalogs/events_reduced/harvey_2017/event_wind/README_HYDROMT_DATA_CATALOGS.md,False,,- /proj/zefflab/projects/Flooding/Data/harris_county/catalogs/events/harvey_2017_mrms/_manifests/boundary_table_audit/README_HYDROMT_DATA_CATALOGS.md
/proj/zefflab/projects/Flooding/pipeline/web_launcher/_audit_reports/hydromt_yaml_state_audit_20260612_183544.txt,75,OLD_PROJ_DATA_ROOT,LIKELY_DOC_OR_LINK,/proj/zefflab/projects/Flooding/Data/harris_county/catalogs/events_reduced/harvey_2017_full/event_wind/README_HYDROMT_DATA_CATALOGS.md,/users/e/p/epsilon/Data/Data/harris_county/catalogs/events_reduced/harvey_2017_full/event_wind/README_HYDROMT_DATA_CATALOGS.md,False,,- /proj/zefflab/projects/Flooding/Data/harris_county/catalogs/events/harvey_2017_mrms/_manifests/boundary_table_audit/README_HYDROMT_DATA_CATALOGS.md
/proj/zefflab/projects/Flooding/pipeline/web_launcher/_audit_reports/hydromt_yaml_state_audit_20260612_183544.txt,75,OLD_PROJ_DATA_ROOT,LIKELY_DOC_OR_LINK,/proj/zefflab/projects/Flooding/Data/harris_county/catalogs/events_reduced/imelda_2019/event_wind/README_HYDROMT_DATA_CATALOGS.md,/users/e/p/epsilon/Data/Data/harris_county/catalogs/events_reduced/imelda_2019/event_wind/README_HYDROMT_DATA_CATALOGS.md,False,,- /proj/zefflab/projects/Flooding/Data/harris_county/catalogs/events/harvey_2017_mrms/_manifests/boundary_table_audit/README_HYDROMT_DATA_CATALOGS.md
/proj/zefflab/projects/Flooding/pipeline/web_launcher/_audit_reports/hydromt_yaml_state_audit_20260612_183544.txt,76,OLD_PROJ_DATA_ROOT,LIKELY_DOC_OR_LINK,/proj/zefflab/projects/Flooding/Data/harris_county/catalogs/events/beryl_2024/event_pressure/README_HYDROMT_DATA_CATALOGS.md,/users/e/p/epsilon/Data/Data/harris_county/catalogs/events/beryl_2024/event_pressure/README_HYDROMT_DATA_CATALOGS.md,False,,- /proj/zefflab/projects/Flooding/Data/harris_county/catalogs/events/harvey_2017_mrms/event_validation_lines/reviewed_crs_lines/review_figures/README_HYDROMT_DATA_CATALOGS.md
/proj/zefflab/projects/Flooding/pipeline/web_launcher/_audit_reports/hydromt_yaml_state_audit_20260612_183544.txt,76,OLD_PROJ_DATA_ROOT,LIKELY_DOC_OR_LINK,/proj/zefflab/projects/Flooding/Data/harris_county/catalogs/events/beryl_2024/event_wind/README_HYDROMT_DATA_CATALOGS.md,/users/e/p/epsilon/Data/Data/harris_county/catalogs/events/beryl_2024/event_wind/README_HYDROMT_DATA_CATALOGS.md,False,,- /proj/zefflab/projects/Flooding/Data/harris_county/catalogs/events/harvey_2017_mrms/event_validation_lines/reviewed_crs_lines/review_figures/README_HYDROMT_DATA_CATALOGS.md
/proj/zefflab/projects/Flooding/pipeline/web_launcher/_audit_reports/hydromt_yaml_state_audit_20260612_183544.txt,76,OLD_PROJ_DATA_ROOT,LIKELY_DOC_OR_LINK,/proj/zefflab/projects/Flooding/Data/harris_county/catalogs/events/flood_2009_04/event_pressure/README_HYDROMT_DATA_CATALOGS.md,/users/e/p/epsilon/Data/Data/harris_county/catalogs/events/flood_2009_04/event_pressure/README_HYDROMT_DATA_CATALOGS.md,False,,- /proj/zefflab/projects/Flooding/Data/harris_county/catalogs/events/harvey_2017_mrms/event_validation_lines/reviewed_crs_lines/review_figures/README_HYDROMT_DATA_CATALOGS.md
/proj/zefflab/projects/Flooding/pipeline/web_launcher/_audit_reports/hydromt_yaml_state_audit_20260612_183544.txt,76,OLD_PROJ_DATA_ROOT,LIKELY_DOC_OR_LINK,/proj/zefflab/projects/Flooding/Data/harris_county/catalogs/events/harvey_2017/event_wind/README_HYDROMT_DATA_CATALOGS.md,/users/e/p/epsilon/Data/Data/harris_county/catalogs/events/harvey_2017/event_wind/README_HYDROMT_DATA_CATALOGS.md,False,,- /proj/zefflab/projects/Flooding/Data/harris_county/catalogs/events/harvey_2017_mrms/event_validation_lines/reviewed_crs_lines/review_figures/README_HYDROMT_DATA_CATALOGS.md
/proj/zefflab/projects/Flooding/pipeline/web_launcher/_audit_reports/hydromt_yaml_state_audit_20260612_183544.txt,76,OLD_PROJ_DATA_ROOT,LIKELY_DOC_OR_LINK,/proj/zefflab/projects/Flooding/Data/harris_county/catalogs/events/harvey_2017_full/event_wind/README_HYDROMT_DATA_CATALOGS.md,/users/e/p/epsilon/Data/Data/harris_county/catalogs/events/harvey_2017_full/event_wind/README_HYDROMT_DATA_CATALOGS.md,False,,- /proj/zefflab/projects/Flooding/Data/harris_county/catalogs/events/harvey_2017_mrms/event_validation_lines/reviewed_crs_lines/review_figures/README_HYDROMT_DATA_CATALOGS.md
/proj/zefflab/projects/Flooding/pipeline/web_launcher/_audit_reports/hydromt_yaml_state_audit_20260612_183544.txt,76,OLD_PROJ_DATA_ROOT,LIKELY_DOC_OR_LINK,/proj/zefflab/projects/Flooding/Data/harris_county/catalogs/events/harvey_2017_mrms/_manifests/boundary_table_audit/README_HYDROMT_DATA_CATALOGS.md,/users/e/p/epsilon/Data/Data/harris_county/catalogs/events/harvey_2017_mrms/_manifests/boundary_table_audit/README_HYDROMT_DATA_CATALOGS.md,False,,- /proj/zefflab/projects/Flooding/Data/harris_county/catalogs/events/harvey_2017_mrms/event_validation_lines/reviewed_crs_lines/review_figures/README_HYDROMT_DATA_CATALOGS.md
/proj/zefflab/projects/Flooding/pipeline/web_launcher/_audit_reports/hydromt_yaml_state_audit_20260612_183544.txt,76,OLD_PROJ_DATA_ROOT,LIKELY_DOC_OR_LINK,/proj/zefflab/projects/Flooding/Data/harris_county/catalogs/events/harvey_2017_mrms/event_validation_lines/reviewed_crs_lines/review_figures/README_HYDROMT_DATA_CATALOGS.md,/users/e/p/epsilon/Data/Data/harris_county/catalogs/events/harvey_2017_mrms/event_validation_lines/reviewed_crs_lines/review_figures/README_HYDROMT_DATA_CATALOGS.md,False,,- /proj/zefflab/projects/Flooding/Data/harris_county/catalogs/events/harvey_2017_mrms/event_validation_lines/reviewed_crs_lines/review_figures/README_HYDROMT_DATA_CATALOGS.md
/proj/zefflab/projects/Flooding/pipeline/web_launcher/_audit_reports/hydromt_yaml_state_audit_20260612_183544.txt,76,OLD_PROJ_DATA_ROOT,LIKELY_DOC_OR_LINK,/proj/zefflab/projects/Flooding/Data/harris_county/catalogs/events/harvey_2017_ppe/restarts/README_HYDROMT_DATA_CATALOGS.md,/users/e/p/epsilon/Data/Data/harris_county/catalogs/events/harvey_2017_ppe/restarts/README_HYDROMT_DATA_CATALOGS.md,False,,- /proj/zefflab/projects/Flooding/Data/harris_county/catalogs/events/harvey_2017_mrms/event_validation_lines/reviewed_crs_lines/review_figures/README_HYDROMT_DATA_CATALOGS.md
/proj/zefflab/projects/Flooding/pipeline/web_launcher/_audit_reports/hydromt_yaml_state_audit_20260612_183544.txt,76,OLD_PROJ_DATA_ROOT,LIKELY_DOC_OR_LINK,/proj/zefflab/projects/Flooding/Data/harris_county/catalogs/events/imelda_2019/event_wind/README_HYDROMT_DATA_CATALOGS.md,/users/e/p/epsilon/Data/Data/harris_county/catalogs/events/imelda_2019/event_wind/README_HYDROMT_DATA_CATALOGS.md,False,,- /proj/zefflab/projects/Flooding/Data/harris_county/catalogs/events/harvey_2017_mrms/event_validation_lines/reviewed_crs_lines/review_figures/README_HYDROMT_DATA_CATALOGS.md
/proj/zefflab/projects/Flooding/pipeline/web_launcher/_audit_reports/hydromt_yaml_state_audit_20260612_183544.txt,76,OLD_PROJ_DATA_ROOT,LIKELY_DOC_OR_LINK,/proj/zefflab/projects/Flooding/Data/harris_county/catalogs/events_reduced/beryl_2024/event_pressure/README_HYDROMT_DATA_CATALOGS.md,/users/e/p/epsilon/Data/Data/harris_county/catalogs/events_reduced/beryl_2024/event_pressure/README_HYDROMT_DATA_CATALOGS.md,False,,- /proj/zefflab/projects/Flooding/Data/harris_county/catalogs/events/harvey_2017_mrms/event_validation_lines/reviewed_crs_lines/review_figures/README_HYDROMT_DATA_CATALOGS.md
/proj/zefflab/projects/Flooding/pipeline/web_launcher/_audit_reports/hydromt_yaml_state_audit_20260612_183544.txt,76,OLD_PROJ_DATA_ROOT,LIKELY_DOC_OR_LINK,/proj/zefflab/projects/Flooding/Data/harris_county/catalogs/events_reduced/beryl_2024/event_wind/README_HYDROMT_DATA_CATALOGS.md,/users/e/p/epsilon/Data/Data/harris_county/catalogs/events_reduced/beryl_2024/event_wind/README_HYDROMT_DATA_CATALOGS.md,False,,- /proj/zefflab/projects/Flooding/Data/harris_county/catalogs/events/harvey_2017_mrms/event_validation_lines/reviewed_crs_lines/review_figures/README_HYDROMT_DATA_CATALOGS.md
/proj/zefflab/projects/Flooding/pipeline/web_launcher/_audit_reports/hydromt_yaml_state_audit_20260612_183544.txt,76,OLD_PROJ_DATA_ROOT,LIKELY_DOC_OR_LINK,/proj/zefflab/projects/Flooding/Data/harris_county/catalogs/events_reduced/harvey_2017/event_wind/README_HYDROMT_DATA_CATALOGS.md,/users/e/p/epsilon/Data/Data/harris_county/catalogs/events_reduced/harvey_2017/event_wind/README_HYDROMT_DATA_CATALOGS.md,False,,- /proj/zefflab/projects/Flooding/Data/harris_county/catalogs/events/harvey_2017_mrms/event_validation_lines/reviewed_crs_lines/review_figures/README_HYDROMT_DATA_CATALOGS.md
/proj/zefflab/projects/Flooding/pipeline/web_launcher/_audit_reports/hydromt_yaml_state_audit_20260612_183544.txt,76,OLD_PROJ_DATA_ROOT,LIKELY_DOC_OR_LINK,/proj/zefflab/projects/Flooding/Data/harris_county/catalogs/events_reduced/harvey_2017_full/event_wind/README_HYDROMT_DATA_CATALOGS.md,/users/e/p/epsilon/Data/Data/harris_county/catalogs/events_reduced/harvey_2017_full/event_wind/README_HYDROMT_DATA_CATALOGS.md,False,,- /proj/zefflab/projects/Flooding/Data/harris_county/catalogs/events/harvey_2017_mrms/event_validation_lines/reviewed_crs_lines/review_figures/README_HYDROMT_DATA_CATALOGS.md
/proj/zefflab/projects/Flooding/pipeline/web_launcher/_audit_reports/hydromt_yaml_state_audit_20260612_183544.txt,76,OLD_PROJ_DATA_ROOT,LIKELY_DOC_OR_LINK,/proj/zefflab/projects/Flooding/Data/harris_county/catalogs/events_reduced/imelda_2019/event_wind/README_HYDROMT_DATA_CATALOGS.md,/users/e/p/epsilon/Data/Data/harris_county/catalogs/events_reduced/imelda_2019/event_wind/README_HYDROMT_DATA_CATALOGS.md,False,,- /proj/zefflab/projects/Flooding/Data/harris_county/catalogs/events/harvey_2017_mrms/event_validation_lines/reviewed_crs_lines/review_figures/README_HYDROMT_DATA_CATALOGS.md
/proj/zefflab/projects/Flooding/pipeline/web_launcher/_audit_reports/hydromt_yaml_state_audit_20260612_183544.txt,76,OLD_PROJ_DATA_ROOT,LIKELY_DOC_OR_LINK,/proj/zefflab/projects/Flooding/Data/harris_county/catalogs/static/harris_county/bathy/README_HYDROMT_DATA_CATALOGS.md,/users/e/p/epsilon/Data/Data/harris_county/catalogs/static/harris_county/bathy/README_HYDROMT_DATA_CATALOGS.md,False,,- /proj/zefflab/projects/Flooding/Data/harris_county/catalogs/events/harvey_2017_mrms/event_validation_lines/reviewed_crs_lines/review_figures/README_HYDROMT_DATA_CATALOGS.md
/proj/zefflab/projects/Flooding/pipeline/web_launcher/_audit_reports/hydromt_yaml_state_audit_20260612_183544.txt,77,OLD_PROJ_DATA_ROOT,LIKELY_DOC_OR_LINK,/proj/zefflab/projects/Flooding/Data/harris_county/catalogs/events/beryl_2024/event_pressure/README_HYDROMT_DATA_CATALOGS.md,/users/e/p/epsilon/Data/Data/harris_county/catalogs/events/beryl_2024/event_pressure/README_HYDROMT_DATA_CATALOGS.md,False,,- /proj/zefflab/projects/Flooding/Data/harris_county/catalogs/events/harvey_2017_ppe/restarts/README_HYDROMT_DATA_CATALOGS.md
/proj/zefflab/projects/Flooding/pipeline/web_launcher/_audit_reports/hydromt_yaml_state_audit_20260612_183544.txt,77,OLD_PROJ_DATA_ROOT,LIKELY_DOC_OR_LINK,/proj/zefflab/projects/Flooding/Data/harris_county/catalogs/events/beryl_2024/event_wind/README_HYDROMT_DATA_CATALOGS.md,/users/e/p/epsilon/Data/Data/harris_county/catalogs/events/beryl_2024/event_wind/README_HYDROMT_DATA_CATALOGS.md,False,,- /proj/zefflab/projects/Flooding/Data/harris_county/catalogs/events/harvey_2017_ppe/restarts/README_HYDROMT_DATA_CATALOGS.md
/proj/zefflab/projects/Flooding/pipeline/web_launcher/_audit_reports/hydromt_yaml_state_audit_20260612_183544.txt,77,OLD_PROJ_DATA_ROOT,LIKELY_DOC_OR_LINK,/proj/zefflab/projects/Flooding/Data/harris_county/catalogs/events/flood_2009_04/event_pressure/README_HYDROMT_DATA_CATALOGS.md,/users/e/p/epsilon/Data/Data/harris_county/catalogs/events/flood_2009_04/event_pressure/README_HYDROMT_DATA_CATALOGS.md,False,,- /proj/zefflab/projects/Flooding/Data/harris_county/catalogs/events/harvey_2017_ppe/restarts/README_HYDROMT_DATA_CATALOGS.md
/proj/zefflab/projects/Flooding/pipeline/web_launcher/_audit_reports/hydromt_yaml_state_audit_20260612_183544.txt,77,OLD_PROJ_DATA_ROOT,LIKELY_DOC_OR_LINK,/proj/zefflab/projects/Flooding/Data/harris_county/catalogs/events/harvey_2017/event_wind/README_HYDROMT_DATA_CATALOGS.md,/users/e/p/epsilon/Data/Data/harris_county/catalogs/events/harvey_2017/event_wind/README_HYDROMT_DATA_CATALOGS.md,False,,- /proj/zefflab/projects/Flooding/Data/harris_county/catalogs/events/harvey_2017_ppe/restarts/README_HYDROMT_DATA_CATALOGS.md
/proj/zefflab/projects/Flooding/pipeline/web_launcher/_audit_reports/hydromt_yaml_state_audit_20260612_183544.txt,77,OLD_PROJ_DATA_ROOT,LIKELY_DOC_OR_LINK,/proj/zefflab/projects/Flooding/Data/harris_county/catalogs/events/harvey_2017_full/event_wind/README_HYDROMT_DATA_CATALOGS.md,/users/e/p/epsilon/Data/Data/harris_county/catalogs/events/harvey_2017_full/event_wind/README_HYDROMT_DATA_CATALOGS.md,False,,- /proj/zefflab/projects/Flooding/Data/harris_county/catalogs/events/harvey_2017_ppe/restarts/README_HYDROMT_DATA_CATALOGS.md
/proj/zefflab/projects/Flooding/pipeline/web_launcher/_audit_reports/hydromt_yaml_state_audit_20260612_183544.txt,77,OLD_PROJ_DATA_ROOT,LIKELY_DOC_OR_LINK,/proj/zefflab/projects/Flooding/Data/harris_county/catalogs/events/harvey_2017_mrms/_manifests/boundary_table_audit/README_HYDROMT_DATA_CATALOGS.md,/users/e/p/epsilon/Data/Data/harris_county/catalogs/events/harvey_2017_mrms/_manifests/boundary_table_audit/README_HYDROMT_DATA_CATALOGS.md,False,,- /proj/zefflab/projects/Flooding/Data/harris_county/catalogs/events/harvey_2017_ppe/restarts/README_HYDROMT_DATA_CATALOGS.md
/proj/zefflab/projects/Flooding/pipeline/web_launcher/_audit_reports/hydromt_yaml_state_audit_20260612_183544.txt,77,OLD_PROJ_DATA_ROOT,LIKELY_DOC_OR_LINK,/proj/zefflab/projects/Flooding/Data/harris_county/catalogs/events/harvey_2017_mrms/event_validation_lines/reviewed_crs_lines/review_figures/README_HYDROMT_DATA_CATALOGS.md,/users/e/p/epsilon/Data/Data/harris_county/catalogs/events/harvey_2017_mrms/event_validation_lines/reviewed_crs_lines/review_figures/README_HYDROMT_DATA_CATALOGS.md,False,,- /proj/zefflab/projects/Flooding/Data/harris_county/catalogs/events/harvey_2017_ppe/restarts/README_HYDROMT_DATA_CATALOGS.md
/proj/zefflab/projects/Flooding/pipeline/web_launcher/_audit_reports/hydromt_yaml_state_audit_20260612_183544.txt,77,OLD_PROJ_DATA_ROOT,LIKELY_DOC_OR_LINK,/proj/zefflab/projects/Flooding/Data/harris_county/catalogs/events/harvey_2017_ppe/restarts/README_HYDROMT_DATA_CATALOGS.md,/users/e/p/epsilon/Data/Data/harris_county/catalogs/events/harvey_2017_ppe/restarts/README_HYDROMT_DATA_CATALOGS.md,False,,- /proj/zefflab/projects/Flooding/Data/harris_county/catalogs/events/harvey_2017_ppe/restarts/README_HYDROMT_DATA_CATALOGS.md
/proj/zefflab/projects/Flooding/pipeline/web_launcher/_audit_reports/hydromt_yaml_state_audit_20260612_183544.txt,77,OLD_PROJ_DATA_ROOT,LIKELY_DOC_OR_LINK,/proj/zefflab/projects/Flooding/Data/harris_county/catalogs/events/imelda_2019/event_wind/README_HYDROMT_DATA_CATALOGS.md,/users/e/p/epsilon/Data/Data/harris_county/catalogs/events/imelda_2019/event_wind/README_HYDROMT_DATA_CATALOGS.md,False,,- /proj/zefflab/projects/Flooding/Data/harris_county/catalogs/events/harvey_2017_ppe/restarts/README_HYDROMT_DATA_CATALOGS.md
/proj/zefflab/projects/Flooding/pipeline/web_launcher/_audit_reports/hydromt_yaml_state_audit_20260612_183544.txt,77,OLD_PROJ_DATA_ROOT,LIKELY_DOC_OR_LINK,/proj/zefflab/projects/Flooding/Data/harris_county/catalogs/events_reduced/beryl_2024/event_pressure/README_HYDROMT_DATA_CATALOGS.md,/users/e/p/epsilon/Data/Data/harris_county/catalogs/events_reduced/beryl_2024/event_pressure/README_HYDROMT_DATA_CATALOGS.md,False,,- /proj/zefflab/projects/Flooding/Data/harris_county/catalogs/events/harvey_2017_ppe/restarts/README_HYDROMT_DATA_CATALOGS.md
/proj/zefflab/projects/Flooding/pipeline/web_launcher/_audit_reports/hydromt_yaml_state_audit_20260612_183544.txt,77,OLD_PROJ_DATA_ROOT,LIKELY_DOC_OR_LINK,/proj/zefflab/projects/Flooding/Data/harris_county/catalogs/events_reduced/beryl_2024/event_wind/README_HYDROMT_DATA_CATALOGS.md,/users/e/p/epsilon/Data/Data/harris_county/catalogs/events_reduced/beryl_2024/event_wind/README_HYDROMT_DATA_CATALOGS.md,False,,- /proj/zefflab/projects/Flooding/Data/harris_county/catalogs/events/harvey_2017_ppe/restarts/README_HYDROMT_DATA_CATALOGS.md
/proj/zefflab/projects/Flooding/pipeline/web_launcher/_audit_reports/hydromt_yaml_state_audit_20260612_183544.txt,77,OLD_PROJ_DATA_ROOT,LIKELY_DOC_OR_LINK,/proj/zefflab/projects/Flooding/Data/harris_county/catalogs/events_reduced/harvey_2017/event_wind/README_HYDROMT_DATA_CATALOGS.md,/users/e/p/epsilon/Data/Data/harris_county/catalogs/events_reduced/harvey_2017/event_wind/README_HYDROMT_DATA_CATALOGS.md,False,,- /proj/zefflab/projects/Flooding/Data/harris_county/catalogs/events/harvey_2017_ppe/restarts/README_HYDROMT_DATA_CATALOGS.md
/proj/zefflab/projects/Flooding/pipeline/web_launcher/_audit_reports/hydromt_yaml_state_audit_20260612_183544.txt,77,OLD_PROJ_DATA_ROOT,LIKELY_DOC_OR_LINK,/proj/zefflab/projects/Flooding/Data/harris_county/catalogs/events_reduced/harvey_2017_full/event_wind/README_HYDROMT_DATA_CATALOGS.md,/users/e/p/epsilon/Data/Data/harris_county/catalogs/events_reduced/harvey_2017_full/event_wind/README_HYDROMT_DATA_CATALOGS.md,False,,- /proj/zefflab/projects/Flooding/Data/harris_county/catalogs/events/harvey_2017_ppe/restarts/README_HYDROMT_DATA_CATALOGS.md
/proj/zefflab/projects/Flooding/pipeline/web_launcher/_audit_reports/hydromt_yaml_state_audit_20260612_183544.txt,77,OLD_PROJ_DATA_ROOT,LIKELY_DOC_OR_LINK,/proj/zefflab/projects/Flooding/Data/harris_county/catalogs/events_reduced/imelda_2019/event_wind/README_HYDROMT_DATA_CATALOGS.md,/users/e/p/epsilon/Data/Data/harris_county/catalogs/events_reduced/imelda_2019/event_wind/README_HYDROMT_DATA_CATALOGS.md,False,,- /proj/zefflab/projects/Flooding/Data/harris_county/catalogs/events/harvey_2017_ppe/restarts/README_HYDROMT_DATA_CATALOGS.md
/proj/zefflab/projects/Flooding/pipeline/web_launcher/_audit_reports/hydromt_yaml_state_audit_20260612_183544.txt,77,OLD_PROJ_DATA_ROOT,LIKELY_DOC_OR_LINK,/proj/zefflab/projects/Flooding/Data/harris_county/catalogs/static/harris_county/bathy/README_HYDROMT_DATA_CATALOGS.md,/users/e/p/epsilon/Data/Data/harris_county/catalogs/static/harris_county/bathy/README_HYDROMT_DATA_CATALOGS.md,False,,- /proj/zefflab/projects/Flooding/Data/harris_county/catalogs/events/harvey_2017_ppe/restarts/README_HYDROMT_DATA_CATALOGS.md
/proj/zefflab/projects/Flooding/pipeline/web_launcher/_audit_reports/hydromt_yaml_state_audit_20260612_183544.txt,77,OLD_PROJ_DATA_ROOT,LIKELY_DOC_OR_LINK,/proj/zefflab/projects/Flooding/Data/harris_county/catalogs/static/harris_county/boundary_points_static/README_HYDROMT_DATA_CATALOGS.md,/users/e/p/epsilon/Data/Data/harris_county/catalogs/static/harris_county/boundary_points_static/README_HYDROMT_DATA_CATALOGS.md,False,,- /proj/zefflab/projects/Flooding/Data/harris_county/catalogs/events/harvey_2017_ppe/restarts/README_HYDROMT_DATA_CATALOGS.md
/proj/zefflab/projects/Flooding/pipeline/web_launcher/_audit_reports/hydromt_yaml_state_audit_20260612_183544.txt,78,OLD_PROJ_DATA_ROOT,LIKELY_DOC_OR_LINK,/proj/zefflab/projects/Flooding/Data/harris_county/catalogs/events/beryl_2024/event_pressure/README_HYDROMT_DATA_CATALOGS.md,/users/e/p/epsilon/Data/Data/harris_county/catalogs/events/beryl_2024/event_pressure/README_HYDROMT_DATA_CATALOGS.md,False,,- /proj/zefflab/projects/Flooding/Data/harris_county/catalogs/events/imelda_2019/event_wind/README_HYDROMT_DATA_CATALOGS.md
/proj/zefflab/projects/Flooding/pipeline/web_launcher/_audit_reports/hydromt_yaml_state_audit_20260612_183544.txt,78,OLD_PROJ_DATA_ROOT,LIKELY_DOC_OR_LINK,/proj/zefflab/projects/Flooding/Data/harris_county/catalogs/events/beryl_2024/event_wind/README_HYDROMT_DATA_CATALOGS.md,/users/e/p/epsilon/Data/Data/harris_county/catalogs/events/beryl_2024/event_wind/README_HYDROMT_DATA_CATALOGS.md,False,,- /proj/zefflab/projects/Flooding/Data/harris_county/catalogs/events/imelda_2019/event_wind/README_HYDROMT_DATA_CATALOGS.md
/proj/zefflab/projects/Flooding/pipeline/web_launcher/_audit_reports/hydromt_yaml_state_audit_20260612_183544.txt,78,OLD_PROJ_DATA_ROOT,LIKELY_DOC_OR_LINK,/proj/zefflab/projects/Flooding/Data/harris_county/catalogs/events/flood_2009_04/event_pressure/README_HYDROMT_DATA_CATALOGS.md,/users/e/p/epsilon/Data/Data/harris_county/catalogs/events/flood_2009_04/event_pressure/README_HYDROMT_DATA_CATALOGS.md,False,,- /proj/zefflab/projects/Flooding/Data/harris_county/catalogs/events/imelda_2019/event_wind/README_HYDROMT_DATA_CATALOGS.md
/proj/zefflab/projects/Flooding/pipeline/web_launcher/_audit_reports/hydromt_yaml_state_audit_20260612_183544.txt,78,OLD_PROJ_DATA_ROOT,LIKELY_DOC_OR_LINK,/proj/zefflab/projects/Flooding/Data/harris_county/catalogs/events/harvey_2017/event_wind/README_HYDROMT_DATA_CATALOGS.md,/users/e/p/epsilon/Data/Data/harris_county/catalogs/events/harvey_2017/event_wind/README_HYDROMT_DATA_CATALOGS.md,False,,- /proj/zefflab/projects/Flooding/Data/harris_county/catalogs/events/imelda_2019/event_wind/README_HYDROMT_DATA_CATALOGS.md
/proj/zefflab/projects/Flooding/pipeline/web_launcher/_audit_reports/hydromt_yaml_state_audit_20260612_183544.txt,78,OLD_PROJ_DATA_ROOT,LIKELY_DOC_OR_LINK,/proj/zefflab/projects/Flooding/Data/harris_county/catalogs/events/harvey_2017_full/event_wind/README_HYDROMT_DATA_CATALOGS.md,/users/e/p/epsilon/Data/Data/harris_county/catalogs/events/harvey_2017_full/event_wind/README_HYDROMT_DATA_CATALOGS.md,False,,- /proj/zefflab/projects/Flooding/Data/harris_county/catalogs/events/imelda_2019/event_wind/README_HYDROMT_DATA_CATALOGS.md
/proj/zefflab/projects/Flooding/pipeline/web_launcher/_audit_reports/hydromt_yaml_state_audit_20260612_183544.txt,78,OLD_PROJ_DATA_ROOT,LIKELY_DOC_OR_LINK,/proj/zefflab/projects/Flooding/Data/harris_county/catalogs/events/harvey_2017_mrms/_manifests/boundary_table_audit/README_HYDROMT_DATA_CATALOGS.md,/users/e/p/epsilon/Data/Data/harris_county/catalogs/events/harvey_2017_mrms/_manifests/boundary_table_audit/README_HYDROMT_DATA_CATALOGS.md,False,,- /proj/zefflab/projects/Flooding/Data/harris_county/catalogs/events/imelda_2019/event_wind/README_HYDROMT_DATA_CATALOGS.md
/proj/zefflab/projects/Flooding/pipeline/web_launcher/_audit_reports/hydromt_yaml_state_audit_20260612_183544.txt,78,OLD_PROJ_DATA_ROOT,LIKELY_DOC_OR_LINK,/proj/zefflab/projects/Flooding/Data/harris_county/catalogs/events/harvey_2017_mrms/event_validation_lines/reviewed_crs_lines/review_figures/README_HYDROMT_DATA_CATALOGS.md,/users/e/p/epsilon/Data/Data/harris_county/catalogs/events/harvey_2017_mrms/event_validation_lines/reviewed_crs_lines/review_figures/README_HYDROMT_DATA_CATALOGS.md,False,,- /proj/zefflab/projects/Flooding/Data/harris_county/catalogs/events/imelda_2019/event_wind/README_HYDROMT_DATA_CATALOGS.md
/proj/zefflab/projects/Flooding/pipeline/web_launcher/_audit_reports/hydromt_yaml_state_audit_20260612_183544.txt,78,OLD_PROJ_DATA_ROOT,LIKELY_DOC_OR_LINK,/proj/zefflab/projects/Flooding/Data/harris_county/catalogs/events/harvey_2017_ppe/restarts/README_HYDROMT_DATA_CATALOGS.md,/users/e/p/epsilon/Data/Data/harris_county/catalogs/events/harvey_2017_ppe/restarts/README_HYDROMT_DATA_CATALOGS.md,False,,- /proj/zefflab/projects/Flooding/Data/harris_county/catalogs/events/imelda_2019/event_wind/README_HYDROMT_DATA_CATALOGS.md
/proj/zefflab/projects/Flooding/pipeline/web_launcher/_audit_reports/hydromt_yaml_state_audit_20260612_183544.txt,78,OLD_PROJ_DATA_ROOT,LIKELY_DOC_OR_LINK,/proj/zefflab/projects/Flooding/Data/harris_county/catalogs/events/imelda_2019/event_wind/README_HYDROMT_DATA_CATALOGS.md,/users/e/p/epsilon/Data/Data/harris_county/catalogs/events/imelda_2019/event_wind/README_HYDROMT_DATA_CATALOGS.md,False,,- /proj/zefflab/projects/Flooding/Data/harris_county/catalogs/events/imelda_2019/event_wind/README_HYDROMT_DATA_CATALOGS.md
/proj/zefflab/projects/Flooding/pipeline/web_launcher/_audit_reports/hydromt_yaml_state_audit_20260612_183544.txt,78,OLD_PROJ_DATA_ROOT,LIKELY_DOC_OR_LINK,/proj/zefflab/projects/Flooding/Data/harris_county/catalogs/events_reduced/beryl_2024/event_pressure/README_HYDROMT_DATA_CATALOGS.md,/users/e/p/epsilon/Data/Data/harris_county/catalogs/events_reduced/beryl_2024/event_pressure/README_HYDROMT_DATA_CATALOGS.md,False,,- /proj/zefflab/projects/Flooding/Data/harris_county/catalogs/events/imelda_2019/event_wind/README_HYDROMT_DATA_CATALOGS.md
/proj/zefflab/projects/Flooding/pipeline/web_launcher/_audit_reports/hydromt_yaml_state_audit_20260612_183544.txt,78,OLD_PROJ_DATA_ROOT,LIKELY_DOC_OR_LINK,/proj/zefflab/projects/Flooding/Data/harris_county/catalogs/events_reduced/beryl_2024/event_wind/README_HYDROMT_DATA_CATALOGS.md,/users/e/p/epsilon/Data/Data/harris_county/catalogs/events_reduced/beryl_2024/event_wind/README_HYDROMT_DATA_CATALOGS.md,False,,- /proj/zefflab/projects/Flooding/Data/harris_county/catalogs/events/imelda_2019/event_wind/README_HYDROMT_DATA_CATALOGS.md
/proj/zefflab/projects/Flooding/pipeline/web_launcher/_audit_reports/hydromt_yaml_state_audit_20260612_183544.txt,78,OLD_PROJ_DATA_ROOT,LIKELY_DOC_OR_LINK,/proj/zefflab/projects/Flooding/Data/harris_county/catalogs/events_reduced/harvey_2017/event_wind/README_HYDROMT_DATA_CATALOGS.md,/users/e/p/epsilon/Data/Data/harris_county/catalogs/events_reduced/harvey_2017/event_wind/README_HYDROMT_DATA_CATALOGS.md,False,,- /proj/zefflab/projects/Flooding/Data/harris_county/catalogs/events/imelda_2019/event_wind/README_HYDROMT_DATA_CATALOGS.md
/proj/zefflab/projects/Flooding/pipeline/web_launcher/_audit_reports/hydromt_yaml_state_audit_20260612_183544.txt,78,OLD_PROJ_DATA_ROOT,LIKELY_DOC_OR_LINK,/proj/zefflab/projects/Flooding/Data/harris_county/catalogs/events_reduced/harvey_2017_full/event_wind/README_HYDROMT_DATA_CATALOGS.md,/users/e/p/epsilon/Data/Data/harris_county/catalogs/events_reduced/harvey_2017_full/event_wind/README_HYDROMT_DATA_CATALOGS.md,False,,- /proj/zefflab/projects/Flooding/Data/harris_county/catalogs/events/imelda_2019/event_wind/README_HYDROMT_DATA_CATALOGS.md
/proj/zefflab/projects/Flooding/pipeline/web_launcher/_audit_reports/hydromt_yaml_state_audit_20260612_183544.txt,78,OLD_PROJ_DATA_ROOT,LIKELY_DOC_OR_LINK,/proj/zefflab/projects/Flooding/Data/harris_county/catalogs/events_reduced/imelda_2019/event_wind/README_HYDROMT_DATA_CATALOGS.md,/users/e/p/epsilon/Data/Data/harris_county/catalogs/events_reduced/imelda_2019/event_wind/README_HYDROMT_DATA_CATALOGS.md,False,,- /proj/zefflab/projects/Flooding/Data/harris_county/catalogs/events/imelda_2019/event_wind/README_HYDROMT_DATA_CATALOGS.md
/proj/zefflab/projects/Flooding/pipeline/web_launcher/_audit_reports/hydromt_yaml_state_audit_20260612_183544.txt,78,OLD_PROJ_DATA_ROOT,LIKELY_DOC_OR_LINK,/proj/zefflab/projects/Flooding/Data/harris_county/catalogs/static/harris_county/bathy/README_HYDROMT_DATA_CATALOGS.md,/users/e/p/epsilon/Data/Data/harris_county/catalogs/static/harris_county/bathy/README_HYDROMT_DATA_CATALOGS.md,False,,- /proj/zefflab/projects/Flooding/Data/harris_county/catalogs/events/imelda_2019/event_wind/README_HYDROMT_DATA_CATALOGS.md
/proj/zefflab/projects/Flooding/pipeline/web_launcher/_audit_reports/hydromt_yaml_state_audit_20260612_183544.txt,78,OLD_PROJ_DATA_ROOT,LIKELY_DOC_OR_LINK,/proj/zefflab/projects/Flooding/Data/harris_county/catalogs/static/harris_county/boundary_points_static/README_HYDROMT_DATA_CATALOGS.md,/users/e/p/epsilon/Data/Data/harris_county/catalogs/static/harris_county/boundary_points_static/README_HYDROMT_DATA_CATALOGS.md,False,,- /proj/zefflab/projects/Flooding/Data/harris_county/catalogs/events/imelda_2019/event_wind/README_HYDROMT_DATA_CATALOGS.md
/proj/zefflab/projects/Flooding/pipeline/web_launcher/_audit_reports/hydromt_yaml_state_audit_20260612_183544.txt,78,OLD_PROJ_DATA_ROOT,LIKELY_DOC_OR_LINK,/proj/zefflab/projects/Flooding/Data/harris_county/catalogs/static/harris_county/curve_number/README_HYDROMT_DATA_CATALOGS.md,/users/e/p/epsilon/Data/Data/harris_county/catalogs/static/harris_county/curve_number/README_HYDROMT_DATA_CATALOGS.md,False,,- /proj/zefflab/projects/Flooding/Data/harris_county/catalogs/events/imelda_2019/event_wind/README_HYDROMT_DATA_CATALOGS.md
/proj/zefflab/projects/Flooding/pipeline/web_launcher/_audit_reports/hydromt_yaml_state_audit_20260612_183544.txt,79,OLD_PROJ_DATA_ROOT,LIKELY_DOC_OR_LINK,/proj/zefflab/projects/Flooding/Data/harris_county/catalogs/events/beryl_2024/event_wind/README_HYDROMT_DATA_CATALOGS.md,/users/e/p/epsilon/Data/Data/harris_county/catalogs/events/beryl_2024/event_wind/README_HYDROMT_DATA_CATALOGS.md,False,,- /proj/zefflab/projects/Flooding/Data/harris_county/catalogs/events_reduced/beryl_2024/event_pressure/README_HYDROMT_DATA_CATALOGS.md
/proj/zefflab/projects/Flooding/pipeline/web_launcher/_audit_reports/hydromt_yaml_state_audit_20260612_183544.txt,79,OLD_PROJ_DATA_ROOT,LIKELY_DOC_OR_LINK,/proj/zefflab/projects/Flooding/Data/harris_county/catalogs/events/flood_2009_04/event_pressure/README_HYDROMT_DATA_CATALOGS.md,/users/e/p/epsilon/Data/Data/harris_county/catalogs/events/flood_2009_04/event_pressure/README_HYDROMT_DATA_CATALOGS.md,False,,- /proj/zefflab/projects/Flooding/Data/harris_county/catalogs/events_reduced/beryl_2024/event_pressure/README_HYDROMT_DATA_CATALOGS.md
/proj/zefflab/projects/Flooding/pipeline/web_launcher/_audit_reports/hydromt_yaml_state_audit_20260612_183544.txt,79,OLD_PROJ_DATA_ROOT,LIKELY_DOC_OR_LINK,/proj/zefflab/projects/Flooding/Data/harris_county/catalogs/events/harvey_2017/event_wind/README_HYDROMT_DATA_CATALOGS.md,/users/e/p/epsilon/Data/Data/harris_county/catalogs/events/harvey_2017/event_wind/README_HYDROMT_DATA_CATALOGS.md,False,,- /proj/zefflab/projects/Flooding/Data/harris_county/catalogs/events_reduced/beryl_2024/event_pressure/README_HYDROMT_DATA_CATALOGS.md
/proj/zefflab/projects/Flooding/pipeline/web_launcher/_audit_reports/hydromt_yaml_state_audit_20260612_183544.txt,79,OLD_PROJ_DATA_ROOT,LIKELY_DOC_OR_LINK,/proj/zefflab/projects/Flooding/Data/harris_county/catalogs/events/harvey_2017_full/event_wind/README_HYDROMT_DATA_CATALOGS.md,/users/e/p/epsilon/Data/Data/harris_county/catalogs/events/harvey_2017_full/event_wind/README_HYDROMT_DATA_CATALOGS.md,False,,- /proj/zefflab/projects/Flooding/Data/harris_county/catalogs/events_reduced/beryl_2024/event_pressure/README_HYDROMT_DATA_CATALOGS.md
/proj/zefflab/projects/Flooding/pipeline/web_launcher/_audit_reports/hydromt_yaml_state_audit_20260612_183544.txt,79,OLD_PROJ_DATA_ROOT,LIKELY_DOC_OR_LINK,/proj/zefflab/projects/Flooding/Data/harris_county/catalogs/events/harvey_2017_mrms/_manifests/boundary_table_audit/README_HYDROMT_DATA_CATALOGS.md,/users/e/p/epsilon/Data/Data/harris_county/catalogs/events/harvey_2017_mrms/_manifests/boundary_table_audit/README_HYDROMT_DATA_CATALOGS.md,False,,- /proj/zefflab/projects/Flooding/Data/harris_county/catalogs/events_reduced/beryl_2024/event_pressure/README_HYDROMT_DATA_CATALOGS.md
/proj/zefflab/projects/Flooding/pipeline/web_launcher/_audit_reports/hydromt_yaml_state_audit_20260612_183544.txt,79,OLD_PROJ_DATA_ROOT,LIKELY_DOC_OR_LINK,/proj/zefflab/projects/Flooding/Data/harris_county/catalogs/events/harvey_2017_mrms/event_validation_lines/reviewed_crs_lines/review_figures/README_HYDROMT_DATA_CATALOGS.md,/users/e/p/epsilon/Data/Data/harris_county/catalogs/events/harvey_2017_mrms/event_validation_lines/reviewed_crs_lines/review_figures/README_HYDROMT_DATA_CATALOGS.md,False,,- /proj/zefflab/projects/Flooding/Data/harris_county/catalogs/events_reduced/beryl_2024/event_pressure/README_HYDROMT_DATA_CATALOGS.md
/proj/zefflab/projects/Flooding/pipeline/web_launcher/_audit_reports/hydromt_yaml_state_audit_20260612_183544.txt,79,OLD_PROJ_DATA_ROOT,LIKELY_DOC_OR_LINK,/proj/zefflab/projects/Flooding/Data/harris_county/catalogs/events/harvey_2017_ppe/restarts/README_HYDROMT_DATA_CATALOGS.md,/users/e/p/epsilon/Data/Data/harris_county/catalogs/events/harvey_2017_ppe/restarts/README_HYDROMT_DATA_CATALOGS.md,False,,- /proj/zefflab/projects/Flooding/Data/harris_county/catalogs/events_reduced/beryl_2024/event_pressure/README_HYDROMT_DATA_CATALOGS.md
/proj/zefflab/projects/Flooding/pipeline/web_launcher/_audit_reports/hydromt_yaml_state_audit_20260612_183544.txt,79,OLD_PROJ_DATA_ROOT,LIKELY_DOC_OR_LINK,/proj/zefflab/projects/Flooding/Data/harris_county/catalogs/events/imelda_2019/event_wind/README_HYDROMT_DATA_CATALOGS.md,/users/e/p/epsilon/Data/Data/harris_county/catalogs/events/imelda_2019/event_wind/README_HYDROMT_DATA_CATALOGS.md,False,,- /proj/zefflab/projects/Flooding/Data/harris_county/catalogs/events_reduced/beryl_2024/event_pressure/README_HYDROMT_DATA_CATALOGS.md
/proj/zefflab/projects/Flooding/pipeline/web_launcher/_audit_reports/hydromt_yaml_state_audit_20260612_183544.txt,79,OLD_PROJ_DATA_ROOT,LIKELY_DOC_OR_LINK,/proj/zefflab/projects/Flooding/Data/harris_county/catalogs/events_reduced/beryl_2024/event_pressure/README_HYDROMT_DATA_CATALOGS.md,/users/e/p/epsilon/Data/Data/harris_county/catalogs/events_reduced/beryl_2024/event_pressure/README_HYDROMT_DATA_CATALOGS.md,False,,- /proj/zefflab/projects/Flooding/Data/harris_county/catalogs/events_reduced/beryl_2024/event_pressure/README_HYDROMT_DATA_CATALOGS.md
/proj/zefflab/projects/Flooding/pipeline/web_launcher/_audit_reports/hydromt_yaml_state_audit_20260612_183544.txt,79,OLD_PROJ_DATA_ROOT,LIKELY_DOC_OR_LINK,/proj/zefflab/projects/Flooding/Data/harris_county/catalogs/events_reduced/beryl_2024/event_wind/README_HYDROMT_DATA_CATALOGS.md,/users/e/p/epsilon/Data/Data/harris_county/catalogs/events_reduced/beryl_2024/event_wind/README_HYDROMT_DATA_CATALOGS.md,False,,- /proj/zefflab/projects/Flooding/Data/harris_county/catalogs/events_reduced/beryl_2024/event_pressure/README_HYDROMT_DATA_CATALOGS.md
/proj/zefflab/projects/Flooding/pipeline/web_launcher/_audit_reports/hydromt_yaml_state_audit_20260612_183544.txt,79,OLD_PROJ_DATA_ROOT,LIKELY_DOC_OR_LINK,/proj/zefflab/projects/Flooding/Data/harris_county/catalogs/events_reduced/harvey_2017/event_wind/README_HYDROMT_DATA_CATALOGS.md,/users/e/p/epsilon/Data/Data/harris_county/catalogs/events_reduced/harvey_2017/event_wind/README_HYDROMT_DATA_CATALOGS.md,False,,- /proj/zefflab/projects/Flooding/Data/harris_county/catalogs/events_reduced/beryl_2024/event_pressure/README_HYDROMT_DATA_CATALOGS.md
/proj/zefflab/projects/Flooding/pipeline/web_launcher/_audit_reports/hydromt_yaml_state_audit_20260612_183544.txt,79,OLD_PROJ_DATA_ROOT,LIKELY_DOC_OR_LINK,/proj/zefflab/projects/Flooding/Data/harris_county/catalogs/events_reduced/harvey_2017_full/event_wind/README_HYDROMT_DATA_CATALOGS.md,/users/e/p/epsilon/Data/Data/harris_county/catalogs/events_reduced/harvey_2017_full/event_wind/README_HYDROMT_DATA_CATALOGS.md,False,,- /proj/zefflab/projects/Flooding/Data/harris_county/catalogs/events_reduced/beryl_2024/event_pressure/README_HYDROMT_DATA_CATALOGS.md
/proj/zefflab/projects/Flooding/pipeline/web_launcher/_audit_reports/hydromt_yaml_state_audit_20260612_183544.txt,79,OLD_PROJ_DATA_ROOT,LIKELY_DOC_OR_LINK,/proj/zefflab/projects/Flooding/Data/harris_county/catalogs/events_reduced/imelda_2019/event_wind/README_HYDROMT_DATA_CATALOGS.md,/users/e/p/epsilon/Data/Data/harris_county/catalogs/events_reduced/imelda_2019/event_wind/README_HYDROMT_DATA_CATALOGS.md,False,,- /proj/zefflab/projects/Flooding/Data/harris_county/catalogs/events_reduced/beryl_2024/event_pressure/README_HYDROMT_DATA_CATALOGS.md
/proj/zefflab/projects/Flooding/pipeline/web_launcher/_audit_reports/hydromt_yaml_state_audit_20260612_183544.txt,79,OLD_PROJ_DATA_ROOT,LIKELY_DOC_OR_LINK,/proj/zefflab/projects/Flooding/Data/harris_county/catalogs/static/harris_county/bathy/README_HYDROMT_DATA_CATALOGS.md,/users/e/p/epsilon/Data/Data/harris_county/catalogs/static/harris_county/bathy/README_HYDROMT_DATA_CATALOGS.md,False,,- /proj/zefflab/projects/Flooding/Data/harris_county/catalogs/events_reduced/beryl_2024/event_pressure/README_HYDROMT_DATA_CATALOGS.md
/proj/zefflab/projects/Flooding/pipeline/web_launcher/_audit_reports/hydromt_yaml_state_audit_20260612_183544.txt,79,OLD_PROJ_DATA_ROOT,LIKELY_DOC_OR_LINK,/proj/zefflab/projects/Flooding/Data/harris_county/catalogs/static/harris_county/boundary_points_static/README_HYDROMT_DATA_CATALOGS.md,/users/e/p/epsilon/Data/Data/harris_county/catalogs/static/harris_county/boundary_points_static/README_HYDROMT_DATA_CATALOGS.md,False,,- /proj/zefflab/projects/Flooding/Data/harris_county/catalogs/events_reduced/beryl_2024/event_pressure/README_HYDROMT_DATA_CATALOGS.md
/proj/zefflab/projects/Flooding/pipeline/web_launcher/_audit_reports/hydromt_yaml_state_audit_20260612_183544.txt,79,OLD_PROJ_DATA_ROOT,LIKELY_DOC_OR_LINK,/proj/zefflab/projects/Flooding/Data/harris_county/catalogs/static/harris_county/curve_number/README_HYDROMT_DATA_CATALOGS.md,/users/e/p/epsilon/Data/Data/harris_county/catalogs/static/harris_county/curve_number/README_HYDROMT_DATA_CATALOGS.md,False,,- /proj/zefflab/projects/Flooding/Data/harris_county/catalogs/events_reduced/beryl_2024/event_pressure/README_HYDROMT_DATA_CATALOGS.md
/proj/zefflab/projects/Flooding/pipeline/web_launcher/_audit_reports/hydromt_yaml_state_audit_20260612_183544.txt,80,OLD_PROJ_DATA_ROOT,LIKELY_DOC_OR_LINK,/proj/zefflab/projects/Flooding/Data/harris_county/catalogs/_yaml_backups/hydromt_yaml_backup_20260612_181807/event_hydromt_data_old.yml,/users/e/p/epsilon/Data/Data/harris_county/catalogs/_yaml_backups/hydromt_yaml_backup_20260612_181807/event_hydromt_data_old.yml,False,,- /proj/zefflab/projects/Flooding/Data/harris_county/catalogs/events_reduced/beryl_2024/event_wind/README_HYDROMT_DATA_CATALOGS.md
/proj/zefflab/projects/Flooding/pipeline/web_launcher/_audit_reports/hydromt_yaml_state_audit_20260612_183544.txt,80,OLD_PROJ_DATA_ROOT,LIKELY_DOC_OR_LINK,/proj/zefflab/projects/Flooding/Data/harris_county/catalogs/events/flood_2009_04/event_pressure/README_HYDROMT_DATA_CATALOGS.md,/users/e/p/epsilon/Data/Data/harris_county/catalogs/events/flood_2009_04/event_pressure/README_HYDROMT_DATA_CATALOGS.md,False,,- /proj/zefflab/projects/Flooding/Data/harris_county/catalogs/events_reduced/beryl_2024/event_wind/README_HYDROMT_DATA_CATALOGS.md
/proj/zefflab/projects/Flooding/pipeline/web_launcher/_audit_reports/hydromt_yaml_state_audit_20260612_183544.txt,80,OLD_PROJ_DATA_ROOT,LIKELY_DOC_OR_LINK,/proj/zefflab/projects/Flooding/Data/harris_county/catalogs/events/harvey_2017/event_wind/README_HYDROMT_DATA_CATALOGS.md,/users/e/p/epsilon/Data/Data/harris_county/catalogs/events/harvey_2017/event_wind/README_HYDROMT_DATA_CATALOGS.md,False,,- /proj/zefflab/projects/Flooding/Data/harris_county/catalogs/events_reduced/beryl_2024/event_wind/README_HYDROMT_DATA_CATALOGS.md
/proj/zefflab/projects/Flooding/pipeline/web_launcher/_audit_reports/hydromt_yaml_state_audit_20260612_183544.txt,80,OLD_PROJ_DATA_ROOT,LIKELY_DOC_OR_LINK,/proj/zefflab/projects/Flooding/Data/harris_county/catalogs/events/harvey_2017_full/event_wind/README_HYDROMT_DATA_CATALOGS.md,/users/e/p/epsilon/Data/Data/harris_county/catalogs/events/harvey_2017_full/event_wind/README_HYDROMT_DATA_CATALOGS.md,False,,- /proj/zefflab/projects/Flooding/Data/harris_county/catalogs/events_reduced/beryl_2024/event_wind/README_HYDROMT_DATA_CATALOGS.md
/proj/zefflab/projects/Flooding/pipeline/web_launcher/_audit_reports/hydromt_yaml_state_audit_20260612_183544.txt,80,OLD_PROJ_DATA_ROOT,LIKELY_DOC_OR_LINK,/proj/zefflab/projects/Flooding/Data/harris_county/catalogs/events/harvey_2017_mrms/_manifests/boundary_table_audit/README_HYDROMT_DATA_CATALOGS.md,/users/e/p/epsilon/Data/Data/harris_county/catalogs/events/harvey_2017_mrms/_manifests/boundary_table_audit/README_HYDROMT_DATA_CATALOGS.md,False,,- /proj/zefflab/projects/Flooding/Data/harris_county/catalogs/events_reduced/beryl_2024/event_wind/README_HYDROMT_DATA_CATALOGS.md
/proj/zefflab/projects/Flooding/pipeline/web_launcher/_audit_reports/hydromt_yaml_state_audit_20260612_183544.txt,80,OLD_PROJ_DATA_ROOT,LIKELY_DOC_OR_LINK,/proj/zefflab/projects/Flooding/Data/harris_county/catalogs/events/harvey_2017_mrms/event_validation_lines/reviewed_crs_lines/review_figures/README_HYDROMT_DATA_CATALOGS.md,/users/e/p/epsilon/Data/Data/harris_county/catalogs/events/harvey_2017_mrms/event_validation_lines/reviewed_crs_lines/review_figures/README_HYDROMT_DATA_CATALOGS.md,False,,- /proj/zefflab/projects/Flooding/Data/harris_county/catalogs/events_reduced/beryl_2024/event_wind/README_HYDROMT_DATA_CATALOGS.md
/proj/zefflab/projects/Flooding/pipeline/web_launcher/_audit_reports/hydromt_yaml_state_audit_20260612_183544.txt,80,OLD_PROJ_DATA_ROOT,LIKELY_DOC_OR_LINK,/proj/zefflab/projects/Flooding/Data/harris_county/catalogs/events/harvey_2017_ppe/restarts/README_HYDROMT_DATA_CATALOGS.md,/users/e/p/epsilon/Data/Data/harris_county/catalogs/events/harvey_2017_ppe/restarts/README_HYDROMT_DATA_CATALOGS.md,False,,- /proj/zefflab/projects/Flooding/Data/harris_county/catalogs/events_reduced/beryl_2024/event_wind/README_HYDROMT_DATA_CATALOGS.md
/proj/zefflab/projects/Flooding/pipeline/web_launcher/_audit_reports/hydromt_yaml_state_audit_20260612_183544.txt,80,OLD_PROJ_DATA_ROOT,LIKELY_DOC_OR_LINK,/proj/zefflab/projects/Flooding/Data/harris_county/catalogs/events/imelda_2019/event_wind/README_HYDROMT_DATA_CATALOGS.md,/users/e/p/epsilon/Data/Data/harris_county/catalogs/events/imelda_2019/event_wind/README_HYDROMT_DATA_CATALOGS.md,False,,- /proj/zefflab/projects/Flooding/Data/harris_county/catalogs/events_reduced/beryl_2024/event_wind/README_HYDROMT_DATA_CATALOGS.md
/proj/zefflab/projects/Flooding/pipeline/web_launcher/_audit_reports/hydromt_yaml_state_audit_20260612_183544.txt,80,OLD_PROJ_DATA_ROOT,LIKELY_DOC_OR_LINK,/proj/zefflab/projects/Flooding/Data/harris_county/catalogs/events_reduced/beryl_2024/event_pressure/README_HYDROMT_DATA_CATALOGS.md,/users/e/p/epsilon/Data/Data/harris_county/catalogs/events_reduced/beryl_2024/event_pressure/README_HYDROMT_DATA_CATALOGS.md,False,,- /proj/zefflab/projects/Flooding/Data/harris_county/catalogs/events_reduced/beryl_2024/event_wind/README_HYDROMT_DATA_CATALOGS.md
/proj/zefflab/projects/Flooding/pipeline/web_launcher/_audit_reports/hydromt_yaml_state_audit_20260612_183544.txt,80,OLD_PROJ_DATA_ROOT,LIKELY_DOC_OR_LINK,/proj/zefflab/projects/Flooding/Data/harris_county/catalogs/events_reduced/beryl_2024/event_wind/README_HYDROMT_DATA_CATALOGS.md,/users/e/p/epsilon/Data/Data/harris_county/catalogs/events_reduced/beryl_2024/event_wind/README_HYDROMT_DATA_CATALOGS.md,False,,- /proj/zefflab/projects/Flooding/Data/harris_county/catalogs/events_reduced/beryl_2024/event_wind/README_HYDROMT_DATA_CATALOGS.md
/proj/zefflab/projects/Flooding/pipeline/web_launcher/_audit_reports/hydromt_yaml_state_audit_20260612_183544.txt,80,OLD_PROJ_DATA_ROOT,LIKELY_DOC_OR_LINK,/proj/zefflab/projects/Flooding/Data/harris_county/catalogs/events_reduced/harvey_2017/event_wind/README_HYDROMT_DATA_CATALOGS.md,/users/e/p/epsilon/Data/Data/harris_county/catalogs/events_reduced/harvey_2017/event_wind/README_HYDROMT_DATA_CATALOGS.md,False,,- /proj/zefflab/projects/Flooding/Data/harris_county/catalogs/events_reduced/beryl_2024/event_wind/README_HYDROMT_DATA_CATALOGS.md
/proj/zefflab/projects/Flooding/pipeline/web_launcher/_audit_reports/hydromt_yaml_state_audit_20260612_183544.txt,80,OLD_PROJ_DATA_ROOT,LIKELY_DOC_OR_LINK,/proj/zefflab/projects/Flooding/Data/harris_county/catalogs/events_reduced/harvey_2017_full/event_wind/README_HYDROMT_DATA_CATALOGS.md,/users/e/p/epsilon/Data/Data/harris_county/catalogs/events_reduced/harvey_2017_full/event_wind/README_HYDROMT_DATA_CATALOGS.md,False,,- /proj/zefflab/projects/Flooding/Data/harris_county/catalogs/events_reduced/beryl_2024/event_wind/README_HYDROMT_DATA_CATALOGS.md
/proj/zefflab/projects/Flooding/pipeline/web_launcher/_audit_reports/hydromt_yaml_state_audit_20260612_183544.txt,80,OLD_PROJ_DATA_ROOT,LIKELY_DOC_OR_LINK,/proj/zefflab/projects/Flooding/Data/harris_county/catalogs/events_reduced/imelda_2019/event_wind/README_HYDROMT_DATA_CATALOGS.md,/users/e/p/epsilon/Data/Data/harris_county/catalogs/events_reduced/imelda_2019/event_wind/README_HYDROMT_DATA_CATALOGS.md,False,,- /proj/zefflab/projects/Flooding/Data/harris_county/catalogs/events_reduced/beryl_2024/event_wind/README_HYDROMT_DATA_CATALOGS.md
/proj/zefflab/projects/Flooding/pipeline/web_launcher/_audit_reports/hydromt_yaml_state_audit_20260612_183544.txt,80,OLD_PROJ_DATA_ROOT,LIKELY_DOC_OR_LINK,/proj/zefflab/projects/Flooding/Data/harris_county/catalogs/static/harris_county/bathy/README_HYDROMT_DATA_CATALOGS.md,/users/e/p/epsilon/Data/Data/harris_county/catalogs/static/harris_county/bathy/README_HYDROMT_DATA_CATALOGS.md,False,,- /proj/zefflab/projects/Flooding/Data/harris_county/catalogs/events_reduced/beryl_2024/event_wind/README_HYDROMT_DATA_CATALOGS.md
/proj/zefflab/projects/Flooding/pipeline/web_launcher/_audit_reports/hydromt_yaml_state_audit_20260612_183544.txt,80,OLD_PROJ_DATA_ROOT,LIKELY_DOC_OR_LINK,/proj/zefflab/projects/Flooding/Data/harris_county/catalogs/static/harris_county/boundary_points_static/README_HYDROMT_DATA_CATALOGS.md,/users/e/p/epsilon/Data/Data/harris_county/catalogs/static/harris_county/boundary_points_static/README_HYDROMT_DATA_CATALOGS.md,False,,- /proj/zefflab/projects/Flooding/Data/harris_county/catalogs/events_reduced/beryl_2024/event_wind/README_HYDROMT_DATA_CATALOGS.md
/proj/zefflab/projects/Flooding/pipeline/web_launcher/_audit_reports/hydromt_yaml_state_audit_20260612_183544.txt,80,OLD_PROJ_DATA_ROOT,LIKELY_DOC_OR_LINK,/proj/zefflab/projects/Flooding/Data/harris_county/catalogs/static/harris_county/curve_number/README_HYDROMT_DATA_CATALOGS.md,/users/e/p/epsilon/Data/Data/harris_county/catalogs/static/harris_county/curve_number/README_HYDROMT_DATA_CATALOGS.md,False,,- /proj/zefflab/projects/Flooding/Data/harris_county/catalogs/events_reduced/beryl_2024/event_wind/README_HYDROMT_DATA_CATALOGS.md
/proj/zefflab/projects/Flooding/pipeline/web_launcher/_audit_reports/hydromt_yaml_state_audit_20260612_183544.txt,81,OLD_PROJ_DATA_ROOT,LIKELY_DOC_OR_LINK,/proj/zefflab/projects/Flooding/Data/harris_county/catalogs/_yaml_backups/hydromt_yaml_backup_20260612_181807/event_hydromt_data_old.yml,/users/e/p/epsilon/Data/Data/harris_county/catalogs/_yaml_backups/hydromt_yaml_backup_20260612_181807/event_hydromt_data_old.yml,False,,- /proj/zefflab/projects/Flooding/Data/harris_county/catalogs/events_reduced/harvey_2017/event_wind/README_HYDROMT_DATA_CATALOGS.md
/proj/zefflab/projects/Flooding/pipeline/web_launcher/_audit_reports/hydromt_yaml_state_audit_20260612_183544.txt,81,OLD_PROJ_DATA_ROOT,LIKELY_DOC_OR_LINK,/proj/zefflab/projects/Flooding/Data/harris_county/catalogs/_yaml_backups/hydromt_yaml_backup_20260612_181807/static_hydromt_data_old.yml,/users/e/p/epsilon/Data/Data/harris_county/catalogs/_yaml_backups/hydromt_yaml_backup_20260612_181807/static_hydromt_data_old.yml,False,,- /proj/zefflab/projects/Flooding/Data/harris_county/catalogs/events_reduced/harvey_2017/event_wind/README_HYDROMT_DATA_CATALOGS.md
/proj/zefflab/projects/Flooding/pipeline/web_launcher/_audit_reports/hydromt_yaml_state_audit_20260612_183544.txt,81,OLD_PROJ_DATA_ROOT,LIKELY_DOC_OR_LINK,/proj/zefflab/projects/Flooding/Data/harris_county/catalogs/events/harvey_2017/event_wind/README_HYDROMT_DATA_CATALOGS.md,/users/e/p/epsilon/Data/Data/harris_county/catalogs/events/harvey_2017/event_wind/README_HYDROMT_DATA_CATALOGS.md,False,,- /proj/zefflab/projects/Flooding/Data/harris_county/catalogs/events_reduced/harvey_2017/event_wind/README_HYDROMT_DATA_CATALOGS.md
/proj/zefflab/projects/Flooding/pipeline/web_launcher/_audit_reports/hydromt_yaml_state_audit_20260612_183544.txt,81,OLD_PROJ_DATA_ROOT,LIKELY_DOC_OR_LINK,/proj/zefflab/projects/Flooding/Data/harris_county/catalogs/events/harvey_2017_full/event_wind/README_HYDROMT_DATA_CATALOGS.md,/users/e/p/epsilon/Data/Data/harris_county/catalogs/events/harvey_2017_full/event_wind/README_HYDROMT_DATA_CATALOGS.md,False,,- /proj/zefflab/projects/Flooding/Data/harris_county/catalogs/events_reduced/harvey_2017/event_wind/README_HYDROMT_DATA_CATALOGS.md
/proj/zefflab/projects/Flooding/pipeline/web_launcher/_audit_reports/hydromt_yaml_state_audit_20260612_183544.txt,81,OLD_PROJ_DATA_ROOT,LIKELY_DOC_OR_LINK,/proj/zefflab/projects/Flooding/Data/harris_county/catalogs/events/harvey_2017_mrms/_manifests/boundary_table_audit/README_HYDROMT_DATA_CATALOGS.md,/users/e/p/epsilon/Data/Data/harris_county/catalogs/events/harvey_2017_mrms/_manifests/boundary_table_audit/README_HYDROMT_DATA_CATALOGS.md,False,,- /proj/zefflab/projects/Flooding/Data/harris_county/catalogs/events_reduced/harvey_2017/event_wind/README_HYDROMT_DATA_CATALOGS.md
/proj/zefflab/projects/Flooding/pipeline/web_launcher/_audit_reports/hydromt_yaml_state_audit_20260612_183544.txt,81,OLD_PROJ_DATA_ROOT,LIKELY_DOC_OR_LINK,/proj/zefflab/projects/Flooding/Data/harris_county/catalogs/events/harvey_2017_mrms/event_validation_lines/reviewed_crs_lines/review_figures/README_HYDROMT_DATA_CATALOGS.md,/users/e/p/epsilon/Data/Data/harris_county/catalogs/events/harvey_2017_mrms/event_validation_lines/reviewed_crs_lines/review_figures/README_HYDROMT_DATA_CATALOGS.md,False,,- /proj/zefflab/projects/Flooding/Data/harris_county/catalogs/events_reduced/harvey_2017/event_wind/README_HYDROMT_DATA_CATALOGS.md
/proj/zefflab/projects/Flooding/pipeline/web_launcher/_audit_reports/hydromt_yaml_state_audit_20260612_183544.txt,81,OLD_PROJ_DATA_ROOT,LIKELY_DOC_OR_LINK,/proj/zefflab/projects/Flooding/Data/harris_county/catalogs/events/harvey_2017_ppe/restarts/README_HYDROMT_DATA_CATALOGS.md,/users/e/p/epsilon/Data/Data/harris_county/catalogs/events/harvey_2017_ppe/restarts/README_HYDROMT_DATA_CATALOGS.md,False,,- /proj/zefflab/projects/Flooding/Data/harris_county/catalogs/events_reduced/harvey_2017/event_wind/README_HYDROMT_DATA_CATALOGS.md
/proj/zefflab/projects/Flooding/pipeline/web_launcher/_audit_reports/hydromt_yaml_state_audit_20260612_183544.txt,81,OLD_PROJ_DATA_ROOT,LIKELY_DOC_OR_LINK,/proj/zefflab/projects/Flooding/Data/harris_county/catalogs/events/imelda_2019/event_wind/README_HYDROMT_DATA_CATALOGS.md,/users/e/p/epsilon/Data/Data/harris_county/catalogs/events/imelda_2019/event_wind/README_HYDROMT_DATA_CATALOGS.md,False,,- /proj/zefflab/projects/Flooding/Data/harris_county/catalogs/events_reduced/harvey_2017/event_wind/README_HYDROMT_DATA_CATALOGS.md
/proj/zefflab/projects/Flooding/pipeline/web_launcher/_audit_reports/hydromt_yaml_state_audit_20260612_183544.txt,81,OLD_PROJ_DATA_ROOT,LIKELY_DOC_OR_LINK,/proj/zefflab/projects/Flooding/Data/harris_county/catalogs/events_reduced/beryl_2024/event_pressure/README_HYDROMT_DATA_CATALOGS.md,/users/e/p/epsilon/Data/Data/harris_county/catalogs/events_reduced/beryl_2024/event_pressure/README_HYDROMT_DATA_CATALOGS.md,False,,- /proj/zefflab/projects/Flooding/Data/harris_county/catalogs/events_reduced/harvey_2017/event_wind/README_HYDROMT_DATA_CATALOGS.md
/proj/zefflab/projects/Flooding/pipeline/web_launcher/_audit_reports/hydromt_yaml_state_audit_20260612_183544.txt,81,OLD_PROJ_DATA_ROOT,LIKELY_DOC_OR_LINK,/proj/zefflab/projects/Flooding/Data/harris_county/catalogs/events_reduced/beryl_2024/event_wind/README_HYDROMT_DATA_CATALOGS.md,/users/e/p/epsilon/Data/Data/harris_county/catalogs/events_reduced/beryl_2024/event_wind/README_HYDROMT_DATA_CATALOGS.md,False,,- /proj/zefflab/projects/Flooding/Data/harris_county/catalogs/events_reduced/harvey_2017/event_wind/README_HYDROMT_DATA_CATALOGS.md
/proj/zefflab/projects/Flooding/pipeline/web_launcher/_audit_reports/hydromt_yaml_state_audit_20260612_183544.txt,81,OLD_PROJ_DATA_ROOT,LIKELY_DOC_OR_LINK,/proj/zefflab/projects/Flooding/Data/harris_county/catalogs/events_reduced/harvey_2017/event_wind/README_HYDROMT_DATA_CATALOGS.md,/users/e/p/epsilon/Data/Data/harris_county/catalogs/events_reduced/harvey_2017/event_wind/README_HYDROMT_DATA_CATALOGS.md,False,,- /proj/zefflab/projects/Flooding/Data/harris_county/catalogs/events_reduced/harvey_2017/event_wind/README_HYDROMT_DATA_CATALOGS.md
/proj/zefflab/projects/Flooding/pipeline/web_launcher/_audit_reports/hydromt_yaml_state_audit_20260612_183544.txt,81,OLD_PROJ_DATA_ROOT,LIKELY_DOC_OR_LINK,/proj/zefflab/projects/Flooding/Data/harris_county/catalogs/events_reduced/harvey_2017_full/event_wind/README_HYDROMT_DATA_CATALOGS.md,/users/e/p/epsilon/Data/Data/harris_county/catalogs/events_reduced/harvey_2017_full/event_wind/README_HYDROMT_DATA_CATALOGS.md,False,,- /proj/zefflab/projects/Flooding/Data/harris_county/catalogs/events_reduced/harvey_2017/event_wind/README_HYDROMT_DATA_CATALOGS.md
/proj/zefflab/projects/Flooding/pipeline/web_launcher/_audit_reports/hydromt_yaml_state_audit_20260612_183544.txt,81,OLD_PROJ_DATA_ROOT,LIKELY_DOC_OR_LINK,/proj/zefflab/projects/Flooding/Data/harris_county/catalogs/events_reduced/imelda_2019/event_wind/README_HYDROMT_DATA_CATALOGS.md,/users/e/p/epsilon/Data/Data/harris_county/catalogs/events_reduced/imelda_2019/event_wind/README_HYDROMT_DATA_CATALOGS.md,False,,- /proj/zefflab/projects/Flooding/Data/harris_county/catalogs/events_reduced/harvey_2017/event_wind/README_HYDROMT_DATA_CATALOGS.md
/proj/zefflab/projects/Flooding/pipeline/web_launcher/_audit_reports/hydromt_yaml_state_audit_20260612_183544.txt,81,OLD_PROJ_DATA_ROOT,LIKELY_DOC_OR_LINK,/proj/zefflab/projects/Flooding/Data/harris_county/catalogs/static/harris_county/bathy/README_HYDROMT_DATA_CATALOGS.md,/users/e/p/epsilon/Data/Data/harris_county/catalogs/static/harris_county/bathy/README_HYDROMT_DATA_CATALOGS.md,False,,- /proj/zefflab/projects/Flooding/Data/harris_county/catalogs/events_reduced/harvey_2017/event_wind/README_HYDROMT_DATA_CATALOGS.md
/proj/zefflab/projects/Flooding/pipeline/web_launcher/_audit_reports/hydromt_yaml_state_audit_20260612_183544.txt,81,OLD_PROJ_DATA_ROOT,LIKELY_DOC_OR_LINK,/proj/zefflab/projects/Flooding/Data/harris_county/catalogs/static/harris_county/boundary_points_static/README_HYDROMT_DATA_CATALOGS.md,/users/e/p/epsilon/Data/Data/harris_county/catalogs/static/harris_county/boundary_points_static/README_HYDROMT_DATA_CATALOGS.md,False,,- /proj/zefflab/projects/Flooding/Data/harris_county/catalogs/events_reduced/harvey_2017/event_wind/README_HYDROMT_DATA_CATALOGS.md
/proj/zefflab/projects/Flooding/pipeline/web_launcher/_audit_reports/hydromt_yaml_state_audit_20260612_183544.txt,81,OLD_PROJ_DATA_ROOT,LIKELY_DOC_OR_LINK,/proj/zefflab/projects/Flooding/Data/harris_county/catalogs/static/harris_county/curve_number/README_HYDROMT_DATA_CATALOGS.md,/users/e/p/epsilon/Data/Data/harris_county/catalogs/static/harris_county/curve_number/README_HYDROMT_DATA_CATALOGS.md,False,,- /proj/zefflab/projects/Flooding/Data/harris_county/catalogs/events_reduced/harvey_2017/event_wind/README_HYDROMT_DATA_CATALOGS.md
/proj/zefflab/projects/Flooding/pipeline/web_launcher/_audit_reports/hydromt_yaml_state_audit_20260612_183544.txt,82,OLD_PROJ_DATA_ROOT,LIKELY_DOC_OR_LINK,/proj/zefflab/projects/Flooding/Data/harris_county/catalogs/_yaml_backups/hydromt_yaml_backup_20260612_181807/event_hydromt_data_old.yml,/users/e/p/epsilon/Data/Data/harris_county/catalogs/_yaml_backups/hydromt_yaml_backup_20260612_181807/event_hydromt_data_old.yml,False,,- /proj/zefflab/projects/Flooding/Data/harris_county/catalogs/events_reduced/harvey_2017_full/event_wind/README_HYDROMT_DATA_CATALOGS.md
/proj/zefflab/projects/Flooding/pipeline/web_launcher/_audit_reports/hydromt_yaml_state_audit_20260612_183544.txt,82,OLD_PROJ_DATA_ROOT,LIKELY_DOC_OR_LINK,/proj/zefflab/projects/Flooding/Data/harris_county/catalogs/_yaml_backups/hydromt_yaml_backup_20260612_181807/static_hydromt_data_old.yml,/users/e/p/epsilon/Data/Data/harris_county/catalogs/_yaml_backups/hydromt_yaml_backup_20260612_181807/static_hydromt_data_old.yml,False,,- /proj/zefflab/projects/Flooding/Data/harris_county/catalogs/events_reduced/harvey_2017_full/event_wind/README_HYDROMT_DATA_CATALOGS.md
/proj/zefflab/projects/Flooding/pipeline/web_launcher/_audit_reports/hydromt_yaml_state_audit_20260612_183544.txt,82,OLD_PROJ_DATA_ROOT,LIKELY_DOC_OR_LINK,/proj/zefflab/projects/Flooding/Data/harris_county/catalogs/events/harvey_2017_full/event_wind/README_HYDROMT_DATA_CATALOGS.md,/users/e/p/epsilon/Data/Data/harris_county/catalogs/events/harvey_2017_full/event_wind/README_HYDROMT_DATA_CATALOGS.md,False,,- /proj/zefflab/projects/Flooding/Data/harris_county/catalogs/events_reduced/harvey_2017_full/event_wind/README_HYDROMT_DATA_CATALOGS.md
/proj/zefflab/projects/Flooding/pipeline/web_launcher/_audit_reports/hydromt_yaml_state_audit_20260612_183544.txt,82,OLD_PROJ_DATA_ROOT,LIKELY_DOC_OR_LINK,/proj/zefflab/projects/Flooding/Data/harris_county/catalogs/events/harvey_2017_mrms/_manifests/boundary_table_audit/README_HYDROMT_DATA_CATALOGS.md,/users/e/p/epsilon/Data/Data/harris_county/catalogs/events/harvey_2017_mrms/_manifests/boundary_table_audit/README_HYDROMT_DATA_CATALOGS.md,False,,- /proj/zefflab/projects/Flooding/Data/harris_county/catalogs/events_reduced/harvey_2017_full/event_wind/README_HYDROMT_DATA_CATALOGS.md
/proj/zefflab/projects/Flooding/pipeline/web_launcher/_audit_reports/hydromt_yaml_state_audit_20260612_183544.txt,82,OLD_PROJ_DATA_ROOT,LIKELY_DOC_OR_LINK,/proj/zefflab/projects/Flooding/Data/harris_county/catalogs/events/harvey_2017_mrms/event_metadata/hydromt_data.yml,/users/e/p/epsilon/Data/Data/harris_county/catalogs/events/harvey_2017_mrms/event_metadata/hydromt_data.yml,False,,- /proj/zefflab/projects/Flooding/Data/harris_county/catalogs/events_reduced/harvey_2017_full/event_wind/README_HYDROMT_DATA_CATALOGS.md
/proj/zefflab/projects/Flooding/pipeline/web_launcher/_audit_reports/hydromt_yaml_state_audit_20260612_183544.txt,82,OLD_PROJ_DATA_ROOT,LIKELY_DOC_OR_LINK,/proj/zefflab/projects/Flooding/Data/harris_county/catalogs/events/harvey_2017_mrms/event_validation_lines/reviewed_crs_lines/review_figures/README_HYDROMT_DATA_CATALOGS.md,/users/e/p/epsilon/Data/Data/harris_county/catalogs/events/harvey_2017_mrms/event_validation_lines/reviewed_crs_lines/review_figures/README_HYDROMT_DATA_CATALOGS.md,False,,- /proj/zefflab/projects/Flooding/Data/harris_county/catalogs/events_reduced/harvey_2017_full/event_wind/README_HYDROMT_DATA_CATALOGS.md
/proj/zefflab/projects/Flooding/pipeline/web_launcher/_audit_reports/hydromt_yaml_state_audit_20260612_183544.txt,82,OLD_PROJ_DATA_ROOT,LIKELY_DOC_OR_LINK,/proj/zefflab/projects/Flooding/Data/harris_county/catalogs/events/harvey_2017_ppe/restarts/README_HYDROMT_DATA_CATALOGS.md,/users/e/p/epsilon/Data/Data/harris_county/catalogs/events/harvey_2017_ppe/restarts/README_HYDROMT_DATA_CATALOGS.md,False,,- /proj/zefflab/projects/Flooding/Data/harris_county/catalogs/events_reduced/harvey_2017_full/event_wind/README_HYDROMT_DATA_CATALOGS.md
/proj/zefflab/projects/Flooding/pipeline/web_launcher/_audit_reports/hydromt_yaml_state_audit_20260612_183544.txt,82,OLD_PROJ_DATA_ROOT,LIKELY_DOC_OR_LINK,/proj/zefflab/projects/Flooding/Data/harris_county/catalogs/events/imelda_2019/event_wind/README_HYDROMT_DATA_CATALOGS.md,/users/e/p/epsilon/Data/Data/harris_county/catalogs/events/imelda_2019/event_wind/README_HYDROMT_DATA_CATALOGS.md,False,,- /proj/zefflab/projects/Flooding/Data/harris_county/catalogs/events_reduced/harvey_2017_full/event_wind/README_HYDROMT_DATA_CATALOGS.md
/proj/zefflab/projects/Flooding/pipeline/web_launcher/_audit_reports/hydromt_yaml_state_audit_20260612_183544.txt,82,OLD_PROJ_DATA_ROOT,LIKELY_DOC_OR_LINK,/proj/zefflab/projects/Flooding/Data/harris_county/catalogs/events_reduced/beryl_2024/event_pressure/README_HYDROMT_DATA_CATALOGS.md,/users/e/p/epsilon/Data/Data/harris_county/catalogs/events_reduced/beryl_2024/event_pressure/README_HYDROMT_DATA_CATALOGS.md,False,,- /proj/zefflab/projects/Flooding/Data/harris_county/catalogs/events_reduced/harvey_2017_full/event_wind/README_HYDROMT_DATA_CATALOGS.md
/proj/zefflab/projects/Flooding/pipeline/web_launcher/_audit_reports/hydromt_yaml_state_audit_20260612_183544.txt,82,OLD_PROJ_DATA_ROOT,LIKELY_DOC_OR_LINK,/proj/zefflab/projects/Flooding/Data/harris_county/catalogs/events_reduced/beryl_2024/event_wind/README_HYDROMT_DATA_CATALOGS.md,/users/e/p/epsilon/Data/Data/harris_county/catalogs/events_reduced/beryl_2024/event_wind/README_HYDROMT_DATA_CATALOGS.md,False,,- /proj/zefflab/projects/Flooding/Data/harris_county/catalogs/events_reduced/harvey_2017_full/event_wind/README_HYDROMT_DATA_CATALOGS.md
/proj/zefflab/projects/Flooding/pipeline/web_launcher/_audit_reports/hydromt_yaml_state_audit_20260612_183544.txt,82,OLD_PROJ_DATA_ROOT,LIKELY_DOC_OR_LINK,/proj/zefflab/projects/Flooding/Data/harris_county/catalogs/events_reduced/harvey_2017/event_wind/README_HYDROMT_DATA_CATALOGS.md,/users/e/p/epsilon/Data/Data/harris_county/catalogs/events_reduced/harvey_2017/event_wind/README_HYDROMT_DATA_CATALOGS.md,False,,- /proj/zefflab/projects/Flooding/Data/harris_county/catalogs/events_reduced/harvey_2017_full/event_wind/README_HYDROMT_DATA_CATALOGS.md
/proj/zefflab/projects/Flooding/pipeline/web_launcher/_audit_reports/hydromt_yaml_state_audit_20260612_183544.txt,82,OLD_PROJ_DATA_ROOT,LIKELY_DOC_OR_LINK,/proj/zefflab/projects/Flooding/Data/harris_county/catalogs/events_reduced/harvey_2017_full/event_wind/README_HYDROMT_DATA_CATALOGS.md,/users/e/p/epsilon/Data/Data/harris_county/catalogs/events_reduced/harvey_2017_full/event_wind/README_HYDROMT_DATA_CATALOGS.md,False,,- /proj/zefflab/projects/Flooding/Data/harris_county/catalogs/events_reduced/harvey_2017_full/event_wind/README_HYDROMT_DATA_CATALOGS.md
/proj/zefflab/projects/Flooding/pipeline/web_launcher/_audit_reports/hydromt_yaml_state_audit_20260612_183544.txt,82,OLD_PROJ_DATA_ROOT,LIKELY_DOC_OR_LINK,/proj/zefflab/projects/Flooding/Data/harris_county/catalogs/events_reduced/imelda_2019/event_wind/README_HYDROMT_DATA_CATALOGS.md,/users/e/p/epsilon/Data/Data/harris_county/catalogs/events_reduced/imelda_2019/event_wind/README_HYDROMT_DATA_CATALOGS.md,False,,- /proj/zefflab/projects/Flooding/Data/harris_county/catalogs/events_reduced/harvey_2017_full/event_wind/README_HYDROMT_DATA_CATALOGS.md
/proj/zefflab/projects/Flooding/pipeline/web_launcher/_audit_reports/hydromt_yaml_state_audit_20260612_183544.txt,82,OLD_PROJ_DATA_ROOT,LIKELY_DOC_OR_LINK,/proj/zefflab/projects/Flooding/Data/harris_county/catalogs/static/harris_county/bathy/README_HYDROMT_DATA_CATALOGS.md,/users/e/p/epsilon/Data/Data/harris_county/catalogs/static/harris_county/bathy/README_HYDROMT_DATA_CATALOGS.md,False,,- /proj/zefflab/projects/Flooding/Data/harris_county/catalogs/events_reduced/harvey_2017_full/event_wind/README_HYDROMT_DATA_CATALOGS.md
/proj/zefflab/projects/Flooding/pipeline/web_launcher/_audit_reports/hydromt_yaml_state_audit_20260612_183544.txt,82,OLD_PROJ_DATA_ROOT,LIKELY_DOC_OR_LINK,/proj/zefflab/projects/Flooding/Data/harris_county/catalogs/static/harris_county/boundary_points_static/README_HYDROMT_DATA_CATALOGS.md,/users/e/p/epsilon/Data/Data/harris_county/catalogs/static/harris_county/boundary_points_static/README_HYDROMT_DATA_CATALOGS.md,False,,- /proj/zefflab/projects/Flooding/Data/harris_county/catalogs/events_reduced/harvey_2017_full/event_wind/README_HYDROMT_DATA_CATALOGS.md
/proj/zefflab/projects/Flooding/pipeline/web_launcher/_audit_reports/hydromt_yaml_state_audit_20260612_183544.txt,82,OLD_PROJ_DATA_ROOT,LIKELY_DOC_OR_LINK,/proj/zefflab/projects/Flooding/Data/harris_county/catalogs/static/harris_county/curve_number/README_HYDROMT_DATA_CATALOGS.md,/users/e/p/epsilon/Data/Data/harris_county/catalogs/static/harris_county/curve_number/README_HYDROMT_DATA_CATALOGS.md,False,,- /proj/zefflab/projects/Flooding/Data/harris_county/catalogs/events_reduced/harvey_2017_full/event_wind/README_HYDROMT_DATA_CATALOGS.md
/proj/zefflab/projects/Flooding/pipeline/web_launcher/_audit_reports/hydromt_yaml_state_audit_20260612_183544.txt,83,OLD_PROJ_DATA_ROOT,LIKELY_DOC_OR_LINK,/proj/zefflab/projects/Flooding/Data/harris_county/catalogs/_yaml_backups/hydromt_yaml_backup_20260612_181807/event_hydromt_data_old.yml,/users/e/p/epsilon/Data/Data/harris_county/catalogs/_yaml_backups/hydromt_yaml_backup_20260612_181807/event_hydromt_data_old.yml,False,,- /proj/zefflab/projects/Flooding/Data/harris_county/catalogs/events_reduced/imelda_2019/event_wind/README_HYDROMT_DATA_CATALOGS.md
/proj/zefflab/projects/Flooding/pipeline/web_launcher/_audit_reports/hydromt_yaml_state_audit_20260612_183544.txt,83,OLD_PROJ_DATA_ROOT,LIKELY_DOC_OR_LINK,/proj/zefflab/projects/Flooding/Data/harris_county/catalogs/_yaml_backups/hydromt_yaml_backup_20260612_181807/static_hydromt_data_old.yml,/users/e/p/epsilon/Data/Data/harris_county/catalogs/_yaml_backups/hydromt_yaml_backup_20260612_181807/static_hydromt_data_old.yml,False,,- /proj/zefflab/projects/Flooding/Data/harris_county/catalogs/events_reduced/imelda_2019/event_wind/README_HYDROMT_DATA_CATALOGS.md
/proj/zefflab/projects/Flooding/pipeline/web_launcher/_audit_reports/hydromt_yaml_state_audit_20260612_183544.txt,83,OLD_PROJ_DATA_ROOT,LIKELY_DOC_OR_LINK,/proj/zefflab/projects/Flooding/Data/harris_county/catalogs/events/harvey_2017_mrms/_manifests/boundary_table_audit/README_HYDROMT_DATA_CATALOGS.md,/users/e/p/epsilon/Data/Data/harris_county/catalogs/events/harvey_2017_mrms/_manifests/boundary_table_audit/README_HYDROMT_DATA_CATALOGS.md,False,,- /proj/zefflab/projects/Flooding/Data/harris_county/catalogs/events_reduced/imelda_2019/event_wind/README_HYDROMT_DATA_CATALOGS.md
/proj/zefflab/projects/Flooding/pipeline/web_launcher/_audit_reports/hydromt_yaml_state_audit_20260612_183544.txt,83,OLD_PROJ_DATA_ROOT,LIKELY_DOC_OR_LINK,/proj/zefflab/projects/Flooding/Data/harris_county/catalogs/events/harvey_2017_mrms/event_metadata/hydromt_data.yml,/users/e/p/epsilon/Data/Data/harris_county/catalogs/events/harvey_2017_mrms/event_metadata/hydromt_data.yml,False,,- /proj/zefflab/projects/Flooding/Data/harris_county/catalogs/events_reduced/imelda_2019/event_wind/README_HYDROMT_DATA_CATALOGS.md
/proj/zefflab/projects/Flooding/pipeline/web_launcher/_audit_reports/hydromt_yaml_state_audit_20260612_183544.txt,83,OLD_PROJ_DATA_ROOT,LIKELY_DOC_OR_LINK,/proj/zefflab/projects/Flooding/Data/harris_county/catalogs/events/harvey_2017_mrms/event_validation_lines/reviewed_crs_lines/review_figures/README_HYDROMT_DATA_CATALOGS.md,/users/e/p/epsilon/Data/Data/harris_county/catalogs/events/harvey_2017_mrms/event_validation_lines/reviewed_crs_lines/review_figures/README_HYDROMT_DATA_CATALOGS.md,False,,- /proj/zefflab/projects/Flooding/Data/harris_county/catalogs/events_reduced/imelda_2019/event_wind/README_HYDROMT_DATA_CATALOGS.md
/proj/zefflab/projects/Flooding/pipeline/web_launcher/_audit_reports/hydromt_yaml_state_audit_20260612_183544.txt,83,OLD_PROJ_DATA_ROOT,LIKELY_DOC_OR_LINK,/proj/zefflab/projects/Flooding/Data/harris_county/catalogs/events/harvey_2017_ppe/restarts/README_HYDROMT_DATA_CATALOGS.md,/users/e/p/epsilon/Data/Data/harris_county/catalogs/events/harvey_2017_ppe/restarts/README_HYDROMT_DATA_CATALOGS.md,False,,- /proj/zefflab/projects/Flooding/Data/harris_county/catalogs/events_reduced/imelda_2019/event_wind/README_HYDROMT_DATA_CATALOGS.md
/proj/zefflab/projects/Flooding/pipeline/web_launcher/_audit_reports/hydromt_yaml_state_audit_20260612_183544.txt,83,OLD_PROJ_DATA_ROOT,LIKELY_DOC_OR_LINK,/proj/zefflab/projects/Flooding/Data/harris_county/catalogs/events/imelda_2019/event_wind/README_HYDROMT_DATA_CATALOGS.md,/users/e/p/epsilon/Data/Data/harris_county/catalogs/events/imelda_2019/event_wind/README_HYDROMT_DATA_CATALOGS.md,False,,- /proj/zefflab/projects/Flooding/Data/harris_county/catalogs/events_reduced/imelda_2019/event_wind/README_HYDROMT_DATA_CATALOGS.md
/proj/zefflab/projects/Flooding/pipeline/web_launcher/_audit_reports/hydromt_yaml_state_audit_20260612_183544.txt,83,OLD_PROJ_DATA_ROOT,LIKELY_DOC_OR_LINK,/proj/zefflab/projects/Flooding/Data/harris_county/catalogs/events_reduced/beryl_2024/event_pressure/README_HYDROMT_DATA_CATALOGS.md,/users/e/p/epsilon/Data/Data/harris_county/catalogs/events_reduced/beryl_2024/event_pressure/README_HYDROMT_DATA_CATALOGS.md,False,,- /proj/zefflab/projects/Flooding/Data/harris_county/catalogs/events_reduced/imelda_2019/event_wind/README_HYDROMT_DATA_CATALOGS.md
/proj/zefflab/projects/Flooding/pipeline/web_launcher/_audit_reports/hydromt_yaml_state_audit_20260612_183544.txt,83,OLD_PROJ_DATA_ROOT,LIKELY_DOC_OR_LINK,/proj/zefflab/projects/Flooding/Data/harris_county/catalogs/events_reduced/beryl_2024/event_wind/README_HYDROMT_DATA_CATALOGS.md,/users/e/p/epsilon/Data/Data/harris_county/catalogs/events_reduced/beryl_2024/event_wind/README_HYDROMT_DATA_CATALOGS.md,False,,- /proj/zefflab/projects/Flooding/Data/harris_county/catalogs/events_reduced/imelda_2019/event_wind/README_HYDROMT_DATA_CATALOGS.md
/proj/zefflab/projects/Flooding/pipeline/web_launcher/_audit_reports/hydromt_yaml_state_audit_20260612_183544.txt,83,OLD_PROJ_DATA_ROOT,LIKELY_DOC_OR_LINK,/proj/zefflab/projects/Flooding/Data/harris_county/catalogs/events_reduced/harvey_2017/event_wind/README_HYDROMT_DATA_CATALOGS.md,/users/e/p/epsilon/Data/Data/harris_county/catalogs/events_reduced/harvey_2017/event_wind/README_HYDROMT_DATA_CATALOGS.md,False,,- /proj/zefflab/projects/Flooding/Data/harris_county/catalogs/events_reduced/imelda_2019/event_wind/README_HYDROMT_DATA_CATALOGS.md
/proj/zefflab/projects/Flooding/pipeline/web_launcher/_audit_reports/hydromt_yaml_state_audit_20260612_183544.txt,83,OLD_PROJ_DATA_ROOT,LIKELY_DOC_OR_LINK,/proj/zefflab/projects/Flooding/Data/harris_county/catalogs/events_reduced/harvey_2017_full/event_wind/README_HYDROMT_DATA_CATALOGS.md,/users/e/p/epsilon/Data/Data/harris_county/catalogs/events_reduced/harvey_2017_full/event_wind/README_HYDROMT_DATA_CATALOGS.md,False,,- /proj/zefflab/projects/Flooding/Data/harris_county/catalogs/events_reduced/imelda_2019/event_wind/README_HYDROMT_DATA_CATALOGS.md
/proj/zefflab/projects/Flooding/pipeline/web_launcher/_audit_reports/hydromt_yaml_state_audit_20260612_183544.txt,83,OLD_PROJ_DATA_ROOT,LIKELY_DOC_OR_LINK,/proj/zefflab/projects/Flooding/Data/harris_county/catalogs/events_reduced/imelda_2019/event_wind/README_HYDROMT_DATA_CATALOGS.md,/users/e/p/epsilon/Data/Data/harris_county/catalogs/events_reduced/imelda_2019/event_wind/README_HYDROMT_DATA_CATALOGS.md,False,,- /proj/zefflab/projects/Flooding/Data/harris_county/catalogs/events_reduced/imelda_2019/event_wind/README_HYDROMT_DATA_CATALOGS.md
/proj/zefflab/projects/Flooding/pipeline/web_launcher/_audit_reports/hydromt_yaml_state_audit_20260612_183544.txt,83,OLD_PROJ_DATA_ROOT,LIKELY_DOC_OR_LINK,/proj/zefflab/projects/Flooding/Data/harris_county/catalogs/static/harris_county/bathy/README_HYDROMT_DATA_CATALOGS.md,/users/e/p/epsilon/Data/Data/harris_county/catalogs/static/harris_county/bathy/README_HYDROMT_DATA_CATALOGS.md,False,,- /proj/zefflab/projects/Flooding/Data/harris_county/catalogs/events_reduced/imelda_2019/event_wind/README_HYDROMT_DATA_CATALOGS.md
/proj/zefflab/projects/Flooding/pipeline/web_launcher/_audit_reports/hydromt_yaml_state_audit_20260612_183544.txt,83,OLD_PROJ_DATA_ROOT,LIKELY_DOC_OR_LINK,/proj/zefflab/projects/Flooding/Data/harris_county/catalogs/static/harris_county/boundary_points_static/README_HYDROMT_DATA_CATALOGS.md,/users/e/p/epsilon/Data/Data/harris_county/catalogs/static/harris_county/boundary_points_static/README_HYDROMT_DATA_CATALOGS.md,False,,- /proj/zefflab/projects/Flooding/Data/harris_county/catalogs/events_reduced/imelda_2019/event_wind/README_HYDROMT_DATA_CATALOGS.md
/proj/zefflab/projects/Flooding/pipeline/web_launcher/_audit_reports/hydromt_yaml_state_audit_20260612_183544.txt,83,OLD_PROJ_DATA_ROOT,LIKELY_DOC_OR_LINK,/proj/zefflab/projects/Flooding/Data/harris_county/catalogs/static/harris_county/curve_number/README_HYDROMT_DATA_CATALOGS.md,/users/e/p/epsilon/Data/Data/harris_county/catalogs/static/harris_county/curve_number/README_HYDROMT_DATA_CATALOGS.md,False,,- /proj/zefflab/projects/Flooding/Data/harris_county/catalogs/events_reduced/imelda_2019/event_wind/README_HYDROMT_DATA_CATALOGS.md
/proj/zefflab/projects/Flooding/pipeline/web_launcher/_audit_reports/hydromt_yaml_state_audit_20260612_183544.txt,83,OLD_PROJ_DATA_ROOT,LIKELY_DOC_OR_LINK,/proj/zefflab/projects/Flooding/Data/harris_county/catalogs/static/harris_county/static_metadata/hydromt_data.yml,/users/e/p/epsilon/Data/Data/harris_county/catalogs/static/harris_county/static_metadata/hydromt_data.yml,False,,- /proj/zefflab/projects/Flooding/Data/harris_county/catalogs/events_reduced/imelda_2019/event_wind/README_HYDROMT_DATA_CATALOGS.md
/proj/zefflab/projects/Flooding/pipeline/web_launcher/_audit_reports/hydromt_yaml_state_audit_20260612_183544.txt,84,OLD_PROJ_DATA_ROOT,LIKELY_DOC_OR_LINK,/proj/zefflab/projects/Flooding/Data/harris_county/catalogs/_yaml_backups/hydromt_yaml_backup_20260612_181807/event_hydromt_data_old.yml,/users/e/p/epsilon/Data/Data/harris_county/catalogs/_yaml_backups/hydromt_yaml_backup_20260612_181807/event_hydromt_data_old.yml,False,,- /proj/zefflab/projects/Flooding/Data/harris_county/catalogs/static/harris_county/bathy/README_HYDROMT_DATA_CATALOGS.md
/proj/zefflab/projects/Flooding/pipeline/web_launcher/_audit_reports/hydromt_yaml_state_audit_20260612_183544.txt,84,OLD_PROJ_DATA_ROOT,LIKELY_DOC_OR_LINK,/proj/zefflab/projects/Flooding/Data/harris_county/catalogs/_yaml_backups/hydromt_yaml_backup_20260612_181807/static_hydromt_data_old.yml,/users/e/p/epsilon/Data/Data/harris_county/catalogs/_yaml_backups/hydromt_yaml_backup_20260612_181807/static_hydromt_data_old.yml,False,,- /proj/zefflab/projects/Flooding/Data/harris_county/catalogs/static/harris_county/bathy/README_HYDROMT_DATA_CATALOGS.md
/proj/zefflab/projects/Flooding/pipeline/web_launcher/_audit_reports/hydromt_yaml_state_audit_20260612_183544.txt,84,OLD_PROJ_DATA_ROOT,LIKELY_DOC_OR_LINK,/proj/zefflab/projects/Flooding/Data/harris_county/catalogs/events/harvey_2017_mrms/event_metadata/hydromt_data.yml,/users/e/p/epsilon/Data/Data/harris_county/catalogs/events/harvey_2017_mrms/event_metadata/hydromt_data.yml,False,,- /proj/zefflab/projects/Flooding/Data/harris_county/catalogs/static/harris_county/bathy/README_HYDROMT_DATA_CATALOGS.md
/proj/zefflab/projects/Flooding/pipeline/web_launcher/_audit_reports/hydromt_yaml_state_audit_20260612_183544.txt,84,OLD_PROJ_DATA_ROOT,LIKELY_DOC_OR_LINK,/proj/zefflab/projects/Flooding/Data/harris_county/catalogs/events/harvey_2017_mrms/event_validation_lines/reviewed_crs_lines/review_figures/README_HYDROMT_DATA_CATALOGS.md,/users/e/p/epsilon/Data/Data/harris_county/catalogs/events/harvey_2017_mrms/event_validation_lines/reviewed_crs_lines/review_figures/README_HYDROMT_DATA_CATALOGS.md,False,,- /proj/zefflab/projects/Flooding/Data/harris_county/catalogs/static/harris_county/bathy/README_HYDROMT_DATA_CATALOGS.md
/proj/zefflab/projects/Flooding/pipeline/web_launcher/_audit_reports/hydromt_yaml_state_audit_20260612_183544.txt,84,OLD_PROJ_DATA_ROOT,LIKELY_DOC_OR_LINK,/proj/zefflab/projects/Flooding/Data/harris_county/catalogs/events/harvey_2017_ppe/restarts/README_HYDROMT_DATA_CATALOGS.md,/users/e/p/epsilon/Data/Data/harris_county/catalogs/events/harvey_2017_ppe/restarts/README_HYDROMT_DATA_CATALOGS.md,False,,- /proj/zefflab/projects/Flooding/Data/harris_county/catalogs/static/harris_county/bathy/README_HYDROMT_DATA_CATALOGS.md
/proj/zefflab/projects/Flooding/pipeline/web_launcher/_audit_reports/hydromt_yaml_state_audit_20260612_183544.txt,84,OLD_PROJ_DATA_ROOT,LIKELY_DOC_OR_LINK,/proj/zefflab/projects/Flooding/Data/harris_county/catalogs/events/imelda_2019/event_wind/README_HYDROMT_DATA_CATALOGS.md,/users/e/p/epsilon/Data/Data/harris_county/catalogs/events/imelda_2019/event_wind/README_HYDROMT_DATA_CATALOGS.md,False,,- /proj/zefflab/projects/Flooding/Data/harris_county/catalogs/static/harris_county/bathy/README_HYDROMT_DATA_CATALOGS.md
/proj/zefflab/projects/Flooding/pipeline/web_launcher/_audit_reports/hydromt_yaml_state_audit_20260612_183544.txt,84,OLD_PROJ_DATA_ROOT,LIKELY_DOC_OR_LINK,/proj/zefflab/projects/Flooding/Data/harris_county/catalogs/events_reduced/beryl_2024/event_pressure/README_HYDROMT_DATA_CATALOGS.md,/users/e/p/epsilon/Data/Data/harris_county/catalogs/events_reduced/beryl_2024/event_pressure/README_HYDROMT_DATA_CATALOGS.md,False,,- /proj/zefflab/projects/Flooding/Data/harris_county/catalogs/static/harris_county/bathy/README_HYDROMT_DATA_CATALOGS.md
/proj/zefflab/projects/Flooding/pipeline/web_launcher/_audit_reports/hydromt_yaml_state_audit_20260612_183544.txt,84,OLD_PROJ_DATA_ROOT,LIKELY_DOC_OR_LINK,/proj/zefflab/projects/Flooding/Data/harris_county/catalogs/events_reduced/beryl_2024/event_wind/README_HYDROMT_DATA_CATALOGS.md,/users/e/p/epsilon/Data/Data/harris_county/catalogs/events_reduced/beryl_2024/event_wind/README_HYDROMT_DATA_CATALOGS.md,False,,- /proj/zefflab/projects/Flooding/Data/harris_county/catalogs/static/harris_county/bathy/README_HYDROMT_DATA_CATALOGS.md
/proj/zefflab/projects/Flooding/pipeline/web_launcher/_audit_reports/hydromt_yaml_state_audit_20260612_183544.txt,84,OLD_PROJ_DATA_ROOT,LIKELY_DOC_OR_LINK,/proj/zefflab/projects/Flooding/Data/harris_county/catalogs/events_reduced/harvey_2017/event_wind/README_HYDROMT_DATA_CATALOGS.md,/users/e/p/epsilon/Data/Data/harris_county/catalogs/events_reduced/harvey_2017/event_wind/README_HYDROMT_DATA_CATALOGS.md,False,,- /proj/zefflab/projects/Flooding/Data/harris_county/catalogs/static/harris_county/bathy/README_HYDROMT_DATA_CATALOGS.md
/proj/zefflab/projects/Flooding/pipeline/web_launcher/_audit_reports/hydromt_yaml_state_audit_20260612_183544.txt,84,OLD_PROJ_DATA_ROOT,LIKELY_DOC_OR_LINK,/proj/zefflab/projects/Flooding/Data/harris_county/catalogs/events_reduced/harvey_2017_full/event_wind/README_HYDROMT_DATA_CATALOGS.md,/users/e/p/epsilon/Data/Data/harris_county/catalogs/events_reduced/harvey_2017_full/event_wind/README_HYDROMT_DATA_CATALOGS.md,False,,- /proj/zefflab/projects/Flooding/Data/harris_county/catalogs/static/harris_county/bathy/README_HYDROMT_DATA_CATALOGS.md
/proj/zefflab/projects/Flooding/pipeline/web_launcher/_audit_reports/hydromt_yaml_state_audit_20260612_183544.txt,84,OLD_PROJ_DATA_ROOT,LIKELY_DOC_OR_LINK,/proj/zefflab/projects/Flooding/Data/harris_county/catalogs/events_reduced/imelda_2019/event_wind/README_HYDROMT_DATA_CATALOGS.md,/users/e/p/epsilon/Data/Data/harris_county/catalogs/events_reduced/imelda_2019/event_wind/README_HYDROMT_DATA_CATALOGS.md,False,,- /proj/zefflab/projects/Flooding/Data/harris_county/catalogs/static/harris_county/bathy/README_HYDROMT_DATA_CATALOGS.md
/proj/zefflab/projects/Flooding/pipeline/web_launcher/_audit_reports/hydromt_yaml_state_audit_20260612_183544.txt,84,OLD_PROJ_DATA_ROOT,LIKELY_DOC_OR_LINK,/proj/zefflab/projects/Flooding/Data/harris_county/catalogs/static/harris_county/bathy/README_HYDROMT_DATA_CATALOGS.md,/users/e/p/epsilon/Data/Data/harris_county/catalogs/static/harris_county/bathy/README_HYDROMT_DATA_CATALOGS.md,False,,- /proj/zefflab/projects/Flooding/Data/harris_county/catalogs/static/harris_county/bathy/README_HYDROMT_DATA_CATALOGS.md
/proj/zefflab/projects/Flooding/pipeline/web_launcher/_audit_reports/hydromt_yaml_state_audit_20260612_183544.txt,84,OLD_PROJ_DATA_ROOT,LIKELY_DOC_OR_LINK,/proj/zefflab/projects/Flooding/Data/harris_county/catalogs/static/harris_county/boundary_points_static/README_HYDROMT_DATA_CATALOGS.md,/users/e/p/epsilon/Data/Data/harris_county/catalogs/static/harris_county/boundary_points_static/README_HYDROMT_DATA_CATALOGS.md,False,,- /proj/zefflab/projects/Flooding/Data/harris_county/catalogs/static/harris_county/bathy/README_HYDROMT_DATA_CATALOGS.md
/proj/zefflab/projects/Flooding/pipeline/web_launcher/_audit_reports/hydromt_yaml_state_audit_20260612_183544.txt,84,OLD_PROJ_DATA_ROOT,LIKELY_DOC_OR_LINK,/proj/zefflab/projects/Flooding/Data/harris_county/catalogs/static/harris_county/curve_number/README_HYDROMT_DATA_CATALOGS.md,/users/e/p/epsilon/Data/Data/harris_county/catalogs/static/harris_county/curve_number/README_HYDROMT_DATA_CATALOGS.md,False,,- /proj/zefflab/projects/Flooding/Data/harris_county/catalogs/static/harris_county/bathy/README_HYDROMT_DATA_CATALOGS.md
/proj/zefflab/projects/Flooding/pipeline/web_launcher/_audit_reports/hydromt_yaml_state_audit_20260612_183544.txt,84,OLD_PROJ_DATA_ROOT,LIKELY_DOC_OR_LINK,/proj/zefflab/projects/Flooding/Data/harris_county/catalogs/static/harris_county/static_metadata/hydromt_data.yml,/users/e/p/epsilon/Data/Data/harris_county/catalogs/static/harris_county/static_metadata/hydromt_data.yml,False,,- /proj/zefflab/projects/Flooding/Data/harris_county/catalogs/static/harris_county/bathy/README_HYDROMT_DATA_CATALOGS.md
/proj/zefflab/projects/Flooding/pipeline/web_launcher/_audit_reports/hydromt_yaml_state_audit_20260612_183544.txt,85,OLD_PROJ_DATA_ROOT,LIKELY_DOC_OR_LINK,/proj/zefflab/projects/Flooding/Data/harris_county/catalogs/_yaml_backups/hydromt_yaml_backup_20260612_181807/event_hydromt_data_old.yml,/users/e/p/epsilon/Data/Data/harris_county/catalogs/_yaml_backups/hydromt_yaml_backup_20260612_181807/event_hydromt_data_old.yml,False,,- /proj/zefflab/projects/Flooding/Data/harris_county/catalogs/static/harris_county/boundary_points_static/README_HYDROMT_DATA_CATALOGS.md
/proj/zefflab/projects/Flooding/pipeline/web_launcher/_audit_reports/hydromt_yaml_state_audit_20260612_183544.txt,85,OLD_PROJ_DATA_ROOT,LIKELY_DOC_OR_LINK,/proj/zefflab/projects/Flooding/Data/harris_county/catalogs/_yaml_backups/hydromt_yaml_backup_20260612_181807/static_hydromt_data_old.yml,/users/e/p/epsilon/Data/Data/harris_county/catalogs/_yaml_backups/hydromt_yaml_backup_20260612_181807/static_hydromt_data_old.yml,False,,- /proj/zefflab/projects/Flooding/Data/harris_county/catalogs/static/harris_county/boundary_points_static/README_HYDROMT_DATA_CATALOGS.md
/proj/zefflab/projects/Flooding/pipeline/web_launcher/_audit_reports/hydromt_yaml_state_audit_20260612_183544.txt,85,OLD_PROJ_DATA_ROOT,LIKELY_DOC_OR_LINK,/proj/zefflab/projects/Flooding/Data/harris_county/catalogs/events/harvey_2017_mrms/event_metadata/hydromt_data.yml,/users/e/p/epsilon/Data/Data/harris_county/catalogs/events/harvey_2017_mrms/event_metadata/hydromt_data.yml,False,,- /proj/zefflab/projects/Flooding/Data/harris_county/catalogs/static/harris_county/boundary_points_static/README_HYDROMT_DATA_CATALOGS.md
/proj/zefflab/projects/Flooding/pipeline/web_launcher/_audit_reports/hydromt_yaml_state_audit_20260612_183544.txt,85,OLD_PROJ_DATA_ROOT,LIKELY_DOC_OR_LINK,/proj/zefflab/projects/Flooding/Data/harris_county/catalogs/events/harvey_2017_ppe/restarts/README_HYDROMT_DATA_CATALOGS.md,/users/e/p/epsilon/Data/Data/harris_county/catalogs/events/harvey_2017_ppe/restarts/README_HYDROMT_DATA_CATALOGS.md,False,,- /proj/zefflab/projects/Flooding/Data/harris_county/catalogs/static/harris_county/boundary_points_static/README_HYDROMT_DATA_CATALOGS.md
/proj/zefflab/projects/Flooding/pipeline/web_launcher/_audit_reports/hydromt_yaml_state_audit_20260612_183544.txt,85,OLD_PROJ_DATA_ROOT,LIKELY_DOC_OR_LINK,/proj/zefflab/projects/Flooding/Data/harris_county/catalogs/events/imelda_2019/event_wind/README_HYDROMT_DATA_CATALOGS.md,/users/e/p/epsilon/Data/Data/harris_county/catalogs/events/imelda_2019/event_wind/README_HYDROMT_DATA_CATALOGS.md,False,,- /proj/zefflab/projects/Flooding/Data/harris_county/catalogs/static/harris_county/boundary_points_static/README_HYDROMT_DATA_CATALOGS.md
/proj/zefflab/projects/Flooding/pipeline/web_launcher/_audit_reports/hydromt_yaml_state_audit_20260612_183544.txt,85,OLD_PROJ_DATA_ROOT,LIKELY_DOC_OR_LINK,/proj/zefflab/projects/Flooding/Data/harris_county/catalogs/events_reduced/beryl_2024/event_pressure/README_HYDROMT_DATA_CATALOGS.md,/users/e/p/epsilon/Data/Data/harris_county/catalogs/events_reduced/beryl_2024/event_pressure/README_HYDROMT_DATA_CATALOGS.md,False,,- /proj/zefflab/projects/Flooding/Data/harris_county/catalogs/static/harris_county/boundary_points_static/README_HYDROMT_DATA_CATALOGS.md
/proj/zefflab/projects/Flooding/pipeline/web_launcher/_audit_reports/hydromt_yaml_state_audit_20260612_183544.txt,85,OLD_PROJ_DATA_ROOT,LIKELY_DOC_OR_LINK,/proj/zefflab/projects/Flooding/Data/harris_county/catalogs/events_reduced/beryl_2024/event_wind/README_HYDROMT_DATA_CATALOGS.md,/users/e/p/epsilon/Data/Data/harris_county/catalogs/events_reduced/beryl_2024/event_wind/README_HYDROMT_DATA_CATALOGS.md,False,,- /proj/zefflab/projects/Flooding/Data/harris_county/catalogs/static/harris_county/boundary_points_static/README_HYDROMT_DATA_CATALOGS.md
/proj/zefflab/projects/Flooding/pipeline/web_launcher/_audit_reports/hydromt_yaml_state_audit_20260612_183544.txt,85,OLD_PROJ_DATA_ROOT,LIKELY_DOC_OR_LINK,/proj/zefflab/projects/Flooding/Data/harris_county/catalogs/events_reduced/harvey_2017/event_wind/README_HYDROMT_DATA_CATALOGS.md,/users/e/p/epsilon/Data/Data/harris_county/catalogs/events_reduced/harvey_2017/event_wind/README_HYDROMT_DATA_CATALOGS.md,False,,- /proj/zefflab/projects/Flooding/Data/harris_county/catalogs/static/harris_county/boundary_points_static/README_HYDROMT_DATA_CATALOGS.md
/proj/zefflab/projects/Flooding/pipeline/web_launcher/_audit_reports/hydromt_yaml_state_audit_20260612_183544.txt,85,OLD_PROJ_DATA_ROOT,LIKELY_DOC_OR_LINK,/proj/zefflab/projects/Flooding/Data/harris_county/catalogs/events_reduced/harvey_2017_full/event_wind/README_HYDROMT_DATA_CATALOGS.md,/users/e/p/epsilon/Data/Data/harris_county/catalogs/events_reduced/harvey_2017_full/event_wind/README_HYDROMT_DATA_CATALOGS.md,False,,- /proj/zefflab/projects/Flooding/Data/harris_county/catalogs/static/harris_county/boundary_points_static/README_HYDROMT_DATA_CATALOGS.md
/proj/zefflab/projects/Flooding/pipeline/web_launcher/_audit_reports/hydromt_yaml_state_audit_20260612_183544.txt,85,OLD_PROJ_DATA_ROOT,LIKELY_DOC_OR_LINK,/proj/zefflab/projects/Flooding/Data/harris_county/catalogs/events_reduced/imelda_2019/event_wind/README_HYDROMT_DATA_CATALOGS.md,/users/e/p/epsilon/Data/Data/harris_county/catalogs/events_reduced/imelda_2019/event_wind/README_HYDROMT_DATA_CATALOGS.md,False,,- /proj/zefflab/projects/Flooding/Data/harris_county/catalogs/static/harris_county/boundary_points_static/README_HYDROMT_DATA_CATALOGS.md
/proj/zefflab/projects/Flooding/pipeline/web_launcher/_audit_reports/hydromt_yaml_state_audit_20260612_183544.txt,85,OLD_PROJ_DATA_ROOT,LIKELY_DOC_OR_LINK,/proj/zefflab/projects/Flooding/Data/harris_county/catalogs/static/harris_county/bathy/README_HYDROMT_DATA_CATALOGS.md,/users/e/p/epsilon/Data/Data/harris_county/catalogs/static/harris_county/bathy/README_HYDROMT_DATA_CATALOGS.md,False,,- /proj/zefflab/projects/Flooding/Data/harris_county/catalogs/static/harris_county/boundary_points_static/README_HYDROMT_DATA_CATALOGS.md
/proj/zefflab/projects/Flooding/pipeline/web_launcher/_audit_reports/hydromt_yaml_state_audit_20260612_183544.txt,85,OLD_PROJ_DATA_ROOT,LIKELY_DOC_OR_LINK,/proj/zefflab/projects/Flooding/Data/harris_county/catalogs/static/harris_county/boundary_points_static/README_HYDROMT_DATA_CATALOGS.md,/users/e/p/epsilon/Data/Data/harris_county/catalogs/static/harris_county/boundary_points_static/README_HYDROMT_DATA_CATALOGS.md,False,,- /proj/zefflab/projects/Flooding/Data/harris_county/catalogs/static/harris_county/boundary_points_static/README_HYDROMT_DATA_CATALOGS.md
/proj/zefflab/projects/Flooding/pipeline/web_launcher/_audit_reports/hydromt_yaml_state_audit_20260612_183544.txt,85,OLD_PROJ_DATA_ROOT,LIKELY_DOC_OR_LINK,/proj/zefflab/projects/Flooding/Data/harris_county/catalogs/static/harris_county/curve_number/README_HYDROMT_DATA_CATALOGS.md,/users/e/p/epsilon/Data/Data/harris_county/catalogs/static/harris_county/curve_number/README_HYDROMT_DATA_CATALOGS.md,False,,- /proj/zefflab/projects/Flooding/Data/harris_county/catalogs/static/harris_county/boundary_points_static/README_HYDROMT_DATA_CATALOGS.md
/proj/zefflab/projects/Flooding/pipeline/web_launcher/_audit_reports/hydromt_yaml_state_audit_20260612_183544.txt,85,OLD_PROJ_DATA_ROOT,LIKELY_DOC_OR_LINK,/proj/zefflab/projects/Flooding/Data/harris_county/catalogs/static/harris_county/static_metadata/hydromt_data.yml,/users/e/p/epsilon/Data/Data/harris_county/catalogs/static/harris_county/static_metadata/hydromt_data.yml,False,,- /proj/zefflab/projects/Flooding/Data/harris_county/catalogs/static/harris_county/boundary_points_static/README_HYDROMT_DATA_CATALOGS.md
/proj/zefflab/projects/Flooding/pipeline/web_launcher/_audit_reports/hydromt_yaml_state_audit_20260612_183544.txt,86,OLD_PROJ_DATA_ROOT,LIKELY_DOC_OR_LINK,/proj/zefflab/projects/Flooding/Data/harris_county/catalogs/_yaml_backups/hydromt_yaml_backup_20260612_181807/event_hydromt_data_old.yml,/users/e/p/epsilon/Data/Data/harris_county/catalogs/_yaml_backups/hydromt_yaml_backup_20260612_181807/event_hydromt_data_old.yml,False,,- /proj/zefflab/projects/Flooding/Data/harris_county/catalogs/static/harris_county/curve_number/README_HYDROMT_DATA_CATALOGS.md
/proj/zefflab/projects/Flooding/pipeline/web_launcher/_audit_reports/hydromt_yaml_state_audit_20260612_183544.txt,86,OLD_PROJ_DATA_ROOT,LIKELY_DOC_OR_LINK,/proj/zefflab/projects/Flooding/Data/harris_county/catalogs/_yaml_backups/hydromt_yaml_backup_20260612_181807/static_hydromt_data_old.yml,/users/e/p/epsilon/Data/Data/harris_county/catalogs/_yaml_backups/hydromt_yaml_backup_20260612_181807/static_hydromt_data_old.yml,False,,- /proj/zefflab/projects/Flooding/Data/harris_county/catalogs/static/harris_county/curve_number/README_HYDROMT_DATA_CATALOGS.md
/proj/zefflab/projects/Flooding/pipeline/web_launcher/_audit_reports/hydromt_yaml_state_audit_20260612_183544.txt,86,OLD_PROJ_DATA_ROOT,LIKELY_DOC_OR_LINK,/proj/zefflab/projects/Flooding/Data/harris_county/catalogs/events/harvey_2017_mrms/event_metadata/hydromt_data.yml,/users/e/p/epsilon/Data/Data/harris_county/catalogs/events/harvey_2017_mrms/event_metadata/hydromt_data.yml,False,,- /proj/zefflab/projects/Flooding/Data/harris_county/catalogs/static/harris_county/curve_number/README_HYDROMT_DATA_CATALOGS.md
/proj/zefflab/projects/Flooding/pipeline/web_launcher/_audit_reports/hydromt_yaml_state_audit_20260612_183544.txt,86,OLD_PROJ_DATA_ROOT,LIKELY_DOC_OR_LINK,/proj/zefflab/projects/Flooding/Data/harris_county/catalogs/events/imelda_2019/event_wind/README_HYDROMT_DATA_CATALOGS.md,/users/e/p/epsilon/Data/Data/harris_county/catalogs/events/imelda_2019/event_wind/README_HYDROMT_DATA_CATALOGS.md,False,,- /proj/zefflab/projects/Flooding/Data/harris_county/catalogs/static/harris_county/curve_number/README_HYDROMT_DATA_CATALOGS.md
/proj/zefflab/projects/Flooding/pipeline/web_launcher/_audit_reports/hydromt_yaml_state_audit_20260612_183544.txt,86,OLD_PROJ_DATA_ROOT,LIKELY_DOC_OR_LINK,/proj/zefflab/projects/Flooding/Data/harris_county/catalogs/events_reduced/beryl_2024/event_pressure/README_HYDROMT_DATA_CATALOGS.md,/users/e/p/epsilon/Data/Data/harris_county/catalogs/events_reduced/beryl_2024/event_pressure/README_HYDROMT_DATA_CATALOGS.md,False,,- /proj/zefflab/projects/Flooding/Data/harris_county/catalogs/static/harris_county/curve_number/README_HYDROMT_DATA_CATALOGS.md
/proj/zefflab/projects/Flooding/pipeline/web_launcher/_audit_reports/hydromt_yaml_state_audit_20260612_183544.txt,86,OLD_PROJ_DATA_ROOT,LIKELY_DOC_OR_LINK,/proj/zefflab/projects/Flooding/Data/harris_county/catalogs/events_reduced/beryl_2024/event_wind/README_HYDROMT_DATA_CATALOGS.md,/users/e/p/epsilon/Data/Data/harris_county/catalogs/events_reduced/beryl_2024/event_wind/README_HYDROMT_DATA_CATALOGS.md,False,,- /proj/zefflab/projects/Flooding/Data/harris_county/catalogs/static/harris_county/curve_number/README_HYDROMT_DATA_CATALOGS.md
/proj/zefflab/projects/Flooding/pipeline/web_launcher/_audit_reports/hydromt_yaml_state_audit_20260612_183544.txt,86,OLD_PROJ_DATA_ROOT,LIKELY_DOC_OR_LINK,/proj/zefflab/projects/Flooding/Data/harris_county/catalogs/events_reduced/harvey_2017/event_wind/README_HYDROMT_DATA_CATALOGS.md,/users/e/p/epsilon/Data/Data/harris_county/catalogs/events_reduced/harvey_2017/event_wind/README_HYDROMT_DATA_CATALOGS.md,False,,- /proj/zefflab/projects/Flooding/Data/harris_county/catalogs/static/harris_county/curve_number/README_HYDROMT_DATA_CATALOGS.md
/proj/zefflab/projects/Flooding/pipeline/web_launcher/_audit_reports/hydromt_yaml_state_audit_20260612_183544.txt,86,OLD_PROJ_DATA_ROOT,LIKELY_DOC_OR_LINK,/proj/zefflab/projects/Flooding/Data/harris_county/catalogs/events_reduced/harvey_2017_full/event_wind/README_HYDROMT_DATA_CATALOGS.md,/users/e/p/epsilon/Data/Data/harris_county/catalogs/events_reduced/harvey_2017_full/event_wind/README_HYDROMT_DATA_CATALOGS.md,False,,- /proj/zefflab/projects/Flooding/Data/harris_county/catalogs/static/harris_county/curve_number/README_HYDROMT_DATA_CATALOGS.md
/proj/zefflab/projects/Flooding/pipeline/web_launcher/_audit_reports/hydromt_yaml_state_audit_20260612_183544.txt,86,OLD_PROJ_DATA_ROOT,LIKELY_DOC_OR_LINK,/proj/zefflab/projects/Flooding/Data/harris_county/catalogs/events_reduced/imelda_2019/event_wind/README_HYDROMT_DATA_CATALOGS.md,/users/e/p/epsilon/Data/Data/harris_county/catalogs/events_reduced/imelda_2019/event_wind/README_HYDROMT_DATA_CATALOGS.md,False,,- /proj/zefflab/projects/Flooding/Data/harris_county/catalogs/static/harris_county/curve_number/README_HYDROMT_DATA_CATALOGS.md
/proj/zefflab/projects/Flooding/pipeline/web_launcher/_audit_reports/hydromt_yaml_state_audit_20260612_183544.txt,86,OLD_PROJ_DATA_ROOT,LIKELY_DOC_OR_LINK,/proj/zefflab/projects/Flooding/Data/harris_county/catalogs/static/harris_county/bathy/README_HYDROMT_DATA_CATALOGS.md,/users/e/p/epsilon/Data/Data/harris_county/catalogs/static/harris_county/bathy/README_HYDROMT_DATA_CATALOGS.md,False,,- /proj/zefflab/projects/Flooding/Data/harris_county/catalogs/static/harris_county/curve_number/README_HYDROMT_DATA_CATALOGS.md
/proj/zefflab/projects/Flooding/pipeline/web_launcher/_audit_reports/hydromt_yaml_state_audit_20260612_183544.txt,86,OLD_PROJ_DATA_ROOT,LIKELY_DOC_OR_LINK,/proj/zefflab/projects/Flooding/Data/harris_county/catalogs/static/harris_county/boundary_points_static/README_HYDROMT_DATA_CATALOGS.md,/users/e/p/epsilon/Data/Data/harris_county/catalogs/static/harris_county/boundary_points_static/README_HYDROMT_DATA_CATALOGS.md,False,,- /proj/zefflab/projects/Flooding/Data/harris_county/catalogs/static/harris_county/curve_number/README_HYDROMT_DATA_CATALOGS.md
/proj/zefflab/projects/Flooding/pipeline/web_launcher/_audit_reports/hydromt_yaml_state_audit_20260612_183544.txt,86,OLD_PROJ_DATA_ROOT,LIKELY_DOC_OR_LINK,/proj/zefflab/projects/Flooding/Data/harris_county/catalogs/static/harris_county/curve_number/README_HYDROMT_DATA_CATALOGS.md,/users/e/p/epsilon/Data/Data/harris_county/catalogs/static/harris_county/curve_number/README_HYDROMT_DATA_CATALOGS.md,False,,- /proj/zefflab/projects/Flooding/Data/harris_county/catalogs/static/harris_county/curve_number/README_HYDROMT_DATA_CATALOGS.md
/proj/zefflab/projects/Flooding/pipeline/web_launcher/_audit_reports/hydromt_yaml_state_audit_20260612_183544.txt,86,OLD_PROJ_DATA_ROOT,LIKELY_DOC_OR_LINK,/proj/zefflab/projects/Flooding/Data/harris_county/catalogs/static/harris_county/static_metadata/hydromt_data.yml,/users/e/p/epsilon/Data/Data/harris_county/catalogs/static/harris_county/static_metadata/hydromt_data.yml,False,,- /proj/zefflab/projects/Flooding/Data/harris_county/catalogs/static/harris_county/curve_number/README_HYDROMT_DATA_CATALOGS.md
/proj/zefflab/projects/Flooding/pipeline/web_launcher/_audit_reports/hydromt_yaml_state_audit_20260612_183544.txt,88,OLD_PROJ_DATA_ROOT,LIKELY_DOC_OR_LINK,/proj/zefflab/projects/Flooding/Data/harris_county/catalogs/_yaml_backups/hydromt_yaml_backup_20260612_181807/event_hydromt_data_old.yml,/users/e/p/epsilon/Data/Data/harris_county/catalogs/_yaml_backups/hydromt_yaml_backup_20260612_181807/event_hydromt_data_old.yml,False,,- /proj/zefflab/projects/Flooding/Data/harris_county/catalogs/_yaml_backups/hydromt_yaml_backup_20260612_181807/event_hydromt_data_old.yml
/proj/zefflab/projects/Flooding/pipeline/web_launcher/_audit_reports/hydromt_yaml_state_audit_20260612_183544.txt,88,OLD_PROJ_DATA_ROOT,LIKELY_DOC_OR_LINK,/proj/zefflab/projects/Flooding/Data/harris_county/catalogs/_yaml_backups/hydromt_yaml_backup_20260612_181807/static_hydromt_data_old.yml,/users/e/p/epsilon/Data/Data/harris_county/catalogs/_yaml_backups/hydromt_yaml_backup_20260612_181807/static_hydromt_data_old.yml,False,,- /proj/zefflab/projects/Flooding/Data/harris_county/catalogs/_yaml_backups/hydromt_yaml_backup_20260612_181807/event_hydromt_data_old.yml
/proj/zefflab/projects/Flooding/pipeline/web_launcher/_audit_reports/hydromt_yaml_state_audit_20260612_183544.txt,88,OLD_PROJ_DATA_ROOT,LIKELY_DOC_OR_LINK,/proj/zefflab/projects/Flooding/Data/harris_county/catalogs/events/harvey_2017_mrms/event_metadata/hydromt_data.yml,/users/e/p/epsilon/Data/Data/harris_county/catalogs/events/harvey_2017_mrms/event_metadata/hydromt_data.yml,False,,- /proj/zefflab/projects/Flooding/Data/harris_county/catalogs/_yaml_backups/hydromt_yaml_backup_20260612_181807/event_hydromt_data_old.yml
/proj/zefflab/projects/Flooding/pipeline/web_launcher/_audit_reports/hydromt_yaml_state_audit_20260612_183544.txt,88,OLD_PROJ_DATA_ROOT,LIKELY_DOC_OR_LINK,/proj/zefflab/projects/Flooding/Data/harris_county/catalogs/events_reduced/beryl_2024/event_wind/README_HYDROMT_DATA_CATALOGS.md,/users/e/p/epsilon/Data/Data/harris_county/catalogs/events_reduced/beryl_2024/event_wind/README_HYDROMT_DATA_CATALOGS.md,False,,- /proj/zefflab/projects/Flooding/Data/harris_county/catalogs/_yaml_backups/hydromt_yaml_backup_20260612_181807/event_hydromt_data_old.yml
/proj/zefflab/projects/Flooding/pipeline/web_launcher/_audit_reports/hydromt_yaml_state_audit_20260612_183544.txt,88,OLD_PROJ_DATA_ROOT,LIKELY_DOC_OR_LINK,/proj/zefflab/projects/Flooding/Data/harris_county/catalogs/events_reduced/harvey_2017/event_wind/README_HYDROMT_DATA_CATALOGS.md,/users/e/p/epsilon/Data/Data/harris_county/catalogs/events_reduced/harvey_2017/event_wind/README_HYDROMT_DATA_CATALOGS.md,False,,- /proj/zefflab/projects/Flooding/Data/harris_county/catalogs/_yaml_backups/hydromt_yaml_backup_20260612_181807/event_hydromt_data_old.yml
/proj/zefflab/projects/Flooding/pipeline/web_launcher/_audit_reports/hydromt_yaml_state_audit_20260612_183544.txt,88,OLD_PROJ_DATA_ROOT,LIKELY_DOC_OR_LINK,/proj/zefflab/projects/Flooding/Data/harris_county/catalogs/events_reduced/harvey_2017_full/event_wind/README_HYDROMT_DATA_CATALOGS.md,/users/e/p/epsilon/Data/Data/harris_county/catalogs/events_reduced/harvey_2017_full/event_wind/README_HYDROMT_DATA_CATALOGS.md,False,,- /proj/zefflab/projects/Flooding/Data/harris_county/catalogs/_yaml_backups/hydromt_yaml_backup_20260612_181807/event_hydromt_data_old.yml
/proj/zefflab/projects/Flooding/pipeline/web_launcher/_audit_reports/hydromt_yaml_state_audit_20260612_183544.txt,88,OLD_PROJ_DATA_ROOT,LIKELY_DOC_OR_LINK,/proj/zefflab/projects/Flooding/Data/harris_county/catalogs/events_reduced/imelda_2019/event_wind/README_HYDROMT_DATA_CATALOGS.md,/users/e/p/epsilon/Data/Data/harris_county/catalogs/events_reduced/imelda_2019/event_wind/README_HYDROMT_DATA_CATALOGS.md,False,,- /proj/zefflab/projects/Flooding/Data/harris_county/catalogs/_yaml_backups/hydromt_yaml_backup_20260612_181807/event_hydromt_data_old.yml
/proj/zefflab/projects/Flooding/pipeline/web_launcher/_audit_reports/hydromt_yaml_state_audit_20260612_183544.txt,88,OLD_PROJ_DATA_ROOT,LIKELY_DOC_OR_LINK,/proj/zefflab/projects/Flooding/Data/harris_county/catalogs/static/harris_county/bathy/README_HYDROMT_DATA_CATALOGS.md,/users/e/p/epsilon/Data/Data/harris_county/catalogs/static/harris_county/bathy/README_HYDROMT_DATA_CATALOGS.md,False,,- /proj/zefflab/projects/Flooding/Data/harris_county/catalogs/_yaml_backups/hydromt_yaml_backup_20260612_181807/event_hydromt_data_old.yml
/proj/zefflab/projects/Flooding/pipeline/web_launcher/_audit_reports/hydromt_yaml_state_audit_20260612_183544.txt,88,OLD_PROJ_DATA_ROOT,LIKELY_DOC_OR_LINK,/proj/zefflab/projects/Flooding/Data/harris_county/catalogs/static/harris_county/boundary_points_static/README_HYDROMT_DATA_CATALOGS.md,/users/e/p/epsilon/Data/Data/harris_county/catalogs/static/harris_county/boundary_points_static/README_HYDROMT_DATA_CATALOGS.md,False,,- /proj/zefflab/projects/Flooding/Data/harris_county/catalogs/_yaml_backups/hydromt_yaml_backup_20260612_181807/event_hydromt_data_old.yml
/proj/zefflab/projects/Flooding/pipeline/web_launcher/_audit_reports/hydromt_yaml_state_audit_20260612_183544.txt,88,OLD_PROJ_DATA_ROOT,LIKELY_DOC_OR_LINK,/proj/zefflab/projects/Flooding/Data/harris_county/catalogs/static/harris_county/curve_number/README_HYDROMT_DATA_CATALOGS.md,/users/e/p/epsilon/Data/Data/harris_county/catalogs/static/harris_county/curve_number/README_HYDROMT_DATA_CATALOGS.md,False,,- /proj/zefflab/projects/Flooding/Data/harris_county/catalogs/_yaml_backups/hydromt_yaml_backup_20260612_181807/event_hydromt_data_old.yml
/proj/zefflab/projects/Flooding/pipeline/web_launcher/_audit_reports/hydromt_yaml_state_audit_20260612_183544.txt,88,OLD_PROJ_DATA_ROOT,LIKELY_DOC_OR_LINK,/proj/zefflab/projects/Flooding/Data/harris_county/catalogs/static/harris_county/static_metadata/hydromt_data.yml,/users/e/p/epsilon/Data/Data/harris_county/catalogs/static/harris_county/static_metadata/hydromt_data.yml,False,,- /proj/zefflab/projects/Flooding/Data/harris_county/catalogs/_yaml_backups/hydromt_yaml_backup_20260612_181807/event_hydromt_data_old.yml
/proj/zefflab/projects/Flooding/pipeline/web_launcher/_audit_reports/hydromt_yaml_state_audit_20260612_183544.txt,89,OLD_PROJ_DATA_ROOT,LIKELY_DOC_OR_LINK,/proj/zefflab/projects/Flooding/Data/harris_county/catalogs/_yaml_backups/hydromt_yaml_backup_20260612_181807/event_hydromt_data_old.yml,/users/e/p/epsilon/Data/Data/harris_county/catalogs/_yaml_backups/hydromt_yaml_backup_20260612_181807/event_hydromt_data_old.yml,False,,- /proj/zefflab/projects/Flooding/Data/harris_county/catalogs/_yaml_backups/hydromt_yaml_backup_20260612_181807/static_hydromt_data_old.yml
/proj/zefflab/projects/Flooding/pipeline/web_launcher/_audit_reports/hydromt_yaml_state_audit_20260612_183544.txt,89,OLD_PROJ_DATA_ROOT,LIKELY_DOC_OR_LINK,/proj/zefflab/projects/Flooding/Data/harris_county/catalogs/_yaml_backups/hydromt_yaml_backup_20260612_181807/static_hydromt_data_old.yml,/users/e/p/epsilon/Data/Data/harris_county/catalogs/_yaml_backups/hydromt_yaml_backup_20260612_181807/static_hydromt_data_old.yml,False,,- /proj/zefflab/projects/Flooding/Data/harris_county/catalogs/_yaml_backups/hydromt_yaml_backup_20260612_181807/static_hydromt_data_old.yml
/proj/zefflab/projects/Flooding/pipeline/web_launcher/_audit_reports/hydromt_yaml_state_audit_20260612_183544.txt,89,OLD_PROJ_DATA_ROOT,LIKELY_DOC_OR_LINK,/proj/zefflab/projects/Flooding/Data/harris_county/catalogs/events/harvey_2017_mrms/event_metadata/hydromt_data.yml,/users/e/p/epsilon/Data/Data/harris_county/catalogs/events/harvey_2017_mrms/event_metadata/hydromt_data.yml,False,,- /proj/zefflab/projects/Flooding/Data/harris_county/catalogs/_yaml_backups/hydromt_yaml_backup_20260612_181807/static_hydromt_data_old.yml
/proj/zefflab/projects/Flooding/pipeline/web_launcher/_audit_reports/hydromt_yaml_state_audit_20260612_183544.txt,89,OLD_PROJ_DATA_ROOT,LIKELY_DOC_OR_LINK,/proj/zefflab/projects/Flooding/Data/harris_county/catalogs/events_reduced/harvey_2017/event_wind/README_HYDROMT_DATA_CATALOGS.md,/users/e/p/epsilon/Data/Data/harris_county/catalogs/events_reduced/harvey_2017/event_wind/README_HYDROMT_DATA_CATALOGS.md,False,,- /proj/zefflab/projects/Flooding/Data/harris_county/catalogs/_yaml_backups/hydromt_yaml_backup_20260612_181807/static_hydromt_data_old.yml
/proj/zefflab/projects/Flooding/pipeline/web_launcher/_audit_reports/hydromt_yaml_state_audit_20260612_183544.txt,89,OLD_PROJ_DATA_ROOT,LIKELY_DOC_OR_LINK,/proj/zefflab/projects/Flooding/Data/harris_county/catalogs/events_reduced/harvey_2017_full/event_wind/README_HYDROMT_DATA_CATALOGS.md,/users/e/p/epsilon/Data/Data/harris_county/catalogs/events_reduced/harvey_2017_full/event_wind/README_HYDROMT_DATA_CATALOGS.md,False,,- /proj/zefflab/projects/Flooding/Data/harris_county/catalogs/_yaml_backups/hydromt_yaml_backup_20260612_181807/static_hydromt_data_old.yml
/proj/zefflab/projects/Flooding/pipeline/web_launcher/_audit_reports/hydromt_yaml_state_audit_20260612_183544.txt,89,OLD_PROJ_DATA_ROOT,LIKELY_DOC_OR_LINK,/proj/zefflab/projects/Flooding/Data/harris_county/catalogs/events_reduced/imelda_2019/event_wind/README_HYDROMT_DATA_CATALOGS.md,/users/e/p/epsilon/Data/Data/harris_county/catalogs/events_reduced/imelda_2019/event_wind/README_HYDROMT_DATA_CATALOGS.md,False,,- /proj/zefflab/projects/Flooding/Data/harris_county/catalogs/_yaml_backups/hydromt_yaml_backup_20260612_181807/static_hydromt_data_old.yml
/proj/zefflab/projects/Flooding/pipeline/web_launcher/_audit_reports/hydromt_yaml_state_audit_20260612_183544.txt,89,OLD_PROJ_DATA_ROOT,LIKELY_DOC_OR_LINK,/proj/zefflab/projects/Flooding/Data/harris_county/catalogs/static/harris_county/bathy/README_HYDROMT_DATA_CATALOGS.md,/users/e/p/epsilon/Data/Data/harris_county/catalogs/static/harris_county/bathy/README_HYDROMT_DATA_CATALOGS.md,False,,- /proj/zefflab/projects/Flooding/Data/harris_county/catalogs/_yaml_backups/hydromt_yaml_backup_20260612_181807/static_hydromt_data_old.yml
/proj/zefflab/projects/Flooding/pipeline/web_launcher/_audit_reports/hydromt_yaml_state_audit_20260612_183544.txt,89,OLD_PROJ_DATA_ROOT,LIKELY_DOC_OR_LINK,/proj/zefflab/projects/Flooding/Data/harris_county/catalogs/static/harris_county/boundary_points_static/README_HYDROMT_DATA_CATALOGS.md,/users/e/p/epsilon/Data/Data/harris_county/catalogs/static/harris_county/boundary_points_static/README_HYDROMT_DATA_CATALOGS.md,False,,- /proj/zefflab/projects/Flooding/Data/harris_county/catalogs/_yaml_backups/hydromt_yaml_backup_20260612_181807/static_hydromt_data_old.yml
/proj/zefflab/projects/Flooding/pipeline/web_launcher/_audit_reports/hydromt_yaml_state_audit_20260612_183544.txt,89,OLD_PROJ_DATA_ROOT,LIKELY_DOC_OR_LINK,/proj/zefflab/projects/Flooding/Data/harris_county/catalogs/static/harris_county/curve_number/README_HYDROMT_DATA_CATALOGS.md,/users/e/p/epsilon/Data/Data/harris_county/catalogs/static/harris_county/curve_number/README_HYDROMT_DATA_CATALOGS.md,False,,- /proj/zefflab/projects/Flooding/Data/harris_county/catalogs/_yaml_backups/hydromt_yaml_backup_20260612_181807/static_hydromt_data_old.yml
/proj/zefflab/projects/Flooding/pipeline/web_launcher/_audit_reports/hydromt_yaml_state_audit_20260612_183544.txt,89,OLD_PROJ_DATA_ROOT,LIKELY_DOC_OR_LINK,/proj/zefflab/projects/Flooding/Data/harris_county/catalogs/static/harris_county/static_metadata/hydromt_data.yml,/users/e/p/epsilon/Data/Data/harris_county/catalogs/static/harris_county/static_metadata/hydromt_data.yml,False,,- /proj/zefflab/projects/Flooding/Data/harris_county/catalogs/_yaml_backups/hydromt_yaml_backup_20260612_181807/static_hydromt_data_old.yml
/proj/zefflab/projects/Flooding/pipeline/web_launcher/_audit_reports/hydromt_yaml_state_audit_20260612_183544.txt,90,OLD_PROJ_DATA_ROOT,LIKELY_DOC_OR_LINK,/proj/zefflab/projects/Flooding/Data/harris_county/catalogs/_yaml_backups/hydromt_yaml_backup_20260612_181807/event_hydromt_data_old.yml,/users/e/p/epsilon/Data/Data/harris_county/catalogs/_yaml_backups/hydromt_yaml_backup_20260612_181807/event_hydromt_data_old.yml,False,,- /proj/zefflab/projects/Flooding/Data/harris_county/catalogs/events/harvey_2017_mrms/event_metadata/hydromt_data.yml
/proj/zefflab/projects/Flooding/pipeline/web_launcher/_audit_reports/hydromt_yaml_state_audit_20260612_183544.txt,90,OLD_PROJ_DATA_ROOT,LIKELY_DOC_OR_LINK,/proj/zefflab/projects/Flooding/Data/harris_county/catalogs/_yaml_backups/hydromt_yaml_backup_20260612_181807/static_hydromt_data_old.yml,/users/e/p/epsilon/Data/Data/harris_county/catalogs/_yaml_backups/hydromt_yaml_backup_20260612_181807/static_hydromt_data_old.yml,False,,- /proj/zefflab/projects/Flooding/Data/harris_county/catalogs/events/harvey_2017_mrms/event_metadata/hydromt_data.yml
/proj/zefflab/projects/Flooding/pipeline/web_launcher/_audit_reports/hydromt_yaml_state_audit_20260612_183544.txt,90,OLD_PROJ_DATA_ROOT,LIKELY_DOC_OR_LINK,/proj/zefflab/projects/Flooding/Data/harris_county/catalogs/events/harvey_2017_mrms/event_metadata/hydromt_data.yml,/users/e/p/epsilon/Data/Data/harris_county/catalogs/events/harvey_2017_mrms/event_metadata/hydromt_data.yml,False,,- /proj/zefflab/projects/Flooding/Data/harris_county/catalogs/events/harvey_2017_mrms/event_metadata/hydromt_data.yml
/proj/zefflab/projects/Flooding/pipeline/web_launcher/_audit_reports/hydromt_yaml_state_audit_20260612_183544.txt,90,OLD_PROJ_DATA_ROOT,LIKELY_DOC_OR_LINK,/proj/zefflab/projects/Flooding/Data/harris_county/catalogs/events_reduced/harvey_2017_full/event_wind/README_HYDROMT_DATA_CATALOGS.md,/users/e/p/epsilon/Data/Data/harris_county/catalogs/events_reduced/harvey_2017_full/event_wind/README_HYDROMT_DATA_CATALOGS.md,False,,- /proj/zefflab/projects/Flooding/Data/harris_county/catalogs/events/harvey_2017_mrms/event_metadata/hydromt_data.yml
/proj/zefflab/projects/Flooding/pipeline/web_launcher/_audit_reports/hydromt_yaml_state_audit_20260612_183544.txt,90,OLD_PROJ_DATA_ROOT,LIKELY_DOC_OR_LINK,/proj/zefflab/projects/Flooding/Data/harris_county/catalogs/events_reduced/imelda_2019/event_wind/README_HYDROMT_DATA_CATALOGS.md,/users/e/p/epsilon/Data/Data/harris_county/catalogs/events_reduced/imelda_2019/event_wind/README_HYDROMT_DATA_CATALOGS.md,False,,- /proj/zefflab/projects/Flooding/Data/harris_county/catalogs/events/harvey_2017_mrms/event_metadata/hydromt_data.yml
/proj/zefflab/projects/Flooding/pipeline/web_launcher/_audit_reports/hydromt_yaml_state_audit_20260612_183544.txt,90,OLD_PROJ_DATA_ROOT,LIKELY_DOC_OR_LINK,/proj/zefflab/projects/Flooding/Data/harris_county/catalogs/static/harris_county/bathy/README_HYDROMT_DATA_CATALOGS.md,/users/e/p/epsilon/Data/Data/harris_county/catalogs/static/harris_county/bathy/README_HYDROMT_DATA_CATALOGS.md,False,,- /proj/zefflab/projects/Flooding/Data/harris_county/catalogs/events/harvey_2017_mrms/event_metadata/hydromt_data.yml
/proj/zefflab/projects/Flooding/pipeline/web_launcher/_audit_reports/hydromt_yaml_state_audit_20260612_183544.txt,90,OLD_PROJ_DATA_ROOT,LIKELY_DOC_OR_LINK,/proj/zefflab/projects/Flooding/Data/harris_county/catalogs/static/harris_county/boundary_points_static/README_HYDROMT_DATA_CATALOGS.md,/users/e/p/epsilon/Data/Data/harris_county/catalogs/static/harris_county/boundary_points_static/README_HYDROMT_DATA_CATALOGS.md,False,,- /proj/zefflab/projects/Flooding/Data/harris_county/catalogs/events/harvey_2017_mrms/event_metadata/hydromt_data.yml
/proj/zefflab/projects/Flooding/pipeline/web_launcher/_audit_reports/hydromt_yaml_state_audit_20260612_183544.txt,90,OLD_PROJ_DATA_ROOT,LIKELY_DOC_OR_LINK,/proj/zefflab/projects/Flooding/Data/harris_county/catalogs/static/harris_county/curve_number/README_HYDROMT_DATA_CATALOGS.md,/users/e/p/epsilon/Data/Data/harris_county/catalogs/static/harris_county/curve_number/README_HYDROMT_DATA_CATALOGS.md,False,,- /proj/zefflab/projects/Flooding/Data/harris_county/catalogs/events/harvey_2017_mrms/event_metadata/hydromt_data.yml
/proj/zefflab/projects/Flooding/pipeline/web_launcher/_audit_reports/hydromt_yaml_state_audit_20260612_183544.txt,90,OLD_PROJ_DATA_ROOT,LIKELY_DOC_OR_LINK,/proj/zefflab/projects/Flooding/Data/harris_county/catalogs/static/harris_county/static_metadata/hydromt_data.yml,/users/e/p/epsilon/Data/Data/harris_county/catalogs/static/harris_county/static_metadata/hydromt_data.yml,False,,- /proj/zefflab/projects/Flooding/Data/harris_county/catalogs/events/harvey_2017_mrms/event_metadata/hydromt_data.yml
/proj/zefflab/projects/Flooding/pipeline/web_launcher/_audit_reports/hydromt_yaml_state_audit_20260612_183544.txt,91,OLD_PROJ_DATA_ROOT,LIKELY_DOC_OR_LINK,/proj/zefflab/projects/Flooding/Data/harris_county/catalogs/_yaml_backups/hydromt_yaml_backup_20260612_181807/event_hydromt_data_old.yml,/users/e/p/epsilon/Data/Data/harris_county/catalogs/_yaml_backups/hydromt_yaml_backup_20260612_181807/event_hydromt_data_old.yml,False,,- /proj/zefflab/projects/Flooding/Data/harris_county/catalogs/static/harris_county/static_metadata/hydromt_data.yml
/proj/zefflab/projects/Flooding/pipeline/web_launcher/_audit_reports/hydromt_yaml_state_audit_20260612_183544.txt,91,OLD_PROJ_DATA_ROOT,LIKELY_DOC_OR_LINK,/proj/zefflab/projects/Flooding/Data/harris_county/catalogs/_yaml_backups/hydromt_yaml_backup_20260612_181807/static_hydromt_data_old.yml,/users/e/p/epsilon/Data/Data/harris_county/catalogs/_yaml_backups/hydromt_yaml_backup_20260612_181807/static_hydromt_data_old.yml,False,,- /proj/zefflab/projects/Flooding/Data/harris_county/catalogs/static/harris_county/static_metadata/hydromt_data.yml
/proj/zefflab/projects/Flooding/pipeline/web_launcher/_audit_reports/hydromt_yaml_state_audit_20260612_183544.txt,91,OLD_PROJ_DATA_ROOT,LIKELY_DOC_OR_LINK,/proj/zefflab/projects/Flooding/Data/harris_county/catalogs/events/harvey_2017_mrms/event_metadata/hydromt_data.yml,/users/e/p/epsilon/Data/Data/harris_county/catalogs/events/harvey_2017_mrms/event_metadata/hydromt_data.yml,False,,- /proj/zefflab/projects/Flooding/Data/harris_county/catalogs/static/harris_county/static_metadata/hydromt_data.yml
/proj/zefflab/projects/Flooding/pipeline/web_launcher/_audit_reports/hydromt_yaml_state_audit_20260612_183544.txt,91,OLD_PROJ_DATA_ROOT,LIKELY_DOC_OR_LINK,/proj/zefflab/projects/Flooding/Data/harris_county/catalogs/events_reduced/imelda_2019/event_wind/README_HYDROMT_DATA_CATALOGS.md,/users/e/p/epsilon/Data/Data/harris_county/catalogs/events_reduced/imelda_2019/event_wind/README_HYDROMT_DATA_CATALOGS.md,False,,- /proj/zefflab/projects/Flooding/Data/harris_county/catalogs/static/harris_county/static_metadata/hydromt_data.yml
/proj/zefflab/projects/Flooding/pipeline/web_launcher/_audit_reports/hydromt_yaml_state_audit_20260612_183544.txt,91,OLD_PROJ_DATA_ROOT,LIKELY_DOC_OR_LINK,/proj/zefflab/projects/Flooding/Data/harris_county/catalogs/static/harris_county/bathy/README_HYDROMT_DATA_CATALOGS.md,/users/e/p/epsilon/Data/Data/harris_county/catalogs/static/harris_county/bathy/README_HYDROMT_DATA_CATALOGS.md,False,,- /proj/zefflab/projects/Flooding/Data/harris_county/catalogs/static/harris_county/static_metadata/hydromt_data.yml
/proj/zefflab/projects/Flooding/pipeline/web_launcher/_audit_reports/hydromt_yaml_state_audit_20260612_183544.txt,91,OLD_PROJ_DATA_ROOT,LIKELY_DOC_OR_LINK,/proj/zefflab/projects/Flooding/Data/harris_county/catalogs/static/harris_county/boundary_points_static/README_HYDROMT_DATA_CATALOGS.md,/users/e/p/epsilon/Data/Data/harris_county/catalogs/static/harris_county/boundary_points_static/README_HYDROMT_DATA_CATALOGS.md,False,,- /proj/zefflab/projects/Flooding/Data/harris_county/catalogs/static/harris_county/static_metadata/hydromt_data.yml
/proj/zefflab/projects/Flooding/pipeline/web_launcher/_audit_reports/hydromt_yaml_state_audit_20260612_183544.txt,91,OLD_PROJ_DATA_ROOT,LIKELY_DOC_OR_LINK,/proj/zefflab/projects/Flooding/Data/harris_county/catalogs/static/harris_county/curve_number/README_HYDROMT_DATA_CATALOGS.md,/users/e/p/epsilon/Data/Data/harris_county/catalogs/static/harris_county/curve_number/README_HYDROMT_DATA_CATALOGS.md,False,,- /proj/zefflab/projects/Flooding/Data/harris_county/catalogs/static/harris_county/static_metadata/hydromt_data.yml
/proj/zefflab/projects/Flooding/pipeline/web_launcher/_audit_reports/hydromt_yaml_state_audit_20260612_183544.txt,91,OLD_PROJ_DATA_ROOT,LIKELY_DOC_OR_LINK,/proj/zefflab/projects/Flooding/Data/harris_county/catalogs/static/harris_county/static_metadata/hydromt_data.yml,/users/e/p/epsilon/Data/Data/harris_county/catalogs/static/harris_county/static_metadata/hydromt_data.yml,False,,- /proj/zefflab/projects/Flooding/Data/harris_county/catalogs/static/harris_county/static_metadata/hydromt_data.yml
/proj/zefflab/projects/Flooding/pipeline/web_launcher/_audit_reports/backend_hydromt_catalog_audit_20260612_174808.txt,14,OLD_PROJ_DATA_ROOT,UNCLEAR_REVIEW,/proj/zefflab/projects/Flooding/Data/harris_county/catalogs/events/harvey_2017_mrms,/users/e/p/epsilon/Data/Data/harris_county/catalogs/events/harvey_2017_mrms,True,,OK   STATIC_CATALOG                   dir                /proj/zefflab/projects/Flooding/Data/harris_county/catalogs/static/harris_county
/proj/zefflab/projects/Flooding/pipeline/web_launcher/_audit_reports/backend_hydromt_catalog_audit_20260612_174808.txt,14,OLD_PROJ_DATA_ROOT,UNCLEAR_REVIEW,/proj/zefflab/projects/Flooding/Data/harris_county/catalogs/events/harvey_2017_mrms/event_metadata/hydromt_data.yml,/users/e/p/epsilon/Data/Data/harris_county/catalogs/events/harvey_2017_mrms/event_metadata/hydromt_data.yml,False,,OK   STATIC_CATALOG                   dir                /proj/zefflab/projects/Flooding/Data/harris_county/catalogs/static/harris_county
/proj/zefflab/projects/Flooding/pipeline/web_launcher/_audit_reports/backend_hydromt_catalog_audit_20260612_174808.txt,14,OLD_PROJ_DATA_ROOT,UNCLEAR_REVIEW,/proj/zefflab/projects/Flooding/Data/harris_county/catalogs/events/harvey_2017_mrms/event_runtime_window/event_runtime_window.csv,/users/e/p/epsilon/Data/Data/harris_county/catalogs/events/harvey_2017_mrms/event_runtime_window/event_runtime_window.csv,True,,OK   STATIC_CATALOG                   dir                /proj/zefflab/projects/Flooding/Data/harris_county/catalogs/static/harris_county
/proj/zefflab/projects/Flooding/pipeline/web_launcher/_audit_reports/backend_hydromt_catalog_audit_20260612_174808.txt,14,OLD_PROJ_DATA_ROOT,UNCLEAR_REVIEW,/proj/zefflab/projects/Flooding/Data/harris_county/catalogs/static/harris_county,/users/e/p/epsilon/Data/Data/harris_county/catalogs/static/harris_county,True,,OK   STATIC_CATALOG                   dir                /proj/zefflab/projects/Flooding/Data/harris_county/catalogs/static/harris_county
/proj/zefflab/projects/Flooding/pipeline/web_launcher/_audit_reports/backend_hydromt_catalog_audit_20260612_174808.txt,14,OLD_PROJ_DATA_ROOT,UNCLEAR_REVIEW,/proj/zefflab/projects/Flooding/Data/harris_county/catalogs/static/harris_county/static_metadata/hydromt_data.yml,/users/e/p/epsilon/Data/Data/harris_county/catalogs/static/harris_county/static_metadata/hydromt_data.yml,False,,OK   STATIC_CATALOG                   dir                /proj/zefflab/projects/Flooding/Data/harris_county/catalogs/static/harris_county
/proj/zefflab/projects/Flooding/pipeline/web_launcher/_audit_reports/backend_hydromt_catalog_audit_20260612_174808.txt,15,OLD_PROJ_DATA_ROOT,POSSIBLY_LOAD_BEARING,/proj/zefflab/projects/Flooding/Data/harris_county/catalogs/events/harvey_2017_mrms,/users/e/p/epsilon/Data/Data/harris_county/catalogs/events/harvey_2017_mrms,True,,OK   EVENT_CATALOG                    dir                /proj/zefflab/projects/Flooding/Data/harris_county/catalogs/events/harvey_2017_mrms
/proj/zefflab/projects/Flooding/pipeline/web_launcher/_audit_reports/backend_hydromt_catalog_audit_20260612_174808.txt,15,OLD_PROJ_DATA_ROOT,POSSIBLY_LOAD_BEARING,/proj/zefflab/projects/Flooding/Data/harris_county/catalogs/events/harvey_2017_mrms/event_metadata/hydromt_data.yml,/users/e/p/epsilon/Data/Data/harris_county/catalogs/events/harvey_2017_mrms/event_metadata/hydromt_data.yml,False,,OK   EVENT_CATALOG                    dir                /proj/zefflab/projects/Flooding/Data/harris_county/catalogs/events/harvey_2017_mrms
/proj/zefflab/projects/Flooding/pipeline/web_launcher/_audit_reports/backend_hydromt_catalog_audit_20260612_174808.txt,15,OLD_PROJ_DATA_ROOT,POSSIBLY_LOAD_BEARING,/proj/zefflab/projects/Flooding/Data/harris_county/catalogs/events/harvey_2017_mrms/event_runtime_window/event_runtime_window.csv,/users/e/p/epsilon/Data/Data/harris_county/catalogs/events/harvey_2017_mrms/event_runtime_window/event_runtime_window.csv,True,,OK   EVENT_CATALOG                    dir                /proj/zefflab/projects/Flooding/Data/harris_county/catalogs/events/harvey_2017_mrms
/proj/zefflab/projects/Flooding/pipeline/web_launcher/_audit_reports/backend_hydromt_catalog_audit_20260612_174808.txt,15,OLD_PROJ_DATA_ROOT,POSSIBLY_LOAD_BEARING,/proj/zefflab/projects/Flooding/Data/harris_county/catalogs/static/harris_county,/users/e/p/epsilon/Data/Data/harris_county/catalogs/static/harris_county,True,,OK   EVENT_CATALOG                    dir                /proj/zefflab/projects/Flooding/Data/harris_county/catalogs/events/harvey_2017_mrms
/proj/zefflab/projects/Flooding/pipeline/web_launcher/_audit_reports/backend_hydromt_catalog_audit_20260612_174808.txt,15,OLD_PROJ_DATA_ROOT,POSSIBLY_LOAD_BEARING,/proj/zefflab/projects/Flooding/Data/harris_county/catalogs/static/harris_county/static_metadata/hydromt_data.yml,/users/e/p/epsilon/Data/Data/harris_county/catalogs/static/harris_county/static_metadata/hydromt_data.yml,False,,OK   EVENT_CATALOG                    dir                /proj/zefflab/projects/Flooding/Data/harris_county/catalogs/events/harvey_2017_mrms
/proj/zefflab/projects/Flooding/pipeline/web_launcher/_audit_reports/backend_hydromt_catalog_audit_20260612_174808.txt,16,OLD_PROJ_DATA_ROOT,POSSIBLY_LOAD_BEARING,/proj/zefflab/projects/Flooding/Data/harris_county/catalogs/events/harvey_2017_mrms,/users/e/p/epsilon/Data/Data/harris_county/catalogs/events/harvey_2017_mrms,True,,OK   STATIC hydromt YAML              file  5370         /proj/zefflab/projects/Flooding/Data/harris_county/catalogs/static/harris_county/static_metadata/hydromt_data.yml
/proj/zefflab/projects/Flooding/pipeline/web_launcher/_audit_reports/backend_hydromt_catalog_audit_20260612_174808.txt,16,OLD_PROJ_DATA_ROOT,POSSIBLY_LOAD_BEARING,/proj/zefflab/projects/Flooding/Data/harris_county/catalogs/events/harvey_2017_mrms/event_metadata/hydromt_data.yml,/users/e/p/epsilon/Data/Data/harris_county/catalogs/events/harvey_2017_mrms/event_metadata/hydromt_data.yml,False,,OK   STATIC hydromt YAML              file  5370         /proj/zefflab/projects/Flooding/Data/harris_county/catalogs/static/harris_county/static_metadata/hydromt_data.yml
/proj/zefflab/projects/Flooding/pipeline/web_launcher/_audit_reports/backend_hydromt_catalog_audit_20260612_174808.txt,16,OLD_PROJ_DATA_ROOT,POSSIBLY_LOAD_BEARING,/proj/zefflab/projects/Flooding/Data/harris_county/catalogs/events/harvey_2017_mrms/event_runtime_window/event_runtime_window.csv,/users/e/p/epsilon/Data/Data/harris_county/catalogs/events/harvey_2017_mrms/event_runtime_window/event_runtime_window.csv,True,,OK   STATIC hydromt YAML              file  5370         /proj/zefflab/projects/Flooding/Data/harris_county/catalogs/static/harris_county/static_metadata/hydromt_data.yml
/proj/zefflab/projects/Flooding/pipeline/web_launcher/_audit_reports/backend_hydromt_catalog_audit_20260612_174808.txt,16,OLD_PROJ_DATA_ROOT,POSSIBLY_LOAD_BEARING,/proj/zefflab/projects/Flooding/Data/harris_county/catalogs/static/harris_county,/users/e/p/epsilon/Data/Data/harris_county/catalogs/static/harris_county,True,,OK   STATIC hydromt YAML              file  5370         /proj/zefflab/projects/Flooding/Data/harris_county/catalogs/static/harris_county/static_metadata/hydromt_data.yml
/proj/zefflab/projects/Flooding/pipeline/web_launcher/_audit_reports/backend_hydromt_catalog_audit_20260612_174808.txt,16,OLD_PROJ_DATA_ROOT,POSSIBLY_LOAD_BEARING,/proj/zefflab/projects/Flooding/Data/harris_county/catalogs/static/harris_county/static_metadata/hydromt_data.yml,/users/e/p/epsilon/Data/Data/harris_county/catalogs/static/harris_county/static_metadata/hydromt_data.yml,False,,OK   STATIC hydromt YAML              file  5370         /proj/zefflab/projects/Flooding/Data/harris_county/catalogs/static/harris_county/static_metadata/hydromt_data.yml
/proj/zefflab/projects/Flooding/pipeline/web_launcher/_audit_reports/backend_hydromt_catalog_audit_20260612_174808.txt,17,OLD_PROJ_DATA_ROOT,POSSIBLY_LOAD_BEARING,/proj/zefflab/projects/Flooding/Data/harris_county/catalogs/events/harvey_2017_mrms,/users/e/p/epsilon/Data/Data/harris_county/catalogs/events/harvey_2017_mrms,True,,OK   EVENT hydromt YAML               file  5370         /proj/zefflab/projects/Flooding/Data/harris_county/catalogs/events/harvey_2017_mrms/event_metadata/hydromt_data.yml
/proj/zefflab/projects/Flooding/pipeline/web_launcher/_audit_reports/backend_hydromt_catalog_audit_20260612_174808.txt,17,OLD_PROJ_DATA_ROOT,POSSIBLY_LOAD_BEARING,/proj/zefflab/projects/Flooding/Data/harris_county/catalogs/events/harvey_2017_mrms/event_metadata/hydromt_data.yml,/users/e/p/epsilon/Data/Data/harris_county/catalogs/events/harvey_2017_mrms/event_metadata/hydromt_data.yml,False,,OK   EVENT hydromt YAML               file  5370         /proj/zefflab/projects/Flooding/Data/harris_county/catalogs/events/harvey_2017_mrms/event_metadata/hydromt_data.yml
/proj/zefflab/projects/Flooding/pipeline/web_launcher/_audit_reports/backend_hydromt_catalog_audit_20260612_174808.txt,17,OLD_PROJ_DATA_ROOT,POSSIBLY_LOAD_BEARING,/proj/zefflab/projects/Flooding/Data/harris_county/catalogs/events/harvey_2017_mrms/event_runtime_window/event_runtime_window.csv,/users/e/p/epsilon/Data/Data/harris_county/catalogs/events/harvey_2017_mrms/event_runtime_window/event_runtime_window.csv,True,,OK   EVENT hydromt YAML               file  5370         /proj/zefflab/projects/Flooding/Data/harris_county/catalogs/events/harvey_2017_mrms/event_metadata/hydromt_data.yml
/proj/zefflab/projects/Flooding/pipeline/web_launcher/_audit_reports/backend_hydromt_catalog_audit_20260612_174808.txt,17,OLD_PROJ_DATA_ROOT,POSSIBLY_LOAD_BEARING,/proj/zefflab/projects/Flooding/Data/harris_county/catalogs/static/harris_county,/users/e/p/epsilon/Data/Data/harris_county/catalogs/static/harris_county,True,,OK   EVENT hydromt YAML               file  5370         /proj/zefflab/projects/Flooding/Data/harris_county/catalogs/events/harvey_2017_mrms/event_metadata/hydromt_data.yml
/proj/zefflab/projects/Flooding/pipeline/web_launcher/_audit_reports/backend_hydromt_catalog_audit_20260612_174808.txt,17,OLD_PROJ_DATA_ROOT,POSSIBLY_LOAD_BEARING,/proj/zefflab/projects/Flooding/Data/harris_county/catalogs/static/harris_county/static_metadata/hydromt_data.yml,/users/e/p/epsilon/Data/Data/harris_county/catalogs/static/harris_county/static_metadata/hydromt_data.yml,False,,OK   EVENT hydromt YAML               file  5370         /proj/zefflab/projects/Flooding/Data/harris_county/catalogs/events/harvey_2017_mrms/event_metadata/hydromt_data.yml
/proj/zefflab/projects/Flooding/pipeline/web_launcher/_audit_reports/backend_hydromt_catalog_audit_20260612_174808.txt,18,OLD_PROJ_DATA_ROOT,POSSIBLY_LOAD_BEARING,/proj/zefflab/projects/Flooding/Data/harris_county/catalogs/events/harvey_2017_mrms,/users/e/p/epsilon/Data/Data/harris_county/catalogs/events/harvey_2017_mrms,True,,OK   EVENT runtime CSV                file  269          /proj/zefflab/projects/Flooding/Data/harris_county/catalogs/events/harvey_2017_mrms/event_runtime_window/event_runtime_window.csv
/proj/zefflab/projects/Flooding/pipeline/web_launcher/_audit_reports/backend_hydromt_catalog_audit_20260612_174808.txt,18,OLD_PROJ_DATA_ROOT,POSSIBLY_LOAD_BEARING,/proj/zefflab/projects/Flooding/Data/harris_county/catalogs/events/harvey_2017_mrms/event_metadata/hydromt_data.yml,/users/e/p/epsilon/Data/Data/harris_county/catalogs/events/harvey_2017_mrms/event_metadata/hydromt_data.yml,False,,OK   EVENT runtime CSV                file  269          /proj/zefflab/projects/Flooding/Data/harris_county/catalogs/events/harvey_2017_mrms/event_runtime_window/event_runtime_window.csv
/proj/zefflab/projects/Flooding/pipeline/web_launcher/_audit_reports/backend_hydromt_catalog_audit_20260612_174808.txt,18,OLD_PROJ_DATA_ROOT,POSSIBLY_LOAD_BEARING,/proj/zefflab/projects/Flooding/Data/harris_county/catalogs/events/harvey_2017_mrms/event_runtime_window/event_runtime_window.csv,/users/e/p/epsilon/Data/Data/harris_county/catalogs/events/harvey_2017_mrms/event_runtime_window/event_runtime_window.csv,True,,OK   EVENT runtime CSV                file  269          /proj/zefflab/projects/Flooding/Data/harris_county/catalogs/events/harvey_2017_mrms/event_runtime_window/event_runtime_window.csv
/proj/zefflab/projects/Flooding/pipeline/web_launcher/_audit_reports/backend_hydromt_catalog_audit_20260612_174808.txt,18,OLD_PROJ_DATA_ROOT,POSSIBLY_LOAD_BEARING,/proj/zefflab/projects/Flooding/Data/harris_county/catalogs/static/harris_county,/users/e/p/epsilon/Data/Data/harris_county/catalogs/static/harris_county,True,,OK   EVENT runtime CSV                file  269          /proj/zefflab/projects/Flooding/Data/harris_county/catalogs/events/harvey_2017_mrms/event_runtime_window/event_runtime_window.csv
/proj/zefflab/projects/Flooding/pipeline/web_launcher/_audit_reports/backend_hydromt_catalog_audit_20260612_174808.txt,18,OLD_PROJ_DATA_ROOT,POSSIBLY_LOAD_BEARING,/proj/zefflab/projects/Flooding/Data/harris_county/catalogs/static/harris_county/static_metadata/hydromt_data.yml,/users/e/p/epsilon/Data/Data/harris_county/catalogs/static/harris_county/static_metadata/hydromt_data.yml,False,,OK   EVENT runtime CSV                file  269          /proj/zefflab/projects/Flooding/Data/harris_county/catalogs/events/harvey_2017_mrms/event_runtime_window/event_runtime_window.csv
/proj/zefflab/projects/Flooding/pipeline/web_launcher/_audit_reports/backend_hydromt_catalog_audit_20260612_174808.txt,25,OLD_PROJ_DATA_ROOT,POSSIBLY_LOAD_BEARING,/proj/zefflab/projects/Flooding/Data/harris_county/catalogs/events/harvey_2017_mrms,/users/e/p/epsilon/Data/Data/harris_county/catalogs/events/harvey_2017_mrms,True,,"""/proj/zefflab/projects/Flooding/Data/harris_county/catalogs/events/harvey_2017_mrms"","
/proj/zefflab/projects/Flooding/pipeline/web_launcher/_audit_reports/backend_hydromt_catalog_audit_20260612_174808.txt,25,OLD_PROJ_DATA_ROOT,POSSIBLY_LOAD_BEARING,/proj/zefflab/projects/Flooding/Data/harris_county/catalogs/events/harvey_2017_mrms/event_metadata/hydromt_data.yml,/users/e/p/epsilon/Data/Data/harris_county/catalogs/events/harvey_2017_mrms/event_metadata/hydromt_data.yml,False,,"""/proj/zefflab/projects/Flooding/Data/harris_county/catalogs/events/harvey_2017_mrms"","
/proj/zefflab/projects/Flooding/pipeline/web_launcher/_audit_reports/backend_hydromt_catalog_audit_20260612_174808.txt,25,OLD_PROJ_DATA_ROOT,POSSIBLY_LOAD_BEARING,/proj/zefflab/projects/Flooding/Data/harris_county/catalogs/events/harvey_2017_mrms/event_runtime_window/event_runtime_window.csv,/users/e/p/epsilon/Data/Data/harris_county/catalogs/events/harvey_2017_mrms/event_runtime_window/event_runtime_window.csv,True,,"""/proj/zefflab/projects/Flooding/Data/harris_county/catalogs/events/harvey_2017_mrms"","
/proj/zefflab/projects/Flooding/pipeline/web_launcher/_audit_reports/backend_hydromt_catalog_audit_20260612_174808.txt,25,OLD_PROJ_DATA_ROOT,POSSIBLY_LOAD_BEARING,/proj/zefflab/projects/Flooding/Data/harris_county/catalogs/static/harris_county,/users/e/p/epsilon/Data/Data/harris_county/catalogs/static/harris_county,True,,"""/proj/zefflab/projects/Flooding/Data/harris_county/catalogs/events/harvey_2017_mrms"","
/proj/zefflab/projects/Flooding/pipeline/web_launcher/_audit_reports/backend_hydromt_catalog_audit_20260612_174808.txt,26,OLD_PROJ_DATA_ROOT,POSSIBLY_LOAD_BEARING,/proj/zefflab/projects/Flooding/Data/harris_county/catalogs/events/harvey_2017_mrms,/users/e/p/epsilon/Data/Data/harris_county/catalogs/events/harvey_2017_mrms,True,,"""/proj/zefflab/projects/Flooding/Data/harris_county/catalogs/static/harris_county"""
/proj/zefflab/projects/Flooding/pipeline/web_launcher/_audit_reports/backend_hydromt_catalog_audit_20260612_174808.txt,26,OLD_PROJ_DATA_ROOT,POSSIBLY_LOAD_BEARING,/proj/zefflab/projects/Flooding/Data/harris_county/catalogs/events/harvey_2017_mrms/event_metadata/hydromt_data.yml,/users/e/p/epsilon/Data/Data/harris_county/catalogs/events/harvey_2017_mrms/event_metadata/hydromt_data.yml,False,,"""/proj/zefflab/projects/Flooding/Data/harris_county/catalogs/static/harris_county"""
/proj/zefflab/projects/Flooding/pipeline/web_launcher/_audit_reports/backend_hydromt_catalog_audit_20260612_174808.txt,26,OLD_PROJ_DATA_ROOT,POSSIBLY_LOAD_BEARING,/proj/zefflab/projects/Flooding/Data/harris_county/catalogs/events/harvey_2017_mrms/event_runtime_window/event_runtime_window.csv,/users/e/p/epsilon/Data/Data/harris_county/catalogs/events/harvey_2017_mrms/event_runtime_window/event_runtime_window.csv,True,,"""/proj/zefflab/projects/Flooding/Data/harris_county/catalogs/static/harris_county"""
/proj/zefflab/projects/Flooding/pipeline/web_launcher/_audit_reports/backend_hydromt_catalog_audit_20260612_174808.txt,26,OLD_PROJ_DATA_ROOT,POSSIBLY_LOAD_BEARING,/proj/zefflab/projects/Flooding/Data/harris_county/catalogs/static/harris_county,/users/e/p/epsilon/Data/Data/harris_county/catalogs/static/harris_county,True,,"""/proj/zefflab/projects/Flooding/Data/harris_county/catalogs/static/harris_county"""
/proj/zefflab/projects/Flooding/pipeline/web_launcher/_audit_reports/backend_hydromt_catalog_audit_20260612_174808.txt,34,OLD_PROJ_DATA_ROOT,UNCLEAR_REVIEW,/proj/zefflab/projects/Flooding/Data/harris_county/catalogs/events/harvey_2017_mrms,/users/e/p/epsilon/Data/Data/harris_county/catalogs/events/harvey_2017_mrms,True,,"""/proj/zefflab/projects/Flooding/Data/harris_county/catalogs/events/harvey_2017_mrms/event_metadata/hydromt_data.yml"","
/proj/zefflab/projects/Flooding/pipeline/web_launcher/_audit_reports/backend_hydromt_catalog_audit_20260612_174808.txt,34,OLD_PROJ_DATA_ROOT,UNCLEAR_REVIEW,/proj/zefflab/projects/Flooding/Data/harris_county/catalogs/events/harvey_2017_mrms/event_metadata/hydromt_data.yml,/users/e/p/epsilon/Data/Data/harris_county/catalogs/events/harvey_2017_mrms/event_metadata/hydromt_data.yml,False,,"""/proj/zefflab/projects/Flooding/Data/harris_county/catalogs/events/harvey_2017_mrms/event_metadata/hydromt_data.yml"","
/proj/zefflab/projects/Flooding/pipeline/web_launcher/_audit_reports/backend_hydromt_catalog_audit_20260612_174808.txt,34,OLD_PROJ_DATA_ROOT,UNCLEAR_REVIEW,/proj/zefflab/projects/Flooding/Data/harris_county/catalogs/static/harris_county,/users/e/p/epsilon/Data/Data/harris_county/catalogs/static/harris_county,True,,"""/proj/zefflab/projects/Flooding/Data/harris_county/catalogs/events/harvey_2017_mrms/event_metadata/hydromt_data.yml"","
/proj/zefflab/projects/Flooding/pipeline/web_launcher/_audit_reports/backend_hydromt_catalog_audit_20260612_174808.txt,34,OLD_PROJ_DATA_ROOT,UNCLEAR_REVIEW,/proj/zefflab/projects/Flooding/Data/harris_county/catalogs/static/harris_county/static_metadata/hydromt_data.yml,/users/e/p/epsilon/Data/Data/harris_county/catalogs/static/harris_county/static_metadata/hydromt_data.yml,False,,"""/proj/zefflab/projects/Flooding/Data/harris_county/catalogs/events/harvey_2017_mrms/event_metadata/hydromt_data.yml"","
/proj/zefflab/projects/Flooding/pipeline/web_launcher/_audit_reports/backend_hydromt_catalog_audit_20260612_174808.txt,35,OLD_PROJ_DATA_ROOT,UNCLEAR_REVIEW,/proj/zefflab/projects/Flooding/Data/harris_county/catalogs/events/harvey_2017_mrms,/users/e/p/epsilon/Data/Data/harris_county/catalogs/events/harvey_2017_mrms,True,,"""/proj/zefflab/projects/Flooding/Data/harris_county/catalogs/static/harris_county/static_metadata/hydromt_data.yml"""
/proj/zefflab/projects/Flooding/pipeline/web_launcher/_audit_reports/backend_hydromt_catalog_audit_20260612_174808.txt,35,OLD_PROJ_DATA_ROOT,UNCLEAR_REVIEW,/proj/zefflab/projects/Flooding/Data/harris_county/catalogs/events/harvey_2017_mrms/event_metadata/hydromt_data.yml,/users/e/p/epsilon/Data/Data/harris_county/catalogs/events/harvey_2017_mrms/event_metadata/hydromt_data.yml,False,,"""/proj/zefflab/projects/Flooding/Data/harris_county/catalogs/static/harris_county/static_metadata/hydromt_data.yml"""
/proj/zefflab/projects/Flooding/pipeline/web_launcher/_audit_reports/backend_hydromt_catalog_audit_20260612_174808.txt,35,OLD_PROJ_DATA_ROOT,UNCLEAR_REVIEW,/proj/zefflab/projects/Flooding/Data/harris_county/catalogs/static/harris_county,/users/e/p/epsilon/Data/Data/harris_county/catalogs/static/harris_county,True,,"""/proj/zefflab/projects/Flooding/Data/harris_county/catalogs/static/harris_county/static_metadata/hydromt_data.yml"""
/proj/zefflab/projects/Flooding/pipeline/web_launcher/_audit_reports/backend_hydromt_catalog_audit_20260612_174808.txt,35,OLD_PROJ_DATA_ROOT,UNCLEAR_REVIEW,/proj/zefflab/projects/Flooding/Data/harris_county/catalogs/static/harris_county/static_metadata/hydromt_data.yml,/users/e/p/epsilon/Data/Data/harris_county/catalogs/static/harris_county/static_metadata/hydromt_data.yml,False,,"""/proj/zefflab/projects/Flooding/Data/harris_county/catalogs/static/harris_county/static_metadata/hydromt_data.yml"""
/proj/zefflab/projects/Flooding/pipeline/web_launcher/_audit_reports/backend_hydromt_catalog_audit_20260612_174808.txt,41,OLD_PROJ_DATA_ROOT,UNCLEAR_REVIEW,/proj/zefflab/projects/Flooding/Data/harris_county/catalogs/events/harvey_2017_mrms,/users/e/p/epsilon/Data/Data/harris_county/catalogs/events/harvey_2017_mrms,True,,"""/proj/zefflab/projects/Flooding/Data/harris_county/catalogs/events/harvey_2017_mrms"","
/proj/zefflab/projects/Flooding/pipeline/web_launcher/_audit_reports/backend_hydromt_catalog_audit_20260612_174808.txt,41,OLD_PROJ_DATA_ROOT,UNCLEAR_REVIEW,/proj/zefflab/projects/Flooding/Data/harris_county/catalogs/events/harvey_2017_mrms/event_metadata/hydromt_data.yml,/users/e/p/epsilon/Data/Data/harris_county/catalogs/events/harvey_2017_mrms/event_metadata/hydromt_data.yml,False,,"""/proj/zefflab/projects/Flooding/Data/harris_county/catalogs/events/harvey_2017_mrms"","
/proj/zefflab/projects/Flooding/pipeline/web_launcher/_audit_reports/backend_hydromt_catalog_audit_20260612_174808.txt,41,OLD_PROJ_DATA_ROOT,UNCLEAR_REVIEW,/proj/zefflab/projects/Flooding/Data/harris_county/catalogs/static/harris_county,/users/e/p/epsilon/Data/Data/harris_county/catalogs/static/harris_county,True,,"""/proj/zefflab/projects/Flooding/Data/harris_county/catalogs/events/harvey_2017_mrms"","
/proj/zefflab/projects/Flooding/pipeline/web_launcher/_audit_reports/backend_hydromt_catalog_audit_20260612_174808.txt,41,OLD_PROJ_DATA_ROOT,UNCLEAR_REVIEW,/proj/zefflab/projects/Flooding/Data/harris_county/catalogs/static/harris_county/static_metadata/hydromt_data.yml,/users/e/p/epsilon/Data/Data/harris_county/catalogs/static/harris_county/static_metadata/hydromt_data.yml,False,,"""/proj/zefflab/projects/Flooding/Data/harris_county/catalogs/events/harvey_2017_mrms"","
/proj/zefflab/projects/Flooding/pipeline/web_launcher/_audit_reports/backend_hydromt_catalog_audit_20260612_174808.txt,42,OLD_PROJ_DATA_ROOT,UNCLEAR_REVIEW,/proj/zefflab/projects/Flooding/Data/harris_county/catalogs/events/harvey_2017_mrms,/users/e/p/epsilon/Data/Data/harris_county/catalogs/events/harvey_2017_mrms,True,,"""/proj/zefflab/projects/Flooding/Data/harris_county/catalogs/static/harris_county"""
/proj/zefflab/projects/Flooding/pipeline/web_launcher/_audit_reports/backend_hydromt_catalog_audit_20260612_174808.txt,42,OLD_PROJ_DATA_ROOT,UNCLEAR_REVIEW,/proj/zefflab/projects/Flooding/Data/harris_county/catalogs/events/harvey_2017_mrms/event_metadata/hydromt_data.yml,/users/e/p/epsilon/Data/Data/harris_county/catalogs/events/harvey_2017_mrms/event_metadata/hydromt_data.yml,False,,"""/proj/zefflab/projects/Flooding/Data/harris_county/catalogs/static/harris_county"""
/proj/zefflab/projects/Flooding/pipeline/web_launcher/_audit_reports/backend_hydromt_catalog_audit_20260612_174808.txt,42,OLD_PROJ_DATA_ROOT,UNCLEAR_REVIEW,/proj/zefflab/projects/Flooding/Data/harris_county/catalogs/static/harris_county,/users/e/p/epsilon/Data/Data/harris_county/catalogs/static/harris_county,True,,"""/proj/zefflab/projects/Flooding/Data/harris_county/catalogs/static/harris_county"""
/proj/zefflab/projects/Flooding/pipeline/web_launcher/_audit_reports/backend_hydromt_catalog_audit_20260612_174808.txt,42,OLD_PROJ_DATA_ROOT,UNCLEAR_REVIEW,/proj/zefflab/projects/Flooding/Data/harris_county/catalogs/static/harris_county/static_metadata/hydromt_data.yml,/users/e/p/epsilon/Data/Data/harris_county/catalogs/static/harris_county/static_metadata/hydromt_data.yml,False,,"""/proj/zefflab/projects/Flooding/Data/harris_county/catalogs/static/harris_county"""
/proj/zefflab/projects/Flooding/pipeline/web_launcher/_audit_reports/backend_hydromt_catalog_audit_20260612_174808.txt,45,OLD_PROJ_DATA_ROOT,UNCLEAR_REVIEW,/proj/zefflab/projects/Flooding/Data/harris_county/catalogs/events/harvey_2017_mrms,/users/e/p/epsilon/Data/Data/harris_county/catalogs/events/harvey_2017_mrms,True,,"""/proj/zefflab/projects/Flooding/Data/harris_county/catalogs/events/harvey_2017_mrms/event_metadata/hydromt_data.yml"","
/proj/zefflab/projects/Flooding/pipeline/web_launcher/_audit_reports/backend_hydromt_catalog_audit_20260612_174808.txt,45,OLD_PROJ_DATA_ROOT,UNCLEAR_REVIEW,/proj/zefflab/projects/Flooding/Data/harris_county/catalogs/events/harvey_2017_mrms/event_metadata/hydromt_data.yml,/users/e/p/epsilon/Data/Data/harris_county/catalogs/events/harvey_2017_mrms/event_metadata/hydromt_data.yml,False,,"""/proj/zefflab/projects/Flooding/Data/harris_county/catalogs/events/harvey_2017_mrms/event_metadata/hydromt_data.yml"","
/proj/zefflab/projects/Flooding/pipeline/web_launcher/_audit_reports/backend_hydromt_catalog_audit_20260612_174808.txt,45,OLD_PROJ_DATA_ROOT,UNCLEAR_REVIEW,/proj/zefflab/projects/Flooding/Data/harris_county/catalogs/static/harris_county,/users/e/p/epsilon/Data/Data/harris_county/catalogs/static/harris_county,True,,"""/proj/zefflab/projects/Flooding/Data/harris_county/catalogs/events/harvey_2017_mrms/event_metadata/hydromt_data.yml"","
/proj/zefflab/projects/Flooding/pipeline/web_launcher/_audit_reports/backend_hydromt_catalog_audit_20260612_174808.txt,45,OLD_PROJ_DATA_ROOT,UNCLEAR_REVIEW,/proj/zefflab/projects/Flooding/Data/harris_county/catalogs/static/harris_county/static_metadata/hydromt_data.yml,/users/e/p/epsilon/Data/Data/harris_county/catalogs/static/harris_county/static_metadata/hydromt_data.yml,False,,"""/proj/zefflab/projects/Flooding/Data/harris_county/catalogs/events/harvey_2017_mrms/event_metadata/hydromt_data.yml"","
/proj/zefflab/projects/Flooding/pipeline/web_launcher/_audit_reports/backend_hydromt_catalog_audit_20260612_174808.txt,46,OLD_PROJ_DATA_ROOT,UNCLEAR_REVIEW,/proj/zefflab/projects/Flooding/Data/harris_county/catalogs/events/harvey_2017_mrms,/users/e/p/epsilon/Data/Data/harris_county/catalogs/events/harvey_2017_mrms,True,,"""/proj/zefflab/projects/Flooding/Data/harris_county/catalogs/static/harris_county/static_metadata/hydromt_data.yml"""
/proj/zefflab/projects/Flooding/pipeline/web_launcher/_audit_reports/backend_hydromt_catalog_audit_20260612_174808.txt,46,OLD_PROJ_DATA_ROOT,UNCLEAR_REVIEW,/proj/zefflab/projects/Flooding/Data/harris_county/catalogs/events/harvey_2017_mrms/event_metadata/hydromt_data.yml,/users/e/p/epsilon/Data/Data/harris_county/catalogs/events/harvey_2017_mrms/event_metadata/hydromt_data.yml,False,,"""/proj/zefflab/projects/Flooding/Data/harris_county/catalogs/static/harris_county/static_metadata/hydromt_data.yml"""
/proj/zefflab/projects/Flooding/pipeline/web_launcher/_audit_reports/backend_hydromt_catalog_audit_20260612_174808.txt,46,OLD_PROJ_DATA_ROOT,UNCLEAR_REVIEW,/proj/zefflab/projects/Flooding/Data/harris_county/catalogs/static/harris_county,/users/e/p/epsilon/Data/Data/harris_county/catalogs/static/harris_county,True,,"""/proj/zefflab/projects/Flooding/Data/harris_county/catalogs/static/harris_county/static_metadata/hydromt_data.yml"""
/proj/zefflab/projects/Flooding/pipeline/web_launcher/_audit_reports/backend_hydromt_catalog_audit_20260612_174808.txt,46,OLD_PROJ_DATA_ROOT,UNCLEAR_REVIEW,/proj/zefflab/projects/Flooding/Data/harris_county/catalogs/static/harris_county/static_metadata/hydromt_data.yml,/users/e/p/epsilon/Data/Data/harris_county/catalogs/static/harris_county/static_metadata/hydromt_data.yml,False,,"""/proj/zefflab/projects/Flooding/Data/harris_county/catalogs/static/harris_county/static_metadata/hydromt_data.yml"""
/proj/zefflab/projects/Flooding/pipeline/web_launcher/_audit_reports/backend_hydromt_catalog_audit_20260612_174808.txt,52,OLD_PROJ_DATA_ROOT,UNCLEAR_REVIEW,/proj/zefflab/projects/Flooding/Data/harris_county/catalogs/events/harvey_2017_mrms/event_metadata/hydromt_data.yml,/users/e/p/epsilon/Data/Data/harris_county/catalogs/events/harvey_2017_mrms/event_metadata/hydromt_data.yml,False,,--- /proj/zefflab/projects/Flooding/Data/harris_county/catalogs/events/harvey_2017_mrms/event_metadata/hydromt_data.yml ---
/proj/zefflab/projects/Flooding/pipeline/web_launcher/_audit_reports/backend_hydromt_catalog_audit_20260612_174808.txt,52,OLD_PROJ_DATA_ROOT,UNCLEAR_REVIEW,/proj/zefflab/projects/Flooding/Data/harris_county/catalogs/static/harris_county/static_metadata/hydromt_data.yml,/users/e/p/epsilon/Data/Data/harris_county/catalogs/static/harris_county/static_metadata/hydromt_data.yml,False,,--- /proj/zefflab/projects/Flooding/Data/harris_county/catalogs/events/harvey_2017_mrms/event_metadata/hydromt_data.yml ---
/proj/zefflab/projects/Flooding/pipeline/web_launcher/_audit_reports/backend_hydromt_catalog_audit_20260612_174808.txt,85,OLD_PROJ_DATA_ROOT,UNCLEAR_REVIEW,/proj/zefflab/projects/Flooding/Data/harris_county/catalogs/static/harris_county/static_metadata/hydromt_data.yml,/users/e/p/epsilon/Data/Data/harris_county/catalogs/static/harris_county/static_metadata/hydromt_data.yml,False,,--- /proj/zefflab/projects/Flooding/Data/harris_county/catalogs/static/harris_county/static_metadata/hydromt_data.yml ---
/proj/zefflab/projects/Flooding/pipeline/web_launcher/_audit_reports/catalog_detector_full_audit_20260612_172311.txt,11,OLD_PROJ_DATA_ROOT,LIKELY_DOC_OR_LINK,/proj/zefflab/projects/Flooding/Data/harris_county/catalogs/events/harvey_2017_mrms,/users/e/p/epsilon/Data/Data/harris_county/catalogs/events/harvey_2017_mrms,True,,OK  STATIC_CATALOG                     dir                /proj/zefflab/projects/Flooding/Data/harris_county/catalogs/static/harris_county
/proj/zefflab/projects/Flooding/pipeline/web_launcher/_audit_reports/catalog_detector_full_audit_20260612_172311.txt,11,OLD_PROJ_DATA_ROOT,LIKELY_DOC_OR_LINK,/proj/zefflab/projects/Flooding/Data/harris_county/catalogs/static/harris_county,/users/e/p/epsilon/Data/Data/harris_county/catalogs/static/harris_county,True,,OK  STATIC_CATALOG                     dir                /proj/zefflab/projects/Flooding/Data/harris_county/catalogs/static/harris_county
/proj/zefflab/projects/Flooding/pipeline/web_launcher/_audit_reports/catalog_detector_full_audit_20260612_172311.txt,11,OLD_PROJ_DATA_ROOT,LIKELY_DOC_OR_LINK,/proj/zefflab/projects/Flooding/Data/harris_county/catalogs/static/harris_county/dem/README.md,/users/e/p/epsilon/Data/Data/harris_county/catalogs/static/harris_county/dem/README.md,True,,OK  STATIC_CATALOG                     dir                /proj/zefflab/projects/Flooding/Data/harris_county/catalogs/static/harris_county
/proj/zefflab/projects/Flooding/pipeline/web_launcher/_audit_reports/catalog_detector_full_audit_20260612_172311.txt,11,OLD_PROJ_DATA_ROOT,LIKELY_DOC_OR_LINK,/proj/zefflab/projects/Flooding/Data/harris_county/catalogs/static/harris_county/static_metadata/hydromt_data.yml,/users/e/p/epsilon/Data/Data/harris_county/catalogs/static/harris_county/static_metadata/hydromt_data.yml,False,,OK  STATIC_CATALOG                     dir                /proj/zefflab/projects/Flooding/Data/harris_county/catalogs/static/harris_county
/proj/zefflab/projects/Flooding/pipeline/web_launcher/_audit_reports/catalog_detector_full_audit_20260612_172311.txt,11,OLD_PROJ_DATA_ROOT,LIKELY_DOC_OR_LINK,/proj/zefflab/projects/Flooding/Data/harris_county/catalogs/static/harris_county/subgrid/README.md,/users/e/p/epsilon/Data/Data/harris_county/catalogs/static/harris_county/subgrid/README.md,True,,OK  STATIC_CATALOG                     dir                /proj/zefflab/projects/Flooding/Data/harris_county/catalogs/static/harris_county
/proj/zefflab/projects/Flooding/pipeline/web_launcher/_audit_reports/catalog_detector_full_audit_20260612_172311.txt,11,OLD_PROJ_DATA_ROOT,LIKELY_DOC_OR_LINK,/proj/zefflab/projects/Flooding/Data/harris_county/catalogs/static/harris_county/topobathy/HCFCD_DEM_5m_UTM.tif,/users/e/p/epsilon/Data/Data/harris_county/catalogs/static/harris_county/topobathy/HCFCD_DEM_5m_UTM.tif,True,,OK  STATIC_CATALOG                     dir                /proj/zefflab/projects/Flooding/Data/harris_county/catalogs/static/harris_county
/proj/zefflab/projects/Flooding/pipeline/web_launcher/_audit_reports/catalog_detector_full_audit_20260612_172311.txt,12,OLD_PROJ_DATA_ROOT,LIKELY_DOC_OR_LINK,/proj/zefflab/projects/Flooding/Data/harris_county/catalogs/events/harvey_2017_mrms,/users/e/p/epsilon/Data/Data/harris_county/catalogs/events/harvey_2017_mrms,True,,OK  EVENT_CATALOG                      dir                /proj/zefflab/projects/Flooding/Data/harris_county/catalogs/events/harvey_2017_mrms
/proj/zefflab/projects/Flooding/pipeline/web_launcher/_audit_reports/catalog_detector_full_audit_20260612_172311.txt,12,OLD_PROJ_DATA_ROOT,LIKELY_DOC_OR_LINK,/proj/zefflab/projects/Flooding/Data/harris_county/catalogs/static/harris_county,/users/e/p/epsilon/Data/Data/harris_county/catalogs/static/harris_county,True,,OK  EVENT_CATALOG                      dir                /proj/zefflab/projects/Flooding/Data/harris_county/catalogs/events/harvey_2017_mrms
/proj/zefflab/projects/Flooding/pipeline/web_launcher/_audit_reports/catalog_detector_full_audit_20260612_172311.txt,12,OLD_PROJ_DATA_ROOT,LIKELY_DOC_OR_LINK,/proj/zefflab/projects/Flooding/Data/harris_county/catalogs/static/harris_county/curve_number/cn_avg.tif,/users/e/p/epsilon/Data/Data/harris_county/catalogs/static/harris_county/curve_number/cn_avg.tif,True,,OK  EVENT_CATALOG                      dir                /proj/zefflab/projects/Flooding/Data/harris_county/catalogs/events/harvey_2017_mrms
/proj/zefflab/projects/Flooding/pipeline/web_launcher/_audit_reports/catalog_detector_full_audit_20260612_172311.txt,12,OLD_PROJ_DATA_ROOT,LIKELY_DOC_OR_LINK,/proj/zefflab/projects/Flooding/Data/harris_county/catalogs/static/harris_county/dem/README.md,/users/e/p/epsilon/Data/Data/harris_county/catalogs/static/harris_county/dem/README.md,True,,OK  EVENT_CATALOG                      dir                /proj/zefflab/projects/Flooding/Data/harris_county/catalogs/events/harvey_2017_mrms
/proj/zefflab/projects/Flooding/pipeline/web_launcher/_audit_reports/catalog_detector_full_audit_20260612_172311.txt,12,OLD_PROJ_DATA_ROOT,LIKELY_DOC_OR_LINK,/proj/zefflab/projects/Flooding/Data/harris_county/catalogs/static/harris_county/static_metadata/hydromt_data.yml,/users/e/p/epsilon/Data/Data/harris_county/catalogs/static/harris_county/static_metadata/hydromt_data.yml,False,,OK  EVENT_CATALOG                      dir                /proj/zefflab/projects/Flooding/Data/harris_county/catalogs/events/harvey_2017_mrms
/proj/zefflab/projects/Flooding/pipeline/web_launcher/_audit_reports/catalog_detector_full_audit_20260612_172311.txt,12,OLD_PROJ_DATA_ROOT,LIKELY_DOC_OR_LINK,/proj/zefflab/projects/Flooding/Data/harris_county/catalogs/static/harris_county/subgrid/README.md,/users/e/p/epsilon/Data/Data/harris_county/catalogs/static/harris_county/subgrid/README.md,True,,OK  EVENT_CATALOG                      dir                /proj/zefflab/projects/Flooding/Data/harris_county/catalogs/events/harvey_2017_mrms
/proj/zefflab/projects/Flooding/pipeline/web_launcher/_audit_reports/catalog_detector_full_audit_20260612_172311.txt,12,OLD_PROJ_DATA_ROOT,LIKELY_DOC_OR_LINK,/proj/zefflab/projects/Flooding/Data/harris_county/catalogs/static/harris_county/topobathy/HCFCD_DEM_5m_UTM.tif,/users/e/p/epsilon/Data/Data/harris_county/catalogs/static/harris_county/topobathy/HCFCD_DEM_5m_UTM.tif,True,,OK  EVENT_CATALOG                      dir                /proj/zefflab/projects/Flooding/Data/harris_county/catalogs/events/harvey_2017_mrms
/proj/zefflab/projects/Flooding/pipeline/web_launcher/_audit_reports/catalog_detector_full_audit_20260612_172311.txt,16,OLD_PROJ_DATA_ROOT,LIKELY_DOC_OR_LINK,/proj/zefflab/projects/Flooding/Data/harris_county/catalogs/events/harvey_2017_mrms,/users/e/p/epsilon/Data/Data/harris_county/catalogs/events/harvey_2017_mrms,True,,OK  HCFCD_DEM_5m_UTM.tif               file  731212310    /proj/zefflab/projects/Flooding/Data/harris_county/catalogs/static/harris_county/topobathy/HCFCD_DEM_5m_UTM.tif
/proj/zefflab/projects/Flooding/pipeline/web_launcher/_audit_reports/catalog_detector_full_audit_20260612_172311.txt,16,OLD_PROJ_DATA_ROOT,LIKELY_DOC_OR_LINK,/proj/zefflab/projects/Flooding/Data/harris_county/catalogs/static/harris_county,/users/e/p/epsilon/Data/Data/harris_county/catalogs/static/harris_county,True,,OK  HCFCD_DEM_5m_UTM.tif               file  731212310    /proj/zefflab/projects/Flooding/Data/harris_county/catalogs/static/harris_county/topobathy/HCFCD_DEM_5m_UTM.tif
/proj/zefflab/projects/Flooding/pipeline/web_launcher/_audit_reports/catalog_detector_full_audit_20260612_172311.txt,16,OLD_PROJ_DATA_ROOT,LIKELY_DOC_OR_LINK,/proj/zefflab/projects/Flooding/Data/harris_county/catalogs/static/harris_county/curve_number/cn_avg.tif,/users/e/p/epsilon/Data/Data/harris_county/catalogs/static/harris_county/curve_number/cn_avg.tif,True,,OK  HCFCD_DEM_5m_UTM.tif               file  731212310    /proj/zefflab/projects/Flooding/Data/harris_county/catalogs/static/harris_county/topobathy/HCFCD_DEM_5m_UTM.tif
/proj/zefflab/projects/Flooding/pipeline/web_launcher/_audit_reports/catalog_detector_full_audit_20260612_172311.txt,16,OLD_PROJ_DATA_ROOT,LIKELY_DOC_OR_LINK,/proj/zefflab/projects/Flooding/Data/harris_county/catalogs/static/harris_county/curve_number/cn_dry.tif,/users/e/p/epsilon/Data/Data/harris_county/catalogs/static/harris_county/curve_number/cn_dry.tif,False,,OK  HCFCD_DEM_5m_UTM.tif               file  731212310    /proj/zefflab/projects/Flooding/Data/harris_county/catalogs/static/harris_county/topobathy/HCFCD_DEM_5m_UTM.tif
/proj/zefflab/projects/Flooding/pipeline/web_launcher/_audit_reports/catalog_detector_full_audit_20260612_172311.txt,16,OLD_PROJ_DATA_ROOT,LIKELY_DOC_OR_LINK,/proj/zefflab/projects/Flooding/Data/harris_county/catalogs/static/harris_county/curve_number/cn_wet.tif,/users/e/p/epsilon/Data/Data/harris_county/catalogs/static/harris_county/curve_number/cn_wet.tif,False,,OK  HCFCD_DEM_5m_UTM.tif               file  731212310    /proj/zefflab/projects/Flooding/Data/harris_county/catalogs/static/harris_county/topobathy/HCFCD_DEM_5m_UTM.tif
/proj/zefflab/projects/Flooding/pipeline/web_launcher/_audit_reports/catalog_detector_full_audit_20260612_172311.txt,16,OLD_PROJ_DATA_ROOT,LIKELY_DOC_OR_LINK,/proj/zefflab/projects/Flooding/Data/harris_county/catalogs/static/harris_county/dem/README.md,/users/e/p/epsilon/Data/Data/harris_county/catalogs/static/harris_county/dem/README.md,True,,OK  HCFCD_DEM_5m_UTM.tif               file  731212310    /proj/zefflab/projects/Flooding/Data/harris_county/catalogs/static/harris_county/topobathy/HCFCD_DEM_5m_UTM.tif
/proj/zefflab/projects/Flooding/pipeline/web_launcher/_audit_reports/catalog_detector_full_audit_20260612_172311.txt,16,OLD_PROJ_DATA_ROOT,LIKELY_DOC_OR_LINK,/proj/zefflab/projects/Flooding/Data/harris_county/catalogs/static/harris_county/landcover/NLCD_2016_Land_Cover_L48_20190424.img,/users/e/p/epsilon/Data/Data/harris_county/catalogs/static/harris_county/landcover/NLCD_2016_Land_Cover_L48_20190424.img,True,,OK  HCFCD_DEM_5m_UTM.tif               file  731212310    /proj/zefflab/projects/Flooding/Data/harris_county/catalogs/static/harris_county/topobathy/HCFCD_DEM_5m_UTM.tif
/proj/zefflab/projects/Flooding/pipeline/web_launcher/_audit_reports/catalog_detector_full_audit_20260612_172311.txt,16,OLD_PROJ_DATA_ROOT,LIKELY_DOC_OR_LINK,/proj/zefflab/projects/Flooding/Data/harris_county/catalogs/static/harris_county/manning_reclass_table/nlcd_mapping_mean.csv,/users/e/p/epsilon/Data/Data/harris_county/catalogs/static/harris_county/manning_reclass_table/nlcd_mapping_mean.csv,True,,OK  HCFCD_DEM_5m_UTM.tif               file  731212310    /proj/zefflab/projects/Flooding/Data/harris_county/catalogs/static/harris_county/topobathy/HCFCD_DEM_5m_UTM.tif
/proj/zefflab/projects/Flooding/pipeline/web_launcher/_audit_reports/catalog_detector_full_audit_20260612_172311.txt,16,OLD_PROJ_DATA_ROOT,LIKELY_DOC_OR_LINK,/proj/zefflab/projects/Flooding/Data/harris_county/catalogs/static/harris_county/static_metadata/hydromt_data.yml,/users/e/p/epsilon/Data/Data/harris_county/catalogs/static/harris_county/static_metadata/hydromt_data.yml,False,,OK  HCFCD_DEM_5m_UTM.tif               file  731212310    /proj/zefflab/projects/Flooding/Data/harris_county/catalogs/static/harris_county/topobathy/HCFCD_DEM_5m_UTM.tif
/proj/zefflab/projects/Flooding/pipeline/web_launcher/_audit_reports/catalog_detector_full_audit_20260612_172311.txt,16,OLD_PROJ_DATA_ROOT,LIKELY_DOC_OR_LINK,/proj/zefflab/projects/Flooding/Data/harris_county/catalogs/static/harris_county/subgrid/README.md,/users/e/p/epsilon/Data/Data/harris_county/catalogs/static/harris_county/subgrid/README.md,True,,OK  HCFCD_DEM_5m_UTM.tif               file  731212310    /proj/zefflab/projects/Flooding/Data/harris_county/catalogs/static/harris_county/topobathy/HCFCD_DEM_5m_UTM.tif
/proj/zefflab/projects/Flooding/pipeline/web_launcher/_audit_reports/catalog_detector_full_audit_20260612_172311.txt,16,OLD_PROJ_DATA_ROOT,LIKELY_DOC_OR_LINK,/proj/zefflab/projects/Flooding/Data/harris_county/catalogs/static/harris_county/topobathy/HCFCD_DEM_5m_UTM.tif,/users/e/p/epsilon/Data/Data/harris_county/catalogs/static/harris_county/topobathy/HCFCD_DEM_5m_UTM.tif,True,,OK  HCFCD_DEM_5m_UTM.tif               file  731212310    /proj/zefflab/projects/Flooding/Data/harris_county/catalogs/static/harris_county/topobathy/HCFCD_DEM_5m_UTM.tif
/proj/zefflab/projects/Flooding/pipeline/web_launcher/_audit_reports/catalog_detector_full_audit_20260612_172311.txt,17,OLD_PROJ_DATA_ROOT,LIKELY_DOC_OR_LINK,/proj/zefflab/projects/Flooding/Data/harris_county/catalogs/events/harvey_2017_mrms,/users/e/p/epsilon/Data/Data/harris_county/catalogs/events/harvey_2017_mrms,True,,OK  README.md                          file  130          /proj/zefflab/projects/Flooding/Data/harris_county/catalogs/static/harris_county/dem/README.md
/proj/zefflab/projects/Flooding/pipeline/web_launcher/_audit_reports/catalog_detector_full_audit_20260612_172311.txt,17,OLD_PROJ_DATA_ROOT,LIKELY_DOC_OR_LINK,/proj/zefflab/projects/Flooding/Data/harris_county/catalogs/static/harris_county,/users/e/p/epsilon/Data/Data/harris_county/catalogs/static/harris_county,True,,OK  README.md                          file  130          /proj/zefflab/projects/Flooding/Data/harris_county/catalogs/static/harris_county/dem/README.md
/proj/zefflab/projects/Flooding/pipeline/web_launcher/_audit_reports/catalog_detector_full_audit_20260612_172311.txt,17,OLD_PROJ_DATA_ROOT,LIKELY_DOC_OR_LINK,/proj/zefflab/projects/Flooding/Data/harris_county/catalogs/static/harris_county/curve_number/cn_avg.tif,/users/e/p/epsilon/Data/Data/harris_county/catalogs/static/harris_county/curve_number/cn_avg.tif,True,,OK  README.md                          file  130          /proj/zefflab/projects/Flooding/Data/harris_county/catalogs/static/harris_county/dem/README.md
/proj/zefflab/projects/Flooding/pipeline/web_launcher/_audit_reports/catalog_detector_full_audit_20260612_172311.txt,17,OLD_PROJ_DATA_ROOT,LIKELY_DOC_OR_LINK,/proj/zefflab/projects/Flooding/Data/harris_county/catalogs/static/harris_county/curve_number/cn_dry.tif,/users/e/p/epsilon/Data/Data/harris_county/catalogs/static/harris_county/curve_number/cn_dry.tif,False,,OK  README.md                          file  130          /proj/zefflab/projects/Flooding/Data/harris_county/catalogs/static/harris_county/dem/README.md
/proj/zefflab/projects/Flooding/pipeline/web_launcher/_audit_reports/catalog_detector_full_audit_20260612_172311.txt,17,OLD_PROJ_DATA_ROOT,LIKELY_DOC_OR_LINK,/proj/zefflab/projects/Flooding/Data/harris_county/catalogs/static/harris_county/curve_number/cn_wet.tif,/users/e/p/epsilon/Data/Data/harris_county/catalogs/static/harris_county/curve_number/cn_wet.tif,False,,OK  README.md                          file  130          /proj/zefflab/projects/Flooding/Data/harris_county/catalogs/static/harris_county/dem/README.md
/proj/zefflab/projects/Flooding/pipeline/web_launcher/_audit_reports/catalog_detector_full_audit_20260612_172311.txt,17,OLD_PROJ_DATA_ROOT,LIKELY_DOC_OR_LINK,/proj/zefflab/projects/Flooding/Data/harris_county/catalogs/static/harris_county/dem/README.md,/users/e/p/epsilon/Data/Data/harris_county/catalogs/static/harris_county/dem/README.md,True,,OK  README.md                          file  130          /proj/zefflab/projects/Flooding/Data/harris_county/catalogs/static/harris_county/dem/README.md
/proj/zefflab/projects/Flooding/pipeline/web_launcher/_audit_reports/catalog_detector_full_audit_20260612_172311.txt,17,OLD_PROJ_DATA_ROOT,LIKELY_DOC_OR_LINK,/proj/zefflab/projects/Flooding/Data/harris_county/catalogs/static/harris_county/landcover/NLCD_2016_Land_Cover_L48_20190424.img,/users/e/p/epsilon/Data/Data/harris_county/catalogs/static/harris_county/landcover/NLCD_2016_Land_Cover_L48_20190424.img,True,,OK  README.md                          file  130          /proj/zefflab/projects/Flooding/Data/harris_county/catalogs/static/harris_county/dem/README.md
/proj/zefflab/projects/Flooding/pipeline/web_launcher/_audit_reports/catalog_detector_full_audit_20260612_172311.txt,17,OLD_PROJ_DATA_ROOT,LIKELY_DOC_OR_LINK,/proj/zefflab/projects/Flooding/Data/harris_county/catalogs/static/harris_county/manning_reclass_table/nlcd_mapping_mean.csv,/users/e/p/epsilon/Data/Data/harris_county/catalogs/static/harris_county/manning_reclass_table/nlcd_mapping_mean.csv,True,,OK  README.md                          file  130          /proj/zefflab/projects/Flooding/Data/harris_county/catalogs/static/harris_county/dem/README.md
/proj/zefflab/projects/Flooding/pipeline/web_launcher/_audit_reports/catalog_detector_full_audit_20260612_172311.txt,17,OLD_PROJ_DATA_ROOT,LIKELY_DOC_OR_LINK,/proj/zefflab/projects/Flooding/Data/harris_county/catalogs/static/harris_county/region_geom/houston_model.shp,/users/e/p/epsilon/Data/Data/harris_county/catalogs/static/harris_county/region_geom/houston_model.shp,True,,OK  README.md                          file  130          /proj/zefflab/projects/Flooding/Data/harris_county/catalogs/static/harris_county/dem/README.md
/proj/zefflab/projects/Flooding/pipeline/web_launcher/_audit_reports/catalog_detector_full_audit_20260612_172311.txt,17,OLD_PROJ_DATA_ROOT,LIKELY_DOC_OR_LINK,/proj/zefflab/projects/Flooding/Data/harris_county/catalogs/static/harris_county/static_metadata/hydromt_data.yml,/users/e/p/epsilon/Data/Data/harris_county/catalogs/static/harris_county/static_metadata/hydromt_data.yml,False,,OK  README.md                          file  130          /proj/zefflab/projects/Flooding/Data/harris_county/catalogs/static/harris_county/dem/README.md
/proj/zefflab/projects/Flooding/pipeline/web_launcher/_audit_reports/catalog_detector_full_audit_20260612_172311.txt,17,OLD_PROJ_DATA_ROOT,LIKELY_DOC_OR_LINK,/proj/zefflab/projects/Flooding/Data/harris_county/catalogs/static/harris_county/subgrid/README.md,/users/e/p/epsilon/Data/Data/harris_county/catalogs/static/harris_county/subgrid/README.md,True,,OK  README.md                          file  130          /proj/zefflab/projects/Flooding/Data/harris_county/catalogs/static/harris_county/dem/README.md
/proj/zefflab/projects/Flooding/pipeline/web_launcher/_audit_reports/catalog_detector_full_audit_20260612_172311.txt,17,OLD_PROJ_DATA_ROOT,LIKELY_DOC_OR_LINK,/proj/zefflab/projects/Flooding/Data/harris_county/catalogs/static/harris_county/topobathy/HCFCD_DEM_5m_UTM.tif,/users/e/p/epsilon/Data/Data/harris_county/catalogs/static/harris_county/topobathy/HCFCD_DEM_5m_UTM.tif,True,,OK  README.md                          file  130          /proj/zefflab/projects/Flooding/Data/harris_county/catalogs/static/harris_county/dem/README.md
/proj/zefflab/projects/Flooding/pipeline/web_launcher/_audit_reports/catalog_detector_full_audit_20260612_172311.txt,18,OLD_PROJ_DATA_ROOT,LIKELY_DOC_OR_LINK,/proj/zefflab/projects/Flooding/Data/harris_county/catalogs/events/harvey_2017_mrms,/users/e/p/epsilon/Data/Data/harris_county/catalogs/events/harvey_2017_mrms,True,,OK  README.md                          file  183          /proj/zefflab/projects/Flooding/Data/harris_county/catalogs/static/harris_county/subgrid/README.md
/proj/zefflab/projects/Flooding/pipeline/web_launcher/_audit_reports/catalog_detector_full_audit_20260612_172311.txt,18,OLD_PROJ_DATA_ROOT,LIKELY_DOC_OR_LINK,/proj/zefflab/projects/Flooding/Data/harris_county/catalogs/static/harris_county,/users/e/p/epsilon/Data/Data/harris_county/catalogs/static/harris_county,True,,OK  README.md                          file  183          /proj/zefflab/projects/Flooding/Data/harris_county/catalogs/static/harris_county/subgrid/README.md
/proj/zefflab/projects/Flooding/pipeline/web_launcher/_audit_reports/catalog_detector_full_audit_20260612_172311.txt,18,OLD_PROJ_DATA_ROOT,LIKELY_DOC_OR_LINK,/proj/zefflab/projects/Flooding/Data/harris_county/catalogs/static/harris_county/curve_number/cn_avg.tif,/users/e/p/epsilon/Data/Data/harris_county/catalogs/static/harris_county/curve_number/cn_avg.tif,True,,OK  README.md                          file  183          /proj/zefflab/projects/Flooding/Data/harris_county/catalogs/static/harris_county/subgrid/README.md
/proj/zefflab/projects/Flooding/pipeline/web_launcher/_audit_reports/catalog_detector_full_audit_20260612_172311.txt,18,OLD_PROJ_DATA_ROOT,LIKELY_DOC_OR_LINK,/proj/zefflab/projects/Flooding/Data/harris_county/catalogs/static/harris_county/curve_number/cn_dry.tif,/users/e/p/epsilon/Data/Data/harris_county/catalogs/static/harris_county/curve_number/cn_dry.tif,False,,OK  README.md                          file  183          /proj/zefflab/projects/Flooding/Data/harris_county/catalogs/static/harris_county/subgrid/README.md
/proj/zefflab/projects/Flooding/pipeline/web_launcher/_audit_reports/catalog_detector_full_audit_20260612_172311.txt,18,OLD_PROJ_DATA_ROOT,LIKELY_DOC_OR_LINK,/proj/zefflab/projects/Flooding/Data/harris_county/catalogs/static/harris_county/curve_number/cn_wet.tif,/users/e/p/epsilon/Data/Data/harris_county/catalogs/static/harris_county/curve_number/cn_wet.tif,False,,OK  README.md                          file  183          /proj/zefflab/projects/Flooding/Data/harris_county/catalogs/static/harris_county/subgrid/README.md
/proj/zefflab/projects/Flooding/pipeline/web_launcher/_audit_reports/catalog_detector_full_audit_20260612_172311.txt,18,OLD_PROJ_DATA_ROOT,LIKELY_DOC_OR_LINK,/proj/zefflab/projects/Flooding/Data/harris_county/catalogs/static/harris_county/dem/README.md,/users/e/p/epsilon/Data/Data/harris_county/catalogs/static/harris_county/dem/README.md,True,,OK  README.md                          file  183          /proj/zefflab/projects/Flooding/Data/harris_county/catalogs/static/harris_county/subgrid/README.md
/proj/zefflab/projects/Flooding/pipeline/web_launcher/_audit_reports/catalog_detector_full_audit_20260612_172311.txt,18,OLD_PROJ_DATA_ROOT,LIKELY_DOC_OR_LINK,/proj/zefflab/projects/Flooding/Data/harris_county/catalogs/static/harris_county/landcover/NLCD_2016_Land_Cover_L48_20190424.img,/users/e/p/epsilon/Data/Data/harris_county/catalogs/static/harris_county/landcover/NLCD_2016_Land_Cover_L48_20190424.img,True,,OK  README.md                          file  183          /proj/zefflab/projects/Flooding/Data/harris_county/catalogs/static/harris_county/subgrid/README.md
/proj/zefflab/projects/Flooding/pipeline/web_launcher/_audit_reports/catalog_detector_full_audit_20260612_172311.txt,18,OLD_PROJ_DATA_ROOT,LIKELY_DOC_OR_LINK,/proj/zefflab/projects/Flooding/Data/harris_county/catalogs/static/harris_county/manning_reclass_table/nlcd_mapping_mean.csv,/users/e/p/epsilon/Data/Data/harris_county/catalogs/static/harris_county/manning_reclass_table/nlcd_mapping_mean.csv,True,,OK  README.md                          file  183          /proj/zefflab/projects/Flooding/Data/harris_county/catalogs/static/harris_county/subgrid/README.md
/proj/zefflab/projects/Flooding/pipeline/web_launcher/_audit_reports/catalog_detector_full_audit_20260612_172311.txt,18,OLD_PROJ_DATA_ROOT,LIKELY_DOC_OR_LINK,/proj/zefflab/projects/Flooding/Data/harris_county/catalogs/static/harris_county/region_geom/houston_model.shp,/users/e/p/epsilon/Data/Data/harris_county/catalogs/static/harris_county/region_geom/houston_model.shp,True,,OK  README.md                          file  183          /proj/zefflab/projects/Flooding/Data/harris_county/catalogs/static/harris_county/subgrid/README.md
/proj/zefflab/projects/Flooding/pipeline/web_launcher/_audit_reports/catalog_detector_full_audit_20260612_172311.txt,18,OLD_PROJ_DATA_ROOT,LIKELY_DOC_OR_LINK,/proj/zefflab/projects/Flooding/Data/harris_county/catalogs/static/harris_county/static_metadata/hydromt_data.yml,/users/e/p/epsilon/Data/Data/harris_county/catalogs/static/harris_county/static_metadata/hydromt_data.yml,False,,OK  README.md                          file  183          /proj/zefflab/projects/Flooding/Data/harris_county/catalogs/static/harris_county/subgrid/README.md
/proj/zefflab/projects/Flooding/pipeline/web_launcher/_audit_reports/catalog_detector_full_audit_20260612_172311.txt,18,OLD_PROJ_DATA_ROOT,LIKELY_DOC_OR_LINK,/proj/zefflab/projects/Flooding/Data/harris_county/catalogs/static/harris_county/structures_thin_dams/AB_dams.shp,/users/e/p/epsilon/Data/Data/harris_county/catalogs/static/harris_county/structures_thin_dams/AB_dams.shp,True,,OK  README.md                          file  183          /proj/zefflab/projects/Flooding/Data/harris_county/catalogs/static/harris_county/subgrid/README.md
/proj/zefflab/projects/Flooding/pipeline/web_launcher/_audit_reports/catalog_detector_full_audit_20260612_172311.txt,18,OLD_PROJ_DATA_ROOT,LIKELY_DOC_OR_LINK,/proj/zefflab/projects/Flooding/Data/harris_county/catalogs/static/harris_county/subgrid/README.md,/users/e/p/epsilon/Data/Data/harris_county/catalogs/static/harris_county/subgrid/README.md,True,,OK  README.md                          file  183          /proj/zefflab/projects/Flooding/Data/harris_county/catalogs/static/harris_county/subgrid/README.md
/proj/zefflab/projects/Flooding/pipeline/web_launcher/_audit_reports/catalog_detector_full_audit_20260612_172311.txt,18,OLD_PROJ_DATA_ROOT,LIKELY_DOC_OR_LINK,/proj/zefflab/projects/Flooding/Data/harris_county/catalogs/static/harris_county/topobathy/HCFCD_DEM_5m_UTM.tif,/users/e/p/epsilon/Data/Data/harris_county/catalogs/static/harris_county/topobathy/HCFCD_DEM_5m_UTM.tif,True,,OK  README.md                          file  183          /proj/zefflab/projects/Flooding/Data/harris_county/catalogs/static/harris_county/subgrid/README.md
/proj/zefflab/projects/Flooding/pipeline/web_launcher/_audit_reports/catalog_detector_full_audit_20260612_172311.txt,19,OLD_PROJ_DATA_ROOT,LIKELY_DOC_OR_LINK,/proj/zefflab/projects/Flooding/Data/harris_county/catalogs/events/harvey_2017_mrms,/users/e/p/epsilon/Data/Data/harris_county/catalogs/events/harvey_2017_mrms,True,,OK  hydromt_data.yml                   file  5370         /proj/zefflab/projects/Flooding/Data/harris_county/catalogs/static/harris_county/static_metadata/hydromt_data.yml
/proj/zefflab/projects/Flooding/pipeline/web_launcher/_audit_reports/catalog_detector_full_audit_20260612_172311.txt,19,OLD_PROJ_DATA_ROOT,LIKELY_DOC_OR_LINK,/proj/zefflab/projects/Flooding/Data/harris_county/catalogs/events/harvey_2017_mrms/event_runtime_window/event_runtime_window.csv,/users/e/p/epsilon/Data/Data/harris_county/catalogs/events/harvey_2017_mrms/event_runtime_window/event_runtime_window.csv,True,,OK  hydromt_data.yml                   file  5370         /proj/zefflab/projects/Flooding/Data/harris_county/catalogs/static/harris_county/static_metadata/hydromt_data.yml
/proj/zefflab/projects/Flooding/pipeline/web_launcher/_audit_reports/catalog_detector_full_audit_20260612_172311.txt,19,OLD_PROJ_DATA_ROOT,LIKELY_DOC_OR_LINK,/proj/zefflab/projects/Flooding/Data/harris_county/catalogs/static/harris_county,/users/e/p/epsilon/Data/Data/harris_county/catalogs/static/harris_county,True,,OK  hydromt_data.yml                   file  5370         /proj/zefflab/projects/Flooding/Data/harris_county/catalogs/static/harris_county/static_metadata/hydromt_data.yml
/proj/zefflab/projects/Flooding/pipeline/web_launcher/_audit_reports/catalog_detector_full_audit_20260612_172311.txt,19,OLD_PROJ_DATA_ROOT,LIKELY_DOC_OR_LINK,/proj/zefflab/projects/Flooding/Data/harris_county/catalogs/static/harris_county/curve_number/cn_avg.tif,/users/e/p/epsilon/Data/Data/harris_county/catalogs/static/harris_county/curve_number/cn_avg.tif,True,,OK  hydromt_data.yml                   file  5370         /proj/zefflab/projects/Flooding/Data/harris_county/catalogs/static/harris_county/static_metadata/hydromt_data.yml
/proj/zefflab/projects/Flooding/pipeline/web_launcher/_audit_reports/catalog_detector_full_audit_20260612_172311.txt,19,OLD_PROJ_DATA_ROOT,LIKELY_DOC_OR_LINK,/proj/zefflab/projects/Flooding/Data/harris_county/catalogs/static/harris_county/curve_number/cn_dry.tif,/users/e/p/epsilon/Data/Data/harris_county/catalogs/static/harris_county/curve_number/cn_dry.tif,False,,OK  hydromt_data.yml                   file  5370         /proj/zefflab/projects/Flooding/Data/harris_county/catalogs/static/harris_county/static_metadata/hydromt_data.yml
/proj/zefflab/projects/Flooding/pipeline/web_launcher/_audit_reports/catalog_detector_full_audit_20260612_172311.txt,19,OLD_PROJ_DATA_ROOT,LIKELY_DOC_OR_LINK,/proj/zefflab/projects/Flooding/Data/harris_county/catalogs/static/harris_county/curve_number/cn_wet.tif,/users/e/p/epsilon/Data/Data/harris_county/catalogs/static/harris_county/curve_number/cn_wet.tif,False,,OK  hydromt_data.yml                   file  5370         /proj/zefflab/projects/Flooding/Data/harris_county/catalogs/static/harris_county/static_metadata/hydromt_data.yml
/proj/zefflab/projects/Flooding/pipeline/web_launcher/_audit_reports/catalog_detector_full_audit_20260612_172311.txt,19,OLD_PROJ_DATA_ROOT,LIKELY_DOC_OR_LINK,/proj/zefflab/projects/Flooding/Data/harris_county/catalogs/static/harris_county/dem/README.md,/users/e/p/epsilon/Data/Data/harris_county/catalogs/static/harris_county/dem/README.md,True,,OK  hydromt_data.yml                   file  5370         /proj/zefflab/projects/Flooding/Data/harris_county/catalogs/static/harris_county/static_metadata/hydromt_data.yml
/proj/zefflab/projects/Flooding/pipeline/web_launcher/_audit_reports/catalog_detector_full_audit_20260612_172311.txt,19,OLD_PROJ_DATA_ROOT,LIKELY_DOC_OR_LINK,/proj/zefflab/projects/Flooding/Data/harris_county/catalogs/static/harris_county/landcover/NLCD_2016_Land_Cover_L48_20190424.img,/users/e/p/epsilon/Data/Data/harris_county/catalogs/static/harris_county/landcover/NLCD_2016_Land_Cover_L48_20190424.img,True,,OK  hydromt_data.yml                   file  5370         /proj/zefflab/projects/Flooding/Data/harris_county/catalogs/static/harris_county/static_metadata/hydromt_data.yml
/proj/zefflab/projects/Flooding/pipeline/web_launcher/_audit_reports/catalog_detector_full_audit_20260612_172311.txt,19,OLD_PROJ_DATA_ROOT,LIKELY_DOC_OR_LINK,/proj/zefflab/projects/Flooding/Data/harris_county/catalogs/static/harris_county/manning_reclass_table/nlcd_mapping_mean.csv,/users/e/p/epsilon/Data/Data/harris_county/catalogs/static/harris_county/manning_reclass_table/nlcd_mapping_mean.csv,True,,OK  hydromt_data.yml                   file  5370         /proj/zefflab/projects/Flooding/Data/harris_county/catalogs/static/harris_county/static_metadata/hydromt_data.yml
/proj/zefflab/projects/Flooding/pipeline/web_launcher/_audit_reports/catalog_detector_full_audit_20260612_172311.txt,19,OLD_PROJ_DATA_ROOT,LIKELY_DOC_OR_LINK,/proj/zefflab/projects/Flooding/Data/harris_county/catalogs/static/harris_county/region_geom/houston_model.shp,/users/e/p/epsilon/Data/Data/harris_county/catalogs/static/harris_county/region_geom/houston_model.shp,True,,OK  hydromt_data.yml                   file  5370         /proj/zefflab/projects/Flooding/Data/harris_county/catalogs/static/harris_county/static_metadata/hydromt_data.yml
/proj/zefflab/projects/Flooding/pipeline/web_launcher/_audit_reports/catalog_detector_full_audit_20260612_172311.txt,19,OLD_PROJ_DATA_ROOT,LIKELY_DOC_OR_LINK,/proj/zefflab/projects/Flooding/Data/harris_county/catalogs/static/harris_county/static_metadata/hydromt_data.yml,/users/e/p/epsilon/Data/Data/harris_county/catalogs/static/harris_county/static_metadata/hydromt_data.yml,False,,OK  hydromt_data.yml                   file  5370         /proj/zefflab/projects/Flooding/Data/harris_county/catalogs/static/harris_county/static_metadata/hydromt_data.yml
/proj/zefflab/projects/Flooding/pipeline/web_launcher/_audit_reports/catalog_detector_full_audit_20260612_172311.txt,19,OLD_PROJ_DATA_ROOT,LIKELY_DOC_OR_LINK,/proj/zefflab/projects/Flooding/Data/harris_county/catalogs/static/harris_county/structures_thin_dams/AB_dams.shp,/users/e/p/epsilon/Data/Data/harris_county/catalogs/static/harris_county/structures_thin_dams/AB_dams.shp,True,,OK  hydromt_data.yml                   file  5370         /proj/zefflab/projects/Flooding/Data/harris_county/catalogs/static/harris_county/static_metadata/hydromt_data.yml
/proj/zefflab/projects/Flooding/pipeline/web_launcher/_audit_reports/catalog_detector_full_audit_20260612_172311.txt,19,OLD_PROJ_DATA_ROOT,LIKELY_DOC_OR_LINK,/proj/zefflab/projects/Flooding/Data/harris_county/catalogs/static/harris_county/subgrid/README.md,/users/e/p/epsilon/Data/Data/harris_county/catalogs/static/harris_county/subgrid/README.md,True,,OK  hydromt_data.yml                   file  5370         /proj/zefflab/projects/Flooding/Data/harris_county/catalogs/static/harris_county/static_metadata/hydromt_data.yml
/proj/zefflab/projects/Flooding/pipeline/web_launcher/_audit_reports/catalog_detector_full_audit_20260612_172311.txt,19,OLD_PROJ_DATA_ROOT,LIKELY_DOC_OR_LINK,/proj/zefflab/projects/Flooding/Data/harris_county/catalogs/static/harris_county/topobathy/HCFCD_DEM_5m_UTM.tif,/users/e/p/epsilon/Data/Data/harris_county/catalogs/static/harris_county/topobathy/HCFCD_DEM_5m_UTM.tif,True,,OK  hydromt_data.yml                   file  5370         /proj/zefflab/projects/Flooding/Data/harris_county/catalogs/static/harris_county/static_metadata/hydromt_data.yml
/proj/zefflab/projects/Flooding/pipeline/web_launcher/_audit_reports/catalog_detector_full_audit_20260612_172311.txt,20,OLD_PROJ_DATA_ROOT,LIKELY_DOC_OR_LINK,/proj/zefflab/projects/Flooding/Data/harris_county/catalogs/events/harvey_2017_mrms,/users/e/p/epsilon/Data/Data/harris_county/catalogs/events/harvey_2017_mrms,True,,OK  cn_avg.tif                         file  640146429    /proj/zefflab/projects/Flooding/Data/harris_county/catalogs/static/harris_county/curve_number/cn_avg.tif
/proj/zefflab/projects/Flooding/pipeline/web_launcher/_audit_reports/catalog_detector_full_audit_20260612_172311.txt,20,OLD_PROJ_DATA_ROOT,LIKELY_DOC_OR_LINK,/proj/zefflab/projects/Flooding/Data/harris_county/catalogs/events/harvey_2017_mrms/event_precip/harvey_mrms.nc,/users/e/p/epsilon/Data/Data/harris_county/catalogs/events/harvey_2017_mrms/event_precip/harvey_mrms.nc,True,,OK  cn_avg.tif                         file  640146429    /proj/zefflab/projects/Flooding/Data/harris_county/catalogs/static/harris_county/curve_number/cn_avg.tif
/proj/zefflab/projects/Flooding/pipeline/web_launcher/_audit_reports/catalog_detector_full_audit_20260612_172311.txt,20,OLD_PROJ_DATA_ROOT,LIKELY_DOC_OR_LINK,/proj/zefflab/projects/Flooding/Data/harris_county/catalogs/events/harvey_2017_mrms/event_runtime_window/event_runtime_window.csv,/users/e/p/epsilon/Data/Data/harris_county/catalogs/events/harvey_2017_mrms/event_runtime_window/event_runtime_window.csv,True,,OK  cn_avg.tif                         file  640146429    /proj/zefflab/projects/Flooding/Data/harris_county/catalogs/static/harris_county/curve_number/cn_avg.tif
/proj/zefflab/projects/Flooding/pipeline/web_launcher/_audit_reports/catalog_detector_full_audit_20260612_172311.txt,20,OLD_PROJ_DATA_ROOT,LIKELY_DOC_OR_LINK,/proj/zefflab/projects/Flooding/Data/harris_county/catalogs/static/harris_county/curve_number/cn_avg.tif,/users/e/p/epsilon/Data/Data/harris_county/catalogs/static/harris_county/curve_number/cn_avg.tif,True,,OK  cn_avg.tif                         file  640146429    /proj/zefflab/projects/Flooding/Data/harris_county/catalogs/static/harris_county/curve_number/cn_avg.tif
/proj/zefflab/projects/Flooding/pipeline/web_launcher/_audit_reports/catalog_detector_full_audit_20260612_172311.txt,20,OLD_PROJ_DATA_ROOT,LIKELY_DOC_OR_LINK,/proj/zefflab/projects/Flooding/Data/harris_county/catalogs/static/harris_county/curve_number/cn_dry.tif,/users/e/p/epsilon/Data/Data/harris_county/catalogs/static/harris_county/curve_number/cn_dry.tif,False,,OK  cn_avg.tif                         file  640146429    /proj/zefflab/projects/Flooding/Data/harris_county/catalogs/static/harris_county/curve_number/cn_avg.tif
/proj/zefflab/projects/Flooding/pipeline/web_launcher/_audit_reports/catalog_detector_full_audit_20260612_172311.txt,20,OLD_PROJ_DATA_ROOT,LIKELY_DOC_OR_LINK,/proj/zefflab/projects/Flooding/Data/harris_county/catalogs/static/harris_county/curve_number/cn_wet.tif,/users/e/p/epsilon/Data/Data/harris_county/catalogs/static/harris_county/curve_number/cn_wet.tif,False,,OK  cn_avg.tif                         file  640146429    /proj/zefflab/projects/Flooding/Data/harris_county/catalogs/static/harris_county/curve_number/cn_avg.tif
/proj/zefflab/projects/Flooding/pipeline/web_launcher/_audit_reports/catalog_detector_full_audit_20260612_172311.txt,20,OLD_PROJ_DATA_ROOT,LIKELY_DOC_OR_LINK,/proj/zefflab/projects/Flooding/Data/harris_county/catalogs/static/harris_county/dem/README.md,/users/e/p/epsilon/Data/Data/harris_county/catalogs/static/harris_county/dem/README.md,True,,OK  cn_avg.tif                         file  640146429    /proj/zefflab/projects/Flooding/Data/harris_county/catalogs/static/harris_county/curve_number/cn_avg.tif
/proj/zefflab/projects/Flooding/pipeline/web_launcher/_audit_reports/catalog_detector_full_audit_20260612_172311.txt,20,OLD_PROJ_DATA_ROOT,LIKELY_DOC_OR_LINK,/proj/zefflab/projects/Flooding/Data/harris_county/catalogs/static/harris_county/landcover/NLCD_2016_Land_Cover_L48_20190424.img,/users/e/p/epsilon/Data/Data/harris_county/catalogs/static/harris_county/landcover/NLCD_2016_Land_Cover_L48_20190424.img,True,,OK  cn_avg.tif                         file  640146429    /proj/zefflab/projects/Flooding/Data/harris_county/catalogs/static/harris_county/curve_number/cn_avg.tif
/proj/zefflab/projects/Flooding/pipeline/web_launcher/_audit_reports/catalog_detector_full_audit_20260612_172311.txt,20,OLD_PROJ_DATA_ROOT,LIKELY_DOC_OR_LINK,/proj/zefflab/projects/Flooding/Data/harris_county/catalogs/static/harris_county/manning_reclass_table/nlcd_mapping_mean.csv,/users/e/p/epsilon/Data/Data/harris_county/catalogs/static/harris_county/manning_reclass_table/nlcd_mapping_mean.csv,True,,OK  cn_avg.tif                         file  640146429    /proj/zefflab/projects/Flooding/Data/harris_county/catalogs/static/harris_county/curve_number/cn_avg.tif
/proj/zefflab/projects/Flooding/pipeline/web_launcher/_audit_reports/catalog_detector_full_audit_20260612_172311.txt,20,OLD_PROJ_DATA_ROOT,LIKELY_DOC_OR_LINK,/proj/zefflab/projects/Flooding/Data/harris_county/catalogs/static/harris_county/region_geom/houston_model.shp,/users/e/p/epsilon/Data/Data/harris_county/catalogs/static/harris_county/region_geom/houston_model.shp,True,,OK  cn_avg.tif                         file  640146429    /proj/zefflab/projects/Flooding/Data/harris_county/catalogs/static/harris_county/curve_number/cn_avg.tif
/proj/zefflab/projects/Flooding/pipeline/web_launcher/_audit_reports/catalog_detector_full_audit_20260612_172311.txt,20,OLD_PROJ_DATA_ROOT,LIKELY_DOC_OR_LINK,/proj/zefflab/projects/Flooding/Data/harris_county/catalogs/static/harris_county/static_metadata/hydromt_data.yml,/users/e/p/epsilon/Data/Data/harris_county/catalogs/static/harris_county/static_metadata/hydromt_data.yml,False,,OK  cn_avg.tif                         file  640146429    /proj/zefflab/projects/Flooding/Data/harris_county/catalogs/static/harris_county/curve_number/cn_avg.tif
/proj/zefflab/projects/Flooding/pipeline/web_launcher/_audit_reports/catalog_detector_full_audit_20260612_172311.txt,20,OLD_PROJ_DATA_ROOT,LIKELY_DOC_OR_LINK,/proj/zefflab/projects/Flooding/Data/harris_county/catalogs/static/harris_county/structures_thin_dams/AB_dams.shp,/users/e/p/epsilon/Data/Data/harris_county/catalogs/static/harris_county/structures_thin_dams/AB_dams.shp,True,,OK  cn_avg.tif                         file  640146429    /proj/zefflab/projects/Flooding/Data/harris_county/catalogs/static/harris_county/curve_number/cn_avg.tif
/proj/zefflab/projects/Flooding/pipeline/web_launcher/_audit_reports/catalog_detector_full_audit_20260612_172311.txt,20,OLD_PROJ_DATA_ROOT,LIKELY_DOC_OR_LINK,/proj/zefflab/projects/Flooding/Data/harris_county/catalogs/static/harris_county/subgrid/README.md,/users/e/p/epsilon/Data/Data/harris_county/catalogs/static/harris_county/subgrid/README.md,True,,OK  cn_avg.tif                         file  640146429    /proj/zefflab/projects/Flooding/Data/harris_county/catalogs/static/harris_county/curve_number/cn_avg.tif
/proj/zefflab/projects/Flooding/pipeline/web_launcher/_audit_reports/catalog_detector_full_audit_20260612_172311.txt,20,OLD_PROJ_DATA_ROOT,LIKELY_DOC_OR_LINK,/proj/zefflab/projects/Flooding/Data/harris_county/catalogs/static/harris_county/topobathy/HCFCD_DEM_5m_UTM.tif,/users/e/p/epsilon/Data/Data/harris_county/catalogs/static/harris_county/topobathy/HCFCD_DEM_5m_UTM.tif,True,,OK  cn_avg.tif                         file  640146429    /proj/zefflab/projects/Flooding/Data/harris_county/catalogs/static/harris_county/curve_number/cn_avg.tif
/proj/zefflab/projects/Flooding/pipeline/web_launcher/_audit_reports/catalog_detector_full_audit_20260612_172311.txt,21,OLD_PROJ_DATA_ROOT,LIKELY_DOC_OR_LINK,/proj/zefflab/projects/Flooding/Data/harris_county/catalogs/events/harvey_2017_mrms/event_precip/harvey_mrms.nc,/users/e/p/epsilon/Data/Data/harris_county/catalogs/events/harvey_2017_mrms/event_precip/harvey_mrms.nc,True,,OK  cn_wet.tif                         file  613372086    /proj/zefflab/projects/Flooding/Data/harris_county/catalogs/static/harris_county/curve_number/cn_wet.tif
/proj/zefflab/projects/Flooding/pipeline/web_launcher/_audit_reports/catalog_detector_full_audit_20260612_172311.txt,21,OLD_PROJ_DATA_ROOT,LIKELY_DOC_OR_LINK,/proj/zefflab/projects/Flooding/Data/harris_county/catalogs/events/harvey_2017_mrms/event_runtime_window/event_runtime_window.csv,/users/e/p/epsilon/Data/Data/harris_county/catalogs/events/harvey_2017_mrms/event_runtime_window/event_runtime_window.csv,True,,OK  cn_wet.tif                         file  613372086    /proj/zefflab/projects/Flooding/Data/harris_county/catalogs/static/harris_county/curve_number/cn_wet.tif
/proj/zefflab/projects/Flooding/pipeline/web_launcher/_audit_reports/catalog_detector_full_audit_20260612_172311.txt,21,OLD_PROJ_DATA_ROOT,LIKELY_DOC_OR_LINK,/proj/zefflab/projects/Flooding/Data/harris_county/catalogs/events/harvey_2017_mrms/event_waterlevel/harvey_houston_wl_bc.csv,/users/e/p/epsilon/Data/Data/harris_county/catalogs/events/harvey_2017_mrms/event_waterlevel/harvey_houston_wl_bc.csv,True,,OK  cn_wet.tif                         file  613372086    /proj/zefflab/projects/Flooding/Data/harris_county/catalogs/static/harris_county/curve_number/cn_wet.tif
/proj/zefflab/projects/Flooding/pipeline/web_launcher/_audit_reports/catalog_detector_full_audit_20260612_172311.txt,21,OLD_PROJ_DATA_ROOT,LIKELY_DOC_OR_LINK,/proj/zefflab/projects/Flooding/Data/harris_county/catalogs/static/harris_county/curve_number/cn_avg.tif,/users/e/p/epsilon/Data/Data/harris_county/catalogs/static/harris_county/curve_number/cn_avg.tif,True,,OK  cn_wet.tif                         file  613372086    /proj/zefflab/projects/Flooding/Data/harris_county/catalogs/static/harris_county/curve_number/cn_wet.tif
/proj/zefflab/projects/Flooding/pipeline/web_launcher/_audit_reports/catalog_detector_full_audit_20260612_172311.txt,21,OLD_PROJ_DATA_ROOT,LIKELY_DOC_OR_LINK,/proj/zefflab/projects/Flooding/Data/harris_county/catalogs/static/harris_county/curve_number/cn_dry.tif,/users/e/p/epsilon/Data/Data/harris_county/catalogs/static/harris_county/curve_number/cn_dry.tif,False,,OK  cn_wet.tif                         file  613372086    /proj/zefflab/projects/Flooding/Data/harris_county/catalogs/static/harris_county/curve_number/cn_wet.tif
/proj/zefflab/projects/Flooding/pipeline/web_launcher/_audit_reports/catalog_detector_full_audit_20260612_172311.txt,21,OLD_PROJ_DATA_ROOT,LIKELY_DOC_OR_LINK,/proj/zefflab/projects/Flooding/Data/harris_county/catalogs/static/harris_county/curve_number/cn_wet.tif,/users/e/p/epsilon/Data/Data/harris_county/catalogs/static/harris_county/curve_number/cn_wet.tif,False,,OK  cn_wet.tif                         file  613372086    /proj/zefflab/projects/Flooding/Data/harris_county/catalogs/static/harris_county/curve_number/cn_wet.tif
/proj/zefflab/projects/Flooding/pipeline/web_launcher/_audit_reports/catalog_detector_full_audit_20260612_172311.txt,21,OLD_PROJ_DATA_ROOT,LIKELY_DOC_OR_LINK,/proj/zefflab/projects/Flooding/Data/harris_county/catalogs/static/harris_county/dem/README.md,/users/e/p/epsilon/Data/Data/harris_county/catalogs/static/harris_county/dem/README.md,True,,OK  cn_wet.tif                         file  613372086    /proj/zefflab/projects/Flooding/Data/harris_county/catalogs/static/harris_county/curve_number/cn_wet.tif
/proj/zefflab/projects/Flooding/pipeline/web_launcher/_audit_reports/catalog_detector_full_audit_20260612_172311.txt,21,OLD_PROJ_DATA_ROOT,LIKELY_DOC_OR_LINK,/proj/zefflab/projects/Flooding/Data/harris_county/catalogs/static/harris_county/landcover/NLCD_2016_Land_Cover_L48_20190424.img,/users/e/p/epsilon/Data/Data/harris_county/catalogs/static/harris_county/landcover/NLCD_2016_Land_Cover_L48_20190424.img,True,,OK  cn_wet.tif                         file  613372086    /proj/zefflab/projects/Flooding/Data/harris_county/catalogs/static/harris_county/curve_number/cn_wet.tif
/proj/zefflab/projects/Flooding/pipeline/web_launcher/_audit_reports/catalog_detector_full_audit_20260612_172311.txt,21,OLD_PROJ_DATA_ROOT,LIKELY_DOC_OR_LINK,/proj/zefflab/projects/Flooding/Data/harris_county/catalogs/static/harris_county/manning_reclass_table/nlcd_mapping_mean.csv,/users/e/p/epsilon/Data/Data/harris_county/catalogs/static/harris_county/manning_reclass_table/nlcd_mapping_mean.csv,True,,OK  cn_wet.tif                         file  613372086    /proj/zefflab/projects/Flooding/Data/harris_county/catalogs/static/harris_county/curve_number/cn_wet.tif
/proj/zefflab/projects/Flooding/pipeline/web_launcher/_audit_reports/catalog_detector_full_audit_20260612_172311.txt,21,OLD_PROJ_DATA_ROOT,LIKELY_DOC_OR_LINK,/proj/zefflab/projects/Flooding/Data/harris_county/catalogs/static/harris_county/region_geom/houston_model.shp,/users/e/p/epsilon/Data/Data/harris_county/catalogs/static/harris_county/region_geom/houston_model.shp,True,,OK  cn_wet.tif                         file  613372086    /proj/zefflab/projects/Flooding/Data/harris_county/catalogs/static/harris_county/curve_number/cn_wet.tif
/proj/zefflab/projects/Flooding/pipeline/web_launcher/_audit_reports/catalog_detector_full_audit_20260612_172311.txt,21,OLD_PROJ_DATA_ROOT,LIKELY_DOC_OR_LINK,/proj/zefflab/projects/Flooding/Data/harris_county/catalogs/static/harris_county/static_metadata/hydromt_data.yml,/users/e/p/epsilon/Data/Data/harris_county/catalogs/static/harris_county/static_metadata/hydromt_data.yml,False,,OK  cn_wet.tif                         file  613372086    /proj/zefflab/projects/Flooding/Data/harris_county/catalogs/static/harris_county/curve_number/cn_wet.tif
/proj/zefflab/projects/Flooding/pipeline/web_launcher/_audit_reports/catalog_detector_full_audit_20260612_172311.txt,21,OLD_PROJ_DATA_ROOT,LIKELY_DOC_OR_LINK,/proj/zefflab/projects/Flooding/Data/harris_county/catalogs/static/harris_county/structures_thin_dams/AB_dams.shp,/users/e/p/epsilon/Data/Data/harris_county/catalogs/static/harris_county/structures_thin_dams/AB_dams.shp,True,,OK  cn_wet.tif                         file  613372086    /proj/zefflab/projects/Flooding/Data/harris_county/catalogs/static/harris_county/curve_number/cn_wet.tif
/proj/zefflab/projects/Flooding/pipeline/web_launcher/_audit_reports/catalog_detector_full_audit_20260612_172311.txt,21,OLD_PROJ_DATA_ROOT,LIKELY_DOC_OR_LINK,/proj/zefflab/projects/Flooding/Data/harris_county/catalogs/static/harris_county/subgrid/README.md,/users/e/p/epsilon/Data/Data/harris_county/catalogs/static/harris_county/subgrid/README.md,True,,OK  cn_wet.tif                         file  613372086    /proj/zefflab/projects/Flooding/Data/harris_county/catalogs/static/harris_county/curve_number/cn_wet.tif
/proj/zefflab/projects/Flooding/pipeline/web_launcher/_audit_reports/catalog_detector_full_audit_20260612_172311.txt,21,OLD_PROJ_DATA_ROOT,LIKELY_DOC_OR_LINK,/proj/zefflab/projects/Flooding/Data/harris_county/catalogs/static/harris_county/topobathy/HCFCD_DEM_5m_UTM.tif,/users/e/p/epsilon/Data/Data/harris_county/catalogs/static/harris_county/topobathy/HCFCD_DEM_5m_UTM.tif,True,,OK  cn_wet.tif                         file  613372086    /proj/zefflab/projects/Flooding/Data/harris_county/catalogs/static/harris_county/curve_number/cn_wet.tif
/proj/zefflab/projects/Flooding/pipeline/web_launcher/_audit_reports/catalog_detector_full_audit_20260612_172311.txt,22,OLD_PROJ_DATA_ROOT,LIKELY_DOC_OR_LINK,/proj/zefflab/projects/Flooding/Data/harris_county/catalogs/events/harvey_2017_mrms/event_precip/harvey_mrms.nc,/users/e/p/epsilon/Data/Data/harris_county/catalogs/events/harvey_2017_mrms/event_precip/harvey_mrms.nc,True,,OK  cn_dry.tif                         file  640146429    /proj/zefflab/projects/Flooding/Data/harris_county/catalogs/static/harris_county/curve_number/cn_dry.tif
/proj/zefflab/projects/Flooding/pipeline/web_launcher/_audit_reports/catalog_detector_full_audit_20260612_172311.txt,22,OLD_PROJ_DATA_ROOT,LIKELY_DOC_OR_LINK,/proj/zefflab/projects/Flooding/Data/harris_county/catalogs/events/harvey_2017_mrms/event_runtime_window/event_runtime_window.csv,/users/e/p/epsilon/Data/Data/harris_county/catalogs/events/harvey_2017_mrms/event_runtime_window/event_runtime_window.csv,True,,OK  cn_dry.tif                         file  640146429    /proj/zefflab/projects/Flooding/Data/harris_county/catalogs/static/harris_county/curve_number/cn_dry.tif
/proj/zefflab/projects/Flooding/pipeline/web_launcher/_audit_reports/catalog_detector_full_audit_20260612_172311.txt,22,OLD_PROJ_DATA_ROOT,LIKELY_DOC_OR_LINK,/proj/zefflab/projects/Flooding/Data/harris_county/catalogs/events/harvey_2017_mrms/event_source_table/event_source_table.csv,/users/e/p/epsilon/Data/Data/harris_county/catalogs/events/harvey_2017_mrms/event_source_table/event_source_table.csv,True,,OK  cn_dry.tif                         file  640146429    /proj/zefflab/projects/Flooding/Data/harris_county/catalogs/static/harris_county/curve_number/cn_dry.tif
/proj/zefflab/projects/Flooding/pipeline/web_launcher/_audit_reports/catalog_detector_full_audit_20260612_172311.txt,22,OLD_PROJ_DATA_ROOT,LIKELY_DOC_OR_LINK,/proj/zefflab/projects/Flooding/Data/harris_county/catalogs/events/harvey_2017_mrms/event_waterlevel/harvey_houston_wl_bc.csv,/users/e/p/epsilon/Data/Data/harris_county/catalogs/events/harvey_2017_mrms/event_waterlevel/harvey_houston_wl_bc.csv,True,,OK  cn_dry.tif                         file  640146429    /proj/zefflab/projects/Flooding/Data/harris_county/catalogs/static/harris_county/curve_number/cn_dry.tif
/proj/zefflab/projects/Flooding/pipeline/web_launcher/_audit_reports/catalog_detector_full_audit_20260612_172311.txt,22,OLD_PROJ_DATA_ROOT,LIKELY_DOC_OR_LINK,/proj/zefflab/projects/Flooding/Data/harris_county/catalogs/static/harris_county/curve_number/cn_avg.tif,/users/e/p/epsilon/Data/Data/harris_county/catalogs/static/harris_county/curve_number/cn_avg.tif,True,,OK  cn_dry.tif                         file  640146429    /proj/zefflab/projects/Flooding/Data/harris_county/catalogs/static/harris_county/curve_number/cn_dry.tif
/proj/zefflab/projects/Flooding/pipeline/web_launcher/_audit_reports/catalog_detector_full_audit_20260612_172311.txt,22,OLD_PROJ_DATA_ROOT,LIKELY_DOC_OR_LINK,/proj/zefflab/projects/Flooding/Data/harris_county/catalogs/static/harris_county/curve_number/cn_dry.tif,/users/e/p/epsilon/Data/Data/harris_county/catalogs/static/harris_county/curve_number/cn_dry.tif,False,,OK  cn_dry.tif                         file  640146429    /proj/zefflab/projects/Flooding/Data/harris_county/catalogs/static/harris_county/curve_number/cn_dry.tif
/proj/zefflab/projects/Flooding/pipeline/web_launcher/_audit_reports/catalog_detector_full_audit_20260612_172311.txt,22,OLD_PROJ_DATA_ROOT,LIKELY_DOC_OR_LINK,/proj/zefflab/projects/Flooding/Data/harris_county/catalogs/static/harris_county/curve_number/cn_wet.tif,/users/e/p/epsilon/Data/Data/harris_county/catalogs/static/harris_county/curve_number/cn_wet.tif,False,,OK  cn_dry.tif                         file  640146429    /proj/zefflab/projects/Flooding/Data/harris_county/catalogs/static/harris_county/curve_number/cn_dry.tif
/proj/zefflab/projects/Flooding/pipeline/web_launcher/_audit_reports/catalog_detector_full_audit_20260612_172311.txt,22,OLD_PROJ_DATA_ROOT,LIKELY_DOC_OR_LINK,/proj/zefflab/projects/Flooding/Data/harris_county/catalogs/static/harris_county/dem/README.md,/users/e/p/epsilon/Data/Data/harris_county/catalogs/static/harris_county/dem/README.md,True,,OK  cn_dry.tif                         file  640146429    /proj/zefflab/projects/Flooding/Data/harris_county/catalogs/static/harris_county/curve_number/cn_dry.tif
/proj/zefflab/projects/Flooding/pipeline/web_launcher/_audit_reports/catalog_detector_full_audit_20260612_172311.txt,22,OLD_PROJ_DATA_ROOT,LIKELY_DOC_OR_LINK,/proj/zefflab/projects/Flooding/Data/harris_county/catalogs/static/harris_county/landcover/NLCD_2016_Land_Cover_L48_20190424.img,/users/e/p/epsilon/Data/Data/harris_county/catalogs/static/harris_county/landcover/NLCD_2016_Land_Cover_L48_20190424.img,True,,OK  cn_dry.tif                         file  640146429    /proj/zefflab/projects/Flooding/Data/harris_county/catalogs/static/harris_county/curve_number/cn_dry.tif
/proj/zefflab/projects/Flooding/pipeline/web_launcher/_audit_reports/catalog_detector_full_audit_20260612_172311.txt,22,OLD_PROJ_DATA_ROOT,LIKELY_DOC_OR_LINK,/proj/zefflab/projects/Flooding/Data/harris_county/catalogs/static/harris_county/manning_reclass_table/nlcd_mapping_mean.csv,/users/e/p/epsilon/Data/Data/harris_county/catalogs/static/harris_county/manning_reclass_table/nlcd_mapping_mean.csv,True,,OK  cn_dry.tif                         file  640146429    /proj/zefflab/projects/Flooding/Data/harris_county/catalogs/static/harris_county/curve_number/cn_dry.tif
/proj/zefflab/projects/Flooding/pipeline/web_launcher/_audit_reports/catalog_detector_full_audit_20260612_172311.txt,22,OLD_PROJ_DATA_ROOT,LIKELY_DOC_OR_LINK,/proj/zefflab/projects/Flooding/Data/harris_county/catalogs/static/harris_county/region_geom/houston_model.shp,/users/e/p/epsilon/Data/Data/harris_county/catalogs/static/harris_county/region_geom/houston_model.shp,True,,OK  cn_dry.tif                         file  640146429    /proj/zefflab/projects/Flooding/Data/harris_county/catalogs/static/harris_county/curve_number/cn_dry.tif
/proj/zefflab/projects/Flooding/pipeline/web_launcher/_audit_reports/catalog_detector_full_audit_20260612_172311.txt,22,OLD_PROJ_DATA_ROOT,LIKELY_DOC_OR_LINK,/proj/zefflab/projects/Flooding/Data/harris_county/catalogs/static/harris_county/static_metadata/hydromt_data.yml,/users/e/p/epsilon/Data/Data/harris_county/catalogs/static/harris_county/static_metadata/hydromt_data.yml,False,,OK  cn_dry.tif                         file  640146429    /proj/zefflab/projects/Flooding/Data/harris_county/catalogs/static/harris_county/curve_number/cn_dry.tif
/proj/zefflab/projects/Flooding/pipeline/web_launcher/_audit_reports/catalog_detector_full_audit_20260612_172311.txt,22,OLD_PROJ_DATA_ROOT,LIKELY_DOC_OR_LINK,/proj/zefflab/projects/Flooding/Data/harris_county/catalogs/static/harris_county/structures_thin_dams/AB_dams.shp,/users/e/p/epsilon/Data/Data/harris_county/catalogs/static/harris_county/structures_thin_dams/AB_dams.shp,True,,OK  cn_dry.tif                         file  640146429    /proj/zefflab/projects/Flooding/Data/harris_county/catalogs/static/harris_county/curve_number/cn_dry.tif
/proj/zefflab/projects/Flooding/pipeline/web_launcher/_audit_reports/catalog_detector_full_audit_20260612_172311.txt,22,OLD_PROJ_DATA_ROOT,LIKELY_DOC_OR_LINK,/proj/zefflab/projects/Flooding/Data/harris_county/catalogs/static/harris_county/subgrid/README.md,/users/e/p/epsilon/Data/Data/harris_county/catalogs/static/harris_county/subgrid/README.md,True,,OK  cn_dry.tif                         file  640146429    /proj/zefflab/projects/Flooding/Data/harris_county/catalogs/static/harris_county/curve_number/cn_dry.tif
/proj/zefflab/projects/Flooding/pipeline/web_launcher/_audit_reports/catalog_detector_full_audit_20260612_172311.txt,22,OLD_PROJ_DATA_ROOT,LIKELY_DOC_OR_LINK,/proj/zefflab/projects/Flooding/Data/harris_county/catalogs/static/harris_county/topobathy/HCFCD_DEM_5m_UTM.tif,/users/e/p/epsilon/Data/Data/harris_county/catalogs/static/harris_county/topobathy/HCFCD_DEM_5m_UTM.tif,True,,OK  cn_dry.tif                         file  640146429    /proj/zefflab/projects/Flooding/Data/harris_county/catalogs/static/harris_county/curve_number/cn_dry.tif
/proj/zefflab/projects/Flooding/pipeline/web_launcher/_audit_reports/catalog_detector_full_audit_20260612_172311.txt,23,OLD_PROJ_DATA_ROOT,LIKELY_DOC_OR_LINK,/proj/zefflab/projects/Flooding/Data/harris_county/catalogs/events/harvey_2017_mrms/event_discharge/harvey_houston_q_bc.csv,/users/e/p/epsilon/Data/Data/harris_county/catalogs/events/harvey_2017_mrms/event_discharge/harvey_houston_q_bc.csv,True,,OK  NLCD_2016_Land_Cover_L48_20190424.img file  28700        /proj/zefflab/projects/Flooding/Data/harris_county/catalogs/static/harris_county/landcover/NLCD_2016_Land_Cover_L48_20190424.img
/proj/zefflab/projects/Flooding/pipeline/web_launcher/_audit_reports/catalog_detector_full_audit_20260612_172311.txt,23,OLD_PROJ_DATA_ROOT,LIKELY_DOC_OR_LINK,/proj/zefflab/projects/Flooding/Data/harris_county/catalogs/events/harvey_2017_mrms/event_precip/harvey_mrms.nc,/users/e/p/epsilon/Data/Data/harris_county/catalogs/events/harvey_2017_mrms/event_precip/harvey_mrms.nc,True,,OK  NLCD_2016_Land_Cover_L48_20190424.img file  28700        /proj/zefflab/projects/Flooding/Data/harris_county/catalogs/static/harris_county/landcover/NLCD_2016_Land_Cover_L48_20190424.img
/proj/zefflab/projects/Flooding/pipeline/web_launcher/_audit_reports/catalog_detector_full_audit_20260612_172311.txt,23,OLD_PROJ_DATA_ROOT,LIKELY_DOC_OR_LINK,/proj/zefflab/projects/Flooding/Data/harris_county/catalogs/events/harvey_2017_mrms/event_runtime_window/event_runtime_window.csv,/users/e/p/epsilon/Data/Data/harris_county/catalogs/events/harvey_2017_mrms/event_runtime_window/event_runtime_window.csv,True,,OK  NLCD_2016_Land_Cover_L48_20190424.img file  28700        /proj/zefflab/projects/Flooding/Data/harris_county/catalogs/static/harris_county/landcover/NLCD_2016_Land_Cover_L48_20190424.img
/proj/zefflab/projects/Flooding/pipeline/web_launcher/_audit_reports/catalog_detector_full_audit_20260612_172311.txt,23,OLD_PROJ_DATA_ROOT,LIKELY_DOC_OR_LINK,/proj/zefflab/projects/Flooding/Data/harris_county/catalogs/events/harvey_2017_mrms/event_source_table/event_source_table.csv,/users/e/p/epsilon/Data/Data/harris_county/catalogs/events/harvey_2017_mrms/event_source_table/event_source_table.csv,True,,OK  NLCD_2016_Land_Cover_L48_20190424.img file  28700        /proj/zefflab/projects/Flooding/Data/harris_county/catalogs/static/harris_county/landcover/NLCD_2016_Land_Cover_L48_20190424.img
/proj/zefflab/projects/Flooding/pipeline/web_launcher/_audit_reports/catalog_detector_full_audit_20260612_172311.txt,23,OLD_PROJ_DATA_ROOT,LIKELY_DOC_OR_LINK,/proj/zefflab/projects/Flooding/Data/harris_county/catalogs/events/harvey_2017_mrms/event_waterlevel/harvey_houston_wl_bc.csv,/users/e/p/epsilon/Data/Data/harris_county/catalogs/events/harvey_2017_mrms/event_waterlevel/harvey_houston_wl_bc.csv,True,,OK  NLCD_2016_Land_Cover_L48_20190424.img file  28700        /proj/zefflab/projects/Flooding/Data/harris_county/catalogs/static/harris_county/landcover/NLCD_2016_Land_Cover_L48_20190424.img
/proj/zefflab/projects/Flooding/pipeline/web_launcher/_audit_reports/catalog_detector_full_audit_20260612_172311.txt,23,OLD_PROJ_DATA_ROOT,LIKELY_DOC_OR_LINK,/proj/zefflab/projects/Flooding/Data/harris_county/catalogs/static/harris_county/curve_number/cn_avg.tif,/users/e/p/epsilon/Data/Data/harris_county/catalogs/static/harris_county/curve_number/cn_avg.tif,True,,OK  NLCD_2016_Land_Cover_L48_20190424.img file  28700        /proj/zefflab/projects/Flooding/Data/harris_county/catalogs/static/harris_county/landcover/NLCD_2016_Land_Cover_L48_20190424.img
/proj/zefflab/projects/Flooding/pipeline/web_launcher/_audit_reports/catalog_detector_full_audit_20260612_172311.txt,23,OLD_PROJ_DATA_ROOT,LIKELY_DOC_OR_LINK,/proj/zefflab/projects/Flooding/Data/harris_county/catalogs/static/harris_county/curve_number/cn_dry.tif,/users/e/p/epsilon/Data/Data/harris_county/catalogs/static/harris_county/curve_number/cn_dry.tif,False,,OK  NLCD_2016_Land_Cover_L48_20190424.img file  28700        /proj/zefflab/projects/Flooding/Data/harris_county/catalogs/static/harris_county/landcover/NLCD_2016_Land_Cover_L48_20190424.img
/proj/zefflab/projects/Flooding/pipeline/web_launcher/_audit_reports/catalog_detector_full_audit_20260612_172311.txt,23,OLD_PROJ_DATA_ROOT,LIKELY_DOC_OR_LINK,/proj/zefflab/projects/Flooding/Data/harris_county/catalogs/static/harris_county/curve_number/cn_wet.tif,/users/e/p/epsilon/Data/Data/harris_county/catalogs/static/harris_county/curve_number/cn_wet.tif,False,,OK  NLCD_2016_Land_Cover_L48_20190424.img file  28700        /proj/zefflab/projects/Flooding/Data/harris_county/catalogs/static/harris_county/landcover/NLCD_2016_Land_Cover_L48_20190424.img
/proj/zefflab/projects/Flooding/pipeline/web_launcher/_audit_reports/catalog_detector_full_audit_20260612_172311.txt,23,OLD_PROJ_DATA_ROOT,LIKELY_DOC_OR_LINK,/proj/zefflab/projects/Flooding/Data/harris_county/catalogs/static/harris_county/dem/README.md,/users/e/p/epsilon/Data/Data/harris_county/catalogs/static/harris_county/dem/README.md,True,,OK  NLCD_2016_Land_Cover_L48_20190424.img file  28700        /proj/zefflab/projects/Flooding/Data/harris_county/catalogs/static/harris_county/landcover/NLCD_2016_Land_Cover_L48_20190424.img
/proj/zefflab/projects/Flooding/pipeline/web_launcher/_audit_reports/catalog_detector_full_audit_20260612_172311.txt,23,OLD_PROJ_DATA_ROOT,LIKELY_DOC_OR_LINK,/proj/zefflab/projects/Flooding/Data/harris_county/catalogs/static/harris_county/landcover/NLCD_2016_Land_Cover_L48_20190424.img,/users/e/p/epsilon/Data/Data/harris_county/catalogs/static/harris_county/landcover/NLCD_2016_Land_Cover_L48_20190424.img,True,,OK  NLCD_2016_Land_Cover_L48_20190424.img file  28700        /proj/zefflab/projects/Flooding/Data/harris_county/catalogs/static/harris_county/landcover/NLCD_2016_Land_Cover_L48_20190424.img
/proj/zefflab/projects/Flooding/pipeline/web_launcher/_audit_reports/catalog_detector_full_audit_20260612_172311.txt,23,OLD_PROJ_DATA_ROOT,LIKELY_DOC_OR_LINK,/proj/zefflab/projects/Flooding/Data/harris_county/catalogs/static/harris_county/manning_reclass_table/nlcd_mapping_mean.csv,/users/e/p/epsilon/Data/Data/harris_county/catalogs/static/harris_county/manning_reclass_table/nlcd_mapping_mean.csv,True,,OK  NLCD_2016_Land_Cover_L48_20190424.img file  28700        /proj/zefflab/projects/Flooding/Data/harris_county/catalogs/static/harris_county/landcover/NLCD_2016_Land_Cover_L48_20190424.img
/proj/zefflab/projects/Flooding/pipeline/web_launcher/_audit_reports/catalog_detector_full_audit_20260612_172311.txt,23,OLD_PROJ_DATA_ROOT,LIKELY_DOC_OR_LINK,/proj/zefflab/projects/Flooding/Data/harris_county/catalogs/static/harris_county/region_geom/houston_model.shp,/users/e/p/epsilon/Data/Data/harris_county/catalogs/static/harris_county/region_geom/houston_model.shp,True,,OK  NLCD_2016_Land_Cover_L48_20190424.img file  28700        /proj/zefflab/projects/Flooding/Data/harris_county/catalogs/static/harris_county/landcover/NLCD_2016_Land_Cover_L48_20190424.img
/proj/zefflab/projects/Flooding/pipeline/web_launcher/_audit_reports/catalog_detector_full_audit_20260612_172311.txt,23,OLD_PROJ_DATA_ROOT,LIKELY_DOC_OR_LINK,/proj/zefflab/projects/Flooding/Data/harris_county/catalogs/static/harris_county/static_metadata/hydromt_data.yml,/users/e/p/epsilon/Data/Data/harris_county/catalogs/static/harris_county/static_metadata/hydromt_data.yml,False,,OK  NLCD_2016_Land_Cover_L48_20190424.img file  28700        /proj/zefflab/projects/Flooding/Data/harris_county/catalogs/static/harris_county/landcover/NLCD_2016_Land_Cover_L48_20190424.img
/proj/zefflab/projects/Flooding/pipeline/web_launcher/_audit_reports/catalog_detector_full_audit_20260612_172311.txt,23,OLD_PROJ_DATA_ROOT,LIKELY_DOC_OR_LINK,/proj/zefflab/projects/Flooding/Data/harris_county/catalogs/static/harris_county/structures_thin_dams/AB_dams.shp,/users/e/p/epsilon/Data/Data/harris_county/catalogs/static/harris_county/structures_thin_dams/AB_dams.shp,True,,OK  NLCD_2016_Land_Cover_L48_20190424.img file  28700        /proj/zefflab/projects/Flooding/Data/harris_county/catalogs/static/harris_county/landcover/NLCD_2016_Land_Cover_L48_20190424.img
/proj/zefflab/projects/Flooding/pipeline/web_launcher/_audit_reports/catalog_detector_full_audit_20260612_172311.txt,23,OLD_PROJ_DATA_ROOT,LIKELY_DOC_OR_LINK,/proj/zefflab/projects/Flooding/Data/harris_county/catalogs/static/harris_county/subgrid/README.md,/users/e/p/epsilon/Data/Data/harris_county/catalogs/static/harris_county/subgrid/README.md,True,,OK  NLCD_2016_Land_Cover_L48_20190424.img file  28700        /proj/zefflab/projects/Flooding/Data/harris_county/catalogs/static/harris_county/landcover/NLCD_2016_Land_Cover_L48_20190424.img
/proj/zefflab/projects/Flooding/pipeline/web_launcher/_audit_reports/catalog_detector_full_audit_20260612_172311.txt,23,OLD_PROJ_DATA_ROOT,LIKELY_DOC_OR_LINK,/proj/zefflab/projects/Flooding/Data/harris_county/catalogs/static/harris_county/topobathy/HCFCD_DEM_5m_UTM.tif,/users/e/p/epsilon/Data/Data/harris_county/catalogs/static/harris_county/topobathy/HCFCD_DEM_5m_UTM.tif,True,,OK  NLCD_2016_Land_Cover_L48_20190424.img file  28700        /proj/zefflab/projects/Flooding/Data/harris_county/catalogs/static/harris_county/landcover/NLCD_2016_Land_Cover_L48_20190424.img
/proj/zefflab/projects/Flooding/pipeline/web_launcher/_audit_reports/catalog_detector_full_audit_20260612_172311.txt,24,OLD_PROJ_DATA_ROOT,LIKELY_DOC_OR_LINK,/proj/zefflab/projects/Flooding/Data/harris_county/catalogs/events/harvey_2017_mrms/event_discharge/harvey_houston_q_bc.csv,/users/e/p/epsilon/Data/Data/harris_county/catalogs/events/harvey_2017_mrms/event_discharge/harvey_houston_q_bc.csv,True,,OK  nlcd_mapping_mean.csv              file  177          /proj/zefflab/projects/Flooding/Data/harris_county/catalogs/static/harris_county/manning_reclass_table/nlcd_mapping_mean.csv
/proj/zefflab/projects/Flooding/pipeline/web_launcher/_audit_reports/catalog_detector_full_audit_20260612_172311.txt,24,OLD_PROJ_DATA_ROOT,LIKELY_DOC_OR_LINK,/proj/zefflab/projects/Flooding/Data/harris_county/catalogs/events/harvey_2017_mrms/event_precip/harvey_mrms.nc,/users/e/p/epsilon/Data/Data/harris_county/catalogs/events/harvey_2017_mrms/event_precip/harvey_mrms.nc,True,,OK  nlcd_mapping_mean.csv              file  177          /proj/zefflab/projects/Flooding/Data/harris_county/catalogs/static/harris_county/manning_reclass_table/nlcd_mapping_mean.csv
/proj/zefflab/projects/Flooding/pipeline/web_launcher/_audit_reports/catalog_detector_full_audit_20260612_172311.txt,24,OLD_PROJ_DATA_ROOT,LIKELY_DOC_OR_LINK,/proj/zefflab/projects/Flooding/Data/harris_county/catalogs/events/harvey_2017_mrms/event_runtime_window/event_runtime_window.csv,/users/e/p/epsilon/Data/Data/harris_county/catalogs/events/harvey_2017_mrms/event_runtime_window/event_runtime_window.csv,True,,OK  nlcd_mapping_mean.csv              file  177          /proj/zefflab/projects/Flooding/Data/harris_county/catalogs/static/harris_county/manning_reclass_table/nlcd_mapping_mean.csv
/proj/zefflab/projects/Flooding/pipeline/web_launcher/_audit_reports/catalog_detector_full_audit_20260612_172311.txt,24,OLD_PROJ_DATA_ROOT,LIKELY_DOC_OR_LINK,/proj/zefflab/projects/Flooding/Data/harris_county/catalogs/events/harvey_2017_mrms/event_source_table/event_source_table.csv,/users/e/p/epsilon/Data/Data/harris_county/catalogs/events/harvey_2017_mrms/event_source_table/event_source_table.csv,True,,OK  nlcd_mapping_mean.csv              file  177          /proj/zefflab/projects/Flooding/Data/harris_county/catalogs/static/harris_county/manning_reclass_table/nlcd_mapping_mean.csv
/proj/zefflab/projects/Flooding/pipeline/web_launcher/_audit_reports/catalog_detector_full_audit_20260612_172311.txt,24,OLD_PROJ_DATA_ROOT,LIKELY_DOC_OR_LINK,/proj/zefflab/projects/Flooding/Data/harris_county/catalogs/events/harvey_2017_mrms/event_validation_points/profiles/lite/sfincs_obs_points_lite.xy,/users/e/p/epsilon/Data/Data/harris_county/catalogs/events/harvey_2017_mrms/event_validation_points/profiles/lite/sfincs_obs_points_lite.xy,False,,OK  nlcd_mapping_mean.csv              file  177          /proj/zefflab/projects/Flooding/Data/harris_county/catalogs/static/harris_county/manning_reclass_table/nlcd_mapping_mean.csv
/proj/zefflab/projects/Flooding/pipeline/web_launcher/_audit_reports/catalog_detector_full_audit_20260612_172311.txt,24,OLD_PROJ_DATA_ROOT,LIKELY_DOC_OR_LINK,/proj/zefflab/projects/Flooding/Data/harris_county/catalogs/events/harvey_2017_mrms/event_waterlevel/harvey_houston_wl_bc.csv,/users/e/p/epsilon/Data/Data/harris_county/catalogs/events/harvey_2017_mrms/event_waterlevel/harvey_houston_wl_bc.csv,True,,OK  nlcd_mapping_mean.csv              file  177          /proj/zefflab/projects/Flooding/Data/harris_county/catalogs/static/harris_county/manning_reclass_table/nlcd_mapping_mean.csv
/proj/zefflab/projects/Flooding/pipeline/web_launcher/_audit_reports/catalog_detector_full_audit_20260612_172311.txt,24,OLD_PROJ_DATA_ROOT,LIKELY_DOC_OR_LINK,/proj/zefflab/projects/Flooding/Data/harris_county/catalogs/static/harris_county/curve_number/cn_avg.tif,/users/e/p/epsilon/Data/Data/harris_county/catalogs/static/harris_county/curve_number/cn_avg.tif,True,,OK  nlcd_mapping_mean.csv              file  177          /proj/zefflab/projects/Flooding/Data/harris_county/catalogs/static/harris_county/manning_reclass_table/nlcd_mapping_mean.csv
/proj/zefflab/projects/Flooding/pipeline/web_launcher/_audit_reports/catalog_detector_full_audit_20260612_172311.txt,24,OLD_PROJ_DATA_ROOT,LIKELY_DOC_OR_LINK,/proj/zefflab/projects/Flooding/Data/harris_county/catalogs/static/harris_county/curve_number/cn_dry.tif,/users/e/p/epsilon/Data/Data/harris_county/catalogs/static/harris_county/curve_number/cn_dry.tif,False,,OK  nlcd_mapping_mean.csv              file  177          /proj/zefflab/projects/Flooding/Data/harris_county/catalogs/static/harris_county/manning_reclass_table/nlcd_mapping_mean.csv
/proj/zefflab/projects/Flooding/pipeline/web_launcher/_audit_reports/catalog_detector_full_audit_20260612_172311.txt,24,OLD_PROJ_DATA_ROOT,LIKELY_DOC_OR_LINK,/proj/zefflab/projects/Flooding/Data/harris_county/catalogs/static/harris_county/curve_number/cn_wet.tif,/users/e/p/epsilon/Data/Data/harris_county/catalogs/static/harris_county/curve_number/cn_wet.tif,False,,OK  nlcd_mapping_mean.csv              file  177          /proj/zefflab/projects/Flooding/Data/harris_county/catalogs/static/harris_county/manning_reclass_table/nlcd_mapping_mean.csv
/proj/zefflab/projects/Flooding/pipeline/web_launcher/_audit_reports/catalog_detector_full_audit_20260612_172311.txt,24,OLD_PROJ_DATA_ROOT,LIKELY_DOC_OR_LINK,/proj/zefflab/projects/Flooding/Data/harris_county/catalogs/static/harris_county/dem/README.md,/users/e/p/epsilon/Data/Data/harris_county/catalogs/static/harris_county/dem/README.md,True,,OK  nlcd_mapping_mean.csv              file  177          /proj/zefflab/projects/Flooding/Data/harris_county/catalogs/static/harris_county/manning_reclass_table/nlcd_mapping_mean.csv
/proj/zefflab/projects/Flooding/pipeline/web_launcher/_audit_reports/catalog_detector_full_audit_20260612_172311.txt,24,OLD_PROJ_DATA_ROOT,LIKELY_DOC_OR_LINK,/proj/zefflab/projects/Flooding/Data/harris_county/catalogs/static/harris_county/landcover/NLCD_2016_Land_Cover_L48_20190424.img,/users/e/p/epsilon/Data/Data/harris_county/catalogs/static/harris_county/landcover/NLCD_2016_Land_Cover_L48_20190424.img,True,,OK  nlcd_mapping_mean.csv              file  177          /proj/zefflab/projects/Flooding/Data/harris_county/catalogs/static/harris_county/manning_reclass_table/nlcd_mapping_mean.csv
/proj/zefflab/projects/Flooding/pipeline/web_launcher/_audit_reports/catalog_detector_full_audit_20260612_172311.txt,24,OLD_PROJ_DATA_ROOT,LIKELY_DOC_OR_LINK,/proj/zefflab/projects/Flooding/Data/harris_county/catalogs/static/harris_county/manning_reclass_table/nlcd_mapping_mean.csv,/users/e/p/epsilon/Data/Data/harris_county/catalogs/static/harris_county/manning_reclass_table/nlcd_mapping_mean.csv,True,,OK  nlcd_mapping_mean.csv              file  177          /proj/zefflab/projects/Flooding/Data/harris_county/catalogs/static/harris_county/manning_reclass_table/nlcd_mapping_mean.csv
/proj/zefflab/projects/Flooding/pipeline/web_launcher/_audit_reports/catalog_detector_full_audit_20260612_172311.txt,24,OLD_PROJ_DATA_ROOT,LIKELY_DOC_OR_LINK,/proj/zefflab/projects/Flooding/Data/harris_county/catalogs/static/harris_county/region_geom/houston_model.shp,/users/e/p/epsilon/Data/Data/harris_county/catalogs/static/harris_county/region_geom/houston_model.shp,True,,OK  nlcd_mapping_mean.csv              file  177          /proj/zefflab/projects/Flooding/Data/harris_county/catalogs/static/harris_county/manning_reclass_table/nlcd_mapping_mean.csv
/proj/zefflab/projects/Flooding/pipeline/web_launcher/_audit_reports/catalog_detector_full_audit_20260612_172311.txt,24,OLD_PROJ_DATA_ROOT,LIKELY_DOC_OR_LINK,/proj/zefflab/projects/Flooding/Data/harris_county/catalogs/static/harris_county/static_metadata/hydromt_data.yml,/users/e/p/epsilon/Data/Data/harris_county/catalogs/static/harris_county/static_metadata/hydromt_data.yml,False,,OK  nlcd_mapping_mean.csv              file  177          /proj/zefflab/projects/Flooding/Data/harris_county/catalogs/static/harris_county/manning_reclass_table/nlcd_mapping_mean.csv
/proj/zefflab/projects/Flooding/pipeline/web_launcher/_audit_reports/catalog_detector_full_audit_20260612_172311.txt,24,OLD_PROJ_DATA_ROOT,LIKELY_DOC_OR_LINK,/proj/zefflab/projects/Flooding/Data/harris_county/catalogs/static/harris_county/structures_thin_dams/AB_dams.shp,/users/e/p/epsilon/Data/Data/harris_county/catalogs/static/harris_county/structures_thin_dams/AB_dams.shp,True,,OK  nlcd_mapping_mean.csv              file  177          /proj/zefflab/projects/Flooding/Data/harris_county/catalogs/static/harris_county/manning_reclass_table/nlcd_mapping_mean.csv
/proj/zefflab/projects/Flooding/pipeline/web_launcher/_audit_reports/catalog_detector_full_audit_20260612_172311.txt,24,OLD_PROJ_DATA_ROOT,LIKELY_DOC_OR_LINK,/proj/zefflab/projects/Flooding/Data/harris_county/catalogs/static/harris_county/subgrid/README.md,/users/e/p/epsilon/Data/Data/harris_county/catalogs/static/harris_county/subgrid/README.md,True,,OK  nlcd_mapping_mean.csv              file  177          /proj/zefflab/projects/Flooding/Data/harris_county/catalogs/static/harris_county/manning_reclass_table/nlcd_mapping_mean.csv
/proj/zefflab/projects/Flooding/pipeline/web_launcher/_audit_reports/catalog_detector_full_audit_20260612_172311.txt,24,OLD_PROJ_DATA_ROOT,LIKELY_DOC_OR_LINK,/proj/zefflab/projects/Flooding/Data/harris_county/catalogs/static/harris_county/topobathy/HCFCD_DEM_5m_UTM.tif,/users/e/p/epsilon/Data/Data/harris_county/catalogs/static/harris_county/topobathy/HCFCD_DEM_5m_UTM.tif,True,,OK  nlcd_mapping_mean.csv              file  177          /proj/zefflab/projects/Flooding/Data/harris_county/catalogs/static/harris_county/manning_reclass_table/nlcd_mapping_mean.csv
/proj/zefflab/projects/Flooding/pipeline/web_launcher/_audit_reports/catalog_detector_full_audit_20260612_172311.txt,25,OLD_PROJ_DATA_ROOT,LIKELY_DOC_OR_LINK,/proj/zefflab/projects/Flooding/Data/harris_county/catalogs/events/harvey_2017_mrms/event_discharge/harvey_houston_q_bc.csv,/users/e/p/epsilon/Data/Data/harris_county/catalogs/events/harvey_2017_mrms/event_discharge/harvey_houston_q_bc.csv,True,,OK  houston_model.shp                  file  52716        /proj/zefflab/projects/Flooding/Data/harris_county/catalogs/static/harris_county/region_geom/houston_model.shp
/proj/zefflab/projects/Flooding/pipeline/web_launcher/_audit_reports/catalog_detector_full_audit_20260612_172311.txt,25,OLD_PROJ_DATA_ROOT,LIKELY_DOC_OR_LINK,/proj/zefflab/projects/Flooding/Data/harris_county/catalogs/events/harvey_2017_mrms/event_precip/harvey_mrms.nc,/users/e/p/epsilon/Data/Data/harris_county/catalogs/events/harvey_2017_mrms/event_precip/harvey_mrms.nc,True,,OK  houston_model.shp                  file  52716        /proj/zefflab/projects/Flooding/Data/harris_county/catalogs/static/harris_county/region_geom/houston_model.shp
/proj/zefflab/projects/Flooding/pipeline/web_launcher/_audit_reports/catalog_detector_full_audit_20260612_172311.txt,25,OLD_PROJ_DATA_ROOT,LIKELY_DOC_OR_LINK,/proj/zefflab/projects/Flooding/Data/harris_county/catalogs/events/harvey_2017_mrms/event_runtime_window/event_runtime_window.csv,/users/e/p/epsilon/Data/Data/harris_county/catalogs/events/harvey_2017_mrms/event_runtime_window/event_runtime_window.csv,True,,OK  houston_model.shp                  file  52716        /proj/zefflab/projects/Flooding/Data/harris_county/catalogs/static/harris_county/region_geom/houston_model.shp
/proj/zefflab/projects/Flooding/pipeline/web_launcher/_audit_reports/catalog_detector_full_audit_20260612_172311.txt,25,OLD_PROJ_DATA_ROOT,LIKELY_DOC_OR_LINK,/proj/zefflab/projects/Flooding/Data/harris_county/catalogs/events/harvey_2017_mrms/event_source_table/event_source_table.csv,/users/e/p/epsilon/Data/Data/harris_county/catalogs/events/harvey_2017_mrms/event_source_table/event_source_table.csv,True,,OK  houston_model.shp                  file  52716        /proj/zefflab/projects/Flooding/Data/harris_county/catalogs/static/harris_county/region_geom/houston_model.shp
/proj/zefflab/projects/Flooding/pipeline/web_launcher/_audit_reports/catalog_detector_full_audit_20260612_172311.txt,25,OLD_PROJ_DATA_ROOT,LIKELY_DOC_OR_LINK,/proj/zefflab/projects/Flooding/Data/harris_county/catalogs/events/harvey_2017_mrms/event_validation_points/profiles/lite/sfincs_obs_points_lite.xy,/users/e/p/epsilon/Data/Data/harris_county/catalogs/events/harvey_2017_mrms/event_validation_points/profiles/lite/sfincs_obs_points_lite.xy,False,,OK  houston_model.shp                  file  52716        /proj/zefflab/projects/Flooding/Data/harris_county/catalogs/static/harris_county/region_geom/houston_model.shp
/proj/zefflab/projects/Flooding/pipeline/web_launcher/_audit_reports/catalog_detector_full_audit_20260612_172311.txt,25,OLD_PROJ_DATA_ROOT,LIKELY_DOC_OR_LINK,/proj/zefflab/projects/Flooding/Data/harris_county/catalogs/events/harvey_2017_mrms/event_validation_points/profiles/validation/sfincs_obs_points_validation.xy,/users/e/p/epsilon/Data/Data/harris_county/catalogs/events/harvey_2017_mrms/event_validation_points/profiles/validation/sfincs_obs_points_validation.xy,False,,OK  houston_model.shp                  file  52716        /proj/zefflab/projects/Flooding/Data/harris_county/catalogs/static/harris_county/region_geom/houston_model.shp
/proj/zefflab/projects/Flooding/pipeline/web_launcher/_audit_reports/catalog_detector_full_audit_20260612_172311.txt,25,OLD_PROJ_DATA_ROOT,LIKELY_DOC_OR_LINK,/proj/zefflab/projects/Flooding/Data/harris_county/catalogs/events/harvey_2017_mrms/event_waterlevel/harvey_houston_wl_bc.csv,/users/e/p/epsilon/Data/Data/harris_county/catalogs/events/harvey_2017_mrms/event_waterlevel/harvey_houston_wl_bc.csv,True,,OK  houston_model.shp                  file  52716        /proj/zefflab/projects/Flooding/Data/harris_county/catalogs/static/harris_county/region_geom/houston_model.shp
/proj/zefflab/projects/Flooding/pipeline/web_launcher/_audit_reports/catalog_detector_full_audit_20260612_172311.txt,25,OLD_PROJ_DATA_ROOT,LIKELY_DOC_OR_LINK,/proj/zefflab/projects/Flooding/Data/harris_county/catalogs/static/harris_county/curve_number/cn_avg.tif,/users/e/p/epsilon/Data/Data/harris_county/catalogs/static/harris_county/curve_number/cn_avg.tif,True,,OK  houston_model.shp                  file  52716        /proj/zefflab/projects/Flooding/Data/harris_county/catalogs/static/harris_county/region_geom/houston_model.shp
/proj/zefflab/projects/Flooding/pipeline/web_launcher/_audit_reports/catalog_detector_full_audit_20260612_172311.txt,25,OLD_PROJ_DATA_ROOT,LIKELY_DOC_OR_LINK,/proj/zefflab/projects/Flooding/Data/harris_county/catalogs/static/harris_county/curve_number/cn_dry.tif,/users/e/p/epsilon/Data/Data/harris_county/catalogs/static/harris_county/curve_number/cn_dry.tif,False,,OK  houston_model.shp                  file  52716        /proj/zefflab/projects/Flooding/Data/harris_county/catalogs/static/harris_county/region_geom/houston_model.shp
/proj/zefflab/projects/Flooding/pipeline/web_launcher/_audit_reports/catalog_detector_full_audit_20260612_172311.txt,25,OLD_PROJ_DATA_ROOT,LIKELY_DOC_OR_LINK,/proj/zefflab/projects/Flooding/Data/harris_county/catalogs/static/harris_county/curve_number/cn_wet.tif,/users/e/p/epsilon/Data/Data/harris_county/catalogs/static/harris_county/curve_number/cn_wet.tif,False,,OK  houston_model.shp                  file  52716        /proj/zefflab/projects/Flooding/Data/harris_county/catalogs/static/harris_county/region_geom/houston_model.shp
/proj/zefflab/projects/Flooding/pipeline/web_launcher/_audit_reports/catalog_detector_full_audit_20260612_172311.txt,25,OLD_PROJ_DATA_ROOT,LIKELY_DOC_OR_LINK,/proj/zefflab/projects/Flooding/Data/harris_county/catalogs/static/harris_county/dem/README.md,/users/e/p/epsilon/Data/Data/harris_county/catalogs/static/harris_county/dem/README.md,True,,OK  houston_model.shp                  file  52716        /proj/zefflab/projects/Flooding/Data/harris_county/catalogs/static/harris_county/region_geom/houston_model.shp
/proj/zefflab/projects/Flooding/pipeline/web_launcher/_audit_reports/catalog_detector_full_audit_20260612_172311.txt,25,OLD_PROJ_DATA_ROOT,LIKELY_DOC_OR_LINK,/proj/zefflab/projects/Flooding/Data/harris_county/catalogs/static/harris_county/landcover/NLCD_2016_Land_Cover_L48_20190424.img,/users/e/p/epsilon/Data/Data/harris_county/catalogs/static/harris_county/landcover/NLCD_2016_Land_Cover_L48_20190424.img,True,,OK  houston_model.shp                  file  52716        /proj/zefflab/projects/Flooding/Data/harris_county/catalogs/static/harris_county/region_geom/houston_model.shp
/proj/zefflab/projects/Flooding/pipeline/web_launcher/_audit_reports/catalog_detector_full_audit_20260612_172311.txt,25,OLD_PROJ_DATA_ROOT,LIKELY_DOC_OR_LINK,/proj/zefflab/projects/Flooding/Data/harris_county/catalogs/static/harris_county/manning_reclass_table/nlcd_mapping_mean.csv,/users/e/p/epsilon/Data/Data/harris_county/catalogs/static/harris_county/manning_reclass_table/nlcd_mapping_mean.csv,True,,OK  houston_model.shp                  file  52716        /proj/zefflab/projects/Flooding/Data/harris_county/catalogs/static/harris_county/region_geom/houston_model.shp
/proj/zefflab/projects/Flooding/pipeline/web_launcher/_audit_reports/catalog_detector_full_audit_20260612_172311.txt,25,OLD_PROJ_DATA_ROOT,LIKELY_DOC_OR_LINK,/proj/zefflab/projects/Flooding/Data/harris_county/catalogs/static/harris_county/region_geom/houston_model.shp,/users/e/p/epsilon/Data/Data/harris_county/catalogs/static/harris_county/region_geom/houston_model.shp,True,,OK  houston_model.shp                  file  52716        /proj/zefflab/projects/Flooding/Data/harris_county/catalogs/static/harris_county/region_geom/houston_model.shp
/proj/zefflab/projects/Flooding/pipeline/web_launcher/_audit_reports/catalog_detector_full_audit_20260612_172311.txt,25,OLD_PROJ_DATA_ROOT,LIKELY_DOC_OR_LINK,/proj/zefflab/projects/Flooding/Data/harris_county/catalogs/static/harris_county/static_metadata/hydromt_data.yml,/users/e/p/epsilon/Data/Data/harris_county/catalogs/static/harris_county/static_metadata/hydromt_data.yml,False,,OK  houston_model.shp                  file  52716        /proj/zefflab/projects/Flooding/Data/harris_county/catalogs/static/harris_county/region_geom/houston_model.shp
/proj/zefflab/projects/Flooding/pipeline/web_launcher/_audit_reports/catalog_detector_full_audit_20260612_172311.txt,25,OLD_PROJ_DATA_ROOT,LIKELY_DOC_OR_LINK,/proj/zefflab/projects/Flooding/Data/harris_county/catalogs/static/harris_county/structures_thin_dams/AB_dams.shp,/users/e/p/epsilon/Data/Data/harris_county/catalogs/static/harris_county/structures_thin_dams/AB_dams.shp,True,,OK  houston_model.shp                  file  52716        /proj/zefflab/projects/Flooding/Data/harris_county/catalogs/static/harris_county/region_geom/houston_model.shp
/proj/zefflab/projects/Flooding/pipeline/web_launcher/_audit_reports/catalog_detector_full_audit_20260612_172311.txt,25,OLD_PROJ_DATA_ROOT,LIKELY_DOC_OR_LINK,/proj/zefflab/projects/Flooding/Data/harris_county/catalogs/static/harris_county/subgrid/README.md,/users/e/p/epsilon/Data/Data/harris_county/catalogs/static/harris_county/subgrid/README.md,True,,OK  houston_model.shp                  file  52716        /proj/zefflab/projects/Flooding/Data/harris_county/catalogs/static/harris_county/region_geom/houston_model.shp
/proj/zefflab/projects/Flooding/pipeline/web_launcher/_audit_reports/catalog_detector_full_audit_20260612_172311.txt,26,OLD_PROJ_DATA_ROOT,LIKELY_DOC_OR_LINK,/proj/zefflab/projects/Flooding/Data/harris_county/catalogs/events/harvey_2017_mrms/event_discharge/harvey_houston_q_bc.csv,/users/e/p/epsilon/Data/Data/harris_county/catalogs/events/harvey_2017_mrms/event_discharge/harvey_houston_q_bc.csv,True,,OK  AB_dams.shp                        file  884          /proj/zefflab/projects/Flooding/Data/harris_county/catalogs/static/harris_county/structures_thin_dams/AB_dams.shp
/proj/zefflab/projects/Flooding/pipeline/web_launcher/_audit_reports/catalog_detector_full_audit_20260612_172311.txt,26,OLD_PROJ_DATA_ROOT,LIKELY_DOC_OR_LINK,/proj/zefflab/projects/Flooding/Data/harris_county/catalogs/events/harvey_2017_mrms/event_precip/harvey_mrms.nc,/users/e/p/epsilon/Data/Data/harris_county/catalogs/events/harvey_2017_mrms/event_precip/harvey_mrms.nc,True,,OK  AB_dams.shp                        file  884          /proj/zefflab/projects/Flooding/Data/harris_county/catalogs/static/harris_county/structures_thin_dams/AB_dams.shp
/proj/zefflab/projects/Flooding/pipeline/web_launcher/_audit_reports/catalog_detector_full_audit_20260612_172311.txt,26,OLD_PROJ_DATA_ROOT,LIKELY_DOC_OR_LINK,/proj/zefflab/projects/Flooding/Data/harris_county/catalogs/events/harvey_2017_mrms/event_runtime_window/event_runtime_window.csv,/users/e/p/epsilon/Data/Data/harris_county/catalogs/events/harvey_2017_mrms/event_runtime_window/event_runtime_window.csv,True,,OK  AB_dams.shp                        file  884          /proj/zefflab/projects/Flooding/Data/harris_county/catalogs/static/harris_county/structures_thin_dams/AB_dams.shp
/proj/zefflab/projects/Flooding/pipeline/web_launcher/_audit_reports/catalog_detector_full_audit_20260612_172311.txt,26,OLD_PROJ_DATA_ROOT,LIKELY_DOC_OR_LINK,/proj/zefflab/projects/Flooding/Data/harris_county/catalogs/events/harvey_2017_mrms/event_source_table/event_source_table.csv,/users/e/p/epsilon/Data/Data/harris_county/catalogs/events/harvey_2017_mrms/event_source_table/event_source_table.csv,True,,OK  AB_dams.shp                        file  884          /proj/zefflab/projects/Flooding/Data/harris_county/catalogs/static/harris_county/structures_thin_dams/AB_dams.shp
/proj/zefflab/projects/Flooding/pipeline/web_launcher/_audit_reports/catalog_detector_full_audit_20260612_172311.txt,26,OLD_PROJ_DATA_ROOT,LIKELY_DOC_OR_LINK,/proj/zefflab/projects/Flooding/Data/harris_county/catalogs/events/harvey_2017_mrms/event_validation_points/profiles/full_candidates/sfincs_obs_points_full_candidates.xy,/users/e/p/epsilon/Data/Data/harris_county/catalogs/events/harvey_2017_mrms/event_validation_points/profiles/full_candidates/sfincs_obs_points_full_candidates.xy,False,,OK  AB_dams.shp                        file  884          /proj/zefflab/projects/Flooding/Data/harris_county/catalogs/static/harris_county/structures_thin_dams/AB_dams.shp
/proj/zefflab/projects/Flooding/pipeline/web_launcher/_audit_reports/catalog_detector_full_audit_20260612_172311.txt,26,OLD_PROJ_DATA_ROOT,LIKELY_DOC_OR_LINK,/proj/zefflab/projects/Flooding/Data/harris_county/catalogs/events/harvey_2017_mrms/event_validation_points/profiles/lite/sfincs_obs_points_lite.xy,/users/e/p/epsilon/Data/Data/harris_county/catalogs/events/harvey_2017_mrms/event_validation_points/profiles/lite/sfincs_obs_points_lite.xy,False,,OK  AB_dams.shp                        file  884          /proj/zefflab/projects/Flooding/Data/harris_county/catalogs/static/harris_county/structures_thin_dams/AB_dams.shp
/proj/zefflab/projects/Flooding/pipeline/web_launcher/_audit_reports/catalog_detector_full_audit_20260612_172311.txt,26,OLD_PROJ_DATA_ROOT,LIKELY_DOC_OR_LINK,/proj/zefflab/projects/Flooding/Data/harris_county/catalogs/events/harvey_2017_mrms/event_validation_points/profiles/validation/sfincs_obs_points_validation.xy,/users/e/p/epsilon/Data/Data/harris_county/catalogs/events/harvey_2017_mrms/event_validation_points/profiles/validation/sfincs_obs_points_validation.xy,False,,OK  AB_dams.shp                        file  884          /proj/zefflab/projects/Flooding/Data/harris_county/catalogs/static/harris_county/structures_thin_dams/AB_dams.shp
/proj/zefflab/projects/Flooding/pipeline/web_launcher/_audit_reports/catalog_detector_full_audit_20260612_172311.txt,26,OLD_PROJ_DATA_ROOT,LIKELY_DOC_OR_LINK,/proj/zefflab/projects/Flooding/Data/harris_county/catalogs/events/harvey_2017_mrms/event_waterlevel/harvey_houston_wl_bc.csv,/users/e/p/epsilon/Data/Data/harris_county/catalogs/events/harvey_2017_mrms/event_waterlevel/harvey_houston_wl_bc.csv,True,,OK  AB_dams.shp                        file  884          /proj/zefflab/projects/Flooding/Data/harris_county/catalogs/static/harris_county/structures_thin_dams/AB_dams.shp
/proj/zefflab/projects/Flooding/pipeline/web_launcher/_audit_reports/catalog_detector_full_audit_20260612_172311.txt,26,OLD_PROJ_DATA_ROOT,LIKELY_DOC_OR_LINK,/proj/zefflab/projects/Flooding/Data/harris_county/catalogs/static/harris_county/curve_number/cn_avg.tif,/users/e/p/epsilon/Data/Data/harris_county/catalogs/static/harris_county/curve_number/cn_avg.tif,True,,OK  AB_dams.shp                        file  884          /proj/zefflab/projects/Flooding/Data/harris_county/catalogs/static/harris_county/structures_thin_dams/AB_dams.shp
/proj/zefflab/projects/Flooding/pipeline/web_launcher/_audit_reports/catalog_detector_full_audit_20260612_172311.txt,26,OLD_PROJ_DATA_ROOT,LIKELY_DOC_OR_LINK,/proj/zefflab/projects/Flooding/Data/harris_county/catalogs/static/harris_county/curve_number/cn_dry.tif,/users/e/p/epsilon/Data/Data/harris_county/catalogs/static/harris_county/curve_number/cn_dry.tif,False,,OK  AB_dams.shp                        file  884          /proj/zefflab/projects/Flooding/Data/harris_county/catalogs/static/harris_county/structures_thin_dams/AB_dams.shp
/proj/zefflab/projects/Flooding/pipeline/web_launcher/_audit_reports/catalog_detector_full_audit_20260612_172311.txt,26,OLD_PROJ_DATA_ROOT,LIKELY_DOC_OR_LINK,/proj/zefflab/projects/Flooding/Data/harris_county/catalogs/static/harris_county/curve_number/cn_wet.tif,/users/e/p/epsilon/Data/Data/harris_county/catalogs/static/harris_county/curve_number/cn_wet.tif,False,,OK  AB_dams.shp                        file  884          /proj/zefflab/projects/Flooding/Data/harris_county/catalogs/static/harris_county/structures_thin_dams/AB_dams.shp
/proj/zefflab/projects/Flooding/pipeline/web_launcher/_audit_reports/catalog_detector_full_audit_20260612_172311.txt,26,OLD_PROJ_DATA_ROOT,LIKELY_DOC_OR_LINK,/proj/zefflab/projects/Flooding/Data/harris_county/catalogs/static/harris_county/landcover/NLCD_2016_Land_Cover_L48_20190424.img,/users/e/p/epsilon/Data/Data/harris_county/catalogs/static/harris_county/landcover/NLCD_2016_Land_Cover_L48_20190424.img,True,,OK  AB_dams.shp                        file  884          /proj/zefflab/projects/Flooding/Data/harris_county/catalogs/static/harris_county/structures_thin_dams/AB_dams.shp
/proj/zefflab/projects/Flooding/pipeline/web_launcher/_audit_reports/catalog_detector_full_audit_20260612_172311.txt,26,OLD_PROJ_DATA_ROOT,LIKELY_DOC_OR_LINK,/proj/zefflab/projects/Flooding/Data/harris_county/catalogs/static/harris_county/manning_reclass_table/nlcd_mapping_mean.csv,/users/e/p/epsilon/Data/Data/harris_county/catalogs/static/harris_county/manning_reclass_table/nlcd_mapping_mean.csv,True,,OK  AB_dams.shp                        file  884          /proj/zefflab/projects/Flooding/Data/harris_county/catalogs/static/harris_county/structures_thin_dams/AB_dams.shp
/proj/zefflab/projects/Flooding/pipeline/web_launcher/_audit_reports/catalog_detector_full_audit_20260612_172311.txt,26,OLD_PROJ_DATA_ROOT,LIKELY_DOC_OR_LINK,/proj/zefflab/projects/Flooding/Data/harris_county/catalogs/static/harris_county/region_geom/houston_model.shp,/users/e/p/epsilon/Data/Data/harris_county/catalogs/static/harris_county/region_geom/houston_model.shp,True,,OK  AB_dams.shp                        file  884          /proj/zefflab/projects/Flooding/Data/harris_county/catalogs/static/harris_county/structures_thin_dams/AB_dams.shp
/proj/zefflab/projects/Flooding/pipeline/web_launcher/_audit_reports/catalog_detector_full_audit_20260612_172311.txt,26,OLD_PROJ_DATA_ROOT,LIKELY_DOC_OR_LINK,/proj/zefflab/projects/Flooding/Data/harris_county/catalogs/static/harris_county/static_metadata/hydromt_data.yml,/users/e/p/epsilon/Data/Data/harris_county/catalogs/static/harris_county/static_metadata/hydromt_data.yml,False,,OK  AB_dams.shp                        file  884          /proj/zefflab/projects/Flooding/Data/harris_county/catalogs/static/harris_county/structures_thin_dams/AB_dams.shp
/proj/zefflab/projects/Flooding/pipeline/web_launcher/_audit_reports/catalog_detector_full_audit_20260612_172311.txt,26,OLD_PROJ_DATA_ROOT,LIKELY_DOC_OR_LINK,/proj/zefflab/projects/Flooding/Data/harris_county/catalogs/static/harris_county/structures_thin_dams/AB_dams.shp,/users/e/p/epsilon/Data/Data/harris_county/catalogs/static/harris_county/structures_thin_dams/AB_dams.shp,True,,OK  AB_dams.shp                        file  884          /proj/zefflab/projects/Flooding/Data/harris_county/catalogs/static/harris_county/structures_thin_dams/AB_dams.shp
/proj/zefflab/projects/Flooding/pipeline/web_launcher/_audit_reports/catalog_detector_full_audit_20260612_172311.txt,26,OLD_PROJ_DATA_ROOT,LIKELY_DOC_OR_LINK,/proj/zefflab/projects/Flooding/Data/harris_county/catalogs/static/harris_county/subgrid/README.md,/users/e/p/epsilon/Data/Data/harris_county/catalogs/static/harris_county/subgrid/README.md,True,,OK  AB_dams.shp                        file  884          /proj/zefflab/projects/Flooding/Data/harris_county/catalogs/static/harris_county/structures_thin_dams/AB_dams.shp
/proj/zefflab/projects/Flooding/pipeline/web_launcher/_audit_reports/catalog_detector_full_audit_20260612_172311.txt,27,OLD_PROJ_DATA_ROOT,UNCLEAR_REVIEW,/proj/zefflab/projects/Flooding/Data/harris_county/catalogs/events/harvey_2017_mrms/event_discharge/harvey_houston_q_bc.csv,/users/e/p/epsilon/Data/Data/harris_county/catalogs/events/harvey_2017_mrms/event_discharge/harvey_houston_q_bc.csv,True,,OK  event_runtime_window.csv           file  269          /proj/zefflab/projects/Flooding/Data/harris_county/catalogs/events/harvey_2017_mrms/event_runtime_window/event_runtime_window.csv
/proj/zefflab/projects/Flooding/pipeline/web_launcher/_audit_reports/catalog_detector_full_audit_20260612_172311.txt,27,OLD_PROJ_DATA_ROOT,UNCLEAR_REVIEW,/proj/zefflab/projects/Flooding/Data/harris_county/catalogs/events/harvey_2017_mrms/event_precip/harvey_mrms.nc,/users/e/p/epsilon/Data/Data/harris_county/catalogs/events/harvey_2017_mrms/event_precip/harvey_mrms.nc,True,,OK  event_runtime_window.csv           file  269          /proj/zefflab/projects/Flooding/Data/harris_county/catalogs/events/harvey_2017_mrms/event_runtime_window/event_runtime_window.csv
/proj/zefflab/projects/Flooding/pipeline/web_launcher/_audit_reports/catalog_detector_full_audit_20260612_172311.txt,27,OLD_PROJ_DATA_ROOT,UNCLEAR_REVIEW,/proj/zefflab/projects/Flooding/Data/harris_county/catalogs/events/harvey_2017_mrms/event_runtime_window/event_runtime_window.csv,/users/e/p/epsilon/Data/Data/harris_county/catalogs/events/harvey_2017_mrms/event_runtime_window/event_runtime_window.csv,True,,OK  event_runtime_window.csv           file  269          /proj/zefflab/projects/Flooding/Data/harris_county/catalogs/events/harvey_2017_mrms/event_runtime_window/event_runtime_window.csv
/proj/zefflab/projects/Flooding/pipeline/web_launcher/_audit_reports/catalog_detector_full_audit_20260612_172311.txt,27,OLD_PROJ_DATA_ROOT,UNCLEAR_REVIEW,/proj/zefflab/projects/Flooding/Data/harris_county/catalogs/events/harvey_2017_mrms/event_source_table/event_source_table.csv,/users/e/p/epsilon/Data/Data/harris_county/catalogs/events/harvey_2017_mrms/event_source_table/event_source_table.csv,True,,OK  event_runtime_window.csv           file  269          /proj/zefflab/projects/Flooding/Data/harris_county/catalogs/events/harvey_2017_mrms/event_runtime_window/event_runtime_window.csv
/proj/zefflab/projects/Flooding/pipeline/web_launcher/_audit_reports/catalog_detector_full_audit_20260612_172311.txt,27,OLD_PROJ_DATA_ROOT,UNCLEAR_REVIEW,/proj/zefflab/projects/Flooding/Data/harris_county/catalogs/events/harvey_2017_mrms/event_validation_lines/reviewed_crs_lines/sfincs_crs_lines_REVIEWED_PLUS_AUTO_CUSTOM.xyxy,/users/e/p/epsilon/Data/Data/harris_county/catalogs/events/harvey_2017_mrms/event_validation_lines/reviewed_crs_lines/sfincs_crs_lines_REVIEWED_PLUS_AUTO_CUSTOM.xyxy,False,,OK  event_runtime_window.csv           file  269          /proj/zefflab/projects/Flooding/Data/harris_county/catalogs/events/harvey_2017_mrms/event_runtime_window/event_runtime_window.csv
/proj/zefflab/projects/Flooding/pipeline/web_launcher/_audit_reports/catalog_detector_full_audit_20260612_172311.txt,27,OLD_PROJ_DATA_ROOT,UNCLEAR_REVIEW,/proj/zefflab/projects/Flooding/Data/harris_county/catalogs/events/harvey_2017_mrms/event_validation_points/profiles/full_candidates/sfincs_obs_points_full_candidates.xy,/users/e/p/epsilon/Data/Data/harris_county/catalogs/events/harvey_2017_mrms/event_validation_points/profiles/full_candidates/sfincs_obs_points_full_candidates.xy,False,,OK  event_runtime_window.csv           file  269          /proj/zefflab/projects/Flooding/Data/harris_county/catalogs/events/harvey_2017_mrms/event_runtime_window/event_runtime_window.csv
/proj/zefflab/projects/Flooding/pipeline/web_launcher/_audit_reports/catalog_detector_full_audit_20260612_172311.txt,27,OLD_PROJ_DATA_ROOT,UNCLEAR_REVIEW,/proj/zefflab/projects/Flooding/Data/harris_county/catalogs/events/harvey_2017_mrms/event_validation_points/profiles/lite/sfincs_obs_points_lite.xy,/users/e/p/epsilon/Data/Data/harris_county/catalogs/events/harvey_2017_mrms/event_validation_points/profiles/lite/sfincs_obs_points_lite.xy,False,,OK  event_runtime_window.csv           file  269          /proj/zefflab/projects/Flooding/Data/harris_county/catalogs/events/harvey_2017_mrms/event_runtime_window/event_runtime_window.csv
/proj/zefflab/projects/Flooding/pipeline/web_launcher/_audit_reports/catalog_detector_full_audit_20260612_172311.txt,27,OLD_PROJ_DATA_ROOT,UNCLEAR_REVIEW,/proj/zefflab/projects/Flooding/Data/harris_county/catalogs/events/harvey_2017_mrms/event_validation_points/profiles/validation/sfincs_obs_points_validation.xy,/users/e/p/epsilon/Data/Data/harris_county/catalogs/events/harvey_2017_mrms/event_validation_points/profiles/validation/sfincs_obs_points_validation.xy,False,,OK  event_runtime_window.csv           file  269          /proj/zefflab/projects/Flooding/Data/harris_county/catalogs/events/harvey_2017_mrms/event_runtime_window/event_runtime_window.csv
/proj/zefflab/projects/Flooding/pipeline/web_launcher/_audit_reports/catalog_detector_full_audit_20260612_172311.txt,27,OLD_PROJ_DATA_ROOT,UNCLEAR_REVIEW,/proj/zefflab/projects/Flooding/Data/harris_county/catalogs/events/harvey_2017_mrms/event_waterlevel/harvey_houston_wl_bc.csv,/users/e/p/epsilon/Data/Data/harris_county/catalogs/events/harvey_2017_mrms/event_waterlevel/harvey_houston_wl_bc.csv,True,,OK  event_runtime_window.csv           file  269          /proj/zefflab/projects/Flooding/Data/harris_county/catalogs/events/harvey_2017_mrms/event_runtime_window/event_runtime_window.csv
/proj/zefflab/projects/Flooding/pipeline/web_launcher/_audit_reports/catalog_detector_full_audit_20260612_172311.txt,27,OLD_PROJ_DATA_ROOT,UNCLEAR_REVIEW,/proj/zefflab/projects/Flooding/Data/harris_county/catalogs/static/harris_county/curve_number/cn_avg.tif,/users/e/p/epsilon/Data/Data/harris_county/catalogs/static/harris_county/curve_number/cn_avg.tif,True,,OK  event_runtime_window.csv           file  269          /proj/zefflab/projects/Flooding/Data/harris_county/catalogs/events/harvey_2017_mrms/event_runtime_window/event_runtime_window.csv
/proj/zefflab/projects/Flooding/pipeline/web_launcher/_audit_reports/catalog_detector_full_audit_20260612_172311.txt,27,OLD_PROJ_DATA_ROOT,UNCLEAR_REVIEW,/proj/zefflab/projects/Flooding/Data/harris_county/catalogs/static/harris_county/curve_number/cn_dry.tif,/users/e/p/epsilon/Data/Data/harris_county/catalogs/static/harris_county/curve_number/cn_dry.tif,False,,OK  event_runtime_window.csv           file  269          /proj/zefflab/projects/Flooding/Data/harris_county/catalogs/events/harvey_2017_mrms/event_runtime_window/event_runtime_window.csv
/proj/zefflab/projects/Flooding/pipeline/web_launcher/_audit_reports/catalog_detector_full_audit_20260612_172311.txt,27,OLD_PROJ_DATA_ROOT,UNCLEAR_REVIEW,/proj/zefflab/projects/Flooding/Data/harris_county/catalogs/static/harris_county/curve_number/cn_wet.tif,/users/e/p/epsilon/Data/Data/harris_county/catalogs/static/harris_county/curve_number/cn_wet.tif,False,,OK  event_runtime_window.csv           file  269          /proj/zefflab/projects/Flooding/Data/harris_county/catalogs/events/harvey_2017_mrms/event_runtime_window/event_runtime_window.csv
/proj/zefflab/projects/Flooding/pipeline/web_launcher/_audit_reports/catalog_detector_full_audit_20260612_172311.txt,27,OLD_PROJ_DATA_ROOT,UNCLEAR_REVIEW,/proj/zefflab/projects/Flooding/Data/harris_county/catalogs/static/harris_county/landcover/NLCD_2016_Land_Cover_L48_20190424.img,/users/e/p/epsilon/Data/Data/harris_county/catalogs/static/harris_county/landcover/NLCD_2016_Land_Cover_L48_20190424.img,True,,OK  event_runtime_window.csv           file  269          /proj/zefflab/projects/Flooding/Data/harris_county/catalogs/events/harvey_2017_mrms/event_runtime_window/event_runtime_window.csv
/proj/zefflab/projects/Flooding/pipeline/web_launcher/_audit_reports/catalog_detector_full_audit_20260612_172311.txt,27,OLD_PROJ_DATA_ROOT,UNCLEAR_REVIEW,/proj/zefflab/projects/Flooding/Data/harris_county/catalogs/static/harris_county/manning_reclass_table/nlcd_mapping_mean.csv,/users/e/p/epsilon/Data/Data/harris_county/catalogs/static/harris_county/manning_reclass_table/nlcd_mapping_mean.csv,True,,OK  event_runtime_window.csv           file  269          /proj/zefflab/projects/Flooding/Data/harris_county/catalogs/events/harvey_2017_mrms/event_runtime_window/event_runtime_window.csv
/proj/zefflab/projects/Flooding/pipeline/web_launcher/_audit_reports/catalog_detector_full_audit_20260612_172311.txt,27,OLD_PROJ_DATA_ROOT,UNCLEAR_REVIEW,/proj/zefflab/projects/Flooding/Data/harris_county/catalogs/static/harris_county/region_geom/houston_model.shp,/users/e/p/epsilon/Data/Data/harris_county/catalogs/static/harris_county/region_geom/houston_model.shp,True,,OK  event_runtime_window.csv           file  269          /proj/zefflab/projects/Flooding/Data/harris_county/catalogs/events/harvey_2017_mrms/event_runtime_window/event_runtime_window.csv
/proj/zefflab/projects/Flooding/pipeline/web_launcher/_audit_reports/catalog_detector_full_audit_20260612_172311.txt,27,OLD_PROJ_DATA_ROOT,UNCLEAR_REVIEW,/proj/zefflab/projects/Flooding/Data/harris_county/catalogs/static/harris_county/static_metadata/hydromt_data.yml,/users/e/p/epsilon/Data/Data/harris_county/catalogs/static/harris_county/static_metadata/hydromt_data.yml,False,,OK  event_runtime_window.csv           file  269          /proj/zefflab/projects/Flooding/Data/harris_county/catalogs/events/harvey_2017_mrms/event_runtime_window/event_runtime_window.csv
/proj/zefflab/projects/Flooding/pipeline/web_launcher/_audit_reports/catalog_detector_full_audit_20260612_172311.txt,27,OLD_PROJ_DATA_ROOT,UNCLEAR_REVIEW,/proj/zefflab/projects/Flooding/Data/harris_county/catalogs/static/harris_county/structures_thin_dams/AB_dams.shp,/users/e/p/epsilon/Data/Data/harris_county/catalogs/static/harris_county/structures_thin_dams/AB_dams.shp,True,,OK  event_runtime_window.csv           file  269          /proj/zefflab/projects/Flooding/Data/harris_county/catalogs/events/harvey_2017_mrms/event_runtime_window/event_runtime_window.csv
/proj/zefflab/projects/Flooding/pipeline/web_launcher/_audit_reports/catalog_detector_full_audit_20260612_172311.txt,28,OLD_PROJ_DATA_ROOT,UNCLEAR_REVIEW,/proj/zefflab/projects/Flooding/Data/harris_county/catalogs/events/harvey_2017_mrms/event_discharge/harvey_houston_q_bc.csv,/users/e/p/epsilon/Data/Data/harris_county/catalogs/events/harvey_2017_mrms/event_discharge/harvey_houston_q_bc.csv,True,,OK  harvey_mrms.nc                     file  13839647     /proj/zefflab/projects/Flooding/Data/harris_county/catalogs/events/harvey_2017_mrms/event_precip/harvey_mrms.nc
/proj/zefflab/projects/Flooding/pipeline/web_launcher/_audit_reports/catalog_detector_full_audit_20260612_172311.txt,28,OLD_PROJ_DATA_ROOT,UNCLEAR_REVIEW,/proj/zefflab/projects/Flooding/Data/harris_county/catalogs/events/harvey_2017_mrms/event_precip/harvey_mrms.nc,/users/e/p/epsilon/Data/Data/harris_county/catalogs/events/harvey_2017_mrms/event_precip/harvey_mrms.nc,True,,OK  harvey_mrms.nc                     file  13839647     /proj/zefflab/projects/Flooding/Data/harris_county/catalogs/events/harvey_2017_mrms/event_precip/harvey_mrms.nc
/proj/zefflab/projects/Flooding/pipeline/web_launcher/_audit_reports/catalog_detector_full_audit_20260612_172311.txt,28,OLD_PROJ_DATA_ROOT,UNCLEAR_REVIEW,/proj/zefflab/projects/Flooding/Data/harris_county/catalogs/events/harvey_2017_mrms/event_runtime_window/event_runtime_window.csv,/users/e/p/epsilon/Data/Data/harris_county/catalogs/events/harvey_2017_mrms/event_runtime_window/event_runtime_window.csv,True,,OK  harvey_mrms.nc                     file  13839647     /proj/zefflab/projects/Flooding/Data/harris_county/catalogs/events/harvey_2017_mrms/event_precip/harvey_mrms.nc
/proj/zefflab/projects/Flooding/pipeline/web_launcher/_audit_reports/catalog_detector_full_audit_20260612_172311.txt,28,OLD_PROJ_DATA_ROOT,UNCLEAR_REVIEW,/proj/zefflab/projects/Flooding/Data/harris_county/catalogs/events/harvey_2017_mrms/event_source_table/event_source_table.csv,/users/e/p/epsilon/Data/Data/harris_county/catalogs/events/harvey_2017_mrms/event_source_table/event_source_table.csv,True,,OK  harvey_mrms.nc                     file  13839647     /proj/zefflab/projects/Flooding/Data/harris_county/catalogs/events/harvey_2017_mrms/event_precip/harvey_mrms.nc
/proj/zefflab/projects/Flooding/pipeline/web_launcher/_audit_reports/catalog_detector_full_audit_20260612_172311.txt,28,OLD_PROJ_DATA_ROOT,UNCLEAR_REVIEW,/proj/zefflab/projects/Flooding/Data/harris_county/catalogs/events/harvey_2017_mrms/event_validation_lines/reviewed_crs_lines/sfincs_crs_lines_REVIEWED.xyxy,/users/e/p/epsilon/Data/Data/harris_county/catalogs/events/harvey_2017_mrms/event_validation_lines/reviewed_crs_lines/sfincs_crs_lines_REVIEWED.xyxy,False,,OK  harvey_mrms.nc                     file  13839647     /proj/zefflab/projects/Flooding/Data/harris_county/catalogs/events/harvey_2017_mrms/event_precip/harvey_mrms.nc
/proj/zefflab/projects/Flooding/pipeline/web_launcher/_audit_reports/catalog_detector_full_audit_20260612_172311.txt,28,OLD_PROJ_DATA_ROOT,UNCLEAR_REVIEW,/proj/zefflab/projects/Flooding/Data/harris_county/catalogs/events/harvey_2017_mrms/event_validation_lines/reviewed_crs_lines/sfincs_crs_lines_REVIEWED_PLUS_AUTO_CUSTOM.xyxy,/users/e/p/epsilon/Data/Data/harris_county/catalogs/events/harvey_2017_mrms/event_validation_lines/reviewed_crs_lines/sfincs_crs_lines_REVIEWED_PLUS_AUTO_CUSTOM.xyxy,False,,OK  harvey_mrms.nc                     file  13839647     /proj/zefflab/projects/Flooding/Data/harris_county/catalogs/events/harvey_2017_mrms/event_precip/harvey_mrms.nc
/proj/zefflab/projects/Flooding/pipeline/web_launcher/_audit_reports/catalog_detector_full_audit_20260612_172311.txt,28,OLD_PROJ_DATA_ROOT,UNCLEAR_REVIEW,/proj/zefflab/projects/Flooding/Data/harris_county/catalogs/events/harvey_2017_mrms/event_validation_points/profiles/full_candidates/sfincs_obs_points_full_candidates.xy,/users/e/p/epsilon/Data/Data/harris_county/catalogs/events/harvey_2017_mrms/event_validation_points/profiles/full_candidates/sfincs_obs_points_full_candidates.xy,False,,OK  harvey_mrms.nc                     file  13839647     /proj/zefflab/projects/Flooding/Data/harris_county/catalogs/events/harvey_2017_mrms/event_precip/harvey_mrms.nc
/proj/zefflab/projects/Flooding/pipeline/web_launcher/_audit_reports/catalog_detector_full_audit_20260612_172311.txt,28,OLD_PROJ_DATA_ROOT,UNCLEAR_REVIEW,/proj/zefflab/projects/Flooding/Data/harris_county/catalogs/events/harvey_2017_mrms/event_validation_points/profiles/lite/sfincs_obs_points_lite.xy,/users/e/p/epsilon/Data/Data/harris_county/catalogs/events/harvey_2017_mrms/event_validation_points/profiles/lite/sfincs_obs_points_lite.xy,False,,OK  harvey_mrms.nc                     file  13839647     /proj/zefflab/projects/Flooding/Data/harris_county/catalogs/events/harvey_2017_mrms/event_precip/harvey_mrms.nc
/proj/zefflab/projects/Flooding/pipeline/web_launcher/_audit_reports/catalog_detector_full_audit_20260612_172311.txt,28,OLD_PROJ_DATA_ROOT,UNCLEAR_REVIEW,/proj/zefflab/projects/Flooding/Data/harris_county/catalogs/events/harvey_2017_mrms/event_validation_points/profiles/validation/sfincs_obs_points_validation.xy,/users/e/p/epsilon/Data/Data/harris_county/catalogs/events/harvey_2017_mrms/event_validation_points/profiles/validation/sfincs_obs_points_validation.xy,False,,OK  harvey_mrms.nc                     file  13839647     /proj/zefflab/projects/Flooding/Data/harris_county/catalogs/events/harvey_2017_mrms/event_precip/harvey_mrms.nc
/proj/zefflab/projects/Flooding/pipeline/web_launcher/_audit_reports/catalog_detector_full_audit_20260612_172311.txt,28,OLD_PROJ_DATA_ROOT,UNCLEAR_REVIEW,/proj/zefflab/projects/Flooding/Data/harris_county/catalogs/events/harvey_2017_mrms/event_waterlevel/harvey_houston_wl_bc.csv,/users/e/p/epsilon/Data/Data/harris_county/catalogs/events/harvey_2017_mrms/event_waterlevel/harvey_houston_wl_bc.csv,True,,OK  harvey_mrms.nc                     file  13839647     /proj/zefflab/projects/Flooding/Data/harris_county/catalogs/events/harvey_2017_mrms/event_precip/harvey_mrms.nc
/proj/zefflab/projects/Flooding/pipeline/web_launcher/_audit_reports/catalog_detector_full_audit_20260612_172311.txt,28,OLD_PROJ_DATA_ROOT,UNCLEAR_REVIEW,/proj/zefflab/projects/Flooding/Data/harris_county/catalogs/static/harris_county/curve_number/cn_avg.tif,/users/e/p/epsilon/Data/Data/harris_county/catalogs/static/harris_county/curve_number/cn_avg.tif,True,,OK  harvey_mrms.nc                     file  13839647     /proj/zefflab/projects/Flooding/Data/harris_county/catalogs/events/harvey_2017_mrms/event_precip/harvey_mrms.nc
/proj/zefflab/projects/Flooding/pipeline/web_launcher/_audit_reports/catalog_detector_full_audit_20260612_172311.txt,28,OLD_PROJ_DATA_ROOT,UNCLEAR_REVIEW,/proj/zefflab/projects/Flooding/Data/harris_county/catalogs/static/harris_county/curve_number/cn_dry.tif,/users/e/p/epsilon/Data/Data/harris_county/catalogs/static/harris_county/curve_number/cn_dry.tif,False,,OK  harvey_mrms.nc                     file  13839647     /proj/zefflab/projects/Flooding/Data/harris_county/catalogs/events/harvey_2017_mrms/event_precip/harvey_mrms.nc
/proj/zefflab/projects/Flooding/pipeline/web_launcher/_audit_reports/catalog_detector_full_audit_20260612_172311.txt,28,OLD_PROJ_DATA_ROOT,UNCLEAR_REVIEW,/proj/zefflab/projects/Flooding/Data/harris_county/catalogs/static/harris_county/curve_number/cn_wet.tif,/users/e/p/epsilon/Data/Data/harris_county/catalogs/static/harris_county/curve_number/cn_wet.tif,False,,OK  harvey_mrms.nc                     file  13839647     /proj/zefflab/projects/Flooding/Data/harris_county/catalogs/events/harvey_2017_mrms/event_precip/harvey_mrms.nc
/proj/zefflab/projects/Flooding/pipeline/web_launcher/_audit_reports/catalog_detector_full_audit_20260612_172311.txt,28,OLD_PROJ_DATA_ROOT,UNCLEAR_REVIEW,/proj/zefflab/projects/Flooding/Data/harris_county/catalogs/static/harris_county/landcover/NLCD_2016_Land_Cover_L48_20190424.img,/users/e/p/epsilon/Data/Data/harris_county/catalogs/static/harris_county/landcover/NLCD_2016_Land_Cover_L48_20190424.img,True,,OK  harvey_mrms.nc                     file  13839647     /proj/zefflab/projects/Flooding/Data/harris_county/catalogs/events/harvey_2017_mrms/event_precip/harvey_mrms.nc
/proj/zefflab/projects/Flooding/pipeline/web_launcher/_audit_reports/catalog_detector_full_audit_20260612_172311.txt,28,OLD_PROJ_DATA_ROOT,UNCLEAR_REVIEW,/proj/zefflab/projects/Flooding/Data/harris_county/catalogs/static/harris_county/manning_reclass_table/nlcd_mapping_mean.csv,/users/e/p/epsilon/Data/Data/harris_county/catalogs/static/harris_county/manning_reclass_table/nlcd_mapping_mean.csv,True,,OK  harvey_mrms.nc                     file  13839647     /proj/zefflab/projects/Flooding/Data/harris_county/catalogs/events/harvey_2017_mrms/event_precip/harvey_mrms.nc
/proj/zefflab/projects/Flooding/pipeline/web_launcher/_audit_reports/catalog_detector_full_audit_20260612_172311.txt,28,OLD_PROJ_DATA_ROOT,UNCLEAR_REVIEW,/proj/zefflab/projects/Flooding/Data/harris_county/catalogs/static/harris_county/region_geom/houston_model.shp,/users/e/p/epsilon/Data/Data/harris_county/catalogs/static/harris_county/region_geom/houston_model.shp,True,,OK  harvey_mrms.nc                     file  13839647     /proj/zefflab/projects/Flooding/Data/harris_county/catalogs/events/harvey_2017_mrms/event_precip/harvey_mrms.nc
/proj/zefflab/projects/Flooding/pipeline/web_launcher/_audit_reports/catalog_detector_full_audit_20260612_172311.txt,28,OLD_PROJ_DATA_ROOT,UNCLEAR_REVIEW,/proj/zefflab/projects/Flooding/Data/harris_county/catalogs/static/harris_county/structures_thin_dams/AB_dams.shp,/users/e/p/epsilon/Data/Data/harris_county/catalogs/static/harris_county/structures_thin_dams/AB_dams.shp,True,,OK  harvey_mrms.nc                     file  13839647     /proj/zefflab/projects/Flooding/Data/harris_county/catalogs/events/harvey_2017_mrms/event_precip/harvey_mrms.nc
/proj/zefflab/projects/Flooding/pipeline/web_launcher/_audit_reports/catalog_detector_full_audit_20260612_172311.txt,29,OLD_PROJ_DATA_ROOT,UNCLEAR_REVIEW,/proj/zefflab/projects/Flooding/Data/harris_county/catalogs/events/harvey_2017_mrms/event_discharge/harvey_houston_q_bc.csv,/users/e/p/epsilon/Data/Data/harris_county/catalogs/events/harvey_2017_mrms/event_discharge/harvey_houston_q_bc.csv,True,,OK  harvey_houston_wl_bc.csv           file  28614        /proj/zefflab/projects/Flooding/Data/harris_county/catalogs/events/harvey_2017_mrms/event_waterlevel/harvey_houston_wl_bc.csv
/proj/zefflab/projects/Flooding/pipeline/web_launcher/_audit_reports/catalog_detector_full_audit_20260612_172311.txt,29,OLD_PROJ_DATA_ROOT,UNCLEAR_REVIEW,/proj/zefflab/projects/Flooding/Data/harris_county/catalogs/events/harvey_2017_mrms/event_precip/harvey_mrms.nc,/users/e/p/epsilon/Data/Data/harris_county/catalogs/events/harvey_2017_mrms/event_precip/harvey_mrms.nc,True,,OK  harvey_houston_wl_bc.csv           file  28614        /proj/zefflab/projects/Flooding/Data/harris_county/catalogs/events/harvey_2017_mrms/event_waterlevel/harvey_houston_wl_bc.csv
/proj/zefflab/projects/Flooding/pipeline/web_launcher/_audit_reports/catalog_detector_full_audit_20260612_172311.txt,29,OLD_PROJ_DATA_ROOT,UNCLEAR_REVIEW,/proj/zefflab/projects/Flooding/Data/harris_county/catalogs/events/harvey_2017_mrms/event_runtime_window/event_runtime_window.csv,/users/e/p/epsilon/Data/Data/harris_county/catalogs/events/harvey_2017_mrms/event_runtime_window/event_runtime_window.csv,True,,OK  harvey_houston_wl_bc.csv           file  28614        /proj/zefflab/projects/Flooding/Data/harris_county/catalogs/events/harvey_2017_mrms/event_waterlevel/harvey_houston_wl_bc.csv
/proj/zefflab/projects/Flooding/pipeline/web_launcher/_audit_reports/catalog_detector_full_audit_20260612_172311.txt,29,OLD_PROJ_DATA_ROOT,UNCLEAR_REVIEW,/proj/zefflab/projects/Flooding/Data/harris_county/catalogs/events/harvey_2017_mrms/event_source_table/event_source_table.csv,/users/e/p/epsilon/Data/Data/harris_county/catalogs/events/harvey_2017_mrms/event_source_table/event_source_table.csv,True,,OK  harvey_houston_wl_bc.csv           file  28614        /proj/zefflab/projects/Flooding/Data/harris_county/catalogs/events/harvey_2017_mrms/event_waterlevel/harvey_houston_wl_bc.csv
/proj/zefflab/projects/Flooding/pipeline/web_launcher/_audit_reports/catalog_detector_full_audit_20260612_172311.txt,29,OLD_PROJ_DATA_ROOT,UNCLEAR_REVIEW,/proj/zefflab/projects/Flooding/Data/harris_county/catalogs/events/harvey_2017_mrms/event_validation_lines/reviewed_crs_lines/sfincs_crs_lines_REVIEWED.xyxy,/users/e/p/epsilon/Data/Data/harris_county/catalogs/events/harvey_2017_mrms/event_validation_lines/reviewed_crs_lines/sfincs_crs_lines_REVIEWED.xyxy,False,,OK  harvey_houston_wl_bc.csv           file  28614        /proj/zefflab/projects/Flooding/Data/harris_county/catalogs/events/harvey_2017_mrms/event_waterlevel/harvey_houston_wl_bc.csv
/proj/zefflab/projects/Flooding/pipeline/web_launcher/_audit_reports/catalog_detector_full_audit_20260612_172311.txt,29,OLD_PROJ_DATA_ROOT,UNCLEAR_REVIEW,/proj/zefflab/projects/Flooding/Data/harris_county/catalogs/events/harvey_2017_mrms/event_validation_lines/reviewed_crs_lines/sfincs_crs_lines_REVIEWED_PLUS_AUTO_CUSTOM.xyxy,/users/e/p/epsilon/Data/Data/harris_county/catalogs/events/harvey_2017_mrms/event_validation_lines/reviewed_crs_lines/sfincs_crs_lines_REVIEWED_PLUS_AUTO_CUSTOM.xyxy,False,,OK  harvey_houston_wl_bc.csv           file  28614        /proj/zefflab/projects/Flooding/Data/harris_county/catalogs/events/harvey_2017_mrms/event_waterlevel/harvey_houston_wl_bc.csv
/proj/zefflab/projects/Flooding/pipeline/web_launcher/_audit_reports/catalog_detector_full_audit_20260612_172311.txt,29,OLD_PROJ_DATA_ROOT,UNCLEAR_REVIEW,/proj/zefflab/projects/Flooding/Data/harris_county/catalogs/events/harvey_2017_mrms/event_validation_points/profiles/full_candidates/sfincs_obs_points_full_candidates.xy,/users/e/p/epsilon/Data/Data/harris_county/catalogs/events/harvey_2017_mrms/event_validation_points/profiles/full_candidates/sfincs_obs_points_full_candidates.xy,False,,OK  harvey_houston_wl_bc.csv           file  28614        /proj/zefflab/projects/Flooding/Data/harris_county/catalogs/events/harvey_2017_mrms/event_waterlevel/harvey_houston_wl_bc.csv
/proj/zefflab/projects/Flooding/pipeline/web_launcher/_audit_reports/catalog_detector_full_audit_20260612_172311.txt,29,OLD_PROJ_DATA_ROOT,UNCLEAR_REVIEW,/proj/zefflab/projects/Flooding/Data/harris_county/catalogs/events/harvey_2017_mrms/event_validation_points/profiles/lite/sfincs_obs_points_lite.xy,/users/e/p/epsilon/Data/Data/harris_county/catalogs/events/harvey_2017_mrms/event_validation_points/profiles/lite/sfincs_obs_points_lite.xy,False,,OK  harvey_houston_wl_bc.csv           file  28614        /proj/zefflab/projects/Flooding/Data/harris_county/catalogs/events/harvey_2017_mrms/event_waterlevel/harvey_houston_wl_bc.csv
/proj/zefflab/projects/Flooding/pipeline/web_launcher/_audit_reports/catalog_detector_full_audit_20260612_172311.txt,29,OLD_PROJ_DATA_ROOT,UNCLEAR_REVIEW,/proj/zefflab/projects/Flooding/Data/harris_county/catalogs/events/harvey_2017_mrms/event_validation_points/profiles/validation/sfincs_obs_points_validation.xy,/users/e/p/epsilon/Data/Data/harris_county/catalogs/events/harvey_2017_mrms/event_validation_points/profiles/validation/sfincs_obs_points_validation.xy,False,,OK  harvey_houston_wl_bc.csv           file  28614        /proj/zefflab/projects/Flooding/Data/harris_county/catalogs/events/harvey_2017_mrms/event_waterlevel/harvey_houston_wl_bc.csv
/proj/zefflab/projects/Flooding/pipeline/web_launcher/_audit_reports/catalog_detector_full_audit_20260612_172311.txt,29,OLD_PROJ_DATA_ROOT,UNCLEAR_REVIEW,/proj/zefflab/projects/Flooding/Data/harris_county/catalogs/events/harvey_2017_mrms/event_waterlevel/harvey_houston_wl_bc.csv,/users/e/p/epsilon/Data/Data/harris_county/catalogs/events/harvey_2017_mrms/event_waterlevel/harvey_houston_wl_bc.csv,True,,OK  harvey_houston_wl_bc.csv           file  28614        /proj/zefflab/projects/Flooding/Data/harris_county/catalogs/events/harvey_2017_mrms/event_waterlevel/harvey_houston_wl_bc.csv
/proj/zefflab/projects/Flooding/pipeline/web_launcher/_audit_reports/catalog_detector_full_audit_20260612_172311.txt,29,OLD_PROJ_DATA_ROOT,UNCLEAR_REVIEW,/proj/zefflab/projects/Flooding/Data/harris_county/catalogs/static/harris_county/curve_number/cn_dry.tif,/users/e/p/epsilon/Data/Data/harris_county/catalogs/static/harris_county/curve_number/cn_dry.tif,False,,OK  harvey_houston_wl_bc.csv           file  28614        /proj/zefflab/projects/Flooding/Data/harris_county/catalogs/events/harvey_2017_mrms/event_waterlevel/harvey_houston_wl_bc.csv
/proj/zefflab/projects/Flooding/pipeline/web_launcher/_audit_reports/catalog_detector_full_audit_20260612_172311.txt,29,OLD_PROJ_DATA_ROOT,UNCLEAR_REVIEW,/proj/zefflab/projects/Flooding/Data/harris_county/catalogs/static/harris_county/curve_number/cn_wet.tif,/users/e/p/epsilon/Data/Data/harris_county/catalogs/static/harris_county/curve_number/cn_wet.tif,False,,OK  harvey_houston_wl_bc.csv           file  28614        /proj/zefflab/projects/Flooding/Data/harris_county/catalogs/events/harvey_2017_mrms/event_waterlevel/harvey_houston_wl_bc.csv
/proj/zefflab/projects/Flooding/pipeline/web_launcher/_audit_reports/catalog_detector_full_audit_20260612_172311.txt,29,OLD_PROJ_DATA_ROOT,UNCLEAR_REVIEW,/proj/zefflab/projects/Flooding/Data/harris_county/catalogs/static/harris_county/landcover/NLCD_2016_Land_Cover_L48_20190424.img,/users/e/p/epsilon/Data/Data/harris_county/catalogs/static/harris_county/landcover/NLCD_2016_Land_Cover_L48_20190424.img,True,,OK  harvey_houston_wl_bc.csv           file  28614        /proj/zefflab/projects/Flooding/Data/harris_county/catalogs/events/harvey_2017_mrms/event_waterlevel/harvey_houston_wl_bc.csv
/proj/zefflab/projects/Flooding/pipeline/web_launcher/_audit_reports/catalog_detector_full_audit_20260612_172311.txt,29,OLD_PROJ_DATA_ROOT,UNCLEAR_REVIEW,/proj/zefflab/projects/Flooding/Data/harris_county/catalogs/static/harris_county/manning_reclass_table/nlcd_mapping_mean.csv,/users/e/p/epsilon/Data/Data/harris_county/catalogs/static/harris_county/manning_reclass_table/nlcd_mapping_mean.csv,True,,OK  harvey_houston_wl_bc.csv           file  28614        /proj/zefflab/projects/Flooding/Data/harris_county/catalogs/events/harvey_2017_mrms/event_waterlevel/harvey_houston_wl_bc.csv
/proj/zefflab/projects/Flooding/pipeline/web_launcher/_audit_reports/catalog_detector_full_audit_20260612_172311.txt,29,OLD_PROJ_DATA_ROOT,UNCLEAR_REVIEW,/proj/zefflab/projects/Flooding/Data/harris_county/catalogs/static/harris_county/region_geom/houston_model.shp,/users/e/p/epsilon/Data/Data/harris_county/catalogs/static/harris_county/region_geom/houston_model.shp,True,,OK  harvey_houston_wl_bc.csv           file  28614        /proj/zefflab/projects/Flooding/Data/harris_county/catalogs/events/harvey_2017_mrms/event_waterlevel/harvey_houston_wl_bc.csv
/proj/zefflab/projects/Flooding/pipeline/web_launcher/_audit_reports/catalog_detector_full_audit_20260612_172311.txt,29,OLD_PROJ_DATA_ROOT,UNCLEAR_REVIEW,/proj/zefflab/projects/Flooding/Data/harris_county/catalogs/static/harris_county/structures_thin_dams/AB_dams.shp,/users/e/p/epsilon/Data/Data/harris_county/catalogs/static/harris_county/structures_thin_dams/AB_dams.shp,True,,OK  harvey_houston_wl_bc.csv           file  28614        /proj/zefflab/projects/Flooding/Data/harris_county/catalogs/events/harvey_2017_mrms/event_waterlevel/harvey_houston_wl_bc.csv
/proj/zefflab/projects/Flooding/pipeline/web_launcher/_audit_reports/catalog_detector_full_audit_20260612_172311.txt,30,OLD_PROJ_DATA_ROOT,UNCLEAR_REVIEW,/proj/zefflab/projects/Flooding/Data/harris_county/catalogs/events/harvey_2017_mrms/event_discharge/harvey_houston_q_bc.csv,/users/e/p/epsilon/Data/Data/harris_county/catalogs/events/harvey_2017_mrms/event_discharge/harvey_houston_q_bc.csv,True,,OK  event_source_table.csv             file  578          /proj/zefflab/projects/Flooding/Data/harris_county/catalogs/events/harvey_2017_mrms/event_source_table/event_source_table.csv
/proj/zefflab/projects/Flooding/pipeline/web_launcher/_audit_reports/catalog_detector_full_audit_20260612_172311.txt,30,OLD_PROJ_DATA_ROOT,UNCLEAR_REVIEW,/proj/zefflab/projects/Flooding/Data/harris_county/catalogs/events/harvey_2017_mrms/event_precip/harvey_mrms.nc,/users/e/p/epsilon/Data/Data/harris_county/catalogs/events/harvey_2017_mrms/event_precip/harvey_mrms.nc,True,,OK  event_source_table.csv             file  578          /proj/zefflab/projects/Flooding/Data/harris_county/catalogs/events/harvey_2017_mrms/event_source_table/event_source_table.csv
/proj/zefflab/projects/Flooding/pipeline/web_launcher/_audit_reports/catalog_detector_full_audit_20260612_172311.txt,30,OLD_PROJ_DATA_ROOT,UNCLEAR_REVIEW,/proj/zefflab/projects/Flooding/Data/harris_county/catalogs/events/harvey_2017_mrms/event_runtime_window/event_runtime_window.csv,/users/e/p/epsilon/Data/Data/harris_county/catalogs/events/harvey_2017_mrms/event_runtime_window/event_runtime_window.csv,True,,OK  event_source_table.csv             file  578          /proj/zefflab/projects/Flooding/Data/harris_county/catalogs/events/harvey_2017_mrms/event_source_table/event_source_table.csv
/proj/zefflab/projects/Flooding/pipeline/web_launcher/_audit_reports/catalog_detector_full_audit_20260612_172311.txt,30,OLD_PROJ_DATA_ROOT,UNCLEAR_REVIEW,/proj/zefflab/projects/Flooding/Data/harris_county/catalogs/events/harvey_2017_mrms/event_source_table/event_source_table.csv,/users/e/p/epsilon/Data/Data/harris_county/catalogs/events/harvey_2017_mrms/event_source_table/event_source_table.csv,True,,OK  event_source_table.csv             file  578          /proj/zefflab/projects/Flooding/Data/harris_county/catalogs/events/harvey_2017_mrms/event_source_table/event_source_table.csv
/proj/zefflab/projects/Flooding/pipeline/web_launcher/_audit_reports/catalog_detector_full_audit_20260612_172311.txt,30,OLD_PROJ_DATA_ROOT,UNCLEAR_REVIEW,/proj/zefflab/projects/Flooding/Data/harris_county/catalogs/events/harvey_2017_mrms/event_validation_lines/reviewed_crs_lines/sfincs_crs_lines_REVIEWED.xyxy,/users/e/p/epsilon/Data/Data/harris_county/catalogs/events/harvey_2017_mrms/event_validation_lines/reviewed_crs_lines/sfincs_crs_lines_REVIEWED.xyxy,False,,OK  event_source_table.csv             file  578          /proj/zefflab/projects/Flooding/Data/harris_county/catalogs/events/harvey_2017_mrms/event_source_table/event_source_table.csv
/proj/zefflab/projects/Flooding/pipeline/web_launcher/_audit_reports/catalog_detector_full_audit_20260612_172311.txt,30,OLD_PROJ_DATA_ROOT,UNCLEAR_REVIEW,/proj/zefflab/projects/Flooding/Data/harris_county/catalogs/events/harvey_2017_mrms/event_validation_lines/reviewed_crs_lines/sfincs_crs_lines_REVIEWED_PLUS_AUTO_CUSTOM.xyxy,/users/e/p/epsilon/Data/Data/harris_county/catalogs/events/harvey_2017_mrms/event_validation_lines/reviewed_crs_lines/sfincs_crs_lines_REVIEWED_PLUS_AUTO_CUSTOM.xyxy,False,,OK  event_source_table.csv             file  578          /proj/zefflab/projects/Flooding/Data/harris_county/catalogs/events/harvey_2017_mrms/event_source_table/event_source_table.csv
/proj/zefflab/projects/Flooding/pipeline/web_launcher/_audit_reports/catalog_detector_full_audit_20260612_172311.txt,30,OLD_PROJ_DATA_ROOT,UNCLEAR_REVIEW,/proj/zefflab/projects/Flooding/Data/harris_county/catalogs/events/harvey_2017_mrms/event_validation_points/profiles/full_candidates/sfincs_obs_points_full_candidates.xy,/users/e/p/epsilon/Data/Data/harris_county/catalogs/events/harvey_2017_mrms/event_validation_points/profiles/full_candidates/sfincs_obs_points_full_candidates.xy,False,,OK  event_source_table.csv             file  578          /proj/zefflab/projects/Flooding/Data/harris_county/catalogs/events/harvey_2017_mrms/event_source_table/event_source_table.csv
/proj/zefflab/projects/Flooding/pipeline/web_launcher/_audit_reports/catalog_detector_full_audit_20260612_172311.txt,30,OLD_PROJ_DATA_ROOT,UNCLEAR_REVIEW,/proj/zefflab/projects/Flooding/Data/harris_county/catalogs/events/harvey_2017_mrms/event_validation_points/profiles/lite/sfincs_obs_points_lite.xy,/users/e/p/epsilon/Data/Data/harris_county/catalogs/events/harvey_2017_mrms/event_validation_points/profiles/lite/sfincs_obs_points_lite.xy,False,,OK  event_source_table.csv             file  578          /proj/zefflab/projects/Flooding/Data/harris_county/catalogs/events/harvey_2017_mrms/event_source_table/event_source_table.csv
/proj/zefflab/projects/Flooding/pipeline/web_launcher/_audit_reports/catalog_detector_full_audit_20260612_172311.txt,30,OLD_PROJ_DATA_ROOT,UNCLEAR_REVIEW,/proj/zefflab/projects/Flooding/Data/harris_county/catalogs/events/harvey_2017_mrms/event_validation_points/profiles/validation/sfincs_obs_points_validation.xy,/users/e/p/epsilon/Data/Data/harris_county/catalogs/events/harvey_2017_mrms/event_validation_points/profiles/validation/sfincs_obs_points_validation.xy,False,,OK  event_source_table.csv             file  578          /proj/zefflab/projects/Flooding/Data/harris_county/catalogs/events/harvey_2017_mrms/event_source_table/event_source_table.csv
/proj/zefflab/projects/Flooding/pipeline/web_launcher/_audit_reports/catalog_detector_full_audit_20260612_172311.txt,30,OLD_PROJ_DATA_ROOT,UNCLEAR_REVIEW,/proj/zefflab/projects/Flooding/Data/harris_county/catalogs/events/harvey_2017_mrms/event_waterlevel/harvey_houston_wl_bc.csv,/users/e/p/epsilon/Data/Data/harris_county/catalogs/events/harvey_2017_mrms/event_waterlevel/harvey_houston_wl_bc.csv,True,,OK  event_source_table.csv             file  578          /proj/zefflab/projects/Flooding/Data/harris_county/catalogs/events/harvey_2017_mrms/event_source_table/event_source_table.csv
/proj/zefflab/projects/Flooding/pipeline/web_launcher/_audit_reports/catalog_detector_full_audit_20260612_172311.txt,30,OLD_PROJ_DATA_ROOT,UNCLEAR_REVIEW,/proj/zefflab/projects/Flooding/Data/harris_county/catalogs/static/harris_county/curve_number/cn_dry.tif,/users/e/p/epsilon/Data/Data/harris_county/catalogs/static/harris_county/curve_number/cn_dry.tif,False,,OK  event_source_table.csv             file  578          /proj/zefflab/projects/Flooding/Data/harris_county/catalogs/events/harvey_2017_mrms/event_source_table/event_source_table.csv
/proj/zefflab/projects/Flooding/pipeline/web_launcher/_audit_reports/catalog_detector_full_audit_20260612_172311.txt,30,OLD_PROJ_DATA_ROOT,UNCLEAR_REVIEW,/proj/zefflab/projects/Flooding/Data/harris_county/catalogs/static/harris_county/landcover/NLCD_2016_Land_Cover_L48_20190424.img,/users/e/p/epsilon/Data/Data/harris_county/catalogs/static/harris_county/landcover/NLCD_2016_Land_Cover_L48_20190424.img,True,,OK  event_source_table.csv             file  578          /proj/zefflab/projects/Flooding/Data/harris_county/catalogs/events/harvey_2017_mrms/event_source_table/event_source_table.csv
/proj/zefflab/projects/Flooding/pipeline/web_launcher/_audit_reports/catalog_detector_full_audit_20260612_172311.txt,30,OLD_PROJ_DATA_ROOT,UNCLEAR_REVIEW,/proj/zefflab/projects/Flooding/Data/harris_county/catalogs/static/harris_county/manning_reclass_table/nlcd_mapping_mean.csv,/users/e/p/epsilon/Data/Data/harris_county/catalogs/static/harris_county/manning_reclass_table/nlcd_mapping_mean.csv,True,,OK  event_source_table.csv             file  578          /proj/zefflab/projects/Flooding/Data/harris_county/catalogs/events/harvey_2017_mrms/event_source_table/event_source_table.csv
/proj/zefflab/projects/Flooding/pipeline/web_launcher/_audit_reports/catalog_detector_full_audit_20260612_172311.txt,30,OLD_PROJ_DATA_ROOT,UNCLEAR_REVIEW,/proj/zefflab/projects/Flooding/Data/harris_county/catalogs/static/harris_county/region_geom/houston_model.shp,/users/e/p/epsilon/Data/Data/harris_county/catalogs/static/harris_county/region_geom/houston_model.shp,True,,OK  event_source_table.csv             file  578          /proj/zefflab/projects/Flooding/Data/harris_county/catalogs/events/harvey_2017_mrms/event_source_table/event_source_table.csv
/proj/zefflab/projects/Flooding/pipeline/web_launcher/_audit_reports/catalog_detector_full_audit_20260612_172311.txt,30,OLD_PROJ_DATA_ROOT,UNCLEAR_REVIEW,/proj/zefflab/projects/Flooding/Data/harris_county/catalogs/static/harris_county/structures_thin_dams/AB_dams.shp,/users/e/p/epsilon/Data/Data/harris_county/catalogs/static/harris_county/structures_thin_dams/AB_dams.shp,True,,OK  event_source_table.csv             file  578          /proj/zefflab/projects/Flooding/Data/harris_county/catalogs/events/harvey_2017_mrms/event_source_table/event_source_table.csv
/proj/zefflab/projects/Flooding/pipeline/web_launcher/_audit_reports/catalog_detector_full_audit_20260612_172311.txt,31,OLD_PROJ_DATA_ROOT,UNCLEAR_REVIEW,/proj/zefflab/projects/Flooding/Data/harris_county/catalogs/events/harvey_2017_mrms/event_discharge/harvey_houston_q_bc.csv,/users/e/p/epsilon/Data/Data/harris_county/catalogs/events/harvey_2017_mrms/event_discharge/harvey_houston_q_bc.csv,True,,OK  harvey_houston_q_bc.csv            file  444041       /proj/zefflab/projects/Flooding/Data/harris_county/catalogs/events/harvey_2017_mrms/event_discharge/harvey_houston_q_bc.csv
/proj/zefflab/projects/Flooding/pipeline/web_launcher/_audit_reports/catalog_detector_full_audit_20260612_172311.txt,31,OLD_PROJ_DATA_ROOT,UNCLEAR_REVIEW,/proj/zefflab/projects/Flooding/Data/harris_county/catalogs/events/harvey_2017_mrms/event_precip/harvey_mrms.nc,/users/e/p/epsilon/Data/Data/harris_county/catalogs/events/harvey_2017_mrms/event_precip/harvey_mrms.nc,True,,OK  harvey_houston_q_bc.csv            file  444041       /proj/zefflab/projects/Flooding/Data/harris_county/catalogs/events/harvey_2017_mrms/event_discharge/harvey_houston_q_bc.csv
/proj/zefflab/projects/Flooding/pipeline/web_launcher/_audit_reports/catalog_detector_full_audit_20260612_172311.txt,31,OLD_PROJ_DATA_ROOT,UNCLEAR_REVIEW,/proj/zefflab/projects/Flooding/Data/harris_county/catalogs/events/harvey_2017_mrms/event_runtime_window/event_runtime_window.csv,/users/e/p/epsilon/Data/Data/harris_county/catalogs/events/harvey_2017_mrms/event_runtime_window/event_runtime_window.csv,True,,OK  harvey_houston_q_bc.csv            file  444041       /proj/zefflab/projects/Flooding/Data/harris_county/catalogs/events/harvey_2017_mrms/event_discharge/harvey_houston_q_bc.csv
/proj/zefflab/projects/Flooding/pipeline/web_launcher/_audit_reports/catalog_detector_full_audit_20260612_172311.txt,31,OLD_PROJ_DATA_ROOT,UNCLEAR_REVIEW,/proj/zefflab/projects/Flooding/Data/harris_county/catalogs/events/harvey_2017_mrms/event_source_table/event_source_table.csv,/users/e/p/epsilon/Data/Data/harris_county/catalogs/events/harvey_2017_mrms/event_source_table/event_source_table.csv,True,,OK  harvey_houston_q_bc.csv            file  444041       /proj/zefflab/projects/Flooding/Data/harris_county/catalogs/events/harvey_2017_mrms/event_discharge/harvey_houston_q_bc.csv
/proj/zefflab/projects/Flooding/pipeline/web_launcher/_audit_reports/catalog_detector_full_audit_20260612_172311.txt,31,OLD_PROJ_DATA_ROOT,UNCLEAR_REVIEW,/proj/zefflab/projects/Flooding/Data/harris_county/catalogs/events/harvey_2017_mrms/event_validation_lines/reviewed_crs_lines/sfincs_crs_lines_REVIEWED.xyxy,/users/e/p/epsilon/Data/Data/harris_county/catalogs/events/harvey_2017_mrms/event_validation_lines/reviewed_crs_lines/sfincs_crs_lines_REVIEWED.xyxy,False,,OK  harvey_houston_q_bc.csv            file  444041       /proj/zefflab/projects/Flooding/Data/harris_county/catalogs/events/harvey_2017_mrms/event_discharge/harvey_houston_q_bc.csv
/proj/zefflab/projects/Flooding/pipeline/web_launcher/_audit_reports/catalog_detector_full_audit_20260612_172311.txt,31,OLD_PROJ_DATA_ROOT,UNCLEAR_REVIEW,/proj/zefflab/projects/Flooding/Data/harris_county/catalogs/events/harvey_2017_mrms/event_validation_lines/reviewed_crs_lines/sfincs_crs_lines_REVIEWED_PLUS_AUTO_CUSTOM.xyxy,/users/e/p/epsilon/Data/Data/harris_county/catalogs/events/harvey_2017_mrms/event_validation_lines/reviewed_crs_lines/sfincs_crs_lines_REVIEWED_PLUS_AUTO_CUSTOM.xyxy,False,,OK  harvey_houston_q_bc.csv            file  444041       /proj/zefflab/projects/Flooding/Data/harris_county/catalogs/events/harvey_2017_mrms/event_discharge/harvey_houston_q_bc.csv
/proj/zefflab/projects/Flooding/pipeline/web_launcher/_audit_reports/catalog_detector_full_audit_20260612_172311.txt,31,OLD_PROJ_DATA_ROOT,UNCLEAR_REVIEW,/proj/zefflab/projects/Flooding/Data/harris_county/catalogs/events/harvey_2017_mrms/event_validation_points/profiles/full_candidates/sfincs_obs_points_full_candidates.xy,/users/e/p/epsilon/Data/Data/harris_county/catalogs/events/harvey_2017_mrms/event_validation_points/profiles/full_candidates/sfincs_obs_points_full_candidates.xy,False,,OK  harvey_houston_q_bc.csv            file  444041       /proj/zefflab/projects/Flooding/Data/harris_county/catalogs/events/harvey_2017_mrms/event_discharge/harvey_houston_q_bc.csv
/proj/zefflab/projects/Flooding/pipeline/web_launcher/_audit_reports/catalog_detector_full_audit_20260612_172311.txt,31,OLD_PROJ_DATA_ROOT,UNCLEAR_REVIEW,/proj/zefflab/projects/Flooding/Data/harris_county/catalogs/events/harvey_2017_mrms/event_validation_points/profiles/lite/sfincs_obs_points_lite.xy,/users/e/p/epsilon/Data/Data/harris_county/catalogs/events/harvey_2017_mrms/event_validation_points/profiles/lite/sfincs_obs_points_lite.xy,False,,OK  harvey_houston_q_bc.csv            file  444041       /proj/zefflab/projects/Flooding/Data/harris_county/catalogs/events/harvey_2017_mrms/event_discharge/harvey_houston_q_bc.csv
/proj/zefflab/projects/Flooding/pipeline/web_launcher/_audit_reports/catalog_detector_full_audit_20260612_172311.txt,31,OLD_PROJ_DATA_ROOT,UNCLEAR_REVIEW,/proj/zefflab/projects/Flooding/Data/harris_county/catalogs/events/harvey_2017_mrms/event_validation_points/profiles/validation/sfincs_obs_points_validation.xy,/users/e/p/epsilon/Data/Data/harris_county/catalogs/events/harvey_2017_mrms/event_validation_points/profiles/validation/sfincs_obs_points_validation.xy,False,,OK  harvey_houston_q_bc.csv            file  444041       /proj/zefflab/projects/Flooding/Data/harris_county/catalogs/events/harvey_2017_mrms/event_discharge/harvey_houston_q_bc.csv
/proj/zefflab/projects/Flooding/pipeline/web_launcher/_audit_reports/catalog_detector_full_audit_20260612_172311.txt,31,OLD_PROJ_DATA_ROOT,UNCLEAR_REVIEW,/proj/zefflab/projects/Flooding/Data/harris_county/catalogs/events/harvey_2017_mrms/event_waterlevel/harvey_houston_wl_bc.csv,/users/e/p/epsilon/Data/Data/harris_county/catalogs/events/harvey_2017_mrms/event_waterlevel/harvey_houston_wl_bc.csv,True,,OK  harvey_houston_q_bc.csv            file  444041       /proj/zefflab/projects/Flooding/Data/harris_county/catalogs/events/harvey_2017_mrms/event_discharge/harvey_houston_q_bc.csv
/proj/zefflab/projects/Flooding/pipeline/web_launcher/_audit_reports/catalog_detector_full_audit_20260612_172311.txt,31,OLD_PROJ_DATA_ROOT,UNCLEAR_REVIEW,/proj/zefflab/projects/Flooding/Data/harris_county/catalogs/static/harris_county/landcover/NLCD_2016_Land_Cover_L48_20190424.img,/users/e/p/epsilon/Data/Data/harris_county/catalogs/static/harris_county/landcover/NLCD_2016_Land_Cover_L48_20190424.img,True,,OK  harvey_houston_q_bc.csv            file  444041       /proj/zefflab/projects/Flooding/Data/harris_county/catalogs/events/harvey_2017_mrms/event_discharge/harvey_houston_q_bc.csv
/proj/zefflab/projects/Flooding/pipeline/web_launcher/_audit_reports/catalog_detector_full_audit_20260612_172311.txt,31,OLD_PROJ_DATA_ROOT,UNCLEAR_REVIEW,/proj/zefflab/projects/Flooding/Data/harris_county/catalogs/static/harris_county/manning_reclass_table/nlcd_mapping_mean.csv,/users/e/p/epsilon/Data/Data/harris_county/catalogs/static/harris_county/manning_reclass_table/nlcd_mapping_mean.csv,True,,OK  harvey_houston_q_bc.csv            file  444041       /proj/zefflab/projects/Flooding/Data/harris_county/catalogs/events/harvey_2017_mrms/event_discharge/harvey_houston_q_bc.csv
/proj/zefflab/projects/Flooding/pipeline/web_launcher/_audit_reports/catalog_detector_full_audit_20260612_172311.txt,31,OLD_PROJ_DATA_ROOT,UNCLEAR_REVIEW,/proj/zefflab/projects/Flooding/Data/harris_county/catalogs/static/harris_county/region_geom/houston_model.shp,/users/e/p/epsilon/Data/Data/harris_county/catalogs/static/harris_county/region_geom/houston_model.shp,True,,OK  harvey_houston_q_bc.csv            file  444041       /proj/zefflab/projects/Flooding/Data/harris_county/catalogs/events/harvey_2017_mrms/event_discharge/harvey_houston_q_bc.csv
/proj/zefflab/projects/Flooding/pipeline/web_launcher/_audit_reports/catalog_detector_full_audit_20260612_172311.txt,31,OLD_PROJ_DATA_ROOT,UNCLEAR_REVIEW,/proj/zefflab/projects/Flooding/Data/harris_county/catalogs/static/harris_county/structures_thin_dams/AB_dams.shp,/users/e/p/epsilon/Data/Data/harris_county/catalogs/static/harris_county/structures_thin_dams/AB_dams.shp,True,,OK  harvey_houston_q_bc.csv            file  444041       /proj/zefflab/projects/Flooding/Data/harris_county/catalogs/events/harvey_2017_mrms/event_discharge/harvey_houston_q_bc.csv
/proj/zefflab/projects/Flooding/pipeline/web_launcher/_audit_reports/catalog_detector_full_audit_20260612_172311.txt,32,OLD_PROJ_DATA_ROOT,UNCLEAR_REVIEW,/proj/zefflab/projects/Flooding/Data/harris_county/catalogs/events/harvey_2017_mrms/event_discharge/harvey_houston_q_bc.csv,/users/e/p/epsilon/Data/Data/harris_county/catalogs/events/harvey_2017_mrms/event_discharge/harvey_houston_q_bc.csv,True,,OK  sfincs_obs_points_lite.xy          file  184          /proj/zefflab/projects/Flooding/Data/harris_county/catalogs/events/harvey_2017_mrms/event_validation_points/profiles/lite/sfincs_obs_points_lite.xy
/proj/zefflab/projects/Flooding/pipeline/web_launcher/_audit_reports/catalog_detector_full_audit_20260612_172311.txt,32,OLD_PROJ_DATA_ROOT,UNCLEAR_REVIEW,/proj/zefflab/projects/Flooding/Data/harris_county/catalogs/events/harvey_2017_mrms/event_precip/harvey_mrms.nc,/users/e/p/epsilon/Data/Data/harris_county/catalogs/events/harvey_2017_mrms/event_precip/harvey_mrms.nc,True,,OK  sfincs_obs_points_lite.xy          file  184          /proj/zefflab/projects/Flooding/Data/harris_county/catalogs/events/harvey_2017_mrms/event_validation_points/profiles/lite/sfincs_obs_points_lite.xy
/proj/zefflab/projects/Flooding/pipeline/web_launcher/_audit_reports/catalog_detector_full_audit_20260612_172311.txt,32,OLD_PROJ_DATA_ROOT,UNCLEAR_REVIEW,/proj/zefflab/projects/Flooding/Data/harris_county/catalogs/events/harvey_2017_mrms/event_runtime_window/event_runtime_window.csv,/users/e/p/epsilon/Data/Data/harris_county/catalogs/events/harvey_2017_mrms/event_runtime_window/event_runtime_window.csv,True,,OK  sfincs_obs_points_lite.xy          file  184          /proj/zefflab/projects/Flooding/Data/harris_county/catalogs/events/harvey_2017_mrms/event_validation_points/profiles/lite/sfincs_obs_points_lite.xy
/proj/zefflab/projects/Flooding/pipeline/web_launcher/_audit_reports/catalog_detector_full_audit_20260612_172311.txt,32,OLD_PROJ_DATA_ROOT,UNCLEAR_REVIEW,/proj/zefflab/projects/Flooding/Data/harris_county/catalogs/events/harvey_2017_mrms/event_source_table/event_source_table.csv,/users/e/p/epsilon/Data/Data/harris_county/catalogs/events/harvey_2017_mrms/event_source_table/event_source_table.csv,True,,OK  sfincs_obs_points_lite.xy          file  184          /proj/zefflab/projects/Flooding/Data/harris_county/catalogs/events/harvey_2017_mrms/event_validation_points/profiles/lite/sfincs_obs_points_lite.xy
/proj/zefflab/projects/Flooding/pipeline/web_launcher/_audit_reports/catalog_detector_full_audit_20260612_172311.txt,32,OLD_PROJ_DATA_ROOT,UNCLEAR_REVIEW,/proj/zefflab/projects/Flooding/Data/harris_county/catalogs/events/harvey_2017_mrms/event_validation_lines/reviewed_crs_lines/sfincs_crs_lines_REVIEWED.xyxy,/users/e/p/epsilon/Data/Data/harris_county/catalogs/events/harvey_2017_mrms/event_validation_lines/reviewed_crs_lines/sfincs_crs_lines_REVIEWED.xyxy,False,,OK  sfincs_obs_points_lite.xy          file  184          /proj/zefflab/projects/Flooding/Data/harris_county/catalogs/events/harvey_2017_mrms/event_validation_points/profiles/lite/sfincs_obs_points_lite.xy
/proj/zefflab/projects/Flooding/pipeline/web_launcher/_audit_reports/catalog_detector_full_audit_20260612_172311.txt,32,OLD_PROJ_DATA_ROOT,UNCLEAR_REVIEW,/proj/zefflab/projects/Flooding/Data/harris_county/catalogs/events/harvey_2017_mrms/event_validation_lines/reviewed_crs_lines/sfincs_crs_lines_REVIEWED_PLUS_AUTO_CUSTOM.xyxy,/users/e/p/epsilon/Data/Data/harris_county/catalogs/events/harvey_2017_mrms/event_validation_lines/reviewed_crs_lines/sfincs_crs_lines_REVIEWED_PLUS_AUTO_CUSTOM.xyxy,False,,OK  sfincs_obs_points_lite.xy          file  184          /proj/zefflab/projects/Flooding/Data/harris_county/catalogs/events/harvey_2017_mrms/event_validation_points/profiles/lite/sfincs_obs_points_lite.xy
/proj/zefflab/projects/Flooding/pipeline/web_launcher/_audit_reports/catalog_detector_full_audit_20260612_172311.txt,32,OLD_PROJ_DATA_ROOT,UNCLEAR_REVIEW,/proj/zefflab/projects/Flooding/Data/harris_county/catalogs/events/harvey_2017_mrms/event_validation_points/profiles/full_candidates/sfincs_obs_points_full_candidates.xy,/users/e/p/epsilon/Data/Data/harris_county/catalogs/events/harvey_2017_mrms/event_validation_points/profiles/full_candidates/sfincs_obs_points_full_candidates.xy,False,,OK  sfincs_obs_points_lite.xy          file  184          /proj/zefflab/projects/Flooding/Data/harris_county/catalogs/events/harvey_2017_mrms/event_validation_points/profiles/lite/sfincs_obs_points_lite.xy
/proj/zefflab/projects/Flooding/pipeline/web_launcher/_audit_reports/catalog_detector_full_audit_20260612_172311.txt,32,OLD_PROJ_DATA_ROOT,UNCLEAR_REVIEW,/proj/zefflab/projects/Flooding/Data/harris_county/catalogs/events/harvey_2017_mrms/event_validation_points/profiles/lite/sfincs_obs_points_lite.xy,/users/e/p/epsilon/Data/Data/harris_county/catalogs/events/harvey_2017_mrms/event_validation_points/profiles/lite/sfincs_obs_points_lite.xy,False,,OK  sfincs_obs_points_lite.xy          file  184          /proj/zefflab/projects/Flooding/Data/harris_county/catalogs/events/harvey_2017_mrms/event_validation_points/profiles/lite/sfincs_obs_points_lite.xy
/proj/zefflab/projects/Flooding/pipeline/web_launcher/_audit_reports/catalog_detector_full_audit_20260612_172311.txt,32,OLD_PROJ_DATA_ROOT,UNCLEAR_REVIEW,/proj/zefflab/projects/Flooding/Data/harris_county/catalogs/events/harvey_2017_mrms/event_validation_points/profiles/validation/sfincs_obs_points_validation.xy,/users/e/p/epsilon/Data/Data/harris_county/catalogs/events/harvey_2017_mrms/event_validation_points/profiles/validation/sfincs_obs_points_validation.xy,False,,OK  sfincs_obs_points_lite.xy          file  184          /proj/zefflab/projects/Flooding/Data/harris_county/catalogs/events/harvey_2017_mrms/event_validation_points/profiles/lite/sfincs_obs_points_lite.xy
/proj/zefflab/projects/Flooding/pipeline/web_launcher/_audit_reports/catalog_detector_full_audit_20260612_172311.txt,32,OLD_PROJ_DATA_ROOT,UNCLEAR_REVIEW,/proj/zefflab/projects/Flooding/Data/harris_county/catalogs/events/harvey_2017_mrms/event_waterlevel/harvey_houston_wl_bc.csv,/users/e/p/epsilon/Data/Data/harris_county/catalogs/events/harvey_2017_mrms/event_waterlevel/harvey_houston_wl_bc.csv,True,,OK  sfincs_obs_points_lite.xy          file  184          /proj/zefflab/projects/Flooding/Data/harris_county/catalogs/events/harvey_2017_mrms/event_validation_points/profiles/lite/sfincs_obs_points_lite.xy
/proj/zefflab/projects/Flooding/pipeline/web_launcher/_audit_reports/catalog_detector_full_audit_20260612_172311.txt,32,OLD_PROJ_DATA_ROOT,UNCLEAR_REVIEW,/proj/zefflab/projects/Flooding/Data/harris_county/catalogs/static/harris_county,/users/e/p/epsilon/Data/Data/harris_county/catalogs/static/harris_county,True,,OK  sfincs_obs_points_lite.xy          file  184          /proj/zefflab/projects/Flooding/Data/harris_county/catalogs/events/harvey_2017_mrms/event_validation_points/profiles/lite/sfincs_obs_points_lite.xy
/proj/zefflab/projects/Flooding/pipeline/web_launcher/_audit_reports/catalog_detector_full_audit_20260612_172311.txt,32,OLD_PROJ_DATA_ROOT,UNCLEAR_REVIEW,/proj/zefflab/projects/Flooding/Data/harris_county/catalogs/static/harris_county/manning_reclass_table/nlcd_mapping_mean.csv,/users/e/p/epsilon/Data/Data/harris_county/catalogs/static/harris_county/manning_reclass_table/nlcd_mapping_mean.csv,True,,OK  sfincs_obs_points_lite.xy          file  184          /proj/zefflab/projects/Flooding/Data/harris_county/catalogs/events/harvey_2017_mrms/event_validation_points/profiles/lite/sfincs_obs_points_lite.xy
/proj/zefflab/projects/Flooding/pipeline/web_launcher/_audit_reports/catalog_detector_full_audit_20260612_172311.txt,32,OLD_PROJ_DATA_ROOT,UNCLEAR_REVIEW,/proj/zefflab/projects/Flooding/Data/harris_county/catalogs/static/harris_county/region_geom/houston_model.shp,/users/e/p/epsilon/Data/Data/harris_county/catalogs/static/harris_county/region_geom/houston_model.shp,True,,OK  sfincs_obs_points_lite.xy          file  184          /proj/zefflab/projects/Flooding/Data/harris_county/catalogs/events/harvey_2017_mrms/event_validation_points/profiles/lite/sfincs_obs_points_lite.xy
/proj/zefflab/projects/Flooding/pipeline/web_launcher/_audit_reports/catalog_detector_full_audit_20260612_172311.txt,32,OLD_PROJ_DATA_ROOT,UNCLEAR_REVIEW,/proj/zefflab/projects/Flooding/Data/harris_county/catalogs/static/harris_county/structures_thin_dams/AB_dams.shp,/users/e/p/epsilon/Data/Data/harris_county/catalogs/static/harris_county/structures_thin_dams/AB_dams.shp,True,,OK  sfincs_obs_points_lite.xy          file  184          /proj/zefflab/projects/Flooding/Data/harris_county/catalogs/events/harvey_2017_mrms/event_validation_points/profiles/lite/sfincs_obs_points_lite.xy
/proj/zefflab/projects/Flooding/pipeline/web_launcher/_audit_reports/catalog_detector_full_audit_20260612_172311.txt,33,OLD_PROJ_DATA_ROOT,UNCLEAR_REVIEW,/proj/zefflab/projects/Flooding/Data/harris_county/catalogs/events/harvey_2017_mrms/event_discharge/harvey_houston_q_bc.csv,/users/e/p/epsilon/Data/Data/harris_county/catalogs/events/harvey_2017_mrms/event_discharge/harvey_houston_q_bc.csv,True,,OK  sfincs_obs_points_validation.xy    file  805          /proj/zefflab/projects/Flooding/Data/harris_county/catalogs/events/harvey_2017_mrms/event_validation_points/profiles/validation/sfincs_obs_points_validation.xy
/proj/zefflab/projects/Flooding/pipeline/web_launcher/_audit_reports/catalog_detector_full_audit_20260612_172311.txt,33,OLD_PROJ_DATA_ROOT,UNCLEAR_REVIEW,/proj/zefflab/projects/Flooding/Data/harris_county/catalogs/events/harvey_2017_mrms/event_precip/harvey_mrms.nc,/users/e/p/epsilon/Data/Data/harris_county/catalogs/events/harvey_2017_mrms/event_precip/harvey_mrms.nc,True,,OK  sfincs_obs_points_validation.xy    file  805          /proj/zefflab/projects/Flooding/Data/harris_county/catalogs/events/harvey_2017_mrms/event_validation_points/profiles/validation/sfincs_obs_points_validation.xy
/proj/zefflab/projects/Flooding/pipeline/web_launcher/_audit_reports/catalog_detector_full_audit_20260612_172311.txt,33,OLD_PROJ_DATA_ROOT,UNCLEAR_REVIEW,/proj/zefflab/projects/Flooding/Data/harris_county/catalogs/events/harvey_2017_mrms/event_runtime_window/event_runtime_window.csv,/users/e/p/epsilon/Data/Data/harris_county/catalogs/events/harvey_2017_mrms/event_runtime_window/event_runtime_window.csv,True,,OK  sfincs_obs_points_validation.xy    file  805          /proj/zefflab/projects/Flooding/Data/harris_county/catalogs/events/harvey_2017_mrms/event_validation_points/profiles/validation/sfincs_obs_points_validation.xy
/proj/zefflab/projects/Flooding/pipeline/web_launcher/_audit_reports/catalog_detector_full_audit_20260612_172311.txt,33,OLD_PROJ_DATA_ROOT,UNCLEAR_REVIEW,/proj/zefflab/projects/Flooding/Data/harris_county/catalogs/events/harvey_2017_mrms/event_source_table/event_source_table.csv,/users/e/p/epsilon/Data/Data/harris_county/catalogs/events/harvey_2017_mrms/event_source_table/event_source_table.csv,True,,OK  sfincs_obs_points_validation.xy    file  805          /proj/zefflab/projects/Flooding/Data/harris_county/catalogs/events/harvey_2017_mrms/event_validation_points/profiles/validation/sfincs_obs_points_validation.xy
/proj/zefflab/projects/Flooding/pipeline/web_launcher/_audit_reports/catalog_detector_full_audit_20260612_172311.txt,33,OLD_PROJ_DATA_ROOT,UNCLEAR_REVIEW,/proj/zefflab/projects/Flooding/Data/harris_county/catalogs/events/harvey_2017_mrms/event_validation_lines/reviewed_crs_lines/sfincs_crs_lines_REVIEWED.xyxy,/users/e/p/epsilon/Data/Data/harris_county/catalogs/events/harvey_2017_mrms/event_validation_lines/reviewed_crs_lines/sfincs_crs_lines_REVIEWED.xyxy,False,,OK  sfincs_obs_points_validation.xy    file  805          /proj/zefflab/projects/Flooding/Data/harris_county/catalogs/events/harvey_2017_mrms/event_validation_points/profiles/validation/sfincs_obs_points_validation.xy
/proj/zefflab/projects/Flooding/pipeline/web_launcher/_audit_reports/catalog_detector_full_audit_20260612_172311.txt,33,OLD_PROJ_DATA_ROOT,UNCLEAR_REVIEW,/proj/zefflab/projects/Flooding/Data/harris_county/catalogs/events/harvey_2017_mrms/event_validation_lines/reviewed_crs_lines/sfincs_crs_lines_REVIEWED_PLUS_AUTO_CUSTOM.xyxy,/users/e/p/epsilon/Data/Data/harris_county/catalogs/events/harvey_2017_mrms/event_validation_lines/reviewed_crs_lines/sfincs_crs_lines_REVIEWED_PLUS_AUTO_CUSTOM.xyxy,False,,OK  sfincs_obs_points_validation.xy    file  805          /proj/zefflab/projects/Flooding/Data/harris_county/catalogs/events/harvey_2017_mrms/event_validation_points/profiles/validation/sfincs_obs_points_validation.xy
/proj/zefflab/projects/Flooding/pipeline/web_launcher/_audit_reports/catalog_detector_full_audit_20260612_172311.txt,33,OLD_PROJ_DATA_ROOT,UNCLEAR_REVIEW,/proj/zefflab/projects/Flooding/Data/harris_county/catalogs/events/harvey_2017_mrms/event_validation_points/profiles/full_candidates/sfincs_obs_points_full_candidates.xy,/users/e/p/epsilon/Data/Data/harris_county/catalogs/events/harvey_2017_mrms/event_validation_points/profiles/full_candidates/sfincs_obs_points_full_candidates.xy,False,,OK  sfincs_obs_points_validation.xy    file  805          /proj/zefflab/projects/Flooding/Data/harris_county/catalogs/events/harvey_2017_mrms/event_validation_points/profiles/validation/sfincs_obs_points_validation.xy
/proj/zefflab/projects/Flooding/pipeline/web_launcher/_audit_reports/catalog_detector_full_audit_20260612_172311.txt,33,OLD_PROJ_DATA_ROOT,UNCLEAR_REVIEW,/proj/zefflab/projects/Flooding/Data/harris_county/catalogs/events/harvey_2017_mrms/event_validation_points/profiles/lite/sfincs_obs_points_lite.xy,/users/e/p/epsilon/Data/Data/harris_county/catalogs/events/harvey_2017_mrms/event_validation_points/profiles/lite/sfincs_obs_points_lite.xy,False,,OK  sfincs_obs_points_validation.xy    file  805          /proj/zefflab/projects/Flooding/Data/harris_county/catalogs/events/harvey_2017_mrms/event_validation_points/profiles/validation/sfincs_obs_points_validation.xy
/proj/zefflab/projects/Flooding/pipeline/web_launcher/_audit_reports/catalog_detector_full_audit_20260612_172311.txt,33,OLD_PROJ_DATA_ROOT,UNCLEAR_REVIEW,/proj/zefflab/projects/Flooding/Data/harris_county/catalogs/events/harvey_2017_mrms/event_validation_points/profiles/validation/sfincs_obs_points_validation.xy,/users/e/p/epsilon/Data/Data/harris_county/catalogs/events/harvey_2017_mrms/event_validation_points/profiles/validation/sfincs_obs_points_validation.xy,False,,OK  sfincs_obs_points_validation.xy    file  805          /proj/zefflab/projects/Flooding/Data/harris_county/catalogs/events/harvey_2017_mrms/event_validation_points/profiles/validation/sfincs_obs_points_validation.xy
/proj/zefflab/projects/Flooding/pipeline/web_launcher/_audit_reports/catalog_detector_full_audit_20260612_172311.txt,33,OLD_PROJ_DATA_ROOT,UNCLEAR_REVIEW,/proj/zefflab/projects/Flooding/Data/harris_county/catalogs/events/harvey_2017_mrms/event_waterlevel/harvey_houston_wl_bc.csv,/users/e/p/epsilon/Data/Data/harris_county/catalogs/events/harvey_2017_mrms/event_waterlevel/harvey_houston_wl_bc.csv,True,,OK  sfincs_obs_points_validation.xy    file  805          /proj/zefflab/projects/Flooding/Data/harris_county/catalogs/events/harvey_2017_mrms/event_validation_points/profiles/validation/sfincs_obs_points_validation.xy
/proj/zefflab/projects/Flooding/pipeline/web_launcher/_audit_reports/catalog_detector_full_audit_20260612_172311.txt,33,OLD_PROJ_DATA_ROOT,UNCLEAR_REVIEW,/proj/zefflab/projects/Flooding/Data/harris_county/catalogs/static/harris_county,/users/e/p/epsilon/Data/Data/harris_county/catalogs/static/harris_county,True,,OK  sfincs_obs_points_validation.xy    file  805          /proj/zefflab/projects/Flooding/Data/harris_county/catalogs/events/harvey_2017_mrms/event_validation_points/profiles/validation/sfincs_obs_points_validation.xy
/proj/zefflab/projects/Flooding/pipeline/web_launcher/_audit_reports/catalog_detector_full_audit_20260612_172311.txt,33,OLD_PROJ_DATA_ROOT,UNCLEAR_REVIEW,/proj/zefflab/projects/Flooding/Data/harris_county/catalogs/static/harris_county/region_geom/houston_model.shp,/users/e/p/epsilon/Data/Data/harris_county/catalogs/static/harris_county/region_geom/houston_model.shp,True,,OK  sfincs_obs_points_validation.xy    file  805          /proj/zefflab/projects/Flooding/Data/harris_county/catalogs/events/harvey_2017_mrms/event_validation_points/profiles/validation/sfincs_obs_points_validation.xy
/proj/zefflab/projects/Flooding/pipeline/web_launcher/_audit_reports/catalog_detector_full_audit_20260612_172311.txt,33,OLD_PROJ_DATA_ROOT,UNCLEAR_REVIEW,/proj/zefflab/projects/Flooding/Data/harris_county/catalogs/static/harris_county/structures_thin_dams/AB_dams.shp,/users/e/p/epsilon/Data/Data/harris_county/catalogs/static/harris_county/structures_thin_dams/AB_dams.shp,True,,OK  sfincs_obs_points_validation.xy    file  805          /proj/zefflab/projects/Flooding/Data/harris_county/catalogs/events/harvey_2017_mrms/event_validation_points/profiles/validation/sfincs_obs_points_validation.xy
/proj/zefflab/projects/Flooding/pipeline/web_launcher/_audit_reports/catalog_detector_full_audit_20260612_172311.txt,34,OLD_PROJ_DATA_ROOT,UNCLEAR_REVIEW,/proj/zefflab/projects/Flooding/Data/harris_county/catalogs/events/harvey_2017_mrms/event_discharge/harvey_houston_q_bc.csv,/users/e/p/epsilon/Data/Data/harris_county/catalogs/events/harvey_2017_mrms/event_discharge/harvey_houston_q_bc.csv,True,,OK  sfincs_obs_points_full_candidates.xy file  1219         /proj/zefflab/projects/Flooding/Data/harris_county/catalogs/events/harvey_2017_mrms/event_validation_points/profiles/full_candidates/sfincs_obs_points_full_candidates.xy
/proj/zefflab/projects/Flooding/pipeline/web_launcher/_audit_reports/catalog_detector_full_audit_20260612_172311.txt,34,OLD_PROJ_DATA_ROOT,UNCLEAR_REVIEW,/proj/zefflab/projects/Flooding/Data/harris_county/catalogs/events/harvey_2017_mrms/event_precip/harvey_mrms.nc,/users/e/p/epsilon/Data/Data/harris_county/catalogs/events/harvey_2017_mrms/event_precip/harvey_mrms.nc,True,,OK  sfincs_obs_points_full_candidates.xy file  1219         /proj/zefflab/projects/Flooding/Data/harris_county/catalogs/events/harvey_2017_mrms/event_validation_points/profiles/full_candidates/sfincs_obs_points_full_candidates.xy
/proj/zefflab/projects/Flooding/pipeline/web_launcher/_audit_reports/catalog_detector_full_audit_20260612_172311.txt,34,OLD_PROJ_DATA_ROOT,UNCLEAR_REVIEW,/proj/zefflab/projects/Flooding/Data/harris_county/catalogs/events/harvey_2017_mrms/event_runtime_window/event_runtime_window.csv,/users/e/p/epsilon/Data/Data/harris_county/catalogs/events/harvey_2017_mrms/event_runtime_window/event_runtime_window.csv,True,,OK  sfincs_obs_points_full_candidates.xy file  1219         /proj/zefflab/projects/Flooding/Data/harris_county/catalogs/events/harvey_2017_mrms/event_validation_points/profiles/full_candidates/sfincs_obs_points_full_candidates.xy
/proj/zefflab/projects/Flooding/pipeline/web_launcher/_audit_reports/catalog_detector_full_audit_20260612_172311.txt,34,OLD_PROJ_DATA_ROOT,UNCLEAR_REVIEW,/proj/zefflab/projects/Flooding/Data/harris_county/catalogs/events/harvey_2017_mrms/event_source_table/event_source_table.csv,/users/e/p/epsilon/Data/Data/harris_county/catalogs/events/harvey_2017_mrms/event_source_table/event_source_table.csv,True,,OK  sfincs_obs_points_full_candidates.xy file  1219         /proj/zefflab/projects/Flooding/Data/harris_county/catalogs/events/harvey_2017_mrms/event_validation_points/profiles/full_candidates/sfincs_obs_points_full_candidates.xy
/proj/zefflab/projects/Flooding/pipeline/web_launcher/_audit_reports/catalog_detector_full_audit_20260612_172311.txt,34,OLD_PROJ_DATA_ROOT,UNCLEAR_REVIEW,/proj/zefflab/projects/Flooding/Data/harris_county/catalogs/events/harvey_2017_mrms/event_validation_lines/reviewed_crs_lines/sfincs_crs_lines_REVIEWED.xyxy,/users/e/p/epsilon/Data/Data/harris_county/catalogs/events/harvey_2017_mrms/event_validation_lines/reviewed_crs_lines/sfincs_crs_lines_REVIEWED.xyxy,False,,OK  sfincs_obs_points_full_candidates.xy file  1219         /proj/zefflab/projects/Flooding/Data/harris_county/catalogs/events/harvey_2017_mrms/event_validation_points/profiles/full_candidates/sfincs_obs_points_full_candidates.xy
/proj/zefflab/projects/Flooding/pipeline/web_launcher/_audit_reports/catalog_detector_full_audit_20260612_172311.txt,34,OLD_PROJ_DATA_ROOT,UNCLEAR_REVIEW,/proj/zefflab/projects/Flooding/Data/harris_county/catalogs/events/harvey_2017_mrms/event_validation_lines/reviewed_crs_lines/sfincs_crs_lines_REVIEWED_PLUS_AUTO_CUSTOM.xyxy,/users/e/p/epsilon/Data/Data/harris_county/catalogs/events/harvey_2017_mrms/event_validation_lines/reviewed_crs_lines/sfincs_crs_lines_REVIEWED_PLUS_AUTO_CUSTOM.xyxy,False,,OK  sfincs_obs_points_full_candidates.xy file  1219         /proj/zefflab/projects/Flooding/Data/harris_county/catalogs/events/harvey_2017_mrms/event_validation_points/profiles/full_candidates/sfincs_obs_points_full_candidates.xy
/proj/zefflab/projects/Flooding/pipeline/web_launcher/_audit_reports/catalog_detector_full_audit_20260612_172311.txt,34,OLD_PROJ_DATA_ROOT,UNCLEAR_REVIEW,/proj/zefflab/projects/Flooding/Data/harris_county/catalogs/events/harvey_2017_mrms/event_validation_points/profiles/full_candidates/sfincs_obs_points_full_candidates.xy,/users/e/p/epsilon/Data/Data/harris_county/catalogs/events/harvey_2017_mrms/event_validation_points/profiles/full_candidates/sfincs_obs_points_full_candidates.xy,False,,OK  sfincs_obs_points_full_candidates.xy file  1219         /proj/zefflab/projects/Flooding/Data/harris_county/catalogs/events/harvey_2017_mrms/event_validation_points/profiles/full_candidates/sfincs_obs_points_full_candidates.xy
/proj/zefflab/projects/Flooding/pipeline/web_launcher/_audit_reports/catalog_detector_full_audit_20260612_172311.txt,34,OLD_PROJ_DATA_ROOT,UNCLEAR_REVIEW,/proj/zefflab/projects/Flooding/Data/harris_county/catalogs/events/harvey_2017_mrms/event_validation_points/profiles/lite/sfincs_obs_points_lite.xy,/users/e/p/epsilon/Data/Data/harris_county/catalogs/events/harvey_2017_mrms/event_validation_points/profiles/lite/sfincs_obs_points_lite.xy,False,,OK  sfincs_obs_points_full_candidates.xy file  1219         /proj/zefflab/projects/Flooding/Data/harris_county/catalogs/events/harvey_2017_mrms/event_validation_points/profiles/full_candidates/sfincs_obs_points_full_candidates.xy
/proj/zefflab/projects/Flooding/pipeline/web_launcher/_audit_reports/catalog_detector_full_audit_20260612_172311.txt,34,OLD_PROJ_DATA_ROOT,UNCLEAR_REVIEW,/proj/zefflab/projects/Flooding/Data/harris_county/catalogs/events/harvey_2017_mrms/event_validation_points/profiles/validation/sfincs_obs_points_validation.xy,/users/e/p/epsilon/Data/Data/harris_county/catalogs/events/harvey_2017_mrms/event_validation_points/profiles/validation/sfincs_obs_points_validation.xy,False,,OK  sfincs_obs_points_full_candidates.xy file  1219         /proj/zefflab/projects/Flooding/Data/harris_county/catalogs/events/harvey_2017_mrms/event_validation_points/profiles/full_candidates/sfincs_obs_points_full_candidates.xy
/proj/zefflab/projects/Flooding/pipeline/web_launcher/_audit_reports/catalog_detector_full_audit_20260612_172311.txt,34,OLD_PROJ_DATA_ROOT,UNCLEAR_REVIEW,/proj/zefflab/projects/Flooding/Data/harris_county/catalogs/events/harvey_2017_mrms/event_waterlevel/harvey_houston_wl_bc.csv,/users/e/p/epsilon/Data/Data/harris_county/catalogs/events/harvey_2017_mrms/event_waterlevel/harvey_houston_wl_bc.csv,True,,OK  sfincs_obs_points_full_candidates.xy file  1219         /proj/zefflab/projects/Flooding/Data/harris_county/catalogs/events/harvey_2017_mrms/event_validation_points/profiles/full_candidates/sfincs_obs_points_full_candidates.xy
/proj/zefflab/projects/Flooding/pipeline/web_launcher/_audit_reports/catalog_detector_full_audit_20260612_172311.txt,34,OLD_PROJ_DATA_ROOT,UNCLEAR_REVIEW,/proj/zefflab/projects/Flooding/Data/harris_county/catalogs/static/harris_county,/users/e/p/epsilon/Data/Data/harris_county/catalogs/static/harris_county,True,,OK  sfincs_obs_points_full_candidates.xy file  1219         /proj/zefflab/projects/Flooding/Data/harris_county/catalogs/events/harvey_2017_mrms/event_validation_points/profiles/full_candidates/sfincs_obs_points_full_candidates.xy
/proj/zefflab/projects/Flooding/pipeline/web_launcher/_audit_reports/catalog_detector_full_audit_20260612_172311.txt,34,OLD_PROJ_DATA_ROOT,UNCLEAR_REVIEW,/proj/zefflab/projects/Flooding/Data/harris_county/catalogs/static/harris_county/structures_thin_dams/AB_dams.shp,/users/e/p/epsilon/Data/Data/harris_county/catalogs/static/harris_county/structures_thin_dams/AB_dams.shp,True,,OK  sfincs_obs_points_full_candidates.xy file  1219         /proj/zefflab/projects/Flooding/Data/harris_county/catalogs/events/harvey_2017_mrms/event_validation_points/profiles/full_candidates/sfincs_obs_points_full_candidates.xy
/proj/zefflab/projects/Flooding/pipeline/web_launcher/_audit_reports/catalog_detector_full_audit_20260612_172311.txt,35,OLD_PROJ_DATA_ROOT,UNCLEAR_REVIEW,/proj/zefflab/projects/Flooding/Data/harris_county/catalogs/events/harvey_2017_mrms/event_discharge/harvey_houston_q_bc.csv,/users/e/p/epsilon/Data/Data/harris_county/catalogs/events/harvey_2017_mrms/event_discharge/harvey_houston_q_bc.csv,True,,OK  sfincs_crs_lines_REVIEWED_PLUS_AUTO_CUSTOM.xyxy file  1748         /proj/zefflab/projects/Flooding/Data/harris_county/catalogs/events/harvey_2017_mrms/event_validation_lines/reviewed_crs_lines/sfincs_crs_lines_REVIEWED_PLUS_AUTO_CUSTOM.xyxy
/proj/zefflab/projects/Flooding/pipeline/web_launcher/_audit_reports/catalog_detector_full_audit_20260612_172311.txt,35,OLD_PROJ_DATA_ROOT,UNCLEAR_REVIEW,/proj/zefflab/projects/Flooding/Data/harris_county/catalogs/events/harvey_2017_mrms/event_precip/harvey_mrms.nc,/users/e/p/epsilon/Data/Data/harris_county/catalogs/events/harvey_2017_mrms/event_precip/harvey_mrms.nc,True,,OK  sfincs_crs_lines_REVIEWED_PLUS_AUTO_CUSTOM.xyxy file  1748         /proj/zefflab/projects/Flooding/Data/harris_county/catalogs/events/harvey_2017_mrms/event_validation_lines/reviewed_crs_lines/sfincs_crs_lines_REVIEWED_PLUS_AUTO_CUSTOM.xyxy
/proj/zefflab/projects/Flooding/pipeline/web_launcher/_audit_reports/catalog_detector_full_audit_20260612_172311.txt,35,OLD_PROJ_DATA_ROOT,UNCLEAR_REVIEW,/proj/zefflab/projects/Flooding/Data/harris_county/catalogs/events/harvey_2017_mrms/event_runtime_window/event_runtime_window.csv,/users/e/p/epsilon/Data/Data/harris_county/catalogs/events/harvey_2017_mrms/event_runtime_window/event_runtime_window.csv,True,,OK  sfincs_crs_lines_REVIEWED_PLUS_AUTO_CUSTOM.xyxy file  1748         /proj/zefflab/projects/Flooding/Data/harris_county/catalogs/events/harvey_2017_mrms/event_validation_lines/reviewed_crs_lines/sfincs_crs_lines_REVIEWED_PLUS_AUTO_CUSTOM.xyxy
/proj/zefflab/projects/Flooding/pipeline/web_launcher/_audit_reports/catalog_detector_full_audit_20260612_172311.txt,35,OLD_PROJ_DATA_ROOT,UNCLEAR_REVIEW,/proj/zefflab/projects/Flooding/Data/harris_county/catalogs/events/harvey_2017_mrms/event_source_table/event_source_table.csv,/users/e/p/epsilon/Data/Data/harris_county/catalogs/events/harvey_2017_mrms/event_source_table/event_source_table.csv,True,,OK  sfincs_crs_lines_REVIEWED_PLUS_AUTO_CUSTOM.xyxy file  1748         /proj/zefflab/projects/Flooding/Data/harris_county/catalogs/events/harvey_2017_mrms/event_validation_lines/reviewed_crs_lines/sfincs_crs_lines_REVIEWED_PLUS_AUTO_CUSTOM.xyxy
/proj/zefflab/projects/Flooding/pipeline/web_launcher/_audit_reports/catalog_detector_full_audit_20260612_172311.txt,35,OLD_PROJ_DATA_ROOT,UNCLEAR_REVIEW,/proj/zefflab/projects/Flooding/Data/harris_county/catalogs/events/harvey_2017_mrms/event_validation_lines/reviewed_crs_lines/sfincs_crs_lines_REVIEWED.xyxy,/users/e/p/epsilon/Data/Data/harris_county/catalogs/events/harvey_2017_mrms/event_validation_lines/reviewed_crs_lines/sfincs_crs_lines_REVIEWED.xyxy,False,,OK  sfincs_crs_lines_REVIEWED_PLUS_AUTO_CUSTOM.xyxy file  1748         /proj/zefflab/projects/Flooding/Data/harris_county/catalogs/events/harvey_2017_mrms/event_validation_lines/reviewed_crs_lines/sfincs_crs_lines_REVIEWED_PLUS_AUTO_CUSTOM.xyxy
/proj/zefflab/projects/Flooding/pipeline/web_launcher/_audit_reports/catalog_detector_full_audit_20260612_172311.txt,35,OLD_PROJ_DATA_ROOT,UNCLEAR_REVIEW,/proj/zefflab/projects/Flooding/Data/harris_county/catalogs/events/harvey_2017_mrms/event_validation_lines/reviewed_crs_lines/sfincs_crs_lines_REVIEWED_PLUS_AUTO_CUSTOM.xyxy,/users/e/p/epsilon/Data/Data/harris_county/catalogs/events/harvey_2017_mrms/event_validation_lines/reviewed_crs_lines/sfincs_crs_lines_REVIEWED_PLUS_AUTO_CUSTOM.xyxy,False,,OK  sfincs_crs_lines_REVIEWED_PLUS_AUTO_CUSTOM.xyxy file  1748         /proj/zefflab/projects/Flooding/Data/harris_county/catalogs/events/harvey_2017_mrms/event_validation_lines/reviewed_crs_lines/sfincs_crs_lines_REVIEWED_PLUS_AUTO_CUSTOM.xyxy
/proj/zefflab/projects/Flooding/pipeline/web_launcher/_audit_reports/catalog_detector_full_audit_20260612_172311.txt,35,OLD_PROJ_DATA_ROOT,UNCLEAR_REVIEW,/proj/zefflab/projects/Flooding/Data/harris_county/catalogs/events/harvey_2017_mrms/event_validation_points/profiles/full_candidates/sfincs_obs_points_full_candidates.xy,/users/e/p/epsilon/Data/Data/harris_county/catalogs/events/harvey_2017_mrms/event_validation_points/profiles/full_candidates/sfincs_obs_points_full_candidates.xy,False,,OK  sfincs_crs_lines_REVIEWED_PLUS_AUTO_CUSTOM.xyxy file  1748         /proj/zefflab/projects/Flooding/Data/harris_county/catalogs/events/harvey_2017_mrms/event_validation_lines/reviewed_crs_lines/sfincs_crs_lines_REVIEWED_PLUS_AUTO_CUSTOM.xyxy
/proj/zefflab/projects/Flooding/pipeline/web_launcher/_audit_reports/catalog_detector_full_audit_20260612_172311.txt,35,OLD_PROJ_DATA_ROOT,UNCLEAR_REVIEW,/proj/zefflab/projects/Flooding/Data/harris_county/catalogs/events/harvey_2017_mrms/event_validation_points/profiles/lite/sfincs_obs_points_lite.xy,/users/e/p/epsilon/Data/Data/harris_county/catalogs/events/harvey_2017_mrms/event_validation_points/profiles/lite/sfincs_obs_points_lite.xy,False,,OK  sfincs_crs_lines_REVIEWED_PLUS_AUTO_CUSTOM.xyxy file  1748         /proj/zefflab/projects/Flooding/Data/harris_county/catalogs/events/harvey_2017_mrms/event_validation_lines/reviewed_crs_lines/sfincs_crs_lines_REVIEWED_PLUS_AUTO_CUSTOM.xyxy
/proj/zefflab/projects/Flooding/pipeline/web_launcher/_audit_reports/catalog_detector_full_audit_20260612_172311.txt,35,OLD_PROJ_DATA_ROOT,UNCLEAR_REVIEW,/proj/zefflab/projects/Flooding/Data/harris_county/catalogs/events/harvey_2017_mrms/event_validation_points/profiles/validation/sfincs_obs_points_validation.xy,/users/e/p/epsilon/Data/Data/harris_county/catalogs/events/harvey_2017_mrms/event_validation_points/profiles/validation/sfincs_obs_points_validation.xy,False,,OK  sfincs_crs_lines_REVIEWED_PLUS_AUTO_CUSTOM.xyxy file  1748         /proj/zefflab/projects/Flooding/Data/harris_county/catalogs/events/harvey_2017_mrms/event_validation_lines/reviewed_crs_lines/sfincs_crs_lines_REVIEWED_PLUS_AUTO_CUSTOM.xyxy
/proj/zefflab/projects/Flooding/pipeline/web_launcher/_audit_reports/catalog_detector_full_audit_20260612_172311.txt,35,OLD_PROJ_DATA_ROOT,UNCLEAR_REVIEW,/proj/zefflab/projects/Flooding/Data/harris_county/catalogs/events/harvey_2017_mrms/event_waterlevel/harvey_houston_wl_bc.csv,/users/e/p/epsilon/Data/Data/harris_county/catalogs/events/harvey_2017_mrms/event_waterlevel/harvey_houston_wl_bc.csv,True,,OK  sfincs_crs_lines_REVIEWED_PLUS_AUTO_CUSTOM.xyxy file  1748         /proj/zefflab/projects/Flooding/Data/harris_county/catalogs/events/harvey_2017_mrms/event_validation_lines/reviewed_crs_lines/sfincs_crs_lines_REVIEWED_PLUS_AUTO_CUSTOM.xyxy
/proj/zefflab/projects/Flooding/pipeline/web_launcher/_audit_reports/catalog_detector_full_audit_20260612_172311.txt,35,OLD_PROJ_DATA_ROOT,UNCLEAR_REVIEW,/proj/zefflab/projects/Flooding/Data/harris_county/catalogs/static/harris_county,/users/e/p/epsilon/Data/Data/harris_county/catalogs/static/harris_county,True,,OK  sfincs_crs_lines_REVIEWED_PLUS_AUTO_CUSTOM.xyxy file  1748         /proj/zefflab/projects/Flooding/Data/harris_county/catalogs/events/harvey_2017_mrms/event_validation_lines/reviewed_crs_lines/sfincs_crs_lines_REVIEWED_PLUS_AUTO_CUSTOM.xyxy
/proj/zefflab/projects/Flooding/pipeline/web_launcher/_audit_reports/catalog_detector_full_audit_20260612_172311.txt,36,OLD_PROJ_DATA_ROOT,UNCLEAR_REVIEW,/proj/zefflab/projects/Flooding/Data/harris_county/catalogs/events/harvey_2017_mrms/event_discharge/harvey_houston_q_bc.csv,/users/e/p/epsilon/Data/Data/harris_county/catalogs/events/harvey_2017_mrms/event_discharge/harvey_houston_q_bc.csv,True,,OK  sfincs_crs_lines_REVIEWED.xyxy     file  1702         /proj/zefflab/projects/Flooding/Data/harris_county/catalogs/events/harvey_2017_mrms/event_validation_lines/reviewed_crs_lines/sfincs_crs_lines_REVIEWED.xyxy
/proj/zefflab/projects/Flooding/pipeline/web_launcher/_audit_reports/catalog_detector_full_audit_20260612_172311.txt,36,OLD_PROJ_DATA_ROOT,UNCLEAR_REVIEW,/proj/zefflab/projects/Flooding/Data/harris_county/catalogs/events/harvey_2017_mrms/event_precip/harvey_mrms.nc,/users/e/p/epsilon/Data/Data/harris_county/catalogs/events/harvey_2017_mrms/event_precip/harvey_mrms.nc,True,,OK  sfincs_crs_lines_REVIEWED.xyxy     file  1702         /proj/zefflab/projects/Flooding/Data/harris_county/catalogs/events/harvey_2017_mrms/event_validation_lines/reviewed_crs_lines/sfincs_crs_lines_REVIEWED.xyxy
/proj/zefflab/projects/Flooding/pipeline/web_launcher/_audit_reports/catalog_detector_full_audit_20260612_172311.txt,36,OLD_PROJ_DATA_ROOT,UNCLEAR_REVIEW,/proj/zefflab/projects/Flooding/Data/harris_county/catalogs/events/harvey_2017_mrms/event_source_table/event_source_table.csv,/users/e/p/epsilon/Data/Data/harris_county/catalogs/events/harvey_2017_mrms/event_source_table/event_source_table.csv,True,,OK  sfincs_crs_lines_REVIEWED.xyxy     file  1702         /proj/zefflab/projects/Flooding/Data/harris_county/catalogs/events/harvey_2017_mrms/event_validation_lines/reviewed_crs_lines/sfincs_crs_lines_REVIEWED.xyxy
/proj/zefflab/projects/Flooding/pipeline/web_launcher/_audit_reports/catalog_detector_full_audit_20260612_172311.txt,36,OLD_PROJ_DATA_ROOT,UNCLEAR_REVIEW,/proj/zefflab/projects/Flooding/Data/harris_county/catalogs/events/harvey_2017_mrms/event_validation_lines/reviewed_crs_lines/sfincs_crs_lines_REVIEWED.xyxy,/users/e/p/epsilon/Data/Data/harris_county/catalogs/events/harvey_2017_mrms/event_validation_lines/reviewed_crs_lines/sfincs_crs_lines_REVIEWED.xyxy,False,,OK  sfincs_crs_lines_REVIEWED.xyxy     file  1702         /proj/zefflab/projects/Flooding/Data/harris_county/catalogs/events/harvey_2017_mrms/event_validation_lines/reviewed_crs_lines/sfincs_crs_lines_REVIEWED.xyxy
/proj/zefflab/projects/Flooding/pipeline/web_launcher/_audit_reports/catalog_detector_full_audit_20260612_172311.txt,36,OLD_PROJ_DATA_ROOT,UNCLEAR_REVIEW,/proj/zefflab/projects/Flooding/Data/harris_county/catalogs/events/harvey_2017_mrms/event_validation_lines/reviewed_crs_lines/sfincs_crs_lines_REVIEWED_PLUS_AUTO_CUSTOM.xyxy,/users/e/p/epsilon/Data/Data/harris_county/catalogs/events/harvey_2017_mrms/event_validation_lines/reviewed_crs_lines/sfincs_crs_lines_REVIEWED_PLUS_AUTO_CUSTOM.xyxy,False,,OK  sfincs_crs_lines_REVIEWED.xyxy     file  1702         /proj/zefflab/projects/Flooding/Data/harris_county/catalogs/events/harvey_2017_mrms/event_validation_lines/reviewed_crs_lines/sfincs_crs_lines_REVIEWED.xyxy
/proj/zefflab/projects/Flooding/pipeline/web_launcher/_audit_reports/catalog_detector_full_audit_20260612_172311.txt,36,OLD_PROJ_DATA_ROOT,UNCLEAR_REVIEW,/proj/zefflab/projects/Flooding/Data/harris_county/catalogs/events/harvey_2017_mrms/event_validation_points/profiles/full_candidates/sfincs_obs_points_full_candidates.xy,/users/e/p/epsilon/Data/Data/harris_county/catalogs/events/harvey_2017_mrms/event_validation_points/profiles/full_candidates/sfincs_obs_points_full_candidates.xy,False,,OK  sfincs_crs_lines_REVIEWED.xyxy     file  1702         /proj/zefflab/projects/Flooding/Data/harris_county/catalogs/events/harvey_2017_mrms/event_validation_lines/reviewed_crs_lines/sfincs_crs_lines_REVIEWED.xyxy
/proj/zefflab/projects/Flooding/pipeline/web_launcher/_audit_reports/catalog_detector_full_audit_20260612_172311.txt,36,OLD_PROJ_DATA_ROOT,UNCLEAR_REVIEW,/proj/zefflab/projects/Flooding/Data/harris_county/catalogs/events/harvey_2017_mrms/event_validation_points/profiles/lite/sfincs_obs_points_lite.xy,/users/e/p/epsilon/Data/Data/harris_county/catalogs/events/harvey_2017_mrms/event_validation_points/profiles/lite/sfincs_obs_points_lite.xy,False,,OK  sfincs_crs_lines_REVIEWED.xyxy     file  1702         /proj/zefflab/projects/Flooding/Data/harris_county/catalogs/events/harvey_2017_mrms/event_validation_lines/reviewed_crs_lines/sfincs_crs_lines_REVIEWED.xyxy
/proj/zefflab/projects/Flooding/pipeline/web_launcher/_audit_reports/catalog_detector_full_audit_20260612_172311.txt,36,OLD_PROJ_DATA_ROOT,UNCLEAR_REVIEW,/proj/zefflab/projects/Flooding/Data/harris_county/catalogs/events/harvey_2017_mrms/event_validation_points/profiles/validation/sfincs_obs_points_validation.xy,/users/e/p/epsilon/Data/Data/harris_county/catalogs/events/harvey_2017_mrms/event_validation_points/profiles/validation/sfincs_obs_points_validation.xy,False,,OK  sfincs_crs_lines_REVIEWED.xyxy     file  1702         /proj/zefflab/projects/Flooding/Data/harris_county/catalogs/events/harvey_2017_mrms/event_validation_lines/reviewed_crs_lines/sfincs_crs_lines_REVIEWED.xyxy
/proj/zefflab/projects/Flooding/pipeline/web_launcher/_audit_reports/catalog_detector_full_audit_20260612_172311.txt,36,OLD_PROJ_DATA_ROOT,UNCLEAR_REVIEW,/proj/zefflab/projects/Flooding/Data/harris_county/catalogs/events/harvey_2017_mrms/event_waterlevel/harvey_houston_wl_bc.csv,/users/e/p/epsilon/Data/Data/harris_county/catalogs/events/harvey_2017_mrms/event_waterlevel/harvey_houston_wl_bc.csv,True,,OK  sfincs_crs_lines_REVIEWED.xyxy     file  1702         /proj/zefflab/projects/Flooding/Data/harris_county/catalogs/events/harvey_2017_mrms/event_validation_lines/reviewed_crs_lines/sfincs_crs_lines_REVIEWED.xyxy
/proj/zefflab/projects/Flooding/pipeline/web_launcher/_audit_reports/catalog_detector_full_audit_20260612_172311.txt,36,OLD_PROJ_DATA_ROOT,UNCLEAR_REVIEW,/proj/zefflab/projects/Flooding/Data/harris_county/catalogs/static/harris_county,/users/e/p/epsilon/Data/Data/harris_county/catalogs/static/harris_county,True,,OK  sfincs_crs_lines_REVIEWED.xyxy     file  1702         /proj/zefflab/projects/Flooding/Data/harris_county/catalogs/events/harvey_2017_mrms/event_validation_lines/reviewed_crs_lines/sfincs_crs_lines_REVIEWED.xyxy
/proj/zefflab/projects/Flooding/pipeline/web_launcher/_audit_reports/catalog_detector_full_audit_20260612_172311.txt,40,OLD_PROJ_DATA_ROOT,UNCLEAR_REVIEW,/proj/zefflab/projects/Flooding/Data/harris_county/catalogs/events/harvey_2017_mrms/event_validation_lines/reviewed_crs_lines/sfincs_crs_lines_REVIEWED.xyxy,/users/e/p/epsilon/Data/Data/harris_county/catalogs/events/harvey_2017_mrms/event_validation_lines/reviewed_crs_lines/sfincs_crs_lines_REVIEWED.xyxy,False,,--- LIST /proj/zefflab/projects/Flooding/Data/harris_county/catalogs/static/harris_county ---
/proj/zefflab/projects/Flooding/pipeline/web_launcher/_audit_reports/catalog_detector_full_audit_20260612_172311.txt,40,OLD_PROJ_DATA_ROOT,UNCLEAR_REVIEW,/proj/zefflab/projects/Flooding/Data/harris_county/catalogs/events/harvey_2017_mrms/event_validation_lines/reviewed_crs_lines/sfincs_crs_lines_REVIEWED_PLUS_AUTO_CUSTOM.xyxy,/users/e/p/epsilon/Data/Data/harris_county/catalogs/events/harvey_2017_mrms/event_validation_lines/reviewed_crs_lines/sfincs_crs_lines_REVIEWED_PLUS_AUTO_CUSTOM.xyxy,False,,--- LIST /proj/zefflab/projects/Flooding/Data/harris_county/catalogs/static/harris_county ---
/proj/zefflab/projects/Flooding/pipeline/web_launcher/_audit_reports/catalog_detector_full_audit_20260612_172311.txt,40,OLD_PROJ_DATA_ROOT,UNCLEAR_REVIEW,/proj/zefflab/projects/Flooding/Data/harris_county/catalogs/events/harvey_2017_mrms/event_validation_points/profiles/full_candidates/sfincs_obs_points_full_candidates.xy,/users/e/p/epsilon/Data/Data/harris_county/catalogs/events/harvey_2017_mrms/event_validation_points/profiles/full_candidates/sfincs_obs_points_full_candidates.xy,False,,--- LIST /proj/zefflab/projects/Flooding/Data/harris_county/catalogs/static/harris_county ---
/proj/zefflab/projects/Flooding/pipeline/web_launcher/_audit_reports/catalog_detector_full_audit_20260612_172311.txt,40,OLD_PROJ_DATA_ROOT,UNCLEAR_REVIEW,/proj/zefflab/projects/Flooding/Data/harris_county/catalogs/events/harvey_2017_mrms/event_validation_points/profiles/lite/sfincs_obs_points_lite.xy,/users/e/p/epsilon/Data/Data/harris_county/catalogs/events/harvey_2017_mrms/event_validation_points/profiles/lite/sfincs_obs_points_lite.xy,False,,--- LIST /proj/zefflab/projects/Flooding/Data/harris_county/catalogs/static/harris_county ---
/proj/zefflab/projects/Flooding/pipeline/web_launcher/_audit_reports/catalog_detector_full_audit_20260612_172311.txt,40,OLD_PROJ_DATA_ROOT,UNCLEAR_REVIEW,/proj/zefflab/projects/Flooding/Data/harris_county/catalogs/events/harvey_2017_mrms/event_validation_points/profiles/validation/sfincs_obs_points_validation.xy,/users/e/p/epsilon/Data/Data/harris_county/catalogs/events/harvey_2017_mrms/event_validation_points/profiles/validation/sfincs_obs_points_validation.xy,False,,--- LIST /proj/zefflab/projects/Flooding/Data/harris_county/catalogs/static/harris_county ---
/proj/zefflab/projects/Flooding/pipeline/web_launcher/_audit_reports/catalog_detector_full_audit_20260612_172311.txt,40,OLD_PROJ_DATA_ROOT,UNCLEAR_REVIEW,/proj/zefflab/projects/Flooding/Data/harris_county/catalogs/static/harris_county,/users/e/p/epsilon/Data/Data/harris_county/catalogs/static/harris_county,True,,--- LIST /proj/zefflab/projects/Flooding/Data/harris_county/catalogs/static/harris_county ---
/proj/zefflab/projects/Flooding/pipeline/web_launcher/_audit_reports/catalog_detector_full_audit_20260612_172311.txt,70,OLD_PROJ_DATA_ROOT,LIKELY_DOC_OR_LINK,/proj/zefflab/projects/Flooding/Data/harris_county/catalogs/static/harris_county/static_metadata,/users/e/p/epsilon/Data/Data/harris_county/catalogs/static/harris_county/static_metadata,True,,--- LIST /proj/zefflab/projects/Flooding/Data/harris_county/catalogs/static/harris_county/topobathy ---
/proj/zefflab/projects/Flooding/pipeline/web_launcher/_audit_reports/catalog_detector_full_audit_20260612_172311.txt,70,OLD_PROJ_DATA_ROOT,LIKELY_DOC_OR_LINK,/proj/zefflab/projects/Flooding/Data/harris_county/catalogs/static/harris_county/topobathy,/users/e/p/epsilon/Data/Data/harris_county/catalogs/static/harris_county/topobathy,True,,--- LIST /proj/zefflab/projects/Flooding/Data/harris_county/catalogs/static/harris_county/topobathy ---
/proj/zefflab/projects/Flooding/pipeline/web_launcher/_audit_reports/catalog_detector_full_audit_20260612_172311.txt,74,OLD_PROJ_DATA_ROOT,LIKELY_DOC_OR_LINK,/proj/zefflab/projects/Flooding/Data/harris_county/catalogs/static/harris_county/curve_number,/users/e/p/epsilon/Data/Data/harris_county/catalogs/static/harris_county/curve_number,True,,--- LIST /proj/zefflab/projects/Flooding/Data/harris_county/catalogs/static/harris_county/static_metadata ---
/proj/zefflab/projects/Flooding/pipeline/web_launcher/_audit_reports/catalog_detector_full_audit_20260612_172311.txt,74,OLD_PROJ_DATA_ROOT,LIKELY_DOC_OR_LINK,/proj/zefflab/projects/Flooding/Data/harris_county/catalogs/static/harris_county/static_metadata,/users/e/p/epsilon/Data/Data/harris_county/catalogs/static/harris_county/static_metadata,True,,--- LIST /proj/zefflab/projects/Flooding/Data/harris_county/catalogs/static/harris_county/static_metadata ---
/proj/zefflab/projects/Flooding/pipeline/web_launcher/_audit_reports/catalog_detector_full_audit_20260612_172311.txt,74,OLD_PROJ_DATA_ROOT,LIKELY_DOC_OR_LINK,/proj/zefflab/projects/Flooding/Data/harris_county/catalogs/static/harris_county/topobathy,/users/e/p/epsilon/Data/Data/harris_county/catalogs/static/harris_county/topobathy,True,,--- LIST /proj/zefflab/projects/Flooding/Data/harris_county/catalogs/static/harris_county/static_metadata ---
/proj/zefflab/projects/Flooding/pipeline/web_launcher/_audit_reports/catalog_detector_full_audit_20260612_172311.txt,80,OLD_PROJ_DATA_ROOT,LIKELY_DOC_OR_LINK,/proj/zefflab/projects/Flooding/Data/harris_county/catalogs/static/harris_county/curve_number,/users/e/p/epsilon/Data/Data/harris_county/catalogs/static/harris_county/curve_number,True,,--- LIST /proj/zefflab/projects/Flooding/Data/harris_county/catalogs/static/harris_county/curve_number ---
/proj/zefflab/projects/Flooding/pipeline/web_launcher/_audit_reports/catalog_detector_full_audit_20260612_172311.txt,80,OLD_PROJ_DATA_ROOT,LIKELY_DOC_OR_LINK,/proj/zefflab/projects/Flooding/Data/harris_county/catalogs/static/harris_county/dem,/users/e/p/epsilon/Data/Data/harris_county/catalogs/static/harris_county/dem,True,,--- LIST /proj/zefflab/projects/Flooding/Data/harris_county/catalogs/static/harris_county/curve_number ---
/proj/zefflab/projects/Flooding/pipeline/web_launcher/_audit_reports/catalog_detector_full_audit_20260612_172311.txt,80,OLD_PROJ_DATA_ROOT,LIKELY_DOC_OR_LINK,/proj/zefflab/projects/Flooding/Data/harris_county/catalogs/static/harris_county/static_metadata,/users/e/p/epsilon/Data/Data/harris_county/catalogs/static/harris_county/static_metadata,True,,--- LIST /proj/zefflab/projects/Flooding/Data/harris_county/catalogs/static/harris_county/curve_number ---
/proj/zefflab/projects/Flooding/pipeline/web_launcher/_audit_reports/catalog_detector_full_audit_20260612_172311.txt,86,OLD_PROJ_DATA_ROOT,LIKELY_DOC_OR_LINK,/proj/zefflab/projects/Flooding/Data/harris_county/catalogs/events/harvey_2017_mrms,/users/e/p/epsilon/Data/Data/harris_county/catalogs/events/harvey_2017_mrms,True,,--- LIST /proj/zefflab/projects/Flooding/Data/harris_county/catalogs/static/harris_county/dem ---
/proj/zefflab/projects/Flooding/pipeline/web_launcher/_audit_reports/catalog_detector_full_audit_20260612_172311.txt,86,OLD_PROJ_DATA_ROOT,LIKELY_DOC_OR_LINK,/proj/zefflab/projects/Flooding/Data/harris_county/catalogs/static/harris_county/curve_number,/users/e/p/epsilon/Data/Data/harris_county/catalogs/static/harris_county/curve_number,True,,--- LIST /proj/zefflab/projects/Flooding/Data/harris_county/catalogs/static/harris_county/dem ---
/proj/zefflab/projects/Flooding/pipeline/web_launcher/_audit_reports/catalog_detector_full_audit_20260612_172311.txt,86,OLD_PROJ_DATA_ROOT,LIKELY_DOC_OR_LINK,/proj/zefflab/projects/Flooding/Data/harris_county/catalogs/static/harris_county/dem,/users/e/p/epsilon/Data/Data/harris_county/catalogs/static/harris_county/dem,True,,--- LIST /proj/zefflab/projects/Flooding/Data/harris_county/catalogs/static/harris_county/dem ---
/proj/zefflab/projects/Flooding/pipeline/web_launcher/_audit_reports/catalog_detector_full_audit_20260612_172311.txt,86,OLD_PROJ_DATA_ROOT,LIKELY_DOC_OR_LINK,/proj/zefflab/projects/Flooding/Data/harris_county/catalogs/static/harris_county/subgrid,/users/e/p/epsilon/Data/Data/harris_county/catalogs/static/harris_county/subgrid,True,,--- LIST /proj/zefflab/projects/Flooding/Data/harris_county/catalogs/static/harris_county/dem ---
/proj/zefflab/projects/Flooding/pipeline/web_launcher/_audit_reports/catalog_detector_full_audit_20260612_172311.txt,90,OLD_PROJ_DATA_ROOT,LIKELY_DOC_OR_LINK,/proj/zefflab/projects/Flooding/Data/harris_county/catalogs/events/harvey_2017_mrms,/users/e/p/epsilon/Data/Data/harris_county/catalogs/events/harvey_2017_mrms,True,,--- LIST /proj/zefflab/projects/Flooding/Data/harris_county/catalogs/static/harris_county/subgrid ---
/proj/zefflab/projects/Flooding/pipeline/web_launcher/_audit_reports/catalog_detector_full_audit_20260612_172311.txt,90,OLD_PROJ_DATA_ROOT,LIKELY_DOC_OR_LINK,/proj/zefflab/projects/Flooding/Data/harris_county/catalogs/static/harris_county/dem,/users/e/p/epsilon/Data/Data/harris_county/catalogs/static/harris_county/dem,True,,--- LIST /proj/zefflab/projects/Flooding/Data/harris_county/catalogs/static/harris_county/subgrid ---
/proj/zefflab/projects/Flooding/pipeline/web_launcher/_audit_reports/catalog_detector_full_audit_20260612_172311.txt,90,OLD_PROJ_DATA_ROOT,LIKELY_DOC_OR_LINK,/proj/zefflab/projects/Flooding/Data/harris_county/catalogs/static/harris_county/subgrid,/users/e/p/epsilon/Data/Data/harris_county/catalogs/static/harris_county/subgrid,True,,--- LIST /proj/zefflab/projects/Flooding/Data/harris_county/catalogs/static/harris_county/subgrid ---
/proj/zefflab/projects/Flooding/pipeline/web_launcher/_audit_reports/catalog_detector_full_audit_20260612_172311.txt,94,OLD_PROJ_DATA_ROOT,LIKELY_DOC_OR_LINK,/proj/zefflab/projects/Flooding/Data/harris_county/catalogs/events/harvey_2017_mrms,/users/e/p/epsilon/Data/Data/harris_county/catalogs/events/harvey_2017_mrms,True,,--- LIST /proj/zefflab/projects/Flooding/Data/harris_county/catalogs/events/harvey_2017_mrms ---
/proj/zefflab/projects/Flooding/pipeline/web_launcher/_audit_reports/catalog_detector_full_audit_20260612_172311.txt,94,OLD_PROJ_DATA_ROOT,LIKELY_DOC_OR_LINK,/proj/zefflab/projects/Flooding/Data/harris_county/catalogs/static/harris_county/dem,/users/e/p/epsilon/Data/Data/harris_county/catalogs/static/harris_county/dem,True,,--- LIST /proj/zefflab/projects/Flooding/Data/harris_county/catalogs/events/harvey_2017_mrms ---
/proj/zefflab/projects/Flooding/pipeline/web_launcher/_audit_reports/catalog_detector_full_audit_20260612_172311.txt,94,OLD_PROJ_DATA_ROOT,LIKELY_DOC_OR_LINK,/proj/zefflab/projects/Flooding/Data/harris_county/catalogs/static/harris_county/subgrid,/users/e/p/epsilon/Data/Data/harris_county/catalogs/static/harris_county/subgrid,True,,--- LIST /proj/zefflab/projects/Flooding/Data/harris_county/catalogs/events/harvey_2017_mrms ---
/proj/zefflab/projects/Flooding/pipeline/web_launcher/_audit_reports/catalog_detector_full_audit_20260612_172311.txt,113,OLD_PROJ_DATA_ROOT,LIKELY_DOC_OR_LINK,/proj/zefflab/projects/Flooding/Data/harris_county/catalogs/events/harvey_2017_mrms/event_validation_lines/reviewed_crs_lines,/users/e/p/epsilon/Data/Data/harris_county/catalogs/events/harvey_2017_mrms/event_validation_lines/reviewed_crs_lines,False,,--- LIST /proj/zefflab/projects/Flooding/Data/harris_county/catalogs/events/harvey_2017_mrms/event_validation_points/profiles ---
/proj/zefflab/projects/Flooding/pipeline/web_launcher/_audit_reports/catalog_detector_full_audit_20260612_172311.txt,113,OLD_PROJ_DATA_ROOT,LIKELY_DOC_OR_LINK,/proj/zefflab/projects/Flooding/Data/harris_county/catalogs/events/harvey_2017_mrms/event_validation_points/profiles,/users/e/p/epsilon/Data/Data/harris_county/catalogs/events/harvey_2017_mrms/event_validation_points/profiles,False,,--- LIST /proj/zefflab/projects/Flooding/Data/harris_county/catalogs/events/harvey_2017_mrms/event_validation_points/profiles ---
/proj/zefflab/projects/Flooding/pipeline/web_launcher/_audit_reports/catalog_detector_full_audit_20260612_172311.txt,120,OLD_PROJ_DATA_ROOT,LIKELY_DOC_OR_LINK,/proj/zefflab/projects/Flooding/Data/harris_county/catalogs/events/harvey_2017_mrms/event_validation_lines/reviewed_crs_lines,/users/e/p/epsilon/Data/Data/harris_county/catalogs/events/harvey_2017_mrms/event_validation_lines/reviewed_crs_lines,False,,--- LIST /proj/zefflab/projects/Flooding/Data/harris_county/catalogs/events/harvey_2017_mrms/event_validation_lines/reviewed_crs_lines ---
/proj/zefflab/projects/Flooding/pipeline/web_launcher/_audit_reports/catalog_detector_full_audit_20260612_172311.txt,120,OLD_PROJ_DATA_ROOT,LIKELY_DOC_OR_LINK,/proj/zefflab/projects/Flooding/Data/harris_county/catalogs/events/harvey_2017_mrms/event_validation_points/profiles,/users/e/p/epsilon/Data/Data/harris_county/catalogs/events/harvey_2017_mrms/event_validation_points/profiles,False,,--- LIST /proj/zefflab/projects/Flooding/Data/harris_county/catalogs/events/harvey_2017_mrms/event_validation_lines/reviewed_crs_lines ---
/proj/zefflab/projects/Flooding/pipeline/web_launcher/_audit_reports/catalog_detector_full_audit_20260612_172311.txt,136,OLD_PROJ_DATA_ROOT,UNCLEAR_REVIEW,/proj/zefflab/projects/Flooding/Data/harris_county/catalogs/static/harris_county/static_metadata/hydromt_data.yml,/users/e/p/epsilon/Data/Data/harris_county/catalogs/static/harris_county/static_metadata/hydromt_data.yml,False,,--- YAML /proj/zefflab/projects/Flooding/Data/harris_county/catalogs/static/harris_county/static_metadata/hydromt_data.yml ---
/proj/zefflab/projects/Flooding/pipeline/web_launcher/_audit_reports/catalog_detector_full_audit_20260612_172311.txt,162,OLD_PROJ_DATA_ROOT,UNCLEAR_REVIEW,/proj/zefflab/projects/Flooding/Data/harris_county/catalogs/events/harvey_2017_mrms/event_metadata/hydromt_data.yml,/users/e/p/epsilon/Data/Data/harris_county/catalogs/events/harvey_2017_mrms/event_metadata/hydromt_data.yml,False,,--- YAML /proj/zefflab/projects/Flooding/Data/harris_county/catalogs/events/harvey_2017_mrms/event_metadata/hydromt_data.yml ---
/proj/zefflab/projects/Flooding/pipeline/web_launcher/_audit_reports/catalog_detector_full_audit_20260612_172311.txt,623,OLD_PROJ_DATA_ROOT,UNCLEAR_REVIEW,/proj/zefflab/projects/Flooding/Data/harris_county/catalogs/events/harvey_2017_mrms/event_discharge/harvey_houston_q_bc.csv,/users/e/p/epsilon/Data/Data/harris_county/catalogs/events/harvey_2017_mrms/event_discharge/harvey_houston_q_bc.csv,True,,"""discharge_points_csv_path"": ""/proj/zefflab/projects/Flooding/Data/harris_county/catalogs/events/harvey_2017_mrms/event_source_table/event_source_table.csv"","
/proj/zefflab/projects/Flooding/pipeline/web_launcher/_audit_reports/catalog_detector_full_audit_20260612_172311.txt,623,OLD_PROJ_DATA_ROOT,UNCLEAR_REVIEW,/proj/zefflab/projects/Flooding/Data/harris_county/catalogs/events/harvey_2017_mrms/event_source_table/event_source_table.csv,/users/e/p/epsilon/Data/Data/harris_county/catalogs/events/harvey_2017_mrms/event_source_table/event_source_table.csv,True,,"""discharge_points_csv_path"": ""/proj/zefflab/projects/Flooding/Data/harris_county/catalogs/events/harvey_2017_mrms/event_source_table/event_source_table.csv"","
/proj/zefflab/projects/Flooding/pipeline/web_launcher/_audit_reports/catalog_detector_full_audit_20260612_172311.txt,623,OLD_PROJ_DATA_ROOT,UNCLEAR_REVIEW,/proj/zefflab/projects/Flooding/Data/harris_county/catalogs/events/harvey_2017_mrms/event_validation_lines/reviewed_crs_lines/sfincs_crs_lines_REVIEWED.xyxy,/users/e/p/epsilon/Data/Data/harris_county/catalogs/events/harvey_2017_mrms/event_validation_lines/reviewed_crs_lines/sfincs_crs_lines_REVIEWED.xyxy,False,,"""discharge_points_csv_path"": ""/proj/zefflab/projects/Flooding/Data/harris_county/catalogs/events/harvey_2017_mrms/event_source_table/event_source_table.csv"","
/proj/zefflab/projects/Flooding/pipeline/web_launcher/_audit_reports/catalog_detector_full_audit_20260612_172311.txt,623,OLD_PROJ_DATA_ROOT,UNCLEAR_REVIEW,/proj/zefflab/projects/Flooding/Data/harris_county/catalogs/events/harvey_2017_mrms/event_validation_lines/reviewed_crs_lines/sfincs_crs_lines_REVIEWED_PLUS_AUTO_CUSTOM.xyxy,/users/e/p/epsilon/Data/Data/harris_county/catalogs/events/harvey_2017_mrms/event_validation_lines/reviewed_crs_lines/sfincs_crs_lines_REVIEWED_PLUS_AUTO_CUSTOM.xyxy,False,,"""discharge_points_csv_path"": ""/proj/zefflab/projects/Flooding/Data/harris_county/catalogs/events/harvey_2017_mrms/event_source_table/event_source_table.csv"","
/proj/zefflab/projects/Flooding/pipeline/web_launcher/_audit_reports/catalog_detector_full_audit_20260612_172311.txt,623,OLD_PROJ_DATA_ROOT,UNCLEAR_REVIEW,/proj/zefflab/projects/Flooding/Data/harris_county/catalogs/events/harvey_2017_mrms/event_validation_points/profiles/lite/sfincs_obs_points_lite.xy,/users/e/p/epsilon/Data/Data/harris_county/catalogs/events/harvey_2017_mrms/event_validation_points/profiles/lite/sfincs_obs_points_lite.xy,False,,"""discharge_points_csv_path"": ""/proj/zefflab/projects/Flooding/Data/harris_county/catalogs/events/harvey_2017_mrms/event_source_table/event_source_table.csv"","
/proj/zefflab/projects/Flooding/pipeline/web_launcher/_audit_reports/catalog_detector_full_audit_20260612_172311.txt,624,OLD_PROJ_DATA_ROOT,UNCLEAR_REVIEW,/proj/zefflab/projects/Flooding/Data/harris_county/catalogs/events/harvey_2017_mrms/event_discharge/harvey_houston_q_bc.csv,/users/e/p/epsilon/Data/Data/harris_county/catalogs/events/harvey_2017_mrms/event_discharge/harvey_houston_q_bc.csv,True,,"""discharge_timeseries_csv_path"": ""/proj/zefflab/projects/Flooding/Data/harris_county/catalogs/events/harvey_2017_mrms/event_discharge/harvey_houston_q_bc.csv"","
/proj/zefflab/projects/Flooding/pipeline/web_launcher/_audit_reports/catalog_detector_full_audit_20260612_172311.txt,624,OLD_PROJ_DATA_ROOT,UNCLEAR_REVIEW,/proj/zefflab/projects/Flooding/Data/harris_county/catalogs/events/harvey_2017_mrms/event_source_table/event_source_table.csv,/users/e/p/epsilon/Data/Data/harris_county/catalogs/events/harvey_2017_mrms/event_source_table/event_source_table.csv,True,,"""discharge_timeseries_csv_path"": ""/proj/zefflab/projects/Flooding/Data/harris_county/catalogs/events/harvey_2017_mrms/event_discharge/harvey_houston_q_bc.csv"","
/proj/zefflab/projects/Flooding/pipeline/web_launcher/_audit_reports/catalog_detector_full_audit_20260612_172311.txt,624,OLD_PROJ_DATA_ROOT,UNCLEAR_REVIEW,/proj/zefflab/projects/Flooding/Data/harris_county/catalogs/events/harvey_2017_mrms/event_validation_lines/reviewed_crs_lines/sfincs_crs_lines_REVIEWED.xyxy,/users/e/p/epsilon/Data/Data/harris_county/catalogs/events/harvey_2017_mrms/event_validation_lines/reviewed_crs_lines/sfincs_crs_lines_REVIEWED.xyxy,False,,"""discharge_timeseries_csv_path"": ""/proj/zefflab/projects/Flooding/Data/harris_county/catalogs/events/harvey_2017_mrms/event_discharge/harvey_houston_q_bc.csv"","
/proj/zefflab/projects/Flooding/pipeline/web_launcher/_audit_reports/catalog_detector_full_audit_20260612_172311.txt,624,OLD_PROJ_DATA_ROOT,UNCLEAR_REVIEW,/proj/zefflab/projects/Flooding/Data/harris_county/catalogs/events/harvey_2017_mrms/event_validation_lines/reviewed_crs_lines/sfincs_crs_lines_REVIEWED_PLUS_AUTO_CUSTOM.xyxy,/users/e/p/epsilon/Data/Data/harris_county/catalogs/events/harvey_2017_mrms/event_validation_lines/reviewed_crs_lines/sfincs_crs_lines_REVIEWED_PLUS_AUTO_CUSTOM.xyxy,False,,"""discharge_timeseries_csv_path"": ""/proj/zefflab/projects/Flooding/Data/harris_county/catalogs/events/harvey_2017_mrms/event_discharge/harvey_houston_q_bc.csv"","
/proj/zefflab/projects/Flooding/pipeline/web_launcher/_audit_reports/catalog_detector_full_audit_20260612_172311.txt,624,OLD_PROJ_DATA_ROOT,UNCLEAR_REVIEW,/proj/zefflab/projects/Flooding/Data/harris_county/catalogs/events/harvey_2017_mrms/event_validation_points/profiles/lite/sfincs_obs_points_lite.xy,/users/e/p/epsilon/Data/Data/harris_county/catalogs/events/harvey_2017_mrms/event_validation_points/profiles/lite/sfincs_obs_points_lite.xy,False,,"""discharge_timeseries_csv_path"": ""/proj/zefflab/projects/Flooding/Data/harris_county/catalogs/events/harvey_2017_mrms/event_discharge/harvey_houston_q_bc.csv"","
/proj/zefflab/projects/Flooding/pipeline/web_launcher/_audit_reports/catalog_detector_full_audit_20260612_172311.txt,624,OLD_PROJ_DATA_ROOT,UNCLEAR_REVIEW,/proj/zefflab/projects/Flooding/Data/harris_county/catalogs/events/harvey_2017_mrms/event_validation_points/profiles/validation/sfincs_obs_points_validation.xy,/users/e/p/epsilon/Data/Data/harris_county/catalogs/events/harvey_2017_mrms/event_validation_points/profiles/validation/sfincs_obs_points_validation.xy,False,,"""discharge_timeseries_csv_path"": ""/proj/zefflab/projects/Flooding/Data/harris_county/catalogs/events/harvey_2017_mrms/event_discharge/harvey_houston_q_bc.csv"","
/proj/zefflab/projects/Flooding/pipeline/web_launcher/_audit_reports/catalog_detector_full_audit_20260612_172311.txt,629,OLD_PROJ_DATA_ROOT,POSSIBLY_LOAD_BEARING,/proj/zefflab/projects/Flooding/Data/harris_county/catalogs/events/harvey_2017_mrms/event_discharge/harvey_houston_q_bc.csv,/users/e/p/epsilon/Data/Data/harris_county/catalogs/events/harvey_2017_mrms/event_discharge/harvey_houston_q_bc.csv,True,,"""obs_lines_reviewed_path"": ""/proj/zefflab/projects/Flooding/Data/harris_county/catalogs/events/harvey_2017_mrms/event_validation_lines/reviewed_crs_lines/sfincs_crs_lines_REVIEWED.xyxy"","
/proj/zefflab/projects/Flooding/pipeline/web_launcher/_audit_reports/catalog_detector_full_audit_20260612_172311.txt,629,OLD_PROJ_DATA_ROOT,POSSIBLY_LOAD_BEARING,/proj/zefflab/projects/Flooding/Data/harris_county/catalogs/events/harvey_2017_mrms/event_precip/harvey_mrms.nc,/users/e/p/epsilon/Data/Data/harris_county/catalogs/events/harvey_2017_mrms/event_precip/harvey_mrms.nc,True,,"""obs_lines_reviewed_path"": ""/proj/zefflab/projects/Flooding/Data/harris_county/catalogs/events/harvey_2017_mrms/event_validation_lines/reviewed_crs_lines/sfincs_crs_lines_REVIEWED.xyxy"","
/proj/zefflab/projects/Flooding/pipeline/web_launcher/_audit_reports/catalog_detector_full_audit_20260612_172311.txt,629,OLD_PROJ_DATA_ROOT,POSSIBLY_LOAD_BEARING,/proj/zefflab/projects/Flooding/Data/harris_county/catalogs/events/harvey_2017_mrms/event_runtime_window/event_runtime_window.csv,/users/e/p/epsilon/Data/Data/harris_county/catalogs/events/harvey_2017_mrms/event_runtime_window/event_runtime_window.csv,True,,"""obs_lines_reviewed_path"": ""/proj/zefflab/projects/Flooding/Data/harris_county/catalogs/events/harvey_2017_mrms/event_validation_lines/reviewed_crs_lines/sfincs_crs_lines_REVIEWED.xyxy"","
/proj/zefflab/projects/Flooding/pipeline/web_launcher/_audit_reports/catalog_detector_full_audit_20260612_172311.txt,629,OLD_PROJ_DATA_ROOT,POSSIBLY_LOAD_BEARING,/proj/zefflab/projects/Flooding/Data/harris_county/catalogs/events/harvey_2017_mrms/event_source_table/event_source_table.csv,/users/e/p/epsilon/Data/Data/harris_county/catalogs/events/harvey_2017_mrms/event_source_table/event_source_table.csv,True,,"""obs_lines_reviewed_path"": ""/proj/zefflab/projects/Flooding/Data/harris_county/catalogs/events/harvey_2017_mrms/event_validation_lines/reviewed_crs_lines/sfincs_crs_lines_REVIEWED.xyxy"","
/proj/zefflab/projects/Flooding/pipeline/web_launcher/_audit_reports/catalog_detector_full_audit_20260612_172311.txt,629,OLD_PROJ_DATA_ROOT,POSSIBLY_LOAD_BEARING,/proj/zefflab/projects/Flooding/Data/harris_county/catalogs/events/harvey_2017_mrms/event_validation_lines/reviewed_crs_lines/sfincs_crs_lines_REVIEWED.xyxy,/users/e/p/epsilon/Data/Data/harris_county/catalogs/events/harvey_2017_mrms/event_validation_lines/reviewed_crs_lines/sfincs_crs_lines_REVIEWED.xyxy,False,,"""obs_lines_reviewed_path"": ""/proj/zefflab/projects/Flooding/Data/harris_county/catalogs/events/harvey_2017_mrms/event_validation_lines/reviewed_crs_lines/sfincs_crs_lines_REVIEWED.xyxy"","
/proj/zefflab/projects/Flooding/pipeline/web_launcher/_audit_reports/catalog_detector_full_audit_20260612_172311.txt,629,OLD_PROJ_DATA_ROOT,POSSIBLY_LOAD_BEARING,/proj/zefflab/projects/Flooding/Data/harris_county/catalogs/events/harvey_2017_mrms/event_validation_lines/reviewed_crs_lines/sfincs_crs_lines_REVIEWED_PLUS_AUTO_CUSTOM.xyxy,/users/e/p/epsilon/Data/Data/harris_county/catalogs/events/harvey_2017_mrms/event_validation_lines/reviewed_crs_lines/sfincs_crs_lines_REVIEWED_PLUS_AUTO_CUSTOM.xyxy,False,,"""obs_lines_reviewed_path"": ""/proj/zefflab/projects/Flooding/Data/harris_county/catalogs/events/harvey_2017_mrms/event_validation_lines/reviewed_crs_lines/sfincs_crs_lines_REVIEWED.xyxy"","
/proj/zefflab/projects/Flooding/pipeline/web_launcher/_audit_reports/catalog_detector_full_audit_20260612_172311.txt,629,OLD_PROJ_DATA_ROOT,POSSIBLY_LOAD_BEARING,/proj/zefflab/projects/Flooding/Data/harris_county/catalogs/events/harvey_2017_mrms/event_validation_points/profiles/lite/sfincs_obs_points_lite.xy,/users/e/p/epsilon/Data/Data/harris_county/catalogs/events/harvey_2017_mrms/event_validation_points/profiles/lite/sfincs_obs_points_lite.xy,False,,"""obs_lines_reviewed_path"": ""/proj/zefflab/projects/Flooding/Data/harris_county/catalogs/events/harvey_2017_mrms/event_validation_lines/reviewed_crs_lines/sfincs_crs_lines_REVIEWED.xyxy"","
/proj/zefflab/projects/Flooding/pipeline/web_launcher/_audit_reports/catalog_detector_full_audit_20260612_172311.txt,629,OLD_PROJ_DATA_ROOT,POSSIBLY_LOAD_BEARING,/proj/zefflab/projects/Flooding/Data/harris_county/catalogs/events/harvey_2017_mrms/event_validation_points/profiles/validation/sfincs_obs_points_validation.xy,/users/e/p/epsilon/Data/Data/harris_county/catalogs/events/harvey_2017_mrms/event_validation_points/profiles/validation/sfincs_obs_points_validation.xy,False,,"""obs_lines_reviewed_path"": ""/proj/zefflab/projects/Flooding/Data/harris_county/catalogs/events/harvey_2017_mrms/event_validation_lines/reviewed_crs_lines/sfincs_crs_lines_REVIEWED.xyxy"","
/proj/zefflab/projects/Flooding/pipeline/web_launcher/_audit_reports/catalog_detector_full_audit_20260612_172311.txt,629,OLD_PROJ_DATA_ROOT,POSSIBLY_LOAD_BEARING,/proj/zefflab/projects/Flooding/Data/harris_county/catalogs/events/harvey_2017_mrms/event_waterlevel/harvey_houston_wl_bc.csv,/users/e/p/epsilon/Data/Data/harris_county/catalogs/events/harvey_2017_mrms/event_waterlevel/harvey_houston_wl_bc.csv,True,,"""obs_lines_reviewed_path"": ""/proj/zefflab/projects/Flooding/Data/harris_county/catalogs/events/harvey_2017_mrms/event_validation_lines/reviewed_crs_lines/sfincs_crs_lines_REVIEWED.xyxy"","
/proj/zefflab/projects/Flooding/pipeline/web_launcher/_audit_reports/catalog_detector_full_audit_20260612_172311.txt,630,OLD_PROJ_DATA_ROOT,POSSIBLY_LOAD_BEARING,/proj/zefflab/projects/Flooding/Data/harris_county/catalogs/events/harvey_2017_mrms/event_discharge/harvey_houston_q_bc.csv,/users/e/p/epsilon/Data/Data/harris_county/catalogs/events/harvey_2017_mrms/event_discharge/harvey_houston_q_bc.csv,True,,"""obs_lines_reviewed_plus_path"": ""/proj/zefflab/projects/Flooding/Data/harris_county/catalogs/events/harvey_2017_mrms/event_validation_lines/reviewed_crs_lines/sfincs_crs_lines_REVIEWED_PLUS_AUTO_CUSTOM.xyxy"","
/proj/zefflab/projects/Flooding/pipeline/web_launcher/_audit_reports/catalog_detector_full_audit_20260612_172311.txt,630,OLD_PROJ_DATA_ROOT,POSSIBLY_LOAD_BEARING,/proj/zefflab/projects/Flooding/Data/harris_county/catalogs/events/harvey_2017_mrms/event_precip/harvey_mrms.nc,/users/e/p/epsilon/Data/Data/harris_county/catalogs/events/harvey_2017_mrms/event_precip/harvey_mrms.nc,True,,"""obs_lines_reviewed_plus_path"": ""/proj/zefflab/projects/Flooding/Data/harris_county/catalogs/events/harvey_2017_mrms/event_validation_lines/reviewed_crs_lines/sfincs_crs_lines_REVIEWED_PLUS_AUTO_CUSTOM.xyxy"","
/proj/zefflab/projects/Flooding/pipeline/web_launcher/_audit_reports/catalog_detector_full_audit_20260612_172311.txt,630,OLD_PROJ_DATA_ROOT,POSSIBLY_LOAD_BEARING,/proj/zefflab/projects/Flooding/Data/harris_county/catalogs/events/harvey_2017_mrms/event_runtime_window/event_runtime_window.csv,/users/e/p/epsilon/Data/Data/harris_county/catalogs/events/harvey_2017_mrms/event_runtime_window/event_runtime_window.csv,True,,"""obs_lines_reviewed_plus_path"": ""/proj/zefflab/projects/Flooding/Data/harris_county/catalogs/events/harvey_2017_mrms/event_validation_lines/reviewed_crs_lines/sfincs_crs_lines_REVIEWED_PLUS_AUTO_CUSTOM.xyxy"","
/proj/zefflab/projects/Flooding/pipeline/web_launcher/_audit_reports/catalog_detector_full_audit_20260612_172311.txt,630,OLD_PROJ_DATA_ROOT,POSSIBLY_LOAD_BEARING,/proj/zefflab/projects/Flooding/Data/harris_county/catalogs/events/harvey_2017_mrms/event_source_table/event_source_table.csv,/users/e/p/epsilon/Data/Data/harris_county/catalogs/events/harvey_2017_mrms/event_source_table/event_source_table.csv,True,,"""obs_lines_reviewed_plus_path"": ""/proj/zefflab/projects/Flooding/Data/harris_county/catalogs/events/harvey_2017_mrms/event_validation_lines/reviewed_crs_lines/sfincs_crs_lines_REVIEWED_PLUS_AUTO_CUSTOM.xyxy"","
/proj/zefflab/projects/Flooding/pipeline/web_launcher/_audit_reports/catalog_detector_full_audit_20260612_172311.txt,630,OLD_PROJ_DATA_ROOT,POSSIBLY_LOAD_BEARING,/proj/zefflab/projects/Flooding/Data/harris_county/catalogs/events/harvey_2017_mrms/event_validation_lines/reviewed_crs_lines/sfincs_crs_lines_REVIEWED.xyxy,/users/e/p/epsilon/Data/Data/harris_county/catalogs/events/harvey_2017_mrms/event_validation_lines/reviewed_crs_lines/sfincs_crs_lines_REVIEWED.xyxy,False,,"""obs_lines_reviewed_plus_path"": ""/proj/zefflab/projects/Flooding/Data/harris_county/catalogs/events/harvey_2017_mrms/event_validation_lines/reviewed_crs_lines/sfincs_crs_lines_REVIEWED_PLUS_AUTO_CUSTOM.xyxy"","
/proj/zefflab/projects/Flooding/pipeline/web_launcher/_audit_reports/catalog_detector_full_audit_20260612_172311.txt,630,OLD_PROJ_DATA_ROOT,POSSIBLY_LOAD_BEARING,/proj/zefflab/projects/Flooding/Data/harris_county/catalogs/events/harvey_2017_mrms/event_validation_lines/reviewed_crs_lines/sfincs_crs_lines_REVIEWED_PLUS_AUTO_CUSTOM.xyxy,/users/e/p/epsilon/Data/Data/harris_county/catalogs/events/harvey_2017_mrms/event_validation_lines/reviewed_crs_lines/sfincs_crs_lines_REVIEWED_PLUS_AUTO_CUSTOM.xyxy,False,,"""obs_lines_reviewed_plus_path"": ""/proj/zefflab/projects/Flooding/Data/harris_county/catalogs/events/harvey_2017_mrms/event_validation_lines/reviewed_crs_lines/sfincs_crs_lines_REVIEWED_PLUS_AUTO_CUSTOM.xyxy"","
/proj/zefflab/projects/Flooding/pipeline/web_launcher/_audit_reports/catalog_detector_full_audit_20260612_172311.txt,630,OLD_PROJ_DATA_ROOT,POSSIBLY_LOAD_BEARING,/proj/zefflab/projects/Flooding/Data/harris_county/catalogs/events/harvey_2017_mrms/event_validation_points/profiles/lite/sfincs_obs_points_lite.xy,/users/e/p/epsilon/Data/Data/harris_county/catalogs/events/harvey_2017_mrms/event_validation_points/profiles/lite/sfincs_obs_points_lite.xy,False,,"""obs_lines_reviewed_plus_path"": ""/proj/zefflab/projects/Flooding/Data/harris_county/catalogs/events/harvey_2017_mrms/event_validation_lines/reviewed_crs_lines/sfincs_crs_lines_REVIEWED_PLUS_AUTO_CUSTOM.xyxy"","
/proj/zefflab/projects/Flooding/pipeline/web_launcher/_audit_reports/catalog_detector_full_audit_20260612_172311.txt,630,OLD_PROJ_DATA_ROOT,POSSIBLY_LOAD_BEARING,/proj/zefflab/projects/Flooding/Data/harris_county/catalogs/events/harvey_2017_mrms/event_validation_points/profiles/validation/sfincs_obs_points_validation.xy,/users/e/p/epsilon/Data/Data/harris_county/catalogs/events/harvey_2017_mrms/event_validation_points/profiles/validation/sfincs_obs_points_validation.xy,False,,"""obs_lines_reviewed_plus_path"": ""/proj/zefflab/projects/Flooding/Data/harris_county/catalogs/events/harvey_2017_mrms/event_validation_lines/reviewed_crs_lines/sfincs_crs_lines_REVIEWED_PLUS_AUTO_CUSTOM.xyxy"","
/proj/zefflab/projects/Flooding/pipeline/web_launcher/_audit_reports/catalog_detector_full_audit_20260612_172311.txt,630,OLD_PROJ_DATA_ROOT,POSSIBLY_LOAD_BEARING,/proj/zefflab/projects/Flooding/Data/harris_county/catalogs/events/harvey_2017_mrms/event_waterlevel/harvey_houston_wl_bc.csv,/users/e/p/epsilon/Data/Data/harris_county/catalogs/events/harvey_2017_mrms/event_waterlevel/harvey_houston_wl_bc.csv,True,,"""obs_lines_reviewed_plus_path"": ""/proj/zefflab/projects/Flooding/Data/harris_county/catalogs/events/harvey_2017_mrms/event_validation_lines/reviewed_crs_lines/sfincs_crs_lines_REVIEWED_PLUS_AUTO_CUSTOM.xyxy"","
/proj/zefflab/projects/Flooding/pipeline/web_launcher/_audit_reports/catalog_detector_full_audit_20260612_172311.txt,631,OLD_PROJ_DATA_ROOT,POSSIBLY_LOAD_BEARING,/proj/zefflab/projects/Flooding/Data/harris_county/catalogs/events/harvey_2017_mrms/event_discharge/harvey_houston_q_bc.csv,/users/e/p/epsilon/Data/Data/harris_county/catalogs/events/harvey_2017_mrms/event_discharge/harvey_houston_q_bc.csv,True,,"""obs_points_lite_path"": ""/proj/zefflab/projects/Flooding/Data/harris_county/catalogs/events/harvey_2017_mrms/event_validation_points/profiles/lite/sfincs_obs_points_lite.xy"","
/proj/zefflab/projects/Flooding/pipeline/web_launcher/_audit_reports/catalog_detector_full_audit_20260612_172311.txt,631,OLD_PROJ_DATA_ROOT,POSSIBLY_LOAD_BEARING,/proj/zefflab/projects/Flooding/Data/harris_county/catalogs/events/harvey_2017_mrms/event_precip/harvey_mrms.nc,/users/e/p/epsilon/Data/Data/harris_county/catalogs/events/harvey_2017_mrms/event_precip/harvey_mrms.nc,True,,"""obs_points_lite_path"": ""/proj/zefflab/projects/Flooding/Data/harris_county/catalogs/events/harvey_2017_mrms/event_validation_points/profiles/lite/sfincs_obs_points_lite.xy"","
/proj/zefflab/projects/Flooding/pipeline/web_launcher/_audit_reports/catalog_detector_full_audit_20260612_172311.txt,631,OLD_PROJ_DATA_ROOT,POSSIBLY_LOAD_BEARING,/proj/zefflab/projects/Flooding/Data/harris_county/catalogs/events/harvey_2017_mrms/event_runtime_window/event_runtime_window.csv,/users/e/p/epsilon/Data/Data/harris_county/catalogs/events/harvey_2017_mrms/event_runtime_window/event_runtime_window.csv,True,,"""obs_points_lite_path"": ""/proj/zefflab/projects/Flooding/Data/harris_county/catalogs/events/harvey_2017_mrms/event_validation_points/profiles/lite/sfincs_obs_points_lite.xy"","
/proj/zefflab/projects/Flooding/pipeline/web_launcher/_audit_reports/catalog_detector_full_audit_20260612_172311.txt,631,OLD_PROJ_DATA_ROOT,POSSIBLY_LOAD_BEARING,/proj/zefflab/projects/Flooding/Data/harris_county/catalogs/events/harvey_2017_mrms/event_source_table/event_source_table.csv,/users/e/p/epsilon/Data/Data/harris_county/catalogs/events/harvey_2017_mrms/event_source_table/event_source_table.csv,True,,"""obs_points_lite_path"": ""/proj/zefflab/projects/Flooding/Data/harris_county/catalogs/events/harvey_2017_mrms/event_validation_points/profiles/lite/sfincs_obs_points_lite.xy"","
/proj/zefflab/projects/Flooding/pipeline/web_launcher/_audit_reports/catalog_detector_full_audit_20260612_172311.txt,631,OLD_PROJ_DATA_ROOT,POSSIBLY_LOAD_BEARING,/proj/zefflab/projects/Flooding/Data/harris_county/catalogs/events/harvey_2017_mrms/event_validation_lines/reviewed_crs_lines/sfincs_crs_lines_REVIEWED.xyxy,/users/e/p/epsilon/Data/Data/harris_county/catalogs/events/harvey_2017_mrms/event_validation_lines/reviewed_crs_lines/sfincs_crs_lines_REVIEWED.xyxy,False,,"""obs_points_lite_path"": ""/proj/zefflab/projects/Flooding/Data/harris_county/catalogs/events/harvey_2017_mrms/event_validation_points/profiles/lite/sfincs_obs_points_lite.xy"","
/proj/zefflab/projects/Flooding/pipeline/web_launcher/_audit_reports/catalog_detector_full_audit_20260612_172311.txt,631,OLD_PROJ_DATA_ROOT,POSSIBLY_LOAD_BEARING,/proj/zefflab/projects/Flooding/Data/harris_county/catalogs/events/harvey_2017_mrms/event_validation_lines/reviewed_crs_lines/sfincs_crs_lines_REVIEWED_PLUS_AUTO_CUSTOM.xyxy,/users/e/p/epsilon/Data/Data/harris_county/catalogs/events/harvey_2017_mrms/event_validation_lines/reviewed_crs_lines/sfincs_crs_lines_REVIEWED_PLUS_AUTO_CUSTOM.xyxy,False,,"""obs_points_lite_path"": ""/proj/zefflab/projects/Flooding/Data/harris_county/catalogs/events/harvey_2017_mrms/event_validation_points/profiles/lite/sfincs_obs_points_lite.xy"","
/proj/zefflab/projects/Flooding/pipeline/web_launcher/_audit_reports/catalog_detector_full_audit_20260612_172311.txt,631,OLD_PROJ_DATA_ROOT,POSSIBLY_LOAD_BEARING,/proj/zefflab/projects/Flooding/Data/harris_county/catalogs/events/harvey_2017_mrms/event_validation_points/profiles/lite/sfincs_obs_points_lite.xy,/users/e/p/epsilon/Data/Data/harris_county/catalogs/events/harvey_2017_mrms/event_validation_points/profiles/lite/sfincs_obs_points_lite.xy,False,,"""obs_points_lite_path"": ""/proj/zefflab/projects/Flooding/Data/harris_county/catalogs/events/harvey_2017_mrms/event_validation_points/profiles/lite/sfincs_obs_points_lite.xy"","
/proj/zefflab/projects/Flooding/pipeline/web_launcher/_audit_reports/catalog_detector_full_audit_20260612_172311.txt,631,OLD_PROJ_DATA_ROOT,POSSIBLY_LOAD_BEARING,/proj/zefflab/projects/Flooding/Data/harris_county/catalogs/events/harvey_2017_mrms/event_validation_points/profiles/validation/sfincs_obs_points_validation.xy,/users/e/p/epsilon/Data/Data/harris_county/catalogs/events/harvey_2017_mrms/event_validation_points/profiles/validation/sfincs_obs_points_validation.xy,False,,"""obs_points_lite_path"": ""/proj/zefflab/projects/Flooding/Data/harris_county/catalogs/events/harvey_2017_mrms/event_validation_points/profiles/lite/sfincs_obs_points_lite.xy"","
/proj/zefflab/projects/Flooding/pipeline/web_launcher/_audit_reports/catalog_detector_full_audit_20260612_172311.txt,631,OLD_PROJ_DATA_ROOT,POSSIBLY_LOAD_BEARING,/proj/zefflab/projects/Flooding/Data/harris_county/catalogs/events/harvey_2017_mrms/event_waterlevel/harvey_houston_wl_bc.csv,/users/e/p/epsilon/Data/Data/harris_county/catalogs/events/harvey_2017_mrms/event_waterlevel/harvey_houston_wl_bc.csv,True,,"""obs_points_lite_path"": ""/proj/zefflab/projects/Flooding/Data/harris_county/catalogs/events/harvey_2017_mrms/event_validation_points/profiles/lite/sfincs_obs_points_lite.xy"","
/proj/zefflab/projects/Flooding/pipeline/web_launcher/_audit_reports/catalog_detector_full_audit_20260612_172311.txt,632,OLD_PROJ_DATA_ROOT,POSSIBLY_LOAD_BEARING,/proj/zefflab/projects/Flooding/Data/harris_county/catalogs/events/harvey_2017_mrms/event_discharge/harvey_houston_q_bc.csv,/users/e/p/epsilon/Data/Data/harris_county/catalogs/events/harvey_2017_mrms/event_discharge/harvey_houston_q_bc.csv,True,,"""obs_points_validation_path"": ""/proj/zefflab/projects/Flooding/Data/harris_county/catalogs/events/harvey_2017_mrms/event_validation_points/profiles/validation/sfincs_obs_points_validation.xy"","
/proj/zefflab/projects/Flooding/pipeline/web_launcher/_audit_reports/catalog_detector_full_audit_20260612_172311.txt,632,OLD_PROJ_DATA_ROOT,POSSIBLY_LOAD_BEARING,/proj/zefflab/projects/Flooding/Data/harris_county/catalogs/events/harvey_2017_mrms/event_precip/harvey_mrms.nc,/users/e/p/epsilon/Data/Data/harris_county/catalogs/events/harvey_2017_mrms/event_precip/harvey_mrms.nc,True,,"""obs_points_validation_path"": ""/proj/zefflab/projects/Flooding/Data/harris_county/catalogs/events/harvey_2017_mrms/event_validation_points/profiles/validation/sfincs_obs_points_validation.xy"","
/proj/zefflab/projects/Flooding/pipeline/web_launcher/_audit_reports/catalog_detector_full_audit_20260612_172311.txt,632,OLD_PROJ_DATA_ROOT,POSSIBLY_LOAD_BEARING,/proj/zefflab/projects/Flooding/Data/harris_county/catalogs/events/harvey_2017_mrms/event_runtime_window/event_runtime_window.csv,/users/e/p/epsilon/Data/Data/harris_county/catalogs/events/harvey_2017_mrms/event_runtime_window/event_runtime_window.csv,True,,"""obs_points_validation_path"": ""/proj/zefflab/projects/Flooding/Data/harris_county/catalogs/events/harvey_2017_mrms/event_validation_points/profiles/validation/sfincs_obs_points_validation.xy"","
/proj/zefflab/projects/Flooding/pipeline/web_launcher/_audit_reports/catalog_detector_full_audit_20260612_172311.txt,632,OLD_PROJ_DATA_ROOT,POSSIBLY_LOAD_BEARING,/proj/zefflab/projects/Flooding/Data/harris_county/catalogs/events/harvey_2017_mrms/event_validation_lines/reviewed_crs_lines/sfincs_crs_lines_REVIEWED.xyxy,/users/e/p/epsilon/Data/Data/harris_county/catalogs/events/harvey_2017_mrms/event_validation_lines/reviewed_crs_lines/sfincs_crs_lines_REVIEWED.xyxy,False,,"""obs_points_validation_path"": ""/proj/zefflab/projects/Flooding/Data/harris_county/catalogs/events/harvey_2017_mrms/event_validation_points/profiles/validation/sfincs_obs_points_validation.xy"","
/proj/zefflab/projects/Flooding/pipeline/web_launcher/_audit_reports/catalog_detector_full_audit_20260612_172311.txt,632,OLD_PROJ_DATA_ROOT,POSSIBLY_LOAD_BEARING,/proj/zefflab/projects/Flooding/Data/harris_county/catalogs/events/harvey_2017_mrms/event_validation_lines/reviewed_crs_lines/sfincs_crs_lines_REVIEWED_PLUS_AUTO_CUSTOM.xyxy,/users/e/p/epsilon/Data/Data/harris_county/catalogs/events/harvey_2017_mrms/event_validation_lines/reviewed_crs_lines/sfincs_crs_lines_REVIEWED_PLUS_AUTO_CUSTOM.xyxy,False,,"""obs_points_validation_path"": ""/proj/zefflab/projects/Flooding/Data/harris_county/catalogs/events/harvey_2017_mrms/event_validation_points/profiles/validation/sfincs_obs_points_validation.xy"","
/proj/zefflab/projects/Flooding/pipeline/web_launcher/_audit_reports/catalog_detector_full_audit_20260612_172311.txt,632,OLD_PROJ_DATA_ROOT,POSSIBLY_LOAD_BEARING,/proj/zefflab/projects/Flooding/Data/harris_county/catalogs/events/harvey_2017_mrms/event_validation_points/profiles/lite/sfincs_obs_points_lite.xy,/users/e/p/epsilon/Data/Data/harris_county/catalogs/events/harvey_2017_mrms/event_validation_points/profiles/lite/sfincs_obs_points_lite.xy,False,,"""obs_points_validation_path"": ""/proj/zefflab/projects/Flooding/Data/harris_county/catalogs/events/harvey_2017_mrms/event_validation_points/profiles/validation/sfincs_obs_points_validation.xy"","
/proj/zefflab/projects/Flooding/pipeline/web_launcher/_audit_reports/catalog_detector_full_audit_20260612_172311.txt,632,OLD_PROJ_DATA_ROOT,POSSIBLY_LOAD_BEARING,/proj/zefflab/projects/Flooding/Data/harris_county/catalogs/events/harvey_2017_mrms/event_validation_points/profiles/validation/sfincs_obs_points_validation.xy,/users/e/p/epsilon/Data/Data/harris_county/catalogs/events/harvey_2017_mrms/event_validation_points/profiles/validation/sfincs_obs_points_validation.xy,False,,"""obs_points_validation_path"": ""/proj/zefflab/projects/Flooding/Data/harris_county/catalogs/events/harvey_2017_mrms/event_validation_points/profiles/validation/sfincs_obs_points_validation.xy"","
/proj/zefflab/projects/Flooding/pipeline/web_launcher/_audit_reports/catalog_detector_full_audit_20260612_172311.txt,632,OLD_PROJ_DATA_ROOT,POSSIBLY_LOAD_BEARING,/proj/zefflab/projects/Flooding/Data/harris_county/catalogs/events/harvey_2017_mrms/event_waterlevel/harvey_houston_wl_bc.csv,/users/e/p/epsilon/Data/Data/harris_county/catalogs/events/harvey_2017_mrms/event_waterlevel/harvey_houston_wl_bc.csv,True,,"""obs_points_validation_path"": ""/proj/zefflab/projects/Flooding/Data/harris_county/catalogs/events/harvey_2017_mrms/event_validation_points/profiles/validation/sfincs_obs_points_validation.xy"","
/proj/zefflab/projects/Flooding/pipeline/web_launcher/_audit_reports/catalog_detector_full_audit_20260612_172311.txt,633,OLD_PROJ_DATA_ROOT,POSSIBLY_LOAD_BEARING,/proj/zefflab/projects/Flooding/Data/harris_county/catalogs/events/harvey_2017_mrms,/users/e/p/epsilon/Data/Data/harris_county/catalogs/events/harvey_2017_mrms,True,,"""rainfall_path"": ""/proj/zefflab/projects/Flooding/Data/harris_county/catalogs/events/harvey_2017_mrms/event_precip/harvey_mrms.nc"","
/proj/zefflab/projects/Flooding/pipeline/web_launcher/_audit_reports/catalog_detector_full_audit_20260612_172311.txt,633,OLD_PROJ_DATA_ROOT,POSSIBLY_LOAD_BEARING,/proj/zefflab/projects/Flooding/Data/harris_county/catalogs/events/harvey_2017_mrms/event_precip/harvey_mrms.nc,/users/e/p/epsilon/Data/Data/harris_county/catalogs/events/harvey_2017_mrms/event_precip/harvey_mrms.nc,True,,"""rainfall_path"": ""/proj/zefflab/projects/Flooding/Data/harris_county/catalogs/events/harvey_2017_mrms/event_precip/harvey_mrms.nc"","
/proj/zefflab/projects/Flooding/pipeline/web_launcher/_audit_reports/catalog_detector_full_audit_20260612_172311.txt,633,OLD_PROJ_DATA_ROOT,POSSIBLY_LOAD_BEARING,/proj/zefflab/projects/Flooding/Data/harris_county/catalogs/events/harvey_2017_mrms/event_runtime_window/event_runtime_window.csv,/users/e/p/epsilon/Data/Data/harris_county/catalogs/events/harvey_2017_mrms/event_runtime_window/event_runtime_window.csv,True,,"""rainfall_path"": ""/proj/zefflab/projects/Flooding/Data/harris_county/catalogs/events/harvey_2017_mrms/event_precip/harvey_mrms.nc"","
/proj/zefflab/projects/Flooding/pipeline/web_launcher/_audit_reports/catalog_detector_full_audit_20260612_172311.txt,633,OLD_PROJ_DATA_ROOT,POSSIBLY_LOAD_BEARING,/proj/zefflab/projects/Flooding/Data/harris_county/catalogs/events/harvey_2017_mrms/event_validation_lines/reviewed_crs_lines/sfincs_crs_lines_REVIEWED.xyxy,/users/e/p/epsilon/Data/Data/harris_county/catalogs/events/harvey_2017_mrms/event_validation_lines/reviewed_crs_lines/sfincs_crs_lines_REVIEWED.xyxy,False,,"""rainfall_path"": ""/proj/zefflab/projects/Flooding/Data/harris_county/catalogs/events/harvey_2017_mrms/event_precip/harvey_mrms.nc"","
/proj/zefflab/projects/Flooding/pipeline/web_launcher/_audit_reports/catalog_detector_full_audit_20260612_172311.txt,633,OLD_PROJ_DATA_ROOT,POSSIBLY_LOAD_BEARING,/proj/zefflab/projects/Flooding/Data/harris_county/catalogs/events/harvey_2017_mrms/event_validation_lines/reviewed_crs_lines/sfincs_crs_lines_REVIEWED_PLUS_AUTO_CUSTOM.xyxy,/users/e/p/epsilon/Data/Data/harris_county/catalogs/events/harvey_2017_mrms/event_validation_lines/reviewed_crs_lines/sfincs_crs_lines_REVIEWED_PLUS_AUTO_CUSTOM.xyxy,False,,"""rainfall_path"": ""/proj/zefflab/projects/Flooding/Data/harris_county/catalogs/events/harvey_2017_mrms/event_precip/harvey_mrms.nc"","
/proj/zefflab/projects/Flooding/pipeline/web_launcher/_audit_reports/catalog_detector_full_audit_20260612_172311.txt,633,OLD_PROJ_DATA_ROOT,POSSIBLY_LOAD_BEARING,/proj/zefflab/projects/Flooding/Data/harris_county/catalogs/events/harvey_2017_mrms/event_validation_points/profiles/lite/sfincs_obs_points_lite.xy,/users/e/p/epsilon/Data/Data/harris_county/catalogs/events/harvey_2017_mrms/event_validation_points/profiles/lite/sfincs_obs_points_lite.xy,False,,"""rainfall_path"": ""/proj/zefflab/projects/Flooding/Data/harris_county/catalogs/events/harvey_2017_mrms/event_precip/harvey_mrms.nc"","
/proj/zefflab/projects/Flooding/pipeline/web_launcher/_audit_reports/catalog_detector_full_audit_20260612_172311.txt,633,OLD_PROJ_DATA_ROOT,POSSIBLY_LOAD_BEARING,/proj/zefflab/projects/Flooding/Data/harris_county/catalogs/events/harvey_2017_mrms/event_validation_points/profiles/validation/sfincs_obs_points_validation.xy,/users/e/p/epsilon/Data/Data/harris_county/catalogs/events/harvey_2017_mrms/event_validation_points/profiles/validation/sfincs_obs_points_validation.xy,False,,"""rainfall_path"": ""/proj/zefflab/projects/Flooding/Data/harris_county/catalogs/events/harvey_2017_mrms/event_precip/harvey_mrms.nc"","
/proj/zefflab/projects/Flooding/pipeline/web_launcher/_audit_reports/catalog_detector_full_audit_20260612_172311.txt,633,OLD_PROJ_DATA_ROOT,POSSIBLY_LOAD_BEARING,/proj/zefflab/projects/Flooding/Data/harris_county/catalogs/events/harvey_2017_mrms/event_waterlevel/harvey_houston_wl_bc.csv,/users/e/p/epsilon/Data/Data/harris_county/catalogs/events/harvey_2017_mrms/event_waterlevel/harvey_houston_wl_bc.csv,True,,"""rainfall_path"": ""/proj/zefflab/projects/Flooding/Data/harris_county/catalogs/events/harvey_2017_mrms/event_precip/harvey_mrms.nc"","
/proj/zefflab/projects/Flooding/pipeline/web_launcher/_audit_reports/catalog_detector_full_audit_20260612_172311.txt,635,OLD_PROJ_DATA_ROOT,POSSIBLY_LOAD_BEARING,/proj/zefflab/projects/Flooding/Data/harris_county/catalogs/events/harvey_2017_mrms,/users/e/p/epsilon/Data/Data/harris_county/catalogs/events/harvey_2017_mrms,True,,"""runtime_csv"": ""/proj/zefflab/projects/Flooding/Data/harris_county/catalogs/events/harvey_2017_mrms/event_runtime_window/event_runtime_window.csv"","
/proj/zefflab/projects/Flooding/pipeline/web_launcher/_audit_reports/catalog_detector_full_audit_20260612_172311.txt,635,OLD_PROJ_DATA_ROOT,POSSIBLY_LOAD_BEARING,/proj/zefflab/projects/Flooding/Data/harris_county/catalogs/events/harvey_2017_mrms/event_precip/harvey_mrms.nc,/users/e/p/epsilon/Data/Data/harris_county/catalogs/events/harvey_2017_mrms/event_precip/harvey_mrms.nc,True,,"""runtime_csv"": ""/proj/zefflab/projects/Flooding/Data/harris_county/catalogs/events/harvey_2017_mrms/event_runtime_window/event_runtime_window.csv"","
/proj/zefflab/projects/Flooding/pipeline/web_launcher/_audit_reports/catalog_detector_full_audit_20260612_172311.txt,635,OLD_PROJ_DATA_ROOT,POSSIBLY_LOAD_BEARING,/proj/zefflab/projects/Flooding/Data/harris_county/catalogs/events/harvey_2017_mrms/event_runtime_window/event_runtime_window.csv,/users/e/p/epsilon/Data/Data/harris_county/catalogs/events/harvey_2017_mrms/event_runtime_window/event_runtime_window.csv,True,,"""runtime_csv"": ""/proj/zefflab/projects/Flooding/Data/harris_county/catalogs/events/harvey_2017_mrms/event_runtime_window/event_runtime_window.csv"","
/proj/zefflab/projects/Flooding/pipeline/web_launcher/_audit_reports/catalog_detector_full_audit_20260612_172311.txt,635,OLD_PROJ_DATA_ROOT,POSSIBLY_LOAD_BEARING,/proj/zefflab/projects/Flooding/Data/harris_county/catalogs/events/harvey_2017_mrms/event_validation_lines/reviewed_crs_lines/sfincs_crs_lines_REVIEWED.xyxy,/users/e/p/epsilon/Data/Data/harris_county/catalogs/events/harvey_2017_mrms/event_validation_lines/reviewed_crs_lines/sfincs_crs_lines_REVIEWED.xyxy,False,,"""runtime_csv"": ""/proj/zefflab/projects/Flooding/Data/harris_county/catalogs/events/harvey_2017_mrms/event_runtime_window/event_runtime_window.csv"","
/proj/zefflab/projects/Flooding/pipeline/web_launcher/_audit_reports/catalog_detector_full_audit_20260612_172311.txt,635,OLD_PROJ_DATA_ROOT,POSSIBLY_LOAD_BEARING,/proj/zefflab/projects/Flooding/Data/harris_county/catalogs/events/harvey_2017_mrms/event_validation_lines/reviewed_crs_lines/sfincs_crs_lines_REVIEWED_PLUS_AUTO_CUSTOM.xyxy,/users/e/p/epsilon/Data/Data/harris_county/catalogs/events/harvey_2017_mrms/event_validation_lines/reviewed_crs_lines/sfincs_crs_lines_REVIEWED_PLUS_AUTO_CUSTOM.xyxy,False,,"""runtime_csv"": ""/proj/zefflab/projects/Flooding/Data/harris_county/catalogs/events/harvey_2017_mrms/event_runtime_window/event_runtime_window.csv"","
/proj/zefflab/projects/Flooding/pipeline/web_launcher/_audit_reports/catalog_detector_full_audit_20260612_172311.txt,635,OLD_PROJ_DATA_ROOT,POSSIBLY_LOAD_BEARING,/proj/zefflab/projects/Flooding/Data/harris_county/catalogs/events/harvey_2017_mrms/event_validation_points/profiles/lite/sfincs_obs_points_lite.xy,/users/e/p/epsilon/Data/Data/harris_county/catalogs/events/harvey_2017_mrms/event_validation_points/profiles/lite/sfincs_obs_points_lite.xy,False,,"""runtime_csv"": ""/proj/zefflab/projects/Flooding/Data/harris_county/catalogs/events/harvey_2017_mrms/event_runtime_window/event_runtime_window.csv"","
/proj/zefflab/projects/Flooding/pipeline/web_launcher/_audit_reports/catalog_detector_full_audit_20260612_172311.txt,635,OLD_PROJ_DATA_ROOT,POSSIBLY_LOAD_BEARING,/proj/zefflab/projects/Flooding/Data/harris_county/catalogs/events/harvey_2017_mrms/event_validation_points/profiles/validation/sfincs_obs_points_validation.xy,/users/e/p/epsilon/Data/Data/harris_county/catalogs/events/harvey_2017_mrms/event_validation_points/profiles/validation/sfincs_obs_points_validation.xy,False,,"""runtime_csv"": ""/proj/zefflab/projects/Flooding/Data/harris_county/catalogs/events/harvey_2017_mrms/event_runtime_window/event_runtime_window.csv"","
/proj/zefflab/projects/Flooding/pipeline/web_launcher/_audit_reports/catalog_detector_full_audit_20260612_172311.txt,635,OLD_PROJ_DATA_ROOT,POSSIBLY_LOAD_BEARING,/proj/zefflab/projects/Flooding/Data/harris_county/catalogs/events/harvey_2017_mrms/event_waterlevel/harvey_houston_wl_bc.csv,/users/e/p/epsilon/Data/Data/harris_county/catalogs/events/harvey_2017_mrms/event_waterlevel/harvey_houston_wl_bc.csv,True,,"""runtime_csv"": ""/proj/zefflab/projects/Flooding/Data/harris_county/catalogs/events/harvey_2017_mrms/event_runtime_window/event_runtime_window.csv"","
/proj/zefflab/projects/Flooding/pipeline/web_launcher/_audit_reports/catalog_detector_full_audit_20260612_172311.txt,637,OLD_PROJ_DATA_ROOT,POSSIBLY_LOAD_BEARING,/proj/zefflab/projects/Flooding/Data/harris_county/catalogs/events/harvey_2017_mrms,/users/e/p/epsilon/Data/Data/harris_county/catalogs/events/harvey_2017_mrms,True,,"""waterlevel_path"": ""/proj/zefflab/projects/Flooding/Data/harris_county/catalogs/events/harvey_2017_mrms/event_waterlevel/harvey_houston_wl_bc.csv"","
/proj/zefflab/projects/Flooding/pipeline/web_launcher/_audit_reports/catalog_detector_full_audit_20260612_172311.txt,637,OLD_PROJ_DATA_ROOT,POSSIBLY_LOAD_BEARING,/proj/zefflab/projects/Flooding/Data/harris_county/catalogs/events/harvey_2017_mrms/event_precip/harvey_mrms.nc,/users/e/p/epsilon/Data/Data/harris_county/catalogs/events/harvey_2017_mrms/event_precip/harvey_mrms.nc,True,,"""waterlevel_path"": ""/proj/zefflab/projects/Flooding/Data/harris_county/catalogs/events/harvey_2017_mrms/event_waterlevel/harvey_houston_wl_bc.csv"","
/proj/zefflab/projects/Flooding/pipeline/web_launcher/_audit_reports/catalog_detector_full_audit_20260612_172311.txt,637,OLD_PROJ_DATA_ROOT,POSSIBLY_LOAD_BEARING,/proj/zefflab/projects/Flooding/Data/harris_county/catalogs/events/harvey_2017_mrms/event_runtime_window/event_runtime_window.csv,/users/e/p/epsilon/Data/Data/harris_county/catalogs/events/harvey_2017_mrms/event_runtime_window/event_runtime_window.csv,True,,"""waterlevel_path"": ""/proj/zefflab/projects/Flooding/Data/harris_county/catalogs/events/harvey_2017_mrms/event_waterlevel/harvey_houston_wl_bc.csv"","
/proj/zefflab/projects/Flooding/pipeline/web_launcher/_audit_reports/catalog_detector_full_audit_20260612_172311.txt,637,OLD_PROJ_DATA_ROOT,POSSIBLY_LOAD_BEARING,/proj/zefflab/projects/Flooding/Data/harris_county/catalogs/events/harvey_2017_mrms/event_validation_lines/reviewed_crs_lines/sfincs_crs_lines_REVIEWED.xyxy,/users/e/p/epsilon/Data/Data/harris_county/catalogs/events/harvey_2017_mrms/event_validation_lines/reviewed_crs_lines/sfincs_crs_lines_REVIEWED.xyxy,False,,"""waterlevel_path"": ""/proj/zefflab/projects/Flooding/Data/harris_county/catalogs/events/harvey_2017_mrms/event_waterlevel/harvey_houston_wl_bc.csv"","
/proj/zefflab/projects/Flooding/pipeline/web_launcher/_audit_reports/catalog_detector_full_audit_20260612_172311.txt,637,OLD_PROJ_DATA_ROOT,POSSIBLY_LOAD_BEARING,/proj/zefflab/projects/Flooding/Data/harris_county/catalogs/events/harvey_2017_mrms/event_validation_lines/reviewed_crs_lines/sfincs_crs_lines_REVIEWED_PLUS_AUTO_CUSTOM.xyxy,/users/e/p/epsilon/Data/Data/harris_county/catalogs/events/harvey_2017_mrms/event_validation_lines/reviewed_crs_lines/sfincs_crs_lines_REVIEWED_PLUS_AUTO_CUSTOM.xyxy,False,,"""waterlevel_path"": ""/proj/zefflab/projects/Flooding/Data/harris_county/catalogs/events/harvey_2017_mrms/event_waterlevel/harvey_houston_wl_bc.csv"","
/proj/zefflab/projects/Flooding/pipeline/web_launcher/_audit_reports/catalog_detector_full_audit_20260612_172311.txt,637,OLD_PROJ_DATA_ROOT,POSSIBLY_LOAD_BEARING,/proj/zefflab/projects/Flooding/Data/harris_county/catalogs/events/harvey_2017_mrms/event_validation_points/profiles/lite/sfincs_obs_points_lite.xy,/users/e/p/epsilon/Data/Data/harris_county/catalogs/events/harvey_2017_mrms/event_validation_points/profiles/lite/sfincs_obs_points_lite.xy,False,,"""waterlevel_path"": ""/proj/zefflab/projects/Flooding/Data/harris_county/catalogs/events/harvey_2017_mrms/event_waterlevel/harvey_houston_wl_bc.csv"","
/proj/zefflab/projects/Flooding/pipeline/web_launcher/_audit_reports/catalog_detector_full_audit_20260612_172311.txt,637,OLD_PROJ_DATA_ROOT,POSSIBLY_LOAD_BEARING,/proj/zefflab/projects/Flooding/Data/harris_county/catalogs/events/harvey_2017_mrms/event_validation_points/profiles/validation/sfincs_obs_points_validation.xy,/users/e/p/epsilon/Data/Data/harris_county/catalogs/events/harvey_2017_mrms/event_validation_points/profiles/validation/sfincs_obs_points_validation.xy,False,,"""waterlevel_path"": ""/proj/zefflab/projects/Flooding/Data/harris_county/catalogs/events/harvey_2017_mrms/event_waterlevel/harvey_houston_wl_bc.csv"","
/proj/zefflab/projects/Flooding/pipeline/web_launcher/_audit_reports/catalog_detector_full_audit_20260612_172311.txt,637,OLD_PROJ_DATA_ROOT,POSSIBLY_LOAD_BEARING,/proj/zefflab/projects/Flooding/Data/harris_county/catalogs/events/harvey_2017_mrms/event_waterlevel/harvey_houston_wl_bc.csv,/users/e/p/epsilon/Data/Data/harris_county/catalogs/events/harvey_2017_mrms/event_waterlevel/harvey_houston_wl_bc.csv,True,,"""waterlevel_path"": ""/proj/zefflab/projects/Flooding/Data/harris_county/catalogs/events/harvey_2017_mrms/event_waterlevel/harvey_houston_wl_bc.csv"","
/proj/zefflab/projects/Flooding/pipeline/web_launcher/_audit_reports/catalog_detector_full_audit_20260612_172311.txt,641,OLD_PROJ_DATA_ROOT,POSSIBLY_LOAD_BEARING,/proj/zefflab/projects/Flooding/Data/harris_county/catalogs/events/harvey_2017_mrms,/users/e/p/epsilon/Data/Data/harris_county/catalogs/events/harvey_2017_mrms,True,,"""path"": ""/proj/zefflab/projects/Flooding/Data/harris_county/catalogs/events/harvey_2017_mrms"","
/proj/zefflab/projects/Flooding/pipeline/web_launcher/_audit_reports/catalog_detector_full_audit_20260612_172311.txt,641,OLD_PROJ_DATA_ROOT,POSSIBLY_LOAD_BEARING,/proj/zefflab/projects/Flooding/Data/harris_county/catalogs/events/harvey_2017_mrms/event_precip/harvey_mrms.nc,/users/e/p/epsilon/Data/Data/harris_county/catalogs/events/harvey_2017_mrms/event_precip/harvey_mrms.nc,True,,"""path"": ""/proj/zefflab/projects/Flooding/Data/harris_county/catalogs/events/harvey_2017_mrms"","
/proj/zefflab/projects/Flooding/pipeline/web_launcher/_audit_reports/catalog_detector_full_audit_20260612_172311.txt,641,OLD_PROJ_DATA_ROOT,POSSIBLY_LOAD_BEARING,/proj/zefflab/projects/Flooding/Data/harris_county/catalogs/events/harvey_2017_mrms/event_runtime_window/event_runtime_window.csv,/users/e/p/epsilon/Data/Data/harris_county/catalogs/events/harvey_2017_mrms/event_runtime_window/event_runtime_window.csv,True,,"""path"": ""/proj/zefflab/projects/Flooding/Data/harris_county/catalogs/events/harvey_2017_mrms"","
/proj/zefflab/projects/Flooding/pipeline/web_launcher/_audit_reports/catalog_detector_full_audit_20260612_172311.txt,641,OLD_PROJ_DATA_ROOT,POSSIBLY_LOAD_BEARING,/proj/zefflab/projects/Flooding/Data/harris_county/catalogs/events/harvey_2017_mrms/event_waterlevel/harvey_houston_wl_bc.csv,/users/e/p/epsilon/Data/Data/harris_county/catalogs/events/harvey_2017_mrms/event_waterlevel/harvey_houston_wl_bc.csv,True,,"""path"": ""/proj/zefflab/projects/Flooding/Data/harris_county/catalogs/events/harvey_2017_mrms"","
/proj/zefflab/projects/Flooding/pipeline/web_launcher/_audit_reports/catalog_detector_full_audit_20260612_172311.txt,665,OLD_PROJ_DATA_ROOT,UNCLEAR_REVIEW,/proj/zefflab/projects/Flooding/Data/harris_county/catalogs/static/harris_county/bathy/galveston_bay_G260_2018_edited.tif,/users/e/p/epsilon/Data/Data/harris_county/catalogs/static/harris_county/bathy/galveston_bay_G260_2018_edited.tif,False,,"""/proj/zefflab/projects/Flooding/Data/harris_county/catalogs/static/harris_county/bathy/galveston_bay_G260_2018_edited.tif"""
/proj/zefflab/projects/Flooding/pipeline/web_launcher/_audit_reports/catalog_detector_full_audit_20260612_172311.txt,665,OLD_PROJ_DATA_ROOT,UNCLEAR_REVIEW,/proj/zefflab/projects/Flooding/Data/harris_county/catalogs/static/harris_county/landcover/NLCD_2016_Land_Cover_L48_20190424.img,/users/e/p/epsilon/Data/Data/harris_county/catalogs/static/harris_county/landcover/NLCD_2016_Land_Cover_L48_20190424.img,True,,"""/proj/zefflab/projects/Flooding/Data/harris_county/catalogs/static/harris_county/bathy/galveston_bay_G260_2018_edited.tif"""
/proj/zefflab/projects/Flooding/pipeline/web_launcher/_audit_reports/catalog_detector_full_audit_20260612_172311.txt,665,OLD_PROJ_DATA_ROOT,UNCLEAR_REVIEW,/proj/zefflab/projects/Flooding/Data/harris_county/catalogs/static/harris_county/manning_reclass_table/nlcd_mapping_mean.csv,/users/e/p/epsilon/Data/Data/harris_county/catalogs/static/harris_county/manning_reclass_table/nlcd_mapping_mean.csv,True,,"""/proj/zefflab/projects/Flooding/Data/harris_county/catalogs/static/harris_county/bathy/galveston_bay_G260_2018_edited.tif"""
/proj/zefflab/projects/Flooding/pipeline/web_launcher/_audit_reports/catalog_detector_full_audit_20260612_172311.txt,665,OLD_PROJ_DATA_ROOT,UNCLEAR_REVIEW,/proj/zefflab/projects/Flooding/Data/harris_county/catalogs/static/harris_county/source_points_static/source_points_selected_for_harvey.csv,/users/e/p/epsilon/Data/Data/harris_county/catalogs/static/harris_county/source_points_static/source_points_selected_for_harvey.csv,True,,"""/proj/zefflab/projects/Flooding/Data/harris_county/catalogs/static/harris_county/bathy/galveston_bay_G260_2018_edited.tif"""
/proj/zefflab/projects/Flooding/pipeline/web_launcher/_audit_reports/catalog_detector_full_audit_20260612_172311.txt,665,OLD_PROJ_DATA_ROOT,UNCLEAR_REVIEW,/proj/zefflab/projects/Flooding/Data/harris_county/catalogs/static/harris_county/topobathy/HCFCD_DEM_5m_UTM.tif,/users/e/p/epsilon/Data/Data/harris_county/catalogs/static/harris_county/topobathy/HCFCD_DEM_5m_UTM.tif,True,,"""/proj/zefflab/projects/Flooding/Data/harris_county/catalogs/static/harris_county/bathy/galveston_bay_G260_2018_edited.tif"""
/proj/zefflab/projects/Flooding/pipeline/web_launcher/_audit_reports/catalog_detector_full_audit_20260612_172311.txt,667,OLD_PROJ_DATA_ROOT,UNCLEAR_REVIEW,/proj/zefflab/projects/Flooding/Data/harris_county/catalogs/static/harris_county/bathy/galveston_bay_G260_2018_edited.tif,/users/e/p/epsilon/Data/Data/harris_county/catalogs/static/harris_county/bathy/galveston_bay_G260_2018_edited.tif,False,,"""dem_path"": ""/proj/zefflab/projects/Flooding/Data/harris_county/catalogs/static/harris_county/topobathy/HCFCD_DEM_5m_UTM.tif"","
/proj/zefflab/projects/Flooding/pipeline/web_launcher/_audit_reports/catalog_detector_full_audit_20260612_172311.txt,667,OLD_PROJ_DATA_ROOT,UNCLEAR_REVIEW,/proj/zefflab/projects/Flooding/Data/harris_county/catalogs/static/harris_county/landcover/NLCD_2016_Land_Cover_L48_20190424.img,/users/e/p/epsilon/Data/Data/harris_county/catalogs/static/harris_county/landcover/NLCD_2016_Land_Cover_L48_20190424.img,True,,"""dem_path"": ""/proj/zefflab/projects/Flooding/Data/harris_county/catalogs/static/harris_county/topobathy/HCFCD_DEM_5m_UTM.tif"","
/proj/zefflab/projects/Flooding/pipeline/web_launcher/_audit_reports/catalog_detector_full_audit_20260612_172311.txt,667,OLD_PROJ_DATA_ROOT,UNCLEAR_REVIEW,/proj/zefflab/projects/Flooding/Data/harris_county/catalogs/static/harris_county/manning_reclass_table/nlcd_mapping_mean.csv,/users/e/p/epsilon/Data/Data/harris_county/catalogs/static/harris_county/manning_reclass_table/nlcd_mapping_mean.csv,True,,"""dem_path"": ""/proj/zefflab/projects/Flooding/Data/harris_county/catalogs/static/harris_county/topobathy/HCFCD_DEM_5m_UTM.tif"","
/proj/zefflab/projects/Flooding/pipeline/web_launcher/_audit_reports/catalog_detector_full_audit_20260612_172311.txt,667,OLD_PROJ_DATA_ROOT,UNCLEAR_REVIEW,/proj/zefflab/projects/Flooding/Data/harris_county/catalogs/static/harris_county/source_points_static/source_points_selected_for_harvey.csv,/users/e/p/epsilon/Data/Data/harris_county/catalogs/static/harris_county/source_points_static/source_points_selected_for_harvey.csv,True,,"""dem_path"": ""/proj/zefflab/projects/Flooding/Data/harris_county/catalogs/static/harris_county/topobathy/HCFCD_DEM_5m_UTM.tif"","
/proj/zefflab/projects/Flooding/pipeline/web_launcher/_audit_reports/catalog_detector_full_audit_20260612_172311.txt,667,OLD_PROJ_DATA_ROOT,UNCLEAR_REVIEW,/proj/zefflab/projects/Flooding/Data/harris_county/catalogs/static/harris_county/topobathy/HCFCD_DEM_5m_UTM.tif,/users/e/p/epsilon/Data/Data/harris_county/catalogs/static/harris_county/topobathy/HCFCD_DEM_5m_UTM.tif,True,,"""dem_path"": ""/proj/zefflab/projects/Flooding/Data/harris_county/catalogs/static/harris_county/topobathy/HCFCD_DEM_5m_UTM.tif"","
/proj/zefflab/projects/Flooding/pipeline/web_launcher/_audit_reports/catalog_detector_full_audit_20260612_172311.txt,668,OLD_PROJ_DATA_ROOT,UNCLEAR_REVIEW,/proj/zefflab/projects/Flooding/Data/harris_county/catalogs/static/harris_county/bathy/galveston_bay_G260_2018_edited.tif,/users/e/p/epsilon/Data/Data/harris_county/catalogs/static/harris_county/bathy/galveston_bay_G260_2018_edited.tif,False,,"""discharge_points_csv_path"": ""/proj/zefflab/projects/Flooding/Data/harris_county/catalogs/static/harris_county/source_points_static/source_points_selected_for_harvey.csv"","
/proj/zefflab/projects/Flooding/pipeline/web_launcher/_audit_reports/catalog_detector_full_audit_20260612_172311.txt,668,OLD_PROJ_DATA_ROOT,UNCLEAR_REVIEW,/proj/zefflab/projects/Flooding/Data/harris_county/catalogs/static/harris_county/landcover/NLCD_2016_Land_Cover_L48_20190424.img,/users/e/p/epsilon/Data/Data/harris_county/catalogs/static/harris_county/landcover/NLCD_2016_Land_Cover_L48_20190424.img,True,,"""discharge_points_csv_path"": ""/proj/zefflab/projects/Flooding/Data/harris_county/catalogs/static/harris_county/source_points_static/source_points_selected_for_harvey.csv"","
/proj/zefflab/projects/Flooding/pipeline/web_launcher/_audit_reports/catalog_detector_full_audit_20260612_172311.txt,668,OLD_PROJ_DATA_ROOT,UNCLEAR_REVIEW,/proj/zefflab/projects/Flooding/Data/harris_county/catalogs/static/harris_county/manning_reclass_table/nlcd_mapping_mean.csv,/users/e/p/epsilon/Data/Data/harris_county/catalogs/static/harris_county/manning_reclass_table/nlcd_mapping_mean.csv,True,,"""discharge_points_csv_path"": ""/proj/zefflab/projects/Flooding/Data/harris_county/catalogs/static/harris_county/source_points_static/source_points_selected_for_harvey.csv"","
/proj/zefflab/projects/Flooding/pipeline/web_launcher/_audit_reports/catalog_detector_full_audit_20260612_172311.txt,668,OLD_PROJ_DATA_ROOT,UNCLEAR_REVIEW,/proj/zefflab/projects/Flooding/Data/harris_county/catalogs/static/harris_county/source_points_static/source_points_selected_for_harvey.csv,/users/e/p/epsilon/Data/Data/harris_county/catalogs/static/harris_county/source_points_static/source_points_selected_for_harvey.csv,True,,"""discharge_points_csv_path"": ""/proj/zefflab/projects/Flooding/Data/harris_county/catalogs/static/harris_county/source_points_static/source_points_selected_for_harvey.csv"","
/proj/zefflab/projects/Flooding/pipeline/web_launcher/_audit_reports/catalog_detector_full_audit_20260612_172311.txt,668,OLD_PROJ_DATA_ROOT,UNCLEAR_REVIEW,/proj/zefflab/projects/Flooding/Data/harris_county/catalogs/static/harris_county/topobathy/HCFCD_DEM_5m_UTM.tif,/users/e/p/epsilon/Data/Data/harris_county/catalogs/static/harris_county/topobathy/HCFCD_DEM_5m_UTM.tif,True,,"""discharge_points_csv_path"": ""/proj/zefflab/projects/Flooding/Data/harris_county/catalogs/static/harris_county/source_points_static/source_points_selected_for_harvey.csv"","
/proj/zefflab/projects/Flooding/pipeline/web_launcher/_audit_reports/catalog_detector_full_audit_20260612_172311.txt,671,OLD_PROJ_DATA_ROOT,UNCLEAR_REVIEW,/proj/zefflab/projects/Flooding/Data/harris_county/catalogs/static/harris_county/bathy/galveston_bay_G260_2018_edited.tif,/users/e/p/epsilon/Data/Data/harris_county/catalogs/static/harris_county/bathy/galveston_bay_G260_2018_edited.tif,False,,"""landcover_path"": ""/proj/zefflab/projects/Flooding/Data/harris_county/catalogs/static/harris_county/landcover/NLCD_2016_Land_Cover_L48_20190424.img"","
/proj/zefflab/projects/Flooding/pipeline/web_launcher/_audit_reports/catalog_detector_full_audit_20260612_172311.txt,671,OLD_PROJ_DATA_ROOT,UNCLEAR_REVIEW,/proj/zefflab/projects/Flooding/Data/harris_county/catalogs/static/harris_county/landcover/NLCD_2016_Land_Cover_L48_20190424.img,/users/e/p/epsilon/Data/Data/harris_county/catalogs/static/harris_county/landcover/NLCD_2016_Land_Cover_L48_20190424.img,True,,"""landcover_path"": ""/proj/zefflab/projects/Flooding/Data/harris_county/catalogs/static/harris_county/landcover/NLCD_2016_Land_Cover_L48_20190424.img"","
/proj/zefflab/projects/Flooding/pipeline/web_launcher/_audit_reports/catalog_detector_full_audit_20260612_172311.txt,671,OLD_PROJ_DATA_ROOT,UNCLEAR_REVIEW,/proj/zefflab/projects/Flooding/Data/harris_county/catalogs/static/harris_county/manning_reclass_table/nlcd_mapping_mean.csv,/users/e/p/epsilon/Data/Data/harris_county/catalogs/static/harris_county/manning_reclass_table/nlcd_mapping_mean.csv,True,,"""landcover_path"": ""/proj/zefflab/projects/Flooding/Data/harris_county/catalogs/static/harris_county/landcover/NLCD_2016_Land_Cover_L48_20190424.img"","
/proj/zefflab/projects/Flooding/pipeline/web_launcher/_audit_reports/catalog_detector_full_audit_20260612_172311.txt,671,OLD_PROJ_DATA_ROOT,UNCLEAR_REVIEW,/proj/zefflab/projects/Flooding/Data/harris_county/catalogs/static/harris_county/region_geom/houston_model.shp,/users/e/p/epsilon/Data/Data/harris_county/catalogs/static/harris_county/region_geom/houston_model.shp,True,,"""landcover_path"": ""/proj/zefflab/projects/Flooding/Data/harris_county/catalogs/static/harris_county/landcover/NLCD_2016_Land_Cover_L48_20190424.img"","
/proj/zefflab/projects/Flooding/pipeline/web_launcher/_audit_reports/catalog_detector_full_audit_20260612_172311.txt,671,OLD_PROJ_DATA_ROOT,UNCLEAR_REVIEW,/proj/zefflab/projects/Flooding/Data/harris_county/catalogs/static/harris_county/source_points_static/source_points_selected_for_harvey.csv,/users/e/p/epsilon/Data/Data/harris_county/catalogs/static/harris_county/source_points_static/source_points_selected_for_harvey.csv,True,,"""landcover_path"": ""/proj/zefflab/projects/Flooding/Data/harris_county/catalogs/static/harris_county/landcover/NLCD_2016_Land_Cover_L48_20190424.img"","
/proj/zefflab/projects/Flooding/pipeline/web_launcher/_audit_reports/catalog_detector_full_audit_20260612_172311.txt,671,OLD_PROJ_DATA_ROOT,UNCLEAR_REVIEW,/proj/zefflab/projects/Flooding/Data/harris_county/catalogs/static/harris_county/topobathy/HCFCD_DEM_5m_UTM.tif,/users/e/p/epsilon/Data/Data/harris_county/catalogs/static/harris_county/topobathy/HCFCD_DEM_5m_UTM.tif,True,,"""landcover_path"": ""/proj/zefflab/projects/Flooding/Data/harris_county/catalogs/static/harris_county/landcover/NLCD_2016_Land_Cover_L48_20190424.img"","
/proj/zefflab/projects/Flooding/pipeline/web_launcher/_audit_reports/catalog_detector_full_audit_20260612_172311.txt,672,OLD_PROJ_DATA_ROOT,UNCLEAR_REVIEW,/proj/zefflab/projects/Flooding/Data/harris_county/catalogs/static/harris_county/bathy/galveston_bay_G260_2018_edited.tif,/users/e/p/epsilon/Data/Data/harris_county/catalogs/static/harris_county/bathy/galveston_bay_G260_2018_edited.tif,False,,"""landcover_reclass_table"": ""/proj/zefflab/projects/Flooding/Data/harris_county/catalogs/static/harris_county/manning_reclass_table/nlcd_mapping_mean.csv"","
/proj/zefflab/projects/Flooding/pipeline/web_launcher/_audit_reports/catalog_detector_full_audit_20260612_172311.txt,672,OLD_PROJ_DATA_ROOT,UNCLEAR_REVIEW,/proj/zefflab/projects/Flooding/Data/harris_county/catalogs/static/harris_county/landcover/NLCD_2016_Land_Cover_L48_20190424.img,/users/e/p/epsilon/Data/Data/harris_county/catalogs/static/harris_county/landcover/NLCD_2016_Land_Cover_L48_20190424.img,True,,"""landcover_reclass_table"": ""/proj/zefflab/projects/Flooding/Data/harris_county/catalogs/static/harris_county/manning_reclass_table/nlcd_mapping_mean.csv"","
/proj/zefflab/projects/Flooding/pipeline/web_launcher/_audit_reports/catalog_detector_full_audit_20260612_172311.txt,672,OLD_PROJ_DATA_ROOT,UNCLEAR_REVIEW,/proj/zefflab/projects/Flooding/Data/harris_county/catalogs/static/harris_county/manning_reclass_table/nlcd_mapping_mean.csv,/users/e/p/epsilon/Data/Data/harris_county/catalogs/static/harris_county/manning_reclass_table/nlcd_mapping_mean.csv,True,,"""landcover_reclass_table"": ""/proj/zefflab/projects/Flooding/Data/harris_county/catalogs/static/harris_county/manning_reclass_table/nlcd_mapping_mean.csv"","
/proj/zefflab/projects/Flooding/pipeline/web_launcher/_audit_reports/catalog_detector_full_audit_20260612_172311.txt,672,OLD_PROJ_DATA_ROOT,UNCLEAR_REVIEW,/proj/zefflab/projects/Flooding/Data/harris_county/catalogs/static/harris_county/region_geom/houston_model.shp,/users/e/p/epsilon/Data/Data/harris_county/catalogs/static/harris_county/region_geom/houston_model.shp,True,,"""landcover_reclass_table"": ""/proj/zefflab/projects/Flooding/Data/harris_county/catalogs/static/harris_county/manning_reclass_table/nlcd_mapping_mean.csv"","
/proj/zefflab/projects/Flooding/pipeline/web_launcher/_audit_reports/catalog_detector_full_audit_20260612_172311.txt,672,OLD_PROJ_DATA_ROOT,UNCLEAR_REVIEW,/proj/zefflab/projects/Flooding/Data/harris_county/catalogs/static/harris_county/source_points_static/source_points_selected_for_harvey.csv,/users/e/p/epsilon/Data/Data/harris_county/catalogs/static/harris_county/source_points_static/source_points_selected_for_harvey.csv,True,,"""landcover_reclass_table"": ""/proj/zefflab/projects/Flooding/Data/harris_county/catalogs/static/harris_county/manning_reclass_table/nlcd_mapping_mean.csv"","
/proj/zefflab/projects/Flooding/pipeline/web_launcher/_audit_reports/catalog_detector_full_audit_20260612_172311.txt,672,OLD_PROJ_DATA_ROOT,UNCLEAR_REVIEW,/proj/zefflab/projects/Flooding/Data/harris_county/catalogs/static/harris_county/topobathy/HCFCD_DEM_5m_UTM.tif,/users/e/p/epsilon/Data/Data/harris_county/catalogs/static/harris_county/topobathy/HCFCD_DEM_5m_UTM.tif,True,,"""landcover_reclass_table"": ""/proj/zefflab/projects/Flooding/Data/harris_county/catalogs/static/harris_county/manning_reclass_table/nlcd_mapping_mean.csv"","
/proj/zefflab/projects/Flooding/pipeline/web_launcher/_audit_reports/catalog_detector_full_audit_20260612_172311.txt,679,OLD_PROJ_DATA_ROOT,POSSIBLY_LOAD_BEARING,/proj/zefflab/projects/Flooding/Data/harris_county/catalogs/static/harris_county,/users/e/p/epsilon/Data/Data/harris_county/catalogs/static/harris_county,True,,"""region_path"": ""/proj/zefflab/projects/Flooding/Data/harris_county/catalogs/static/harris_county/region_geom/houston_model.shp"","
/proj/zefflab/projects/Flooding/pipeline/web_launcher/_audit_reports/catalog_detector_full_audit_20260612_172311.txt,679,OLD_PROJ_DATA_ROOT,POSSIBLY_LOAD_BEARING,/proj/zefflab/projects/Flooding/Data/harris_county/catalogs/static/harris_county/landcover/NLCD_2016_Land_Cover_L48_20190424.img,/users/e/p/epsilon/Data/Data/harris_county/catalogs/static/harris_county/landcover/NLCD_2016_Land_Cover_L48_20190424.img,True,,"""region_path"": ""/proj/zefflab/projects/Flooding/Data/harris_county/catalogs/static/harris_county/region_geom/houston_model.shp"","
/proj/zefflab/projects/Flooding/pipeline/web_launcher/_audit_reports/catalog_detector_full_audit_20260612_172311.txt,679,OLD_PROJ_DATA_ROOT,POSSIBLY_LOAD_BEARING,/proj/zefflab/projects/Flooding/Data/harris_county/catalogs/static/harris_county/manning_reclass_table/nlcd_mapping_mean.csv,/users/e/p/epsilon/Data/Data/harris_county/catalogs/static/harris_county/manning_reclass_table/nlcd_mapping_mean.csv,True,,"""region_path"": ""/proj/zefflab/projects/Flooding/Data/harris_county/catalogs/static/harris_county/region_geom/houston_model.shp"","
/proj/zefflab/projects/Flooding/pipeline/web_launcher/_audit_reports/catalog_detector_full_audit_20260612_172311.txt,679,OLD_PROJ_DATA_ROOT,POSSIBLY_LOAD_BEARING,/proj/zefflab/projects/Flooding/Data/harris_county/catalogs/static/harris_county/region_geom/houston_model.shp,/users/e/p/epsilon/Data/Data/harris_county/catalogs/static/harris_county/region_geom/houston_model.shp,True,,"""region_path"": ""/proj/zefflab/projects/Flooding/Data/harris_county/catalogs/static/harris_county/region_geom/houston_model.shp"","
/proj/zefflab/projects/Flooding/pipeline/web_launcher/_audit_reports/catalog_detector_full_audit_20260612_172311.txt,679,OLD_PROJ_DATA_ROOT,POSSIBLY_LOAD_BEARING,/proj/zefflab/projects/Flooding/Data/harris_county/catalogs/static/harris_county/structures_thin_dams/AB_dams.shp,/users/e/p/epsilon/Data/Data/harris_county/catalogs/static/harris_county/structures_thin_dams/AB_dams.shp,True,,"""region_path"": ""/proj/zefflab/projects/Flooding/Data/harris_county/catalogs/static/harris_county/region_geom/houston_model.shp"","
/proj/zefflab/projects/Flooding/pipeline/web_launcher/_audit_reports/catalog_detector_full_audit_20260612_172311.txt,681,OLD_PROJ_DATA_ROOT,POSSIBLY_LOAD_BEARING,/proj/zefflab/projects/Flooding/Data/harris_county/catalogs/static/harris_county,/users/e/p/epsilon/Data/Data/harris_county/catalogs/static/harris_county,True,,"""thin_dam_path"": ""/proj/zefflab/projects/Flooding/Data/harris_county/catalogs/static/harris_county/structures_thin_dams/AB_dams.shp"","
/proj/zefflab/projects/Flooding/pipeline/web_launcher/_audit_reports/catalog_detector_full_audit_20260612_172311.txt,681,OLD_PROJ_DATA_ROOT,POSSIBLY_LOAD_BEARING,/proj/zefflab/projects/Flooding/Data/harris_county/catalogs/static/harris_county/region_geom/houston_model.shp,/users/e/p/epsilon/Data/Data/harris_county/catalogs/static/harris_county/region_geom/houston_model.shp,True,,"""thin_dam_path"": ""/proj/zefflab/projects/Flooding/Data/harris_county/catalogs/static/harris_county/structures_thin_dams/AB_dams.shp"","
/proj/zefflab/projects/Flooding/pipeline/web_launcher/_audit_reports/catalog_detector_full_audit_20260612_172311.txt,681,OLD_PROJ_DATA_ROOT,POSSIBLY_LOAD_BEARING,/proj/zefflab/projects/Flooding/Data/harris_county/catalogs/static/harris_county/structures_thin_dams/AB_dams.shp,/users/e/p/epsilon/Data/Data/harris_county/catalogs/static/harris_county/structures_thin_dams/AB_dams.shp,True,,"""thin_dam_path"": ""/proj/zefflab/projects/Flooding/Data/harris_county/catalogs/static/harris_county/structures_thin_dams/AB_dams.shp"","
/proj/zefflab/projects/Flooding/pipeline/web_launcher/_audit_reports/catalog_detector_full_audit_20260612_172311.txt,686,OLD_PROJ_DATA_ROOT,PROBABLY_DEFAULT_BUT_REVIEW,/proj/zefflab/projects/Flooding/Data/harris_county/catalogs/static/harris_county,/users/e/p/epsilon/Data/Data/harris_county/catalogs/static/harris_county,True,,"""path"": ""/proj/zefflab/projects/Flooding/Data/harris_county/catalogs/static/harris_county"","
/proj/zefflab/projects/Flooding/pipeline/web_launcher/_audit_reports/catalog_detector_full_audit_20260612_172311.txt,686,OLD_PROJ_DATA_ROOT,PROBABLY_DEFAULT_BUT_REVIEW,/proj/zefflab/projects/Flooding/Data/harris_county/catalogs/static/harris_county/region_geom/houston_model.shp,/users/e/p/epsilon/Data/Data/harris_county/catalogs/static/harris_county/region_geom/houston_model.shp,True,,"""path"": ""/proj/zefflab/projects/Flooding/Data/harris_county/catalogs/static/harris_county"","
/proj/zefflab/projects/Flooding/pipeline/web_launcher/_audit_reports/catalog_detector_full_audit_20260612_172311.txt,686,OLD_PROJ_DATA_ROOT,PROBABLY_DEFAULT_BUT_REVIEW,/proj/zefflab/projects/Flooding/Data/harris_county/catalogs/static/harris_county/structures_thin_dams/AB_dams.shp,/users/e/p/epsilon/Data/Data/harris_county/catalogs/static/harris_county/structures_thin_dams/AB_dams.shp,True,,"""path"": ""/proj/zefflab/projects/Flooding/Data/harris_county/catalogs/static/harris_county"","
/proj/zefflab/projects/Flooding/pipeline/web_launcher/_audit_reports/catalog_detector_full_audit_20260612_172311.txt,696,OLD_PROJ_DATA_ROOT,LIKELY_BROWSE_OR_DEFAULT_ONLY,/proj/zefflab/projects/Flooding/Data/harris_county/catalogs/events/harvey_2017_mrms/event_discharge/harvey_houston_q_bc.csv,/users/e/p/epsilon/Data/Data/harris_county/catalogs/events/harvey_2017_mrms/event_discharge/harvey_houston_q_bc.csv,True,,"""/proj/zefflab/projects/Flooding/Data/harris_county/catalogs/static/harris_county/topobathy/HCFCD_DEM_5m_UTM.tif"""
/proj/zefflab/projects/Flooding/pipeline/web_launcher/_audit_reports/catalog_detector_full_audit_20260612_172311.txt,696,OLD_PROJ_DATA_ROOT,LIKELY_BROWSE_OR_DEFAULT_ONLY,/proj/zefflab/projects/Flooding/Data/harris_county/catalogs/events/harvey_2017_mrms/event_source_table/event_source_table.csv,/users/e/p/epsilon/Data/Data/harris_county/catalogs/events/harvey_2017_mrms/event_source_table/event_source_table.csv,True,,"""/proj/zefflab/projects/Flooding/Data/harris_county/catalogs/static/harris_county/topobathy/HCFCD_DEM_5m_UTM.tif"""
/proj/zefflab/projects/Flooding/pipeline/web_launcher/_audit_reports/catalog_detector_full_audit_20260612_172311.txt,696,OLD_PROJ_DATA_ROOT,LIKELY_BROWSE_OR_DEFAULT_ONLY,/proj/zefflab/projects/Flooding/Data/harris_county/catalogs/static/harris_county/landcover/NLCD_2016_Land_Cover_L48_20190424.img,/users/e/p/epsilon/Data/Data/harris_county/catalogs/static/harris_county/landcover/NLCD_2016_Land_Cover_L48_20190424.img,True,,"""/proj/zefflab/projects/Flooding/Data/harris_county/catalogs/static/harris_county/topobathy/HCFCD_DEM_5m_UTM.tif"""
/proj/zefflab/projects/Flooding/pipeline/web_launcher/_audit_reports/catalog_detector_full_audit_20260612_172311.txt,696,OLD_PROJ_DATA_ROOT,LIKELY_BROWSE_OR_DEFAULT_ONLY,/proj/zefflab/projects/Flooding/Data/harris_county/catalogs/static/harris_county/topobathy/HCFCD_DEM_5m_UTM.tif,/users/e/p/epsilon/Data/Data/harris_county/catalogs/static/harris_county/topobathy/HCFCD_DEM_5m_UTM.tif,True,,"""/proj/zefflab/projects/Flooding/Data/harris_county/catalogs/static/harris_county/topobathy/HCFCD_DEM_5m_UTM.tif"""
/proj/zefflab/projects/Flooding/pipeline/web_launcher/_audit_reports/catalog_detector_full_audit_20260612_172311.txt,698,OLD_PROJ_DATA_ROOT,LIKELY_BROWSE_OR_DEFAULT_ONLY,/proj/zefflab/projects/Flooding/Data/harris_county/catalogs/events/harvey_2017_mrms/event_discharge/harvey_houston_q_bc.csv,/users/e/p/epsilon/Data/Data/harris_county/catalogs/events/harvey_2017_mrms/event_discharge/harvey_houston_q_bc.csv,True,,"""discharge_points_csv_path"": ""/proj/zefflab/projects/Flooding/Data/harris_county/catalogs/events/harvey_2017_mrms/event_source_table/event_source_table.csv"","
/proj/zefflab/projects/Flooding/pipeline/web_launcher/_audit_reports/catalog_detector_full_audit_20260612_172311.txt,698,OLD_PROJ_DATA_ROOT,LIKELY_BROWSE_OR_DEFAULT_ONLY,/proj/zefflab/projects/Flooding/Data/harris_county/catalogs/events/harvey_2017_mrms/event_source_table/event_source_table.csv,/users/e/p/epsilon/Data/Data/harris_county/catalogs/events/harvey_2017_mrms/event_source_table/event_source_table.csv,True,,"""discharge_points_csv_path"": ""/proj/zefflab/projects/Flooding/Data/harris_county/catalogs/events/harvey_2017_mrms/event_source_table/event_source_table.csv"","
/proj/zefflab/projects/Flooding/pipeline/web_launcher/_audit_reports/catalog_detector_full_audit_20260612_172311.txt,698,OLD_PROJ_DATA_ROOT,LIKELY_BROWSE_OR_DEFAULT_ONLY,/proj/zefflab/projects/Flooding/Data/harris_county/catalogs/static/harris_county/landcover/NLCD_2016_Land_Cover_L48_20190424.img,/users/e/p/epsilon/Data/Data/harris_county/catalogs/static/harris_county/landcover/NLCD_2016_Land_Cover_L48_20190424.img,True,,"""discharge_points_csv_path"": ""/proj/zefflab/projects/Flooding/Data/harris_county/catalogs/events/harvey_2017_mrms/event_source_table/event_source_table.csv"","
/proj/zefflab/projects/Flooding/pipeline/web_launcher/_audit_reports/catalog_detector_full_audit_20260612_172311.txt,698,OLD_PROJ_DATA_ROOT,LIKELY_BROWSE_OR_DEFAULT_ONLY,/proj/zefflab/projects/Flooding/Data/harris_county/catalogs/static/harris_county/manning_reclass_table/nlcd_mapping_mean.csv,/users/e/p/epsilon/Data/Data/harris_county/catalogs/static/harris_county/manning_reclass_table/nlcd_mapping_mean.csv,True,,"""discharge_points_csv_path"": ""/proj/zefflab/projects/Flooding/Data/harris_county/catalogs/events/harvey_2017_mrms/event_source_table/event_source_table.csv"","
/proj/zefflab/projects/Flooding/pipeline/web_launcher/_audit_reports/catalog_detector_full_audit_20260612_172311.txt,698,OLD_PROJ_DATA_ROOT,LIKELY_BROWSE_OR_DEFAULT_ONLY,/proj/zefflab/projects/Flooding/Data/harris_county/catalogs/static/harris_county/topobathy/HCFCD_DEM_5m_UTM.tif,/users/e/p/epsilon/Data/Data/harris_county/catalogs/static/harris_county/topobathy/HCFCD_DEM_5m_UTM.tif,True,,"""discharge_points_csv_path"": ""/proj/zefflab/projects/Flooding/Data/harris_county/catalogs/events/harvey_2017_mrms/event_source_table/event_source_table.csv"","
/proj/zefflab/projects/Flooding/pipeline/web_launcher/_audit_reports/catalog_detector_full_audit_20260612_172311.txt,701,OLD_PROJ_DATA_ROOT,POSSIBLY_LOAD_BEARING,/proj/zefflab/projects/Flooding/Data/harris_county/catalogs/events/harvey_2017_mrms/event_discharge/harvey_houston_q_bc.csv,/users/e/p/epsilon/Data/Data/harris_county/catalogs/events/harvey_2017_mrms/event_discharge/harvey_houston_q_bc.csv,True,,"""discharge_timeseries_csv_path"": ""/proj/zefflab/projects/Flooding/Data/harris_county/catalogs/events/harvey_2017_mrms/event_discharge/harvey_houston_q_bc.csv"","
/proj/zefflab/projects/Flooding/pipeline/web_launcher/_audit_reports/catalog_detector_full_audit_20260612_172311.txt,701,OLD_PROJ_DATA_ROOT,POSSIBLY_LOAD_BEARING,/proj/zefflab/projects/Flooding/Data/harris_county/catalogs/events/harvey_2017_mrms/event_source_table/event_source_table.csv,/users/e/p/epsilon/Data/Data/harris_county/catalogs/events/harvey_2017_mrms/event_source_table/event_source_table.csv,True,,"""discharge_timeseries_csv_path"": ""/proj/zefflab/projects/Flooding/Data/harris_county/catalogs/events/harvey_2017_mrms/event_discharge/harvey_houston_q_bc.csv"","
/proj/zefflab/projects/Flooding/pipeline/web_launcher/_audit_reports/catalog_detector_full_audit_20260612_172311.txt,701,OLD_PROJ_DATA_ROOT,POSSIBLY_LOAD_BEARING,/proj/zefflab/projects/Flooding/Data/harris_county/catalogs/events/harvey_2017_mrms/event_validation_lines/reviewed_crs_lines/sfincs_crs_lines_REVIEWED_PLUS_AUTO_CUSTOM.xyxy,/users/e/p/epsilon/Data/Data/harris_county/catalogs/events/harvey_2017_mrms/event_validation_lines/reviewed_crs_lines/sfincs_crs_lines_REVIEWED_PLUS_AUTO_CUSTOM.xyxy,False,,"""discharge_timeseries_csv_path"": ""/proj/zefflab/projects/Flooding/Data/harris_county/catalogs/events/harvey_2017_mrms/event_discharge/harvey_houston_q_bc.csv"","
/proj/zefflab/projects/Flooding/pipeline/web_launcher/_audit_reports/catalog_detector_full_audit_20260612_172311.txt,701,OLD_PROJ_DATA_ROOT,POSSIBLY_LOAD_BEARING,/proj/zefflab/projects/Flooding/Data/harris_county/catalogs/events/harvey_2017_mrms/event_validation_points/profiles/lite/sfincs_obs_points_lite.xy,/users/e/p/epsilon/Data/Data/harris_county/catalogs/events/harvey_2017_mrms/event_validation_points/profiles/lite/sfincs_obs_points_lite.xy,False,,"""discharge_timeseries_csv_path"": ""/proj/zefflab/projects/Flooding/Data/harris_county/catalogs/events/harvey_2017_mrms/event_discharge/harvey_houston_q_bc.csv"","
/proj/zefflab/projects/Flooding/pipeline/web_launcher/_audit_reports/catalog_detector_full_audit_20260612_172311.txt,701,OLD_PROJ_DATA_ROOT,POSSIBLY_LOAD_BEARING,/proj/zefflab/projects/Flooding/Data/harris_county/catalogs/static/harris_county/landcover/NLCD_2016_Land_Cover_L48_20190424.img,/users/e/p/epsilon/Data/Data/harris_county/catalogs/static/harris_county/landcover/NLCD_2016_Land_Cover_L48_20190424.img,True,,"""discharge_timeseries_csv_path"": ""/proj/zefflab/projects/Flooding/Data/harris_county/catalogs/events/harvey_2017_mrms/event_discharge/harvey_houston_q_bc.csv"","
/proj/zefflab/projects/Flooding/pipeline/web_launcher/_audit_reports/catalog_detector_full_audit_20260612_172311.txt,701,OLD_PROJ_DATA_ROOT,POSSIBLY_LOAD_BEARING,/proj/zefflab/projects/Flooding/Data/harris_county/catalogs/static/harris_county/manning_reclass_table/nlcd_mapping_mean.csv,/users/e/p/epsilon/Data/Data/harris_county/catalogs/static/harris_county/manning_reclass_table/nlcd_mapping_mean.csv,True,,"""discharge_timeseries_csv_path"": ""/proj/zefflab/projects/Flooding/Data/harris_county/catalogs/events/harvey_2017_mrms/event_discharge/harvey_houston_q_bc.csv"","
/proj/zefflab/projects/Flooding/pipeline/web_launcher/_audit_reports/catalog_detector_full_audit_20260612_172311.txt,701,OLD_PROJ_DATA_ROOT,POSSIBLY_LOAD_BEARING,/proj/zefflab/projects/Flooding/Data/harris_county/catalogs/static/harris_county/topobathy/HCFCD_DEM_5m_UTM.tif,/users/e/p/epsilon/Data/Data/harris_county/catalogs/static/harris_county/topobathy/HCFCD_DEM_5m_UTM.tif,True,,"""discharge_timeseries_csv_path"": ""/proj/zefflab/projects/Flooding/Data/harris_county/catalogs/events/harvey_2017_mrms/event_discharge/harvey_houston_q_bc.csv"","
/proj/zefflab/projects/Flooding/pipeline/web_launcher/_audit_reports/catalog_detector_full_audit_20260612_172311.txt,704,OLD_PROJ_DATA_ROOT,POSSIBLY_LOAD_BEARING,/proj/zefflab/projects/Flooding/Data/harris_county/catalogs/events/harvey_2017_mrms/event_discharge/harvey_houston_q_bc.csv,/users/e/p/epsilon/Data/Data/harris_county/catalogs/events/harvey_2017_mrms/event_discharge/harvey_houston_q_bc.csv,True,,"""landcover_path"": ""/proj/zefflab/projects/Flooding/Data/harris_county/catalogs/static/harris_county/landcover/NLCD_2016_Land_Cover_L48_20190424.img"","
/proj/zefflab/projects/Flooding/pipeline/web_launcher/_audit_reports/catalog_detector_full_audit_20260612_172311.txt,704,OLD_PROJ_DATA_ROOT,POSSIBLY_LOAD_BEARING,/proj/zefflab/projects/Flooding/Data/harris_county/catalogs/events/harvey_2017_mrms/event_precip/harvey_mrms.nc,/users/e/p/epsilon/Data/Data/harris_county/catalogs/events/harvey_2017_mrms/event_precip/harvey_mrms.nc,True,,"""landcover_path"": ""/proj/zefflab/projects/Flooding/Data/harris_county/catalogs/static/harris_county/landcover/NLCD_2016_Land_Cover_L48_20190424.img"","
/proj/zefflab/projects/Flooding/pipeline/web_launcher/_audit_reports/catalog_detector_full_audit_20260612_172311.txt,704,OLD_PROJ_DATA_ROOT,POSSIBLY_LOAD_BEARING,/proj/zefflab/projects/Flooding/Data/harris_county/catalogs/events/harvey_2017_mrms/event_source_table/event_source_table.csv,/users/e/p/epsilon/Data/Data/harris_county/catalogs/events/harvey_2017_mrms/event_source_table/event_source_table.csv,True,,"""landcover_path"": ""/proj/zefflab/projects/Flooding/Data/harris_county/catalogs/static/harris_county/landcover/NLCD_2016_Land_Cover_L48_20190424.img"","
/proj/zefflab/projects/Flooding/pipeline/web_launcher/_audit_reports/catalog_detector_full_audit_20260612_172311.txt,704,OLD_PROJ_DATA_ROOT,POSSIBLY_LOAD_BEARING,/proj/zefflab/projects/Flooding/Data/harris_county/catalogs/events/harvey_2017_mrms/event_validation_lines/reviewed_crs_lines/sfincs_crs_lines_REVIEWED_PLUS_AUTO_CUSTOM.xyxy,/users/e/p/epsilon/Data/Data/harris_county/catalogs/events/harvey_2017_mrms/event_validation_lines/reviewed_crs_lines/sfincs_crs_lines_REVIEWED_PLUS_AUTO_CUSTOM.xyxy,False,,"""landcover_path"": ""/proj/zefflab/projects/Flooding/Data/harris_county/catalogs/static/harris_county/landcover/NLCD_2016_Land_Cover_L48_20190424.img"","
/proj/zefflab/projects/Flooding/pipeline/web_launcher/_audit_reports/catalog_detector_full_audit_20260612_172311.txt,704,OLD_PROJ_DATA_ROOT,POSSIBLY_LOAD_BEARING,/proj/zefflab/projects/Flooding/Data/harris_county/catalogs/events/harvey_2017_mrms/event_validation_points/profiles/lite/sfincs_obs_points_lite.xy,/users/e/p/epsilon/Data/Data/harris_county/catalogs/events/harvey_2017_mrms/event_validation_points/profiles/lite/sfincs_obs_points_lite.xy,False,,"""landcover_path"": ""/proj/zefflab/projects/Flooding/Data/harris_county/catalogs/static/harris_county/landcover/NLCD_2016_Land_Cover_L48_20190424.img"","
/proj/zefflab/projects/Flooding/pipeline/web_launcher/_audit_reports/catalog_detector_full_audit_20260612_172311.txt,704,OLD_PROJ_DATA_ROOT,POSSIBLY_LOAD_BEARING,/proj/zefflab/projects/Flooding/Data/harris_county/catalogs/static/harris_county/landcover/NLCD_2016_Land_Cover_L48_20190424.img,/users/e/p/epsilon/Data/Data/harris_county/catalogs/static/harris_county/landcover/NLCD_2016_Land_Cover_L48_20190424.img,True,,"""landcover_path"": ""/proj/zefflab/projects/Flooding/Data/harris_county/catalogs/static/harris_county/landcover/NLCD_2016_Land_Cover_L48_20190424.img"","
/proj/zefflab/projects/Flooding/pipeline/web_launcher/_audit_reports/catalog_detector_full_audit_20260612_172311.txt,704,OLD_PROJ_DATA_ROOT,POSSIBLY_LOAD_BEARING,/proj/zefflab/projects/Flooding/Data/harris_county/catalogs/static/harris_county/manning_reclass_table/nlcd_mapping_mean.csv,/users/e/p/epsilon/Data/Data/harris_county/catalogs/static/harris_county/manning_reclass_table/nlcd_mapping_mean.csv,True,,"""landcover_path"": ""/proj/zefflab/projects/Flooding/Data/harris_county/catalogs/static/harris_county/landcover/NLCD_2016_Land_Cover_L48_20190424.img"","
/proj/zefflab/projects/Flooding/pipeline/web_launcher/_audit_reports/catalog_detector_full_audit_20260612_172311.txt,704,OLD_PROJ_DATA_ROOT,POSSIBLY_LOAD_BEARING,/proj/zefflab/projects/Flooding/Data/harris_county/catalogs/static/harris_county/topobathy/HCFCD_DEM_5m_UTM.tif,/users/e/p/epsilon/Data/Data/harris_county/catalogs/static/harris_county/topobathy/HCFCD_DEM_5m_UTM.tif,True,,"""landcover_path"": ""/proj/zefflab/projects/Flooding/Data/harris_county/catalogs/static/harris_county/landcover/NLCD_2016_Land_Cover_L48_20190424.img"","
/proj/zefflab/projects/Flooding/pipeline/web_launcher/_audit_reports/catalog_detector_full_audit_20260612_172311.txt,705,OLD_PROJ_DATA_ROOT,POSSIBLY_LOAD_BEARING,/proj/zefflab/projects/Flooding/Data/harris_county/catalogs/events/harvey_2017_mrms/event_discharge/harvey_houston_q_bc.csv,/users/e/p/epsilon/Data/Data/harris_county/catalogs/events/harvey_2017_mrms/event_discharge/harvey_houston_q_bc.csv,True,,"""landcover_reclass_table"": ""/proj/zefflab/projects/Flooding/Data/harris_county/catalogs/static/harris_county/manning_reclass_table/nlcd_mapping_mean.csv"","
/proj/zefflab/projects/Flooding/pipeline/web_launcher/_audit_reports/catalog_detector_full_audit_20260612_172311.txt,705,OLD_PROJ_DATA_ROOT,POSSIBLY_LOAD_BEARING,/proj/zefflab/projects/Flooding/Data/harris_county/catalogs/events/harvey_2017_mrms/event_precip/harvey_mrms.nc,/users/e/p/epsilon/Data/Data/harris_county/catalogs/events/harvey_2017_mrms/event_precip/harvey_mrms.nc,True,,"""landcover_reclass_table"": ""/proj/zefflab/projects/Flooding/Data/harris_county/catalogs/static/harris_county/manning_reclass_table/nlcd_mapping_mean.csv"","
/proj/zefflab/projects/Flooding/pipeline/web_launcher/_audit_reports/catalog_detector_full_audit_20260612_172311.txt,705,OLD_PROJ_DATA_ROOT,POSSIBLY_LOAD_BEARING,/proj/zefflab/projects/Flooding/Data/harris_county/catalogs/events/harvey_2017_mrms/event_source_table/event_source_table.csv,/users/e/p/epsilon/Data/Data/harris_county/catalogs/events/harvey_2017_mrms/event_source_table/event_source_table.csv,True,,"""landcover_reclass_table"": ""/proj/zefflab/projects/Flooding/Data/harris_county/catalogs/static/harris_county/manning_reclass_table/nlcd_mapping_mean.csv"","
/proj/zefflab/projects/Flooding/pipeline/web_launcher/_audit_reports/catalog_detector_full_audit_20260612_172311.txt,705,OLD_PROJ_DATA_ROOT,POSSIBLY_LOAD_BEARING,/proj/zefflab/projects/Flooding/Data/harris_county/catalogs/events/harvey_2017_mrms/event_validation_lines/reviewed_crs_lines/sfincs_crs_lines_REVIEWED_PLUS_AUTO_CUSTOM.xyxy,/users/e/p/epsilon/Data/Data/harris_county/catalogs/events/harvey_2017_mrms/event_validation_lines/reviewed_crs_lines/sfincs_crs_lines_REVIEWED_PLUS_AUTO_CUSTOM.xyxy,False,,"""landcover_reclass_table"": ""/proj/zefflab/projects/Flooding/Data/harris_county/catalogs/static/harris_county/manning_reclass_table/nlcd_mapping_mean.csv"","
/proj/zefflab/projects/Flooding/pipeline/web_launcher/_audit_reports/catalog_detector_full_audit_20260612_172311.txt,705,OLD_PROJ_DATA_ROOT,POSSIBLY_LOAD_BEARING,/proj/zefflab/projects/Flooding/Data/harris_county/catalogs/events/harvey_2017_mrms/event_validation_points/profiles/lite/sfincs_obs_points_lite.xy,/users/e/p/epsilon/Data/Data/harris_county/catalogs/events/harvey_2017_mrms/event_validation_points/profiles/lite/sfincs_obs_points_lite.xy,False,,"""landcover_reclass_table"": ""/proj/zefflab/projects/Flooding/Data/harris_county/catalogs/static/harris_county/manning_reclass_table/nlcd_mapping_mean.csv"","
/proj/zefflab/projects/Flooding/pipeline/web_launcher/_audit_reports/catalog_detector_full_audit_20260612_172311.txt,705,OLD_PROJ_DATA_ROOT,POSSIBLY_LOAD_BEARING,/proj/zefflab/projects/Flooding/Data/harris_county/catalogs/static/harris_county/landcover/NLCD_2016_Land_Cover_L48_20190424.img,/users/e/p/epsilon/Data/Data/harris_county/catalogs/static/harris_county/landcover/NLCD_2016_Land_Cover_L48_20190424.img,True,,"""landcover_reclass_table"": ""/proj/zefflab/projects/Flooding/Data/harris_county/catalogs/static/harris_county/manning_reclass_table/nlcd_mapping_mean.csv"","
/proj/zefflab/projects/Flooding/pipeline/web_launcher/_audit_reports/catalog_detector_full_audit_20260612_172311.txt,705,OLD_PROJ_DATA_ROOT,POSSIBLY_LOAD_BEARING,/proj/zefflab/projects/Flooding/Data/harris_county/catalogs/static/harris_county/manning_reclass_table/nlcd_mapping_mean.csv,/users/e/p/epsilon/Data/Data/harris_county/catalogs/static/harris_county/manning_reclass_table/nlcd_mapping_mean.csv,True,,"""landcover_reclass_table"": ""/proj/zefflab/projects/Flooding/Data/harris_county/catalogs/static/harris_county/manning_reclass_table/nlcd_mapping_mean.csv"","
/proj/zefflab/projects/Flooding/pipeline/web_launcher/_audit_reports/catalog_detector_full_audit_20260612_172311.txt,705,OLD_PROJ_DATA_ROOT,POSSIBLY_LOAD_BEARING,/proj/zefflab/projects/Flooding/Data/harris_county/catalogs/static/harris_county/region_geom/houston_model.shp,/users/e/p/epsilon/Data/Data/harris_county/catalogs/static/harris_county/region_geom/houston_model.shp,True,,"""landcover_reclass_table"": ""/proj/zefflab/projects/Flooding/Data/harris_county/catalogs/static/harris_county/manning_reclass_table/nlcd_mapping_mean.csv"","
/proj/zefflab/projects/Flooding/pipeline/web_launcher/_audit_reports/catalog_detector_full_audit_20260612_172311.txt,707,OLD_PROJ_DATA_ROOT,POSSIBLY_LOAD_BEARING,/proj/zefflab/projects/Flooding/Data/harris_county/catalogs/events/harvey_2017_mrms/event_discharge/harvey_houston_q_bc.csv,/users/e/p/epsilon/Data/Data/harris_county/catalogs/events/harvey_2017_mrms/event_discharge/harvey_houston_q_bc.csv,True,,"""obs_lines_path"": ""/proj/zefflab/projects/Flooding/Data/harris_county/catalogs/events/harvey_2017_mrms/event_validation_lines/reviewed_crs_lines/sfincs_crs_lines_REVIEWED_PLUS_AUTO_CUSTOM.xyxy"","
/proj/zefflab/projects/Flooding/pipeline/web_launcher/_audit_reports/catalog_detector_full_audit_20260612_172311.txt,707,OLD_PROJ_DATA_ROOT,POSSIBLY_LOAD_BEARING,/proj/zefflab/projects/Flooding/Data/harris_county/catalogs/events/harvey_2017_mrms/event_precip/harvey_mrms.nc,/users/e/p/epsilon/Data/Data/harris_county/catalogs/events/harvey_2017_mrms/event_precip/harvey_mrms.nc,True,,"""obs_lines_path"": ""/proj/zefflab/projects/Flooding/Data/harris_county/catalogs/events/harvey_2017_mrms/event_validation_lines/reviewed_crs_lines/sfincs_crs_lines_REVIEWED_PLUS_AUTO_CUSTOM.xyxy"","
/proj/zefflab/projects/Flooding/pipeline/web_launcher/_audit_reports/catalog_detector_full_audit_20260612_172311.txt,707,OLD_PROJ_DATA_ROOT,POSSIBLY_LOAD_BEARING,/proj/zefflab/projects/Flooding/Data/harris_county/catalogs/events/harvey_2017_mrms/event_validation_lines/reviewed_crs_lines/sfincs_crs_lines_REVIEWED_PLUS_AUTO_CUSTOM.xyxy,/users/e/p/epsilon/Data/Data/harris_county/catalogs/events/harvey_2017_mrms/event_validation_lines/reviewed_crs_lines/sfincs_crs_lines_REVIEWED_PLUS_AUTO_CUSTOM.xyxy,False,,"""obs_lines_path"": ""/proj/zefflab/projects/Flooding/Data/harris_county/catalogs/events/harvey_2017_mrms/event_validation_lines/reviewed_crs_lines/sfincs_crs_lines_REVIEWED_PLUS_AUTO_CUSTOM.xyxy"","
/proj/zefflab/projects/Flooding/pipeline/web_launcher/_audit_reports/catalog_detector_full_audit_20260612_172311.txt,707,OLD_PROJ_DATA_ROOT,POSSIBLY_LOAD_BEARING,/proj/zefflab/projects/Flooding/Data/harris_county/catalogs/events/harvey_2017_mrms/event_validation_points/profiles/lite/sfincs_obs_points_lite.xy,/users/e/p/epsilon/Data/Data/harris_county/catalogs/events/harvey_2017_mrms/event_validation_points/profiles/lite/sfincs_obs_points_lite.xy,False,,"""obs_lines_path"": ""/proj/zefflab/projects/Flooding/Data/harris_county/catalogs/events/harvey_2017_mrms/event_validation_lines/reviewed_crs_lines/sfincs_crs_lines_REVIEWED_PLUS_AUTO_CUSTOM.xyxy"","
/proj/zefflab/projects/Flooding/pipeline/web_launcher/_audit_reports/catalog_detector_full_audit_20260612_172311.txt,707,OLD_PROJ_DATA_ROOT,POSSIBLY_LOAD_BEARING,/proj/zefflab/projects/Flooding/Data/harris_county/catalogs/static/harris_county/landcover/NLCD_2016_Land_Cover_L48_20190424.img,/users/e/p/epsilon/Data/Data/harris_county/catalogs/static/harris_county/landcover/NLCD_2016_Land_Cover_L48_20190424.img,True,,"""obs_lines_path"": ""/proj/zefflab/projects/Flooding/Data/harris_county/catalogs/events/harvey_2017_mrms/event_validation_lines/reviewed_crs_lines/sfincs_crs_lines_REVIEWED_PLUS_AUTO_CUSTOM.xyxy"","
/proj/zefflab/projects/Flooding/pipeline/web_launcher/_audit_reports/catalog_detector_full_audit_20260612_172311.txt,707,OLD_PROJ_DATA_ROOT,POSSIBLY_LOAD_BEARING,/proj/zefflab/projects/Flooding/Data/harris_county/catalogs/static/harris_county/manning_reclass_table/nlcd_mapping_mean.csv,/users/e/p/epsilon/Data/Data/harris_county/catalogs/static/harris_county/manning_reclass_table/nlcd_mapping_mean.csv,True,,"""obs_lines_path"": ""/proj/zefflab/projects/Flooding/Data/harris_county/catalogs/events/harvey_2017_mrms/event_validation_lines/reviewed_crs_lines/sfincs_crs_lines_REVIEWED_PLUS_AUTO_CUSTOM.xyxy"","
/proj/zefflab/projects/Flooding/pipeline/web_launcher/_audit_reports/catalog_detector_full_audit_20260612_172311.txt,707,OLD_PROJ_DATA_ROOT,POSSIBLY_LOAD_BEARING,/proj/zefflab/projects/Flooding/Data/harris_county/catalogs/static/harris_county/region_geom/houston_model.shp,/users/e/p/epsilon/Data/Data/harris_county/catalogs/static/harris_county/region_geom/houston_model.shp,True,,"""obs_lines_path"": ""/proj/zefflab/projects/Flooding/Data/harris_county/catalogs/events/harvey_2017_mrms/event_validation_lines/reviewed_crs_lines/sfincs_crs_lines_REVIEWED_PLUS_AUTO_CUSTOM.xyxy"","
/proj/zefflab/projects/Flooding/pipeline/web_launcher/_audit_reports/catalog_detector_full_audit_20260612_172311.txt,707,OLD_PROJ_DATA_ROOT,POSSIBLY_LOAD_BEARING,/proj/zefflab/projects/Flooding/Data/harris_county/catalogs/static/harris_county/structures_thin_dams/AB_dams.shp,/users/e/p/epsilon/Data/Data/harris_county/catalogs/static/harris_county/structures_thin_dams/AB_dams.shp,True,,"""obs_lines_path"": ""/proj/zefflab/projects/Flooding/Data/harris_county/catalogs/events/harvey_2017_mrms/event_validation_lines/reviewed_crs_lines/sfincs_crs_lines_REVIEWED_PLUS_AUTO_CUSTOM.xyxy"","
/proj/zefflab/projects/Flooding/pipeline/web_launcher/_audit_reports/catalog_detector_full_audit_20260612_172311.txt,708,OLD_PROJ_DATA_ROOT,POSSIBLY_LOAD_BEARING,/proj/zefflab/projects/Flooding/Data/harris_county/catalogs/events/harvey_2017_mrms/event_discharge/harvey_houston_q_bc.csv,/users/e/p/epsilon/Data/Data/harris_county/catalogs/events/harvey_2017_mrms/event_discharge/harvey_houston_q_bc.csv,True,,"""obs_points_path"": ""/proj/zefflab/projects/Flooding/Data/harris_county/catalogs/events/harvey_2017_mrms/event_validation_points/profiles/lite/sfincs_obs_points_lite.xy"","
/proj/zefflab/projects/Flooding/pipeline/web_launcher/_audit_reports/catalog_detector_full_audit_20260612_172311.txt,708,OLD_PROJ_DATA_ROOT,POSSIBLY_LOAD_BEARING,/proj/zefflab/projects/Flooding/Data/harris_county/catalogs/events/harvey_2017_mrms/event_precip/harvey_mrms.nc,/users/e/p/epsilon/Data/Data/harris_county/catalogs/events/harvey_2017_mrms/event_precip/harvey_mrms.nc,True,,"""obs_points_path"": ""/proj/zefflab/projects/Flooding/Data/harris_county/catalogs/events/harvey_2017_mrms/event_validation_points/profiles/lite/sfincs_obs_points_lite.xy"","
/proj/zefflab/projects/Flooding/pipeline/web_launcher/_audit_reports/catalog_detector_full_audit_20260612_172311.txt,708,OLD_PROJ_DATA_ROOT,POSSIBLY_LOAD_BEARING,/proj/zefflab/projects/Flooding/Data/harris_county/catalogs/events/harvey_2017_mrms/event_validation_lines/reviewed_crs_lines/sfincs_crs_lines_REVIEWED_PLUS_AUTO_CUSTOM.xyxy,/users/e/p/epsilon/Data/Data/harris_county/catalogs/events/harvey_2017_mrms/event_validation_lines/reviewed_crs_lines/sfincs_crs_lines_REVIEWED_PLUS_AUTO_CUSTOM.xyxy,False,,"""obs_points_path"": ""/proj/zefflab/projects/Flooding/Data/harris_county/catalogs/events/harvey_2017_mrms/event_validation_points/profiles/lite/sfincs_obs_points_lite.xy"","
/proj/zefflab/projects/Flooding/pipeline/web_launcher/_audit_reports/catalog_detector_full_audit_20260612_172311.txt,708,OLD_PROJ_DATA_ROOT,POSSIBLY_LOAD_BEARING,/proj/zefflab/projects/Flooding/Data/harris_county/catalogs/events/harvey_2017_mrms/event_validation_points/profiles/lite/sfincs_obs_points_lite.xy,/users/e/p/epsilon/Data/Data/harris_county/catalogs/events/harvey_2017_mrms/event_validation_points/profiles/lite/sfincs_obs_points_lite.xy,False,,"""obs_points_path"": ""/proj/zefflab/projects/Flooding/Data/harris_county/catalogs/events/harvey_2017_mrms/event_validation_points/profiles/lite/sfincs_obs_points_lite.xy"","
/proj/zefflab/projects/Flooding/pipeline/web_launcher/_audit_reports/catalog_detector_full_audit_20260612_172311.txt,708,OLD_PROJ_DATA_ROOT,POSSIBLY_LOAD_BEARING,/proj/zefflab/projects/Flooding/Data/harris_county/catalogs/static/harris_county/landcover/NLCD_2016_Land_Cover_L48_20190424.img,/users/e/p/epsilon/Data/Data/harris_county/catalogs/static/harris_county/landcover/NLCD_2016_Land_Cover_L48_20190424.img,True,,"""obs_points_path"": ""/proj/zefflab/projects/Flooding/Data/harris_county/catalogs/events/harvey_2017_mrms/event_validation_points/profiles/lite/sfincs_obs_points_lite.xy"","
/proj/zefflab/projects/Flooding/pipeline/web_launcher/_audit_reports/catalog_detector_full_audit_20260612_172311.txt,708,OLD_PROJ_DATA_ROOT,POSSIBLY_LOAD_BEARING,/proj/zefflab/projects/Flooding/Data/harris_county/catalogs/static/harris_county/manning_reclass_table/nlcd_mapping_mean.csv,/users/e/p/epsilon/Data/Data/harris_county/catalogs/static/harris_county/manning_reclass_table/nlcd_mapping_mean.csv,True,,"""obs_points_path"": ""/proj/zefflab/projects/Flooding/Data/harris_county/catalogs/events/harvey_2017_mrms/event_validation_points/profiles/lite/sfincs_obs_points_lite.xy"","
/proj/zefflab/projects/Flooding/pipeline/web_launcher/_audit_reports/catalog_detector_full_audit_20260612_172311.txt,708,OLD_PROJ_DATA_ROOT,POSSIBLY_LOAD_BEARING,/proj/zefflab/projects/Flooding/Data/harris_county/catalogs/static/harris_county/region_geom/houston_model.shp,/users/e/p/epsilon/Data/Data/harris_county/catalogs/static/harris_county/region_geom/houston_model.shp,True,,"""obs_points_path"": ""/proj/zefflab/projects/Flooding/Data/harris_county/catalogs/events/harvey_2017_mrms/event_validation_points/profiles/lite/sfincs_obs_points_lite.xy"","
/proj/zefflab/projects/Flooding/pipeline/web_launcher/_audit_reports/catalog_detector_full_audit_20260612_172311.txt,708,OLD_PROJ_DATA_ROOT,POSSIBLY_LOAD_BEARING,/proj/zefflab/projects/Flooding/Data/harris_county/catalogs/static/harris_county/structures_thin_dams/AB_dams.shp,/users/e/p/epsilon/Data/Data/harris_county/catalogs/static/harris_county/structures_thin_dams/AB_dams.shp,True,,"""obs_points_path"": ""/proj/zefflab/projects/Flooding/Data/harris_county/catalogs/events/harvey_2017_mrms/event_validation_points/profiles/lite/sfincs_obs_points_lite.xy"","
/proj/zefflab/projects/Flooding/pipeline/web_launcher/_audit_reports/catalog_detector_full_audit_20260612_172311.txt,710,OLD_PROJ_DATA_ROOT,POSSIBLY_LOAD_BEARING,/proj/zefflab/projects/Flooding/Data/harris_county/catalogs/events/harvey_2017_mrms/event_precip/harvey_mrms.nc,/users/e/p/epsilon/Data/Data/harris_county/catalogs/events/harvey_2017_mrms/event_precip/harvey_mrms.nc,True,,"""rainfall_path"": ""/proj/zefflab/projects/Flooding/Data/harris_county/catalogs/events/harvey_2017_mrms/event_precip/harvey_mrms.nc"","
/proj/zefflab/projects/Flooding/pipeline/web_launcher/_audit_reports/catalog_detector_full_audit_20260612_172311.txt,710,OLD_PROJ_DATA_ROOT,POSSIBLY_LOAD_BEARING,/proj/zefflab/projects/Flooding/Data/harris_county/catalogs/events/harvey_2017_mrms/event_validation_lines/reviewed_crs_lines/sfincs_crs_lines_REVIEWED_PLUS_AUTO_CUSTOM.xyxy,/users/e/p/epsilon/Data/Data/harris_county/catalogs/events/harvey_2017_mrms/event_validation_lines/reviewed_crs_lines/sfincs_crs_lines_REVIEWED_PLUS_AUTO_CUSTOM.xyxy,False,,"""rainfall_path"": ""/proj/zefflab/projects/Flooding/Data/harris_county/catalogs/events/harvey_2017_mrms/event_precip/harvey_mrms.nc"","
/proj/zefflab/projects/Flooding/pipeline/web_launcher/_audit_reports/catalog_detector_full_audit_20260612_172311.txt,710,OLD_PROJ_DATA_ROOT,POSSIBLY_LOAD_BEARING,/proj/zefflab/projects/Flooding/Data/harris_county/catalogs/events/harvey_2017_mrms/event_validation_points/profiles/lite/sfincs_obs_points_lite.xy,/users/e/p/epsilon/Data/Data/harris_county/catalogs/events/harvey_2017_mrms/event_validation_points/profiles/lite/sfincs_obs_points_lite.xy,False,,"""rainfall_path"": ""/proj/zefflab/projects/Flooding/Data/harris_county/catalogs/events/harvey_2017_mrms/event_precip/harvey_mrms.nc"","
/proj/zefflab/projects/Flooding/pipeline/web_launcher/_audit_reports/catalog_detector_full_audit_20260612_172311.txt,710,OLD_PROJ_DATA_ROOT,POSSIBLY_LOAD_BEARING,/proj/zefflab/projects/Flooding/Data/harris_county/catalogs/static/harris_county/landcover/NLCD_2016_Land_Cover_L48_20190424.img,/users/e/p/epsilon/Data/Data/harris_county/catalogs/static/harris_county/landcover/NLCD_2016_Land_Cover_L48_20190424.img,True,,"""rainfall_path"": ""/proj/zefflab/projects/Flooding/Data/harris_county/catalogs/events/harvey_2017_mrms/event_precip/harvey_mrms.nc"","
/proj/zefflab/projects/Flooding/pipeline/web_launcher/_audit_reports/catalog_detector_full_audit_20260612_172311.txt,710,OLD_PROJ_DATA_ROOT,POSSIBLY_LOAD_BEARING,/proj/zefflab/projects/Flooding/Data/harris_county/catalogs/static/harris_county/manning_reclass_table/nlcd_mapping_mean.csv,/users/e/p/epsilon/Data/Data/harris_county/catalogs/static/harris_county/manning_reclass_table/nlcd_mapping_mean.csv,True,,"""rainfall_path"": ""/proj/zefflab/projects/Flooding/Data/harris_county/catalogs/events/harvey_2017_mrms/event_precip/harvey_mrms.nc"","
/proj/zefflab/projects/Flooding/pipeline/web_launcher/_audit_reports/catalog_detector_full_audit_20260612_172311.txt,710,OLD_PROJ_DATA_ROOT,POSSIBLY_LOAD_BEARING,/proj/zefflab/projects/Flooding/Data/harris_county/catalogs/static/harris_county/region_geom/houston_model.shp,/users/e/p/epsilon/Data/Data/harris_county/catalogs/static/harris_county/region_geom/houston_model.shp,True,,"""rainfall_path"": ""/proj/zefflab/projects/Flooding/Data/harris_county/catalogs/events/harvey_2017_mrms/event_precip/harvey_mrms.nc"","
/proj/zefflab/projects/Flooding/pipeline/web_launcher/_audit_reports/catalog_detector_full_audit_20260612_172311.txt,710,OLD_PROJ_DATA_ROOT,POSSIBLY_LOAD_BEARING,/proj/zefflab/projects/Flooding/Data/harris_county/catalogs/static/harris_county/structures_thin_dams/AB_dams.shp,/users/e/p/epsilon/Data/Data/harris_county/catalogs/static/harris_county/structures_thin_dams/AB_dams.shp,True,,"""rainfall_path"": ""/proj/zefflab/projects/Flooding/Data/harris_county/catalogs/events/harvey_2017_mrms/event_precip/harvey_mrms.nc"","
/proj/zefflab/projects/Flooding/pipeline/web_launcher/_audit_reports/catalog_detector_full_audit_20260612_172311.txt,713,OLD_PROJ_DATA_ROOT,POSSIBLY_LOAD_BEARING,/proj/zefflab/projects/Flooding/Data/harris_county/catalogs/events/harvey_2017_mrms/event_precip/harvey_mrms.nc,/users/e/p/epsilon/Data/Data/harris_county/catalogs/events/harvey_2017_mrms/event_precip/harvey_mrms.nc,True,,"""region_path"": ""/proj/zefflab/projects/Flooding/Data/harris_county/catalogs/static/harris_county/region_geom/houston_model.shp"","
/proj/zefflab/projects/Flooding/pipeline/web_launcher/_audit_reports/catalog_detector_full_audit_20260612_172311.txt,713,OLD_PROJ_DATA_ROOT,POSSIBLY_LOAD_BEARING,/proj/zefflab/projects/Flooding/Data/harris_county/catalogs/events/harvey_2017_mrms/event_validation_lines/reviewed_crs_lines/sfincs_crs_lines_REVIEWED_PLUS_AUTO_CUSTOM.xyxy,/users/e/p/epsilon/Data/Data/harris_county/catalogs/events/harvey_2017_mrms/event_validation_lines/reviewed_crs_lines/sfincs_crs_lines_REVIEWED_PLUS_AUTO_CUSTOM.xyxy,False,,"""region_path"": ""/proj/zefflab/projects/Flooding/Data/harris_county/catalogs/static/harris_county/region_geom/houston_model.shp"","
/proj/zefflab/projects/Flooding/pipeline/web_launcher/_audit_reports/catalog_detector_full_audit_20260612_172311.txt,713,OLD_PROJ_DATA_ROOT,POSSIBLY_LOAD_BEARING,/proj/zefflab/projects/Flooding/Data/harris_county/catalogs/events/harvey_2017_mrms/event_validation_points/profiles/lite/sfincs_obs_points_lite.xy,/users/e/p/epsilon/Data/Data/harris_county/catalogs/events/harvey_2017_mrms/event_validation_points/profiles/lite/sfincs_obs_points_lite.xy,False,,"""region_path"": ""/proj/zefflab/projects/Flooding/Data/harris_county/catalogs/static/harris_county/region_geom/houston_model.shp"","
/proj/zefflab/projects/Flooding/pipeline/web_launcher/_audit_reports/catalog_detector_full_audit_20260612_172311.txt,713,OLD_PROJ_DATA_ROOT,POSSIBLY_LOAD_BEARING,/proj/zefflab/projects/Flooding/Data/harris_county/catalogs/static/harris_county/manning_reclass_table/nlcd_mapping_mean.csv,/users/e/p/epsilon/Data/Data/harris_county/catalogs/static/harris_county/manning_reclass_table/nlcd_mapping_mean.csv,True,,"""region_path"": ""/proj/zefflab/projects/Flooding/Data/harris_county/catalogs/static/harris_county/region_geom/houston_model.shp"","
/proj/zefflab/projects/Flooding/pipeline/web_launcher/_audit_reports/catalog_detector_full_audit_20260612_172311.txt,713,OLD_PROJ_DATA_ROOT,POSSIBLY_LOAD_BEARING,/proj/zefflab/projects/Flooding/Data/harris_county/catalogs/static/harris_county/region_geom/houston_model.shp,/users/e/p/epsilon/Data/Data/harris_county/catalogs/static/harris_county/region_geom/houston_model.shp,True,,"""region_path"": ""/proj/zefflab/projects/Flooding/Data/harris_county/catalogs/static/harris_county/region_geom/houston_model.shp"","
/proj/zefflab/projects/Flooding/pipeline/web_launcher/_audit_reports/catalog_detector_full_audit_20260612_172311.txt,713,OLD_PROJ_DATA_ROOT,POSSIBLY_LOAD_BEARING,/proj/zefflab/projects/Flooding/Data/harris_county/catalogs/static/harris_county/structures_thin_dams/AB_dams.shp,/users/e/p/epsilon/Data/Data/harris_county/catalogs/static/harris_county/structures_thin_dams/AB_dams.shp,True,,"""region_path"": ""/proj/zefflab/projects/Flooding/Data/harris_county/catalogs/static/harris_county/region_geom/houston_model.shp"","
/proj/zefflab/projects/Flooding/pipeline/web_launcher/_audit_reports/catalog_detector_full_audit_20260612_172311.txt,714,OLD_PROJ_DATA_ROOT,POSSIBLY_LOAD_BEARING,/proj/zefflab/projects/Flooding/Data/harris_county/catalogs/events/harvey_2017_mrms/event_precip/harvey_mrms.nc,/users/e/p/epsilon/Data/Data/harris_county/catalogs/events/harvey_2017_mrms/event_precip/harvey_mrms.nc,True,,"""thin_dam_path"": ""/proj/zefflab/projects/Flooding/Data/harris_county/catalogs/static/harris_county/structures_thin_dams/AB_dams.shp"","
/proj/zefflab/projects/Flooding/pipeline/web_launcher/_audit_reports/catalog_detector_full_audit_20260612_172311.txt,714,OLD_PROJ_DATA_ROOT,POSSIBLY_LOAD_BEARING,/proj/zefflab/projects/Flooding/Data/harris_county/catalogs/events/harvey_2017_mrms/event_validation_lines/reviewed_crs_lines/sfincs_crs_lines_REVIEWED_PLUS_AUTO_CUSTOM.xyxy,/users/e/p/epsilon/Data/Data/harris_county/catalogs/events/harvey_2017_mrms/event_validation_lines/reviewed_crs_lines/sfincs_crs_lines_REVIEWED_PLUS_AUTO_CUSTOM.xyxy,False,,"""thin_dam_path"": ""/proj/zefflab/projects/Flooding/Data/harris_county/catalogs/static/harris_county/structures_thin_dams/AB_dams.shp"","
/proj/zefflab/projects/Flooding/pipeline/web_launcher/_audit_reports/catalog_detector_full_audit_20260612_172311.txt,714,OLD_PROJ_DATA_ROOT,POSSIBLY_LOAD_BEARING,/proj/zefflab/projects/Flooding/Data/harris_county/catalogs/events/harvey_2017_mrms/event_validation_points/profiles/lite/sfincs_obs_points_lite.xy,/users/e/p/epsilon/Data/Data/harris_county/catalogs/events/harvey_2017_mrms/event_validation_points/profiles/lite/sfincs_obs_points_lite.xy,False,,"""thin_dam_path"": ""/proj/zefflab/projects/Flooding/Data/harris_county/catalogs/static/harris_county/structures_thin_dams/AB_dams.shp"","
/proj/zefflab/projects/Flooding/pipeline/web_launcher/_audit_reports/catalog_detector_full_audit_20260612_172311.txt,714,OLD_PROJ_DATA_ROOT,POSSIBLY_LOAD_BEARING,/proj/zefflab/projects/Flooding/Data/harris_county/catalogs/static/harris_county/region_geom/houston_model.shp,/users/e/p/epsilon/Data/Data/harris_county/catalogs/static/harris_county/region_geom/houston_model.shp,True,,"""thin_dam_path"": ""/proj/zefflab/projects/Flooding/Data/harris_county/catalogs/static/harris_county/structures_thin_dams/AB_dams.shp"","
/proj/zefflab/projects/Flooding/pipeline/web_launcher/_audit_reports/catalog_detector_full_audit_20260612_172311.txt,714,OLD_PROJ_DATA_ROOT,POSSIBLY_LOAD_BEARING,/proj/zefflab/projects/Flooding/Data/harris_county/catalogs/static/harris_county/structures_thin_dams/AB_dams.shp,/users/e/p/epsilon/Data/Data/harris_county/catalogs/static/harris_county/structures_thin_dams/AB_dams.shp,True,,"""thin_dam_path"": ""/proj/zefflab/projects/Flooding/Data/harris_county/catalogs/static/harris_county/structures_thin_dams/AB_dams.shp"","
/proj/zefflab/projects/Flooding/pipeline/web_launcher/_audit_reports/catalog_detector_full_audit_20260612_172311.txt,727,OLD_PROJ_DATA_ROOT,POSSIBLY_LOAD_BEARING,/proj/zefflab/projects/Flooding/Data/harris_county/catalogs/events/harvey_2017_mrms/event_waterlevel/harvey_houston_wl_bc.csv,/users/e/p/epsilon/Data/Data/harris_county/catalogs/events/harvey_2017_mrms/event_waterlevel/harvey_houston_wl_bc.csv,True,,"""waterlevel_path"": ""/proj/zefflab/projects/Flooding/Data/harris_county/catalogs/events/harvey_2017_mrms/event_waterlevel/harvey_houston_wl_bc.csv"","
/proj/zefflab/projects/Flooding/pipeline/web_launcher/_audit_reports/catalog_detector_full_audit_20260612_172311.txt,736,OLD_PROJ_DATA_ROOT,UNCLEAR_REVIEW,/proj/zefflab/projects/Flooding/Data/harris_county/catalogs/static/harris_county/landcover/NLCD_2016_Land_Cover_L48_20190424.img,/users/e/p/epsilon/Data/Data/harris_county/catalogs/static/harris_county/landcover/NLCD_2016_Land_Cover_L48_20190424.img,True,,"region_path: ""/proj/zefflab/projects/Flooding/Data/harris_county/catalogs/static/harris_county/region_geom/houston_model.shp"""
/proj/zefflab/projects/Flooding/pipeline/web_launcher/_audit_reports/catalog_detector_full_audit_20260612_172311.txt,736,OLD_PROJ_DATA_ROOT,UNCLEAR_REVIEW,/proj/zefflab/projects/Flooding/Data/harris_county/catalogs/static/harris_county/region_geom/houston_model.shp,/users/e/p/epsilon/Data/Data/harris_county/catalogs/static/harris_county/region_geom/houston_model.shp,True,,"region_path: ""/proj/zefflab/projects/Flooding/Data/harris_county/catalogs/static/harris_county/region_geom/houston_model.shp"""
/proj/zefflab/projects/Flooding/pipeline/web_launcher/_audit_reports/catalog_detector_full_audit_20260612_172311.txt,736,OLD_PROJ_DATA_ROOT,UNCLEAR_REVIEW,/proj/zefflab/projects/Flooding/Data/harris_county/catalogs/static/harris_county/topobathy/HCFCD_DEM_5m_UTM.tif,/users/e/p/epsilon/Data/Data/harris_county/catalogs/static/harris_county/topobathy/HCFCD_DEM_5m_UTM.tif,True,,"region_path: ""/proj/zefflab/projects/Flooding/Data/harris_county/catalogs/static/harris_county/region_geom/houston_model.shp"""
/proj/zefflab/projects/Flooding/pipeline/web_launcher/_audit_reports/catalog_detector_full_audit_20260612_172311.txt,738,OLD_PROJ_DATA_ROOT,POSSIBLY_LOAD_BEARING,/proj/zefflab/projects/Flooding/Data/harris_county/catalogs/events/harvey_2017_mrms/event_precip/harvey_mrms.nc,/users/e/p/epsilon/Data/Data/harris_county/catalogs/events/harvey_2017_mrms/event_precip/harvey_mrms.nc,True,,"""/proj/zefflab/projects/Flooding/Data/harris_county/catalogs/static/harris_county/topobathy/HCFCD_DEM_5m_UTM.tif"""
/proj/zefflab/projects/Flooding/pipeline/web_launcher/_audit_reports/catalog_detector_full_audit_20260612_172311.txt,738,OLD_PROJ_DATA_ROOT,POSSIBLY_LOAD_BEARING,/proj/zefflab/projects/Flooding/Data/harris_county/catalogs/static/harris_county/landcover/NLCD_2016_Land_Cover_L48_20190424.img,/users/e/p/epsilon/Data/Data/harris_county/catalogs/static/harris_county/landcover/NLCD_2016_Land_Cover_L48_20190424.img,True,,"""/proj/zefflab/projects/Flooding/Data/harris_county/catalogs/static/harris_county/topobathy/HCFCD_DEM_5m_UTM.tif"""
/proj/zefflab/projects/Flooding/pipeline/web_launcher/_audit_reports/catalog_detector_full_audit_20260612_172311.txt,738,OLD_PROJ_DATA_ROOT,POSSIBLY_LOAD_BEARING,/proj/zefflab/projects/Flooding/Data/harris_county/catalogs/static/harris_county/manning_reclass_table/nlcd_mapping_mean.csv,/users/e/p/epsilon/Data/Data/harris_county/catalogs/static/harris_county/manning_reclass_table/nlcd_mapping_mean.csv,True,,"""/proj/zefflab/projects/Flooding/Data/harris_county/catalogs/static/harris_county/topobathy/HCFCD_DEM_5m_UTM.tif"""
/proj/zefflab/projects/Flooding/pipeline/web_launcher/_audit_reports/catalog_detector_full_audit_20260612_172311.txt,738,OLD_PROJ_DATA_ROOT,POSSIBLY_LOAD_BEARING,/proj/zefflab/projects/Flooding/Data/harris_county/catalogs/static/harris_county/region_geom/houston_model.shp,/users/e/p/epsilon/Data/Data/harris_county/catalogs/static/harris_county/region_geom/houston_model.shp,True,,"""/proj/zefflab/projects/Flooding/Data/harris_county/catalogs/static/harris_county/topobathy/HCFCD_DEM_5m_UTM.tif"""
/proj/zefflab/projects/Flooding/pipeline/web_launcher/_audit_reports/catalog_detector_full_audit_20260612_172311.txt,738,OLD_PROJ_DATA_ROOT,POSSIBLY_LOAD_BEARING,/proj/zefflab/projects/Flooding/Data/harris_county/catalogs/static/harris_county/topobathy/HCFCD_DEM_5m_UTM.tif,/users/e/p/epsilon/Data/Data/harris_county/catalogs/static/harris_county/topobathy/HCFCD_DEM_5m_UTM.tif,True,,"""/proj/zefflab/projects/Flooding/Data/harris_county/catalogs/static/harris_county/topobathy/HCFCD_DEM_5m_UTM.tif"""
/proj/zefflab/projects/Flooding/pipeline/web_launcher/_audit_reports/catalog_detector_full_audit_20260612_172311.txt,743,OLD_PROJ_DATA_ROOT,POSSIBLY_LOAD_BEARING,/proj/zefflab/projects/Flooding/Data/harris_county/catalogs/events/harvey_2017_mrms/event_discharge/harvey_houston_q_bc.csv,/users/e/p/epsilon/Data/Data/harris_county/catalogs/events/harvey_2017_mrms/event_discharge/harvey_houston_q_bc.csv,True,,"landcover_path: ""/proj/zefflab/projects/Flooding/Data/harris_county/catalogs/static/harris_county/landcover/NLCD_2016_Land_Cover_L48_20190424.img"""
/proj/zefflab/projects/Flooding/pipeline/web_launcher/_audit_reports/catalog_detector_full_audit_20260612_172311.txt,743,OLD_PROJ_DATA_ROOT,POSSIBLY_LOAD_BEARING,/proj/zefflab/projects/Flooding/Data/harris_county/catalogs/events/harvey_2017_mrms/event_precip/harvey_mrms.nc,/users/e/p/epsilon/Data/Data/harris_county/catalogs/events/harvey_2017_mrms/event_precip/harvey_mrms.nc,True,,"landcover_path: ""/proj/zefflab/projects/Flooding/Data/harris_county/catalogs/static/harris_county/landcover/NLCD_2016_Land_Cover_L48_20190424.img"""
/proj/zefflab/projects/Flooding/pipeline/web_launcher/_audit_reports/catalog_detector_full_audit_20260612_172311.txt,743,OLD_PROJ_DATA_ROOT,POSSIBLY_LOAD_BEARING,/proj/zefflab/projects/Flooding/Data/harris_county/catalogs/events/harvey_2017_mrms/event_source_table/event_source_table.csv,/users/e/p/epsilon/Data/Data/harris_county/catalogs/events/harvey_2017_mrms/event_source_table/event_source_table.csv,True,,"landcover_path: ""/proj/zefflab/projects/Flooding/Data/harris_county/catalogs/static/harris_county/landcover/NLCD_2016_Land_Cover_L48_20190424.img"""
/proj/zefflab/projects/Flooding/pipeline/web_launcher/_audit_reports/catalog_detector_full_audit_20260612_172311.txt,743,OLD_PROJ_DATA_ROOT,POSSIBLY_LOAD_BEARING,/proj/zefflab/projects/Flooding/Data/harris_county/catalogs/events/harvey_2017_mrms/event_waterlevel/harvey_houston_wl_bc.csv,/users/e/p/epsilon/Data/Data/harris_county/catalogs/events/harvey_2017_mrms/event_waterlevel/harvey_houston_wl_bc.csv,True,,"landcover_path: ""/proj/zefflab/projects/Flooding/Data/harris_county/catalogs/static/harris_county/landcover/NLCD_2016_Land_Cover_L48_20190424.img"""
/proj/zefflab/projects/Flooding/pipeline/web_launcher/_audit_reports/catalog_detector_full_audit_20260612_172311.txt,743,OLD_PROJ_DATA_ROOT,POSSIBLY_LOAD_BEARING,/proj/zefflab/projects/Flooding/Data/harris_county/catalogs/static/harris_county/landcover/NLCD_2016_Land_Cover_L48_20190424.img,/users/e/p/epsilon/Data/Data/harris_county/catalogs/static/harris_county/landcover/NLCD_2016_Land_Cover_L48_20190424.img,True,,"landcover_path: ""/proj/zefflab/projects/Flooding/Data/harris_county/catalogs/static/harris_county/landcover/NLCD_2016_Land_Cover_L48_20190424.img"""
/proj/zefflab/projects/Flooding/pipeline/web_launcher/_audit_reports/catalog_detector_full_audit_20260612_172311.txt,743,OLD_PROJ_DATA_ROOT,POSSIBLY_LOAD_BEARING,/proj/zefflab/projects/Flooding/Data/harris_county/catalogs/static/harris_county/manning_reclass_table/nlcd_mapping_mean.csv,/users/e/p/epsilon/Data/Data/harris_county/catalogs/static/harris_county/manning_reclass_table/nlcd_mapping_mean.csv,True,,"landcover_path: ""/proj/zefflab/projects/Flooding/Data/harris_county/catalogs/static/harris_county/landcover/NLCD_2016_Land_Cover_L48_20190424.img"""
/proj/zefflab/projects/Flooding/pipeline/web_launcher/_audit_reports/catalog_detector_full_audit_20260612_172311.txt,743,OLD_PROJ_DATA_ROOT,POSSIBLY_LOAD_BEARING,/proj/zefflab/projects/Flooding/Data/harris_county/catalogs/static/harris_county/region_geom/houston_model.shp,/users/e/p/epsilon/Data/Data/harris_county/catalogs/static/harris_county/region_geom/houston_model.shp,True,,"landcover_path: ""/proj/zefflab/projects/Flooding/Data/harris_county/catalogs/static/harris_county/landcover/NLCD_2016_Land_Cover_L48_20190424.img"""
/proj/zefflab/projects/Flooding/pipeline/web_launcher/_audit_reports/catalog_detector_full_audit_20260612_172311.txt,743,OLD_PROJ_DATA_ROOT,POSSIBLY_LOAD_BEARING,/proj/zefflab/projects/Flooding/Data/harris_county/catalogs/static/harris_county/structures_thin_dams/AB_dams.shp,/users/e/p/epsilon/Data/Data/harris_county/catalogs/static/harris_county/structures_thin_dams/AB_dams.shp,True,,"landcover_path: ""/proj/zefflab/projects/Flooding/Data/harris_county/catalogs/static/harris_county/landcover/NLCD_2016_Land_Cover_L48_20190424.img"""
/proj/zefflab/projects/Flooding/pipeline/web_launcher/_audit_reports/catalog_detector_full_audit_20260612_172311.txt,743,OLD_PROJ_DATA_ROOT,POSSIBLY_LOAD_BEARING,/proj/zefflab/projects/Flooding/Data/harris_county/catalogs/static/harris_county/topobathy/HCFCD_DEM_5m_UTM.tif,/users/e/p/epsilon/Data/Data/harris_county/catalogs/static/harris_county/topobathy/HCFCD_DEM_5m_UTM.tif,True,,"landcover_path: ""/proj/zefflab/projects/Flooding/Data/harris_county/catalogs/static/harris_county/landcover/NLCD_2016_Land_Cover_L48_20190424.img"""
/proj/zefflab/projects/Flooding/pipeline/web_launcher/_audit_reports/catalog_detector_full_audit_20260612_172311.txt,745,OLD_PROJ_DATA_ROOT,POSSIBLY_LOAD_BEARING,/proj/zefflab/projects/Flooding/Data/harris_county/catalogs/events/harvey_2017_mrms/event_discharge/harvey_houston_q_bc.csv,/users/e/p/epsilon/Data/Data/harris_county/catalogs/events/harvey_2017_mrms/event_discharge/harvey_houston_q_bc.csv,True,,"landcover_reclass_table: ""/proj/zefflab/projects/Flooding/Data/harris_county/catalogs/static/harris_county/manning_reclass_table/nlcd_mapping_mean.csv"""
/proj/zefflab/projects/Flooding/pipeline/web_launcher/_audit_reports/catalog_detector_full_audit_20260612_172311.txt,745,OLD_PROJ_DATA_ROOT,POSSIBLY_LOAD_BEARING,/proj/zefflab/projects/Flooding/Data/harris_county/catalogs/events/harvey_2017_mrms/event_precip/harvey_mrms.nc,/users/e/p/epsilon/Data/Data/harris_county/catalogs/events/harvey_2017_mrms/event_precip/harvey_mrms.nc,True,,"landcover_reclass_table: ""/proj/zefflab/projects/Flooding/Data/harris_county/catalogs/static/harris_county/manning_reclass_table/nlcd_mapping_mean.csv"""
/proj/zefflab/projects/Flooding/pipeline/web_launcher/_audit_reports/catalog_detector_full_audit_20260612_172311.txt,745,OLD_PROJ_DATA_ROOT,POSSIBLY_LOAD_BEARING,/proj/zefflab/projects/Flooding/Data/harris_county/catalogs/events/harvey_2017_mrms/event_source_table/event_source_table.csv,/users/e/p/epsilon/Data/Data/harris_county/catalogs/events/harvey_2017_mrms/event_source_table/event_source_table.csv,True,,"landcover_reclass_table: ""/proj/zefflab/projects/Flooding/Data/harris_county/catalogs/static/harris_county/manning_reclass_table/nlcd_mapping_mean.csv"""
/proj/zefflab/projects/Flooding/pipeline/web_launcher/_audit_reports/catalog_detector_full_audit_20260612_172311.txt,745,OLD_PROJ_DATA_ROOT,POSSIBLY_LOAD_BEARING,/proj/zefflab/projects/Flooding/Data/harris_county/catalogs/events/harvey_2017_mrms/event_validation_points/profiles/lite/sfincs_obs_points_lite.xy,/users/e/p/epsilon/Data/Data/harris_county/catalogs/events/harvey_2017_mrms/event_validation_points/profiles/lite/sfincs_obs_points_lite.xy,False,,"landcover_reclass_table: ""/proj/zefflab/projects/Flooding/Data/harris_county/catalogs/static/harris_county/manning_reclass_table/nlcd_mapping_mean.csv"""
/proj/zefflab/projects/Flooding/pipeline/web_launcher/_audit_reports/catalog_detector_full_audit_20260612_172311.txt,745,OLD_PROJ_DATA_ROOT,POSSIBLY_LOAD_BEARING,/proj/zefflab/projects/Flooding/Data/harris_county/catalogs/events/harvey_2017_mrms/event_waterlevel/harvey_houston_wl_bc.csv,/users/e/p/epsilon/Data/Data/harris_county/catalogs/events/harvey_2017_mrms/event_waterlevel/harvey_houston_wl_bc.csv,True,,"landcover_reclass_table: ""/proj/zefflab/projects/Flooding/Data/harris_county/catalogs/static/harris_county/manning_reclass_table/nlcd_mapping_mean.csv"""
/proj/zefflab/projects/Flooding/pipeline/web_launcher/_audit_reports/catalog_detector_full_audit_20260612_172311.txt,745,OLD_PROJ_DATA_ROOT,POSSIBLY_LOAD_BEARING,/proj/zefflab/projects/Flooding/Data/harris_county/catalogs/static/harris_county/landcover/NLCD_2016_Land_Cover_L48_20190424.img,/users/e/p/epsilon/Data/Data/harris_county/catalogs/static/harris_county/landcover/NLCD_2016_Land_Cover_L48_20190424.img,True,,"landcover_reclass_table: ""/proj/zefflab/projects/Flooding/Data/harris_county/catalogs/static/harris_county/manning_reclass_table/nlcd_mapping_mean.csv"""
/proj/zefflab/projects/Flooding/pipeline/web_launcher/_audit_reports/catalog_detector_full_audit_20260612_172311.txt,745,OLD_PROJ_DATA_ROOT,POSSIBLY_LOAD_BEARING,/proj/zefflab/projects/Flooding/Data/harris_county/catalogs/static/harris_county/manning_reclass_table/nlcd_mapping_mean.csv,/users/e/p/epsilon/Data/Data/harris_county/catalogs/static/harris_county/manning_reclass_table/nlcd_mapping_mean.csv,True,,"landcover_reclass_table: ""/proj/zefflab/projects/Flooding/Data/harris_county/catalogs/static/harris_county/manning_reclass_table/nlcd_mapping_mean.csv"""
/proj/zefflab/projects/Flooding/pipeline/web_launcher/_audit_reports/catalog_detector_full_audit_20260612_172311.txt,745,OLD_PROJ_DATA_ROOT,POSSIBLY_LOAD_BEARING,/proj/zefflab/projects/Flooding/Data/harris_county/catalogs/static/harris_county/structures_thin_dams/AB_dams.shp,/users/e/p/epsilon/Data/Data/harris_county/catalogs/static/harris_county/structures_thin_dams/AB_dams.shp,True,,"landcover_reclass_table: ""/proj/zefflab/projects/Flooding/Data/harris_county/catalogs/static/harris_county/manning_reclass_table/nlcd_mapping_mean.csv"""
/proj/zefflab/projects/Flooding/pipeline/web_launcher/_audit_reports/catalog_detector_full_audit_20260612_172311.txt,745,OLD_PROJ_DATA_ROOT,POSSIBLY_LOAD_BEARING,/proj/zefflab/projects/Flooding/Data/harris_county/catalogs/static/harris_county/topobathy/HCFCD_DEM_5m_UTM.tif,/users/e/p/epsilon/Data/Data/harris_county/catalogs/static/harris_county/topobathy/HCFCD_DEM_5m_UTM.tif,True,,"landcover_reclass_table: ""/proj/zefflab/projects/Flooding/Data/harris_county/catalogs/static/harris_county/manning_reclass_table/nlcd_mapping_mean.csv"""
/proj/zefflab/projects/Flooding/pipeline/web_launcher/_audit_reports/catalog_detector_full_audit_20260612_172311.txt,746,OLD_PROJ_DATA_ROOT,POSSIBLY_LOAD_BEARING,/proj/zefflab/projects/Flooding/Data/harris_county/catalogs/events/harvey_2017_mrms/event_discharge/harvey_houston_q_bc.csv,/users/e/p/epsilon/Data/Data/harris_county/catalogs/events/harvey_2017_mrms/event_discharge/harvey_houston_q_bc.csv,True,,"rainfall_path: ""/proj/zefflab/projects/Flooding/Data/harris_county/catalogs/events/harvey_2017_mrms/event_precip/harvey_mrms.nc"""
/proj/zefflab/projects/Flooding/pipeline/web_launcher/_audit_reports/catalog_detector_full_audit_20260612_172311.txt,746,OLD_PROJ_DATA_ROOT,POSSIBLY_LOAD_BEARING,/proj/zefflab/projects/Flooding/Data/harris_county/catalogs/events/harvey_2017_mrms/event_precip/harvey_mrms.nc,/users/e/p/epsilon/Data/Data/harris_county/catalogs/events/harvey_2017_mrms/event_precip/harvey_mrms.nc,True,,"rainfall_path: ""/proj/zefflab/projects/Flooding/Data/harris_county/catalogs/events/harvey_2017_mrms/event_precip/harvey_mrms.nc"""
/proj/zefflab/projects/Flooding/pipeline/web_launcher/_audit_reports/catalog_detector_full_audit_20260612_172311.txt,746,OLD_PROJ_DATA_ROOT,POSSIBLY_LOAD_BEARING,/proj/zefflab/projects/Flooding/Data/harris_county/catalogs/events/harvey_2017_mrms/event_source_table/event_source_table.csv,/users/e/p/epsilon/Data/Data/harris_county/catalogs/events/harvey_2017_mrms/event_source_table/event_source_table.csv,True,,"rainfall_path: ""/proj/zefflab/projects/Flooding/Data/harris_county/catalogs/events/harvey_2017_mrms/event_precip/harvey_mrms.nc"""
/proj/zefflab/projects/Flooding/pipeline/web_launcher/_audit_reports/catalog_detector_full_audit_20260612_172311.txt,746,OLD_PROJ_DATA_ROOT,POSSIBLY_LOAD_BEARING,/proj/zefflab/projects/Flooding/Data/harris_county/catalogs/events/harvey_2017_mrms/event_validation_lines/reviewed_crs_lines/sfincs_crs_lines_REVIEWED_PLUS_AUTO_CUSTOM.xyxy,/users/e/p/epsilon/Data/Data/harris_county/catalogs/events/harvey_2017_mrms/event_validation_lines/reviewed_crs_lines/sfincs_crs_lines_REVIEWED_PLUS_AUTO_CUSTOM.xyxy,False,,"rainfall_path: ""/proj/zefflab/projects/Flooding/Data/harris_county/catalogs/events/harvey_2017_mrms/event_precip/harvey_mrms.nc"""
/proj/zefflab/projects/Flooding/pipeline/web_launcher/_audit_reports/catalog_detector_full_audit_20260612_172311.txt,746,OLD_PROJ_DATA_ROOT,POSSIBLY_LOAD_BEARING,/proj/zefflab/projects/Flooding/Data/harris_county/catalogs/events/harvey_2017_mrms/event_validation_points/profiles/lite/sfincs_obs_points_lite.xy,/users/e/p/epsilon/Data/Data/harris_county/catalogs/events/harvey_2017_mrms/event_validation_points/profiles/lite/sfincs_obs_points_lite.xy,False,,"rainfall_path: ""/proj/zefflab/projects/Flooding/Data/harris_county/catalogs/events/harvey_2017_mrms/event_precip/harvey_mrms.nc"""
/proj/zefflab/projects/Flooding/pipeline/web_launcher/_audit_reports/catalog_detector_full_audit_20260612_172311.txt,746,OLD_PROJ_DATA_ROOT,POSSIBLY_LOAD_BEARING,/proj/zefflab/projects/Flooding/Data/harris_county/catalogs/events/harvey_2017_mrms/event_waterlevel/harvey_houston_wl_bc.csv,/users/e/p/epsilon/Data/Data/harris_county/catalogs/events/harvey_2017_mrms/event_waterlevel/harvey_houston_wl_bc.csv,True,,"rainfall_path: ""/proj/zefflab/projects/Flooding/Data/harris_county/catalogs/events/harvey_2017_mrms/event_precip/harvey_mrms.nc"""
/proj/zefflab/projects/Flooding/pipeline/web_launcher/_audit_reports/catalog_detector_full_audit_20260612_172311.txt,746,OLD_PROJ_DATA_ROOT,POSSIBLY_LOAD_BEARING,/proj/zefflab/projects/Flooding/Data/harris_county/catalogs/static/harris_county/landcover/NLCD_2016_Land_Cover_L48_20190424.img,/users/e/p/epsilon/Data/Data/harris_county/catalogs/static/harris_county/landcover/NLCD_2016_Land_Cover_L48_20190424.img,True,,"rainfall_path: ""/proj/zefflab/projects/Flooding/Data/harris_county/catalogs/events/harvey_2017_mrms/event_precip/harvey_mrms.nc"""
/proj/zefflab/projects/Flooding/pipeline/web_launcher/_audit_reports/catalog_detector_full_audit_20260612_172311.txt,746,OLD_PROJ_DATA_ROOT,POSSIBLY_LOAD_BEARING,/proj/zefflab/projects/Flooding/Data/harris_county/catalogs/static/harris_county/manning_reclass_table/nlcd_mapping_mean.csv,/users/e/p/epsilon/Data/Data/harris_county/catalogs/static/harris_county/manning_reclass_table/nlcd_mapping_mean.csv,True,,"rainfall_path: ""/proj/zefflab/projects/Flooding/Data/harris_county/catalogs/events/harvey_2017_mrms/event_precip/harvey_mrms.nc"""
/proj/zefflab/projects/Flooding/pipeline/web_launcher/_audit_reports/catalog_detector_full_audit_20260612_172311.txt,746,OLD_PROJ_DATA_ROOT,POSSIBLY_LOAD_BEARING,/proj/zefflab/projects/Flooding/Data/harris_county/catalogs/static/harris_county/structures_thin_dams/AB_dams.shp,/users/e/p/epsilon/Data/Data/harris_county/catalogs/static/harris_county/structures_thin_dams/AB_dams.shp,True,,"rainfall_path: ""/proj/zefflab/projects/Flooding/Data/harris_county/catalogs/events/harvey_2017_mrms/event_precip/harvey_mrms.nc"""
/proj/zefflab/projects/Flooding/pipeline/web_launcher/_audit_reports/catalog_detector_full_audit_20260612_172311.txt,746,OLD_PROJ_DATA_ROOT,POSSIBLY_LOAD_BEARING,/proj/zefflab/projects/Flooding/Data/harris_county/catalogs/static/harris_county/topobathy/HCFCD_DEM_5m_UTM.tif,/users/e/p/epsilon/Data/Data/harris_county/catalogs/static/harris_county/topobathy/HCFCD_DEM_5m_UTM.tif,True,,"rainfall_path: ""/proj/zefflab/projects/Flooding/Data/harris_county/catalogs/events/harvey_2017_mrms/event_precip/harvey_mrms.nc"""
/proj/zefflab/projects/Flooding/pipeline/web_launcher/_audit_reports/catalog_detector_full_audit_20260612_172311.txt,748,OLD_PROJ_DATA_ROOT,POSSIBLY_LOAD_BEARING,/proj/zefflab/projects/Flooding/Data/harris_county/catalogs/events/harvey_2017_mrms/event_discharge/harvey_houston_q_bc.csv,/users/e/p/epsilon/Data/Data/harris_county/catalogs/events/harvey_2017_mrms/event_discharge/harvey_houston_q_bc.csv,True,,"waterlevel_path: ""/proj/zefflab/projects/Flooding/Data/harris_county/catalogs/events/harvey_2017_mrms/event_waterlevel/harvey_houston_wl_bc.csv"""
/proj/zefflab/projects/Flooding/pipeline/web_launcher/_audit_reports/catalog_detector_full_audit_20260612_172311.txt,748,OLD_PROJ_DATA_ROOT,POSSIBLY_LOAD_BEARING,/proj/zefflab/projects/Flooding/Data/harris_county/catalogs/events/harvey_2017_mrms/event_precip/harvey_mrms.nc,/users/e/p/epsilon/Data/Data/harris_county/catalogs/events/harvey_2017_mrms/event_precip/harvey_mrms.nc,True,,"waterlevel_path: ""/proj/zefflab/projects/Flooding/Data/harris_county/catalogs/events/harvey_2017_mrms/event_waterlevel/harvey_houston_wl_bc.csv"""
/proj/zefflab/projects/Flooding/pipeline/web_launcher/_audit_reports/catalog_detector_full_audit_20260612_172311.txt,748,OLD_PROJ_DATA_ROOT,POSSIBLY_LOAD_BEARING,/proj/zefflab/projects/Flooding/Data/harris_county/catalogs/events/harvey_2017_mrms/event_source_table/event_source_table.csv,/users/e/p/epsilon/Data/Data/harris_county/catalogs/events/harvey_2017_mrms/event_source_table/event_source_table.csv,True,,"waterlevel_path: ""/proj/zefflab/projects/Flooding/Data/harris_county/catalogs/events/harvey_2017_mrms/event_waterlevel/harvey_houston_wl_bc.csv"""
/proj/zefflab/projects/Flooding/pipeline/web_launcher/_audit_reports/catalog_detector_full_audit_20260612_172311.txt,748,OLD_PROJ_DATA_ROOT,POSSIBLY_LOAD_BEARING,/proj/zefflab/projects/Flooding/Data/harris_county/catalogs/events/harvey_2017_mrms/event_validation_lines/reviewed_crs_lines/sfincs_crs_lines_REVIEWED_PLUS_AUTO_CUSTOM.xyxy,/users/e/p/epsilon/Data/Data/harris_county/catalogs/events/harvey_2017_mrms/event_validation_lines/reviewed_crs_lines/sfincs_crs_lines_REVIEWED_PLUS_AUTO_CUSTOM.xyxy,False,,"waterlevel_path: ""/proj/zefflab/projects/Flooding/Data/harris_county/catalogs/events/harvey_2017_mrms/event_waterlevel/harvey_houston_wl_bc.csv"""
/proj/zefflab/projects/Flooding/pipeline/web_launcher/_audit_reports/catalog_detector_full_audit_20260612_172311.txt,748,OLD_PROJ_DATA_ROOT,POSSIBLY_LOAD_BEARING,/proj/zefflab/projects/Flooding/Data/harris_county/catalogs/events/harvey_2017_mrms/event_validation_points/profiles/lite/sfincs_obs_points_lite.xy,/users/e/p/epsilon/Data/Data/harris_county/catalogs/events/harvey_2017_mrms/event_validation_points/profiles/lite/sfincs_obs_points_lite.xy,False,,"waterlevel_path: ""/proj/zefflab/projects/Flooding/Data/harris_county/catalogs/events/harvey_2017_mrms/event_waterlevel/harvey_houston_wl_bc.csv"""
/proj/zefflab/projects/Flooding/pipeline/web_launcher/_audit_reports/catalog_detector_full_audit_20260612_172311.txt,748,OLD_PROJ_DATA_ROOT,POSSIBLY_LOAD_BEARING,/proj/zefflab/projects/Flooding/Data/harris_county/catalogs/events/harvey_2017_mrms/event_waterlevel/harvey_houston_wl_bc.csv,/users/e/p/epsilon/Data/Data/harris_county/catalogs/events/harvey_2017_mrms/event_waterlevel/harvey_houston_wl_bc.csv,True,,"waterlevel_path: ""/proj/zefflab/projects/Flooding/Data/harris_county/catalogs/events/harvey_2017_mrms/event_waterlevel/harvey_houston_wl_bc.csv"""
/proj/zefflab/projects/Flooding/pipeline/web_launcher/_audit_reports/catalog_detector_full_audit_20260612_172311.txt,748,OLD_PROJ_DATA_ROOT,POSSIBLY_LOAD_BEARING,/proj/zefflab/projects/Flooding/Data/harris_county/catalogs/static/harris_county/landcover/NLCD_2016_Land_Cover_L48_20190424.img,/users/e/p/epsilon/Data/Data/harris_county/catalogs/static/harris_county/landcover/NLCD_2016_Land_Cover_L48_20190424.img,True,,"waterlevel_path: ""/proj/zefflab/projects/Flooding/Data/harris_county/catalogs/events/harvey_2017_mrms/event_waterlevel/harvey_houston_wl_bc.csv"""
/proj/zefflab/projects/Flooding/pipeline/web_launcher/_audit_reports/catalog_detector_full_audit_20260612_172311.txt,748,OLD_PROJ_DATA_ROOT,POSSIBLY_LOAD_BEARING,/proj/zefflab/projects/Flooding/Data/harris_county/catalogs/static/harris_county/manning_reclass_table/nlcd_mapping_mean.csv,/users/e/p/epsilon/Data/Data/harris_county/catalogs/static/harris_county/manning_reclass_table/nlcd_mapping_mean.csv,True,,"waterlevel_path: ""/proj/zefflab/projects/Flooding/Data/harris_county/catalogs/events/harvey_2017_mrms/event_waterlevel/harvey_houston_wl_bc.csv"""
/proj/zefflab/projects/Flooding/pipeline/web_launcher/_audit_reports/catalog_detector_full_audit_20260612_172311.txt,748,OLD_PROJ_DATA_ROOT,POSSIBLY_LOAD_BEARING,/proj/zefflab/projects/Flooding/Data/harris_county/catalogs/static/harris_county/structures_thin_dams/AB_dams.shp,/users/e/p/epsilon/Data/Data/harris_county/catalogs/static/harris_county/structures_thin_dams/AB_dams.shp,True,,"waterlevel_path: ""/proj/zefflab/projects/Flooding/Data/harris_county/catalogs/events/harvey_2017_mrms/event_waterlevel/harvey_houston_wl_bc.csv"""
/proj/zefflab/projects/Flooding/pipeline/web_launcher/_audit_reports/catalog_detector_full_audit_20260612_172311.txt,749,OLD_PROJ_DATA_ROOT,POSSIBLY_LOAD_BEARING,/proj/zefflab/projects/Flooding/Data/harris_county/catalogs/events/harvey_2017_mrms/event_discharge/harvey_houston_q_bc.csv,/users/e/p/epsilon/Data/Data/harris_county/catalogs/events/harvey_2017_mrms/event_discharge/harvey_houston_q_bc.csv,True,,"discharge_timeseries_csv_path: ""/proj/zefflab/projects/Flooding/Data/harris_county/catalogs/events/harvey_2017_mrms/event_discharge/harvey_houston_q_bc.csv"""
/proj/zefflab/projects/Flooding/pipeline/web_launcher/_audit_reports/catalog_detector_full_audit_20260612_172311.txt,749,OLD_PROJ_DATA_ROOT,POSSIBLY_LOAD_BEARING,/proj/zefflab/projects/Flooding/Data/harris_county/catalogs/events/harvey_2017_mrms/event_precip/harvey_mrms.nc,/users/e/p/epsilon/Data/Data/harris_county/catalogs/events/harvey_2017_mrms/event_precip/harvey_mrms.nc,True,,"discharge_timeseries_csv_path: ""/proj/zefflab/projects/Flooding/Data/harris_county/catalogs/events/harvey_2017_mrms/event_discharge/harvey_houston_q_bc.csv"""
/proj/zefflab/projects/Flooding/pipeline/web_launcher/_audit_reports/catalog_detector_full_audit_20260612_172311.txt,749,OLD_PROJ_DATA_ROOT,POSSIBLY_LOAD_BEARING,/proj/zefflab/projects/Flooding/Data/harris_county/catalogs/events/harvey_2017_mrms/event_source_table/event_source_table.csv,/users/e/p/epsilon/Data/Data/harris_county/catalogs/events/harvey_2017_mrms/event_source_table/event_source_table.csv,True,,"discharge_timeseries_csv_path: ""/proj/zefflab/projects/Flooding/Data/harris_county/catalogs/events/harvey_2017_mrms/event_discharge/harvey_houston_q_bc.csv"""
/proj/zefflab/projects/Flooding/pipeline/web_launcher/_audit_reports/catalog_detector_full_audit_20260612_172311.txt,749,OLD_PROJ_DATA_ROOT,POSSIBLY_LOAD_BEARING,/proj/zefflab/projects/Flooding/Data/harris_county/catalogs/events/harvey_2017_mrms/event_validation_lines/reviewed_crs_lines/sfincs_crs_lines_REVIEWED_PLUS_AUTO_CUSTOM.xyxy,/users/e/p/epsilon/Data/Data/harris_county/catalogs/events/harvey_2017_mrms/event_validation_lines/reviewed_crs_lines/sfincs_crs_lines_REVIEWED_PLUS_AUTO_CUSTOM.xyxy,False,,"discharge_timeseries_csv_path: ""/proj/zefflab/projects/Flooding/Data/harris_county/catalogs/events/harvey_2017_mrms/event_discharge/harvey_houston_q_bc.csv"""
/proj/zefflab/projects/Flooding/pipeline/web_launcher/_audit_reports/catalog_detector_full_audit_20260612_172311.txt,749,OLD_PROJ_DATA_ROOT,POSSIBLY_LOAD_BEARING,/proj/zefflab/projects/Flooding/Data/harris_county/catalogs/events/harvey_2017_mrms/event_validation_points/profiles/lite/sfincs_obs_points_lite.xy,/users/e/p/epsilon/Data/Data/harris_county/catalogs/events/harvey_2017_mrms/event_validation_points/profiles/lite/sfincs_obs_points_lite.xy,False,,"discharge_timeseries_csv_path: ""/proj/zefflab/projects/Flooding/Data/harris_county/catalogs/events/harvey_2017_mrms/event_discharge/harvey_houston_q_bc.csv"""
/proj/zefflab/projects/Flooding/pipeline/web_launcher/_audit_reports/catalog_detector_full_audit_20260612_172311.txt,749,OLD_PROJ_DATA_ROOT,POSSIBLY_LOAD_BEARING,/proj/zefflab/projects/Flooding/Data/harris_county/catalogs/events/harvey_2017_mrms/event_waterlevel/harvey_houston_wl_bc.csv,/users/e/p/epsilon/Data/Data/harris_county/catalogs/events/harvey_2017_mrms/event_waterlevel/harvey_houston_wl_bc.csv,True,,"discharge_timeseries_csv_path: ""/proj/zefflab/projects/Flooding/Data/harris_county/catalogs/events/harvey_2017_mrms/event_discharge/harvey_houston_q_bc.csv"""
/proj/zefflab/projects/Flooding/pipeline/web_launcher/_audit_reports/catalog_detector_full_audit_20260612_172311.txt,749,OLD_PROJ_DATA_ROOT,POSSIBLY_LOAD_BEARING,/proj/zefflab/projects/Flooding/Data/harris_county/catalogs/static/harris_county/landcover/NLCD_2016_Land_Cover_L48_20190424.img,/users/e/p/epsilon/Data/Data/harris_county/catalogs/static/harris_county/landcover/NLCD_2016_Land_Cover_L48_20190424.img,True,,"discharge_timeseries_csv_path: ""/proj/zefflab/projects/Flooding/Data/harris_county/catalogs/events/harvey_2017_mrms/event_discharge/harvey_houston_q_bc.csv"""
/proj/zefflab/projects/Flooding/pipeline/web_launcher/_audit_reports/catalog_detector_full_audit_20260612_172311.txt,749,OLD_PROJ_DATA_ROOT,POSSIBLY_LOAD_BEARING,/proj/zefflab/projects/Flooding/Data/harris_county/catalogs/static/harris_county/manning_reclass_table/nlcd_mapping_mean.csv,/users/e/p/epsilon/Data/Data/harris_county/catalogs/static/harris_county/manning_reclass_table/nlcd_mapping_mean.csv,True,,"discharge_timeseries_csv_path: ""/proj/zefflab/projects/Flooding/Data/harris_county/catalogs/events/harvey_2017_mrms/event_discharge/harvey_houston_q_bc.csv"""
/proj/zefflab/projects/Flooding/pipeline/web_launcher/_audit_reports/catalog_detector_full_audit_20260612_172311.txt,749,OLD_PROJ_DATA_ROOT,POSSIBLY_LOAD_BEARING,/proj/zefflab/projects/Flooding/Data/harris_county/catalogs/static/harris_county/structures_thin_dams/AB_dams.shp,/users/e/p/epsilon/Data/Data/harris_county/catalogs/static/harris_county/structures_thin_dams/AB_dams.shp,True,,"discharge_timeseries_csv_path: ""/proj/zefflab/projects/Flooding/Data/harris_county/catalogs/events/harvey_2017_mrms/event_discharge/harvey_houston_q_bc.csv"""
/proj/zefflab/projects/Flooding/pipeline/web_launcher/_audit_reports/catalog_detector_full_audit_20260612_172311.txt,750,OLD_PROJ_DATA_ROOT,POSSIBLY_LOAD_BEARING,/proj/zefflab/projects/Flooding/Data/harris_county/catalogs/events/harvey_2017_mrms/event_discharge/harvey_houston_q_bc.csv,/users/e/p/epsilon/Data/Data/harris_county/catalogs/events/harvey_2017_mrms/event_discharge/harvey_houston_q_bc.csv,True,,"discharge_points_csv_path: ""/proj/zefflab/projects/Flooding/Data/harris_county/catalogs/events/harvey_2017_mrms/event_source_table/event_source_table.csv"""
/proj/zefflab/projects/Flooding/pipeline/web_launcher/_audit_reports/catalog_detector_full_audit_20260612_172311.txt,750,OLD_PROJ_DATA_ROOT,POSSIBLY_LOAD_BEARING,/proj/zefflab/projects/Flooding/Data/harris_county/catalogs/events/harvey_2017_mrms/event_precip/harvey_mrms.nc,/users/e/p/epsilon/Data/Data/harris_county/catalogs/events/harvey_2017_mrms/event_precip/harvey_mrms.nc,True,,"discharge_points_csv_path: ""/proj/zefflab/projects/Flooding/Data/harris_county/catalogs/events/harvey_2017_mrms/event_source_table/event_source_table.csv"""
/proj/zefflab/projects/Flooding/pipeline/web_launcher/_audit_reports/catalog_detector_full_audit_20260612_172311.txt,750,OLD_PROJ_DATA_ROOT,POSSIBLY_LOAD_BEARING,/proj/zefflab/projects/Flooding/Data/harris_county/catalogs/events/harvey_2017_mrms/event_source_table/event_source_table.csv,/users/e/p/epsilon/Data/Data/harris_county/catalogs/events/harvey_2017_mrms/event_source_table/event_source_table.csv,True,,"discharge_points_csv_path: ""/proj/zefflab/projects/Flooding/Data/harris_county/catalogs/events/harvey_2017_mrms/event_source_table/event_source_table.csv"""
/proj/zefflab/projects/Flooding/pipeline/web_launcher/_audit_reports/catalog_detector_full_audit_20260612_172311.txt,750,OLD_PROJ_DATA_ROOT,POSSIBLY_LOAD_BEARING,/proj/zefflab/projects/Flooding/Data/harris_county/catalogs/events/harvey_2017_mrms/event_validation_lines/reviewed_crs_lines/sfincs_crs_lines_REVIEWED_PLUS_AUTO_CUSTOM.xyxy,/users/e/p/epsilon/Data/Data/harris_county/catalogs/events/harvey_2017_mrms/event_validation_lines/reviewed_crs_lines/sfincs_crs_lines_REVIEWED_PLUS_AUTO_CUSTOM.xyxy,False,,"discharge_points_csv_path: ""/proj/zefflab/projects/Flooding/Data/harris_county/catalogs/events/harvey_2017_mrms/event_source_table/event_source_table.csv"""
/proj/zefflab/projects/Flooding/pipeline/web_launcher/_audit_reports/catalog_detector_full_audit_20260612_172311.txt,750,OLD_PROJ_DATA_ROOT,POSSIBLY_LOAD_BEARING,/proj/zefflab/projects/Flooding/Data/harris_county/catalogs/events/harvey_2017_mrms/event_validation_points/profiles/lite/sfincs_obs_points_lite.xy,/users/e/p/epsilon/Data/Data/harris_county/catalogs/events/harvey_2017_mrms/event_validation_points/profiles/lite/sfincs_obs_points_lite.xy,False,,"discharge_points_csv_path: ""/proj/zefflab/projects/Flooding/Data/harris_county/catalogs/events/harvey_2017_mrms/event_source_table/event_source_table.csv"""
/proj/zefflab/projects/Flooding/pipeline/web_launcher/_audit_reports/catalog_detector_full_audit_20260612_172311.txt,750,OLD_PROJ_DATA_ROOT,POSSIBLY_LOAD_BEARING,/proj/zefflab/projects/Flooding/Data/harris_county/catalogs/events/harvey_2017_mrms/event_waterlevel/harvey_houston_wl_bc.csv,/users/e/p/epsilon/Data/Data/harris_county/catalogs/events/harvey_2017_mrms/event_waterlevel/harvey_houston_wl_bc.csv,True,,"discharge_points_csv_path: ""/proj/zefflab/projects/Flooding/Data/harris_county/catalogs/events/harvey_2017_mrms/event_source_table/event_source_table.csv"""
/proj/zefflab/projects/Flooding/pipeline/web_launcher/_audit_reports/catalog_detector_full_audit_20260612_172311.txt,750,OLD_PROJ_DATA_ROOT,POSSIBLY_LOAD_BEARING,/proj/zefflab/projects/Flooding/Data/harris_county/catalogs/static/harris_county/landcover/NLCD_2016_Land_Cover_L48_20190424.img,/users/e/p/epsilon/Data/Data/harris_county/catalogs/static/harris_county/landcover/NLCD_2016_Land_Cover_L48_20190424.img,True,,"discharge_points_csv_path: ""/proj/zefflab/projects/Flooding/Data/harris_county/catalogs/events/harvey_2017_mrms/event_source_table/event_source_table.csv"""
/proj/zefflab/projects/Flooding/pipeline/web_launcher/_audit_reports/catalog_detector_full_audit_20260612_172311.txt,750,OLD_PROJ_DATA_ROOT,POSSIBLY_LOAD_BEARING,/proj/zefflab/projects/Flooding/Data/harris_county/catalogs/static/harris_county/manning_reclass_table/nlcd_mapping_mean.csv,/users/e/p/epsilon/Data/Data/harris_county/catalogs/static/harris_county/manning_reclass_table/nlcd_mapping_mean.csv,True,,"discharge_points_csv_path: ""/proj/zefflab/projects/Flooding/Data/harris_county/catalogs/events/harvey_2017_mrms/event_source_table/event_source_table.csv"""
/proj/zefflab/projects/Flooding/pipeline/web_launcher/_audit_reports/catalog_detector_full_audit_20260612_172311.txt,750,OLD_PROJ_DATA_ROOT,POSSIBLY_LOAD_BEARING,/proj/zefflab/projects/Flooding/Data/harris_county/catalogs/static/harris_county/structures_thin_dams/AB_dams.shp,/users/e/p/epsilon/Data/Data/harris_county/catalogs/static/harris_county/structures_thin_dams/AB_dams.shp,True,,"discharge_points_csv_path: ""/proj/zefflab/projects/Flooding/Data/harris_county/catalogs/events/harvey_2017_mrms/event_source_table/event_source_table.csv"""
/proj/zefflab/projects/Flooding/pipeline/web_launcher/_audit_reports/catalog_detector_full_audit_20260612_172311.txt,751,OLD_PROJ_DATA_ROOT,POSSIBLY_LOAD_BEARING,/proj/zefflab/projects/Flooding/Data/harris_county/catalogs/events/harvey_2017_mrms,/users/e/p/epsilon/Data/Data/harris_county/catalogs/events/harvey_2017_mrms,True,,"thin_dam_path: ""/proj/zefflab/projects/Flooding/Data/harris_county/catalogs/static/harris_county/structures_thin_dams/AB_dams.shp"""
/proj/zefflab/projects/Flooding/pipeline/web_launcher/_audit_reports/catalog_detector_full_audit_20260612_172311.txt,751,OLD_PROJ_DATA_ROOT,POSSIBLY_LOAD_BEARING,/proj/zefflab/projects/Flooding/Data/harris_county/catalogs/events/harvey_2017_mrms/event_discharge/harvey_houston_q_bc.csv,/users/e/p/epsilon/Data/Data/harris_county/catalogs/events/harvey_2017_mrms/event_discharge/harvey_houston_q_bc.csv,True,,"thin_dam_path: ""/proj/zefflab/projects/Flooding/Data/harris_county/catalogs/static/harris_county/structures_thin_dams/AB_dams.shp"""
/proj/zefflab/projects/Flooding/pipeline/web_launcher/_audit_reports/catalog_detector_full_audit_20260612_172311.txt,751,OLD_PROJ_DATA_ROOT,POSSIBLY_LOAD_BEARING,/proj/zefflab/projects/Flooding/Data/harris_county/catalogs/events/harvey_2017_mrms/event_precip/harvey_mrms.nc,/users/e/p/epsilon/Data/Data/harris_county/catalogs/events/harvey_2017_mrms/event_precip/harvey_mrms.nc,True,,"thin_dam_path: ""/proj/zefflab/projects/Flooding/Data/harris_county/catalogs/static/harris_county/structures_thin_dams/AB_dams.shp"""
/proj/zefflab/projects/Flooding/pipeline/web_launcher/_audit_reports/catalog_detector_full_audit_20260612_172311.txt,751,OLD_PROJ_DATA_ROOT,POSSIBLY_LOAD_BEARING,/proj/zefflab/projects/Flooding/Data/harris_county/catalogs/events/harvey_2017_mrms/event_source_table/event_source_table.csv,/users/e/p/epsilon/Data/Data/harris_county/catalogs/events/harvey_2017_mrms/event_source_table/event_source_table.csv,True,,"thin_dam_path: ""/proj/zefflab/projects/Flooding/Data/harris_county/catalogs/static/harris_county/structures_thin_dams/AB_dams.shp"""
/proj/zefflab/projects/Flooding/pipeline/web_launcher/_audit_reports/catalog_detector_full_audit_20260612_172311.txt,751,OLD_PROJ_DATA_ROOT,POSSIBLY_LOAD_BEARING,/proj/zefflab/projects/Flooding/Data/harris_county/catalogs/events/harvey_2017_mrms/event_validation_lines/reviewed_crs_lines/sfincs_crs_lines_REVIEWED_PLUS_AUTO_CUSTOM.xyxy,/users/e/p/epsilon/Data/Data/harris_county/catalogs/events/harvey_2017_mrms/event_validation_lines/reviewed_crs_lines/sfincs_crs_lines_REVIEWED_PLUS_AUTO_CUSTOM.xyxy,False,,"thin_dam_path: ""/proj/zefflab/projects/Flooding/Data/harris_county/catalogs/static/harris_county/structures_thin_dams/AB_dams.shp"""
/proj/zefflab/projects/Flooding/pipeline/web_launcher/_audit_reports/catalog_detector_full_audit_20260612_172311.txt,751,OLD_PROJ_DATA_ROOT,POSSIBLY_LOAD_BEARING,/proj/zefflab/projects/Flooding/Data/harris_county/catalogs/events/harvey_2017_mrms/event_validation_points/profiles/lite/sfincs_obs_points_lite.xy,/users/e/p/epsilon/Data/Data/harris_county/catalogs/events/harvey_2017_mrms/event_validation_points/profiles/lite/sfincs_obs_points_lite.xy,False,,"thin_dam_path: ""/proj/zefflab/projects/Flooding/Data/harris_county/catalogs/static/harris_county/structures_thin_dams/AB_dams.shp"""
/proj/zefflab/projects/Flooding/pipeline/web_launcher/_audit_reports/catalog_detector_full_audit_20260612_172311.txt,751,OLD_PROJ_DATA_ROOT,POSSIBLY_LOAD_BEARING,/proj/zefflab/projects/Flooding/Data/harris_county/catalogs/events/harvey_2017_mrms/event_waterlevel/harvey_houston_wl_bc.csv,/users/e/p/epsilon/Data/Data/harris_county/catalogs/events/harvey_2017_mrms/event_waterlevel/harvey_houston_wl_bc.csv,True,,"thin_dam_path: ""/proj/zefflab/projects/Flooding/Data/harris_county/catalogs/static/harris_county/structures_thin_dams/AB_dams.shp"""
/proj/zefflab/projects/Flooding/pipeline/web_launcher/_audit_reports/catalog_detector_full_audit_20260612_172311.txt,751,OLD_PROJ_DATA_ROOT,POSSIBLY_LOAD_BEARING,/proj/zefflab/projects/Flooding/Data/harris_county/catalogs/static/harris_county/landcover/NLCD_2016_Land_Cover_L48_20190424.img,/users/e/p/epsilon/Data/Data/harris_county/catalogs/static/harris_county/landcover/NLCD_2016_Land_Cover_L48_20190424.img,True,,"thin_dam_path: ""/proj/zefflab/projects/Flooding/Data/harris_county/catalogs/static/harris_county/structures_thin_dams/AB_dams.shp"""
/proj/zefflab/projects/Flooding/pipeline/web_launcher/_audit_reports/catalog_detector_full_audit_20260612_172311.txt,751,OLD_PROJ_DATA_ROOT,POSSIBLY_LOAD_BEARING,/proj/zefflab/projects/Flooding/Data/harris_county/catalogs/static/harris_county/manning_reclass_table/nlcd_mapping_mean.csv,/users/e/p/epsilon/Data/Data/harris_county/catalogs/static/harris_county/manning_reclass_table/nlcd_mapping_mean.csv,True,,"thin_dam_path: ""/proj/zefflab/projects/Flooding/Data/harris_county/catalogs/static/harris_county/structures_thin_dams/AB_dams.shp"""
/proj/zefflab/projects/Flooding/pipeline/web_launcher/_audit_reports/catalog_detector_full_audit_20260612_172311.txt,751,OLD_PROJ_DATA_ROOT,POSSIBLY_LOAD_BEARING,/proj/zefflab/projects/Flooding/Data/harris_county/catalogs/static/harris_county/structures_thin_dams/AB_dams.shp,/users/e/p/epsilon/Data/Data/harris_county/catalogs/static/harris_county/structures_thin_dams/AB_dams.shp,True,,"thin_dam_path: ""/proj/zefflab/projects/Flooding/Data/harris_county/catalogs/static/harris_county/structures_thin_dams/AB_dams.shp"""
/proj/zefflab/projects/Flooding/pipeline/web_launcher/_audit_reports/catalog_detector_full_audit_20260612_172311.txt,753,OLD_PROJ_DATA_ROOT,POSSIBLY_LOAD_BEARING,/proj/zefflab/projects/Flooding/Data/harris_county/catalogs/events/harvey_2017_mrms,/users/e/p/epsilon/Data/Data/harris_county/catalogs/events/harvey_2017_mrms,True,,"obs_points_path: ""/proj/zefflab/projects/Flooding/Data/harris_county/catalogs/events/harvey_2017_mrms/event_validation_points/profiles/lite/sfincs_obs_points_lite.xy"""
/proj/zefflab/projects/Flooding/pipeline/web_launcher/_audit_reports/catalog_detector_full_audit_20260612_172311.txt,753,OLD_PROJ_DATA_ROOT,POSSIBLY_LOAD_BEARING,/proj/zefflab/projects/Flooding/Data/harris_county/catalogs/events/harvey_2017_mrms/event_discharge/harvey_houston_q_bc.csv,/users/e/p/epsilon/Data/Data/harris_county/catalogs/events/harvey_2017_mrms/event_discharge/harvey_houston_q_bc.csv,True,,"obs_points_path: ""/proj/zefflab/projects/Flooding/Data/harris_county/catalogs/events/harvey_2017_mrms/event_validation_points/profiles/lite/sfincs_obs_points_lite.xy"""
/proj/zefflab/projects/Flooding/pipeline/web_launcher/_audit_reports/catalog_detector_full_audit_20260612_172311.txt,753,OLD_PROJ_DATA_ROOT,POSSIBLY_LOAD_BEARING,/proj/zefflab/projects/Flooding/Data/harris_county/catalogs/events/harvey_2017_mrms/event_precip/harvey_mrms.nc,/users/e/p/epsilon/Data/Data/harris_county/catalogs/events/harvey_2017_mrms/event_precip/harvey_mrms.nc,True,,"obs_points_path: ""/proj/zefflab/projects/Flooding/Data/harris_county/catalogs/events/harvey_2017_mrms/event_validation_points/profiles/lite/sfincs_obs_points_lite.xy"""
/proj/zefflab/projects/Flooding/pipeline/web_launcher/_audit_reports/catalog_detector_full_audit_20260612_172311.txt,753,OLD_PROJ_DATA_ROOT,POSSIBLY_LOAD_BEARING,/proj/zefflab/projects/Flooding/Data/harris_county/catalogs/events/harvey_2017_mrms/event_source_table/event_source_table.csv,/users/e/p/epsilon/Data/Data/harris_county/catalogs/events/harvey_2017_mrms/event_source_table/event_source_table.csv,True,,"obs_points_path: ""/proj/zefflab/projects/Flooding/Data/harris_county/catalogs/events/harvey_2017_mrms/event_validation_points/profiles/lite/sfincs_obs_points_lite.xy"""
/proj/zefflab/projects/Flooding/pipeline/web_launcher/_audit_reports/catalog_detector_full_audit_20260612_172311.txt,753,OLD_PROJ_DATA_ROOT,POSSIBLY_LOAD_BEARING,/proj/zefflab/projects/Flooding/Data/harris_county/catalogs/events/harvey_2017_mrms/event_validation_lines/reviewed_crs_lines/sfincs_crs_lines_REVIEWED_PLUS_AUTO_CUSTOM.xyxy,/users/e/p/epsilon/Data/Data/harris_county/catalogs/events/harvey_2017_mrms/event_validation_lines/reviewed_crs_lines/sfincs_crs_lines_REVIEWED_PLUS_AUTO_CUSTOM.xyxy,False,,"obs_points_path: ""/proj/zefflab/projects/Flooding/Data/harris_county/catalogs/events/harvey_2017_mrms/event_validation_points/profiles/lite/sfincs_obs_points_lite.xy"""
/proj/zefflab/projects/Flooding/pipeline/web_launcher/_audit_reports/catalog_detector_full_audit_20260612_172311.txt,753,OLD_PROJ_DATA_ROOT,POSSIBLY_LOAD_BEARING,/proj/zefflab/projects/Flooding/Data/harris_county/catalogs/events/harvey_2017_mrms/event_validation_points/profiles/lite/sfincs_obs_points_lite.xy,/users/e/p/epsilon/Data/Data/harris_county/catalogs/events/harvey_2017_mrms/event_validation_points/profiles/lite/sfincs_obs_points_lite.xy,False,,"obs_points_path: ""/proj/zefflab/projects/Flooding/Data/harris_county/catalogs/events/harvey_2017_mrms/event_validation_points/profiles/lite/sfincs_obs_points_lite.xy"""
/proj/zefflab/projects/Flooding/pipeline/web_launcher/_audit_reports/catalog_detector_full_audit_20260612_172311.txt,753,OLD_PROJ_DATA_ROOT,POSSIBLY_LOAD_BEARING,/proj/zefflab/projects/Flooding/Data/harris_county/catalogs/events/harvey_2017_mrms/event_waterlevel/harvey_houston_wl_bc.csv,/users/e/p/epsilon/Data/Data/harris_county/catalogs/events/harvey_2017_mrms/event_waterlevel/harvey_houston_wl_bc.csv,True,,"obs_points_path: ""/proj/zefflab/projects/Flooding/Data/harris_county/catalogs/events/harvey_2017_mrms/event_validation_points/profiles/lite/sfincs_obs_points_lite.xy"""
/proj/zefflab/projects/Flooding/pipeline/web_launcher/_audit_reports/catalog_detector_full_audit_20260612_172311.txt,753,OLD_PROJ_DATA_ROOT,POSSIBLY_LOAD_BEARING,/proj/zefflab/projects/Flooding/Data/harris_county/catalogs/static/harris_county,/users/e/p/epsilon/Data/Data/harris_county/catalogs/static/harris_county,True,,"obs_points_path: ""/proj/zefflab/projects/Flooding/Data/harris_county/catalogs/events/harvey_2017_mrms/event_validation_points/profiles/lite/sfincs_obs_points_lite.xy"""
/proj/zefflab/projects/Flooding/pipeline/web_launcher/_audit_reports/catalog_detector_full_audit_20260612_172311.txt,753,OLD_PROJ_DATA_ROOT,POSSIBLY_LOAD_BEARING,/proj/zefflab/projects/Flooding/Data/harris_county/catalogs/static/harris_county/manning_reclass_table/nlcd_mapping_mean.csv,/users/e/p/epsilon/Data/Data/harris_county/catalogs/static/harris_county/manning_reclass_table/nlcd_mapping_mean.csv,True,,"obs_points_path: ""/proj/zefflab/projects/Flooding/Data/harris_county/catalogs/events/harvey_2017_mrms/event_validation_points/profiles/lite/sfincs_obs_points_lite.xy"""
/proj/zefflab/projects/Flooding/pipeline/web_launcher/_audit_reports/catalog_detector_full_audit_20260612_172311.txt,753,OLD_PROJ_DATA_ROOT,POSSIBLY_LOAD_BEARING,/proj/zefflab/projects/Flooding/Data/harris_county/catalogs/static/harris_county/structures_thin_dams/AB_dams.shp,/users/e/p/epsilon/Data/Data/harris_county/catalogs/static/harris_county/structures_thin_dams/AB_dams.shp,True,,"obs_points_path: ""/proj/zefflab/projects/Flooding/Data/harris_county/catalogs/events/harvey_2017_mrms/event_validation_points/profiles/lite/sfincs_obs_points_lite.xy"""
/proj/zefflab/projects/Flooding/pipeline/web_launcher/_audit_reports/catalog_detector_full_audit_20260612_172311.txt,754,OLD_PROJ_DATA_ROOT,POSSIBLY_LOAD_BEARING,/proj/zefflab/projects/Flooding/Data/harris_county/catalogs/events/harvey_2017_mrms,/users/e/p/epsilon/Data/Data/harris_county/catalogs/events/harvey_2017_mrms,True,,"obs_lines_path: ""/proj/zefflab/projects/Flooding/Data/harris_county/catalogs/events/harvey_2017_mrms/event_validation_lines/reviewed_crs_lines/sfincs_crs_lines_REVIEWED_PLUS_AUTO_CUSTOM.xyxy"""
/proj/zefflab/projects/Flooding/pipeline/web_launcher/_audit_reports/catalog_detector_full_audit_20260612_172311.txt,754,OLD_PROJ_DATA_ROOT,POSSIBLY_LOAD_BEARING,/proj/zefflab/projects/Flooding/Data/harris_county/catalogs/events/harvey_2017_mrms/event_discharge/harvey_houston_q_bc.csv,/users/e/p/epsilon/Data/Data/harris_county/catalogs/events/harvey_2017_mrms/event_discharge/harvey_houston_q_bc.csv,True,,"obs_lines_path: ""/proj/zefflab/projects/Flooding/Data/harris_county/catalogs/events/harvey_2017_mrms/event_validation_lines/reviewed_crs_lines/sfincs_crs_lines_REVIEWED_PLUS_AUTO_CUSTOM.xyxy"""
/proj/zefflab/projects/Flooding/pipeline/web_launcher/_audit_reports/catalog_detector_full_audit_20260612_172311.txt,754,OLD_PROJ_DATA_ROOT,POSSIBLY_LOAD_BEARING,/proj/zefflab/projects/Flooding/Data/harris_county/catalogs/events/harvey_2017_mrms/event_precip/harvey_mrms.nc,/users/e/p/epsilon/Data/Data/harris_county/catalogs/events/harvey_2017_mrms/event_precip/harvey_mrms.nc,True,,"obs_lines_path: ""/proj/zefflab/projects/Flooding/Data/harris_county/catalogs/events/harvey_2017_mrms/event_validation_lines/reviewed_crs_lines/sfincs_crs_lines_REVIEWED_PLUS_AUTO_CUSTOM.xyxy"""
/proj/zefflab/projects/Flooding/pipeline/web_launcher/_audit_reports/catalog_detector_full_audit_20260612_172311.txt,754,OLD_PROJ_DATA_ROOT,POSSIBLY_LOAD_BEARING,/proj/zefflab/projects/Flooding/Data/harris_county/catalogs/events/harvey_2017_mrms/event_source_table/event_source_table.csv,/users/e/p/epsilon/Data/Data/harris_county/catalogs/events/harvey_2017_mrms/event_source_table/event_source_table.csv,True,,"obs_lines_path: ""/proj/zefflab/projects/Flooding/Data/harris_county/catalogs/events/harvey_2017_mrms/event_validation_lines/reviewed_crs_lines/sfincs_crs_lines_REVIEWED_PLUS_AUTO_CUSTOM.xyxy"""
/proj/zefflab/projects/Flooding/pipeline/web_launcher/_audit_reports/catalog_detector_full_audit_20260612_172311.txt,754,OLD_PROJ_DATA_ROOT,POSSIBLY_LOAD_BEARING,/proj/zefflab/projects/Flooding/Data/harris_county/catalogs/events/harvey_2017_mrms/event_validation_lines/reviewed_crs_lines/sfincs_crs_lines_REVIEWED_PLUS_AUTO_CUSTOM.xyxy,/users/e/p/epsilon/Data/Data/harris_county/catalogs/events/harvey_2017_mrms/event_validation_lines/reviewed_crs_lines/sfincs_crs_lines_REVIEWED_PLUS_AUTO_CUSTOM.xyxy,False,,"obs_lines_path: ""/proj/zefflab/projects/Flooding/Data/harris_county/catalogs/events/harvey_2017_mrms/event_validation_lines/reviewed_crs_lines/sfincs_crs_lines_REVIEWED_PLUS_AUTO_CUSTOM.xyxy"""
/proj/zefflab/projects/Flooding/pipeline/web_launcher/_audit_reports/catalog_detector_full_audit_20260612_172311.txt,754,OLD_PROJ_DATA_ROOT,POSSIBLY_LOAD_BEARING,/proj/zefflab/projects/Flooding/Data/harris_county/catalogs/events/harvey_2017_mrms/event_validation_points/profiles/lite/sfincs_obs_points_lite.xy,/users/e/p/epsilon/Data/Data/harris_county/catalogs/events/harvey_2017_mrms/event_validation_points/profiles/lite/sfincs_obs_points_lite.xy,False,,"obs_lines_path: ""/proj/zefflab/projects/Flooding/Data/harris_county/catalogs/events/harvey_2017_mrms/event_validation_lines/reviewed_crs_lines/sfincs_crs_lines_REVIEWED_PLUS_AUTO_CUSTOM.xyxy"""
/proj/zefflab/projects/Flooding/pipeline/web_launcher/_audit_reports/catalog_detector_full_audit_20260612_172311.txt,754,OLD_PROJ_DATA_ROOT,POSSIBLY_LOAD_BEARING,/proj/zefflab/projects/Flooding/Data/harris_county/catalogs/events/harvey_2017_mrms/event_waterlevel/harvey_houston_wl_bc.csv,/users/e/p/epsilon/Data/Data/harris_county/catalogs/events/harvey_2017_mrms/event_waterlevel/harvey_houston_wl_bc.csv,True,,"obs_lines_path: ""/proj/zefflab/projects/Flooding/Data/harris_county/catalogs/events/harvey_2017_mrms/event_validation_lines/reviewed_crs_lines/sfincs_crs_lines_REVIEWED_PLUS_AUTO_CUSTOM.xyxy"""
/proj/zefflab/projects/Flooding/pipeline/web_launcher/_audit_reports/catalog_detector_full_audit_20260612_172311.txt,754,OLD_PROJ_DATA_ROOT,POSSIBLY_LOAD_BEARING,/proj/zefflab/projects/Flooding/Data/harris_county/catalogs/static/harris_county,/users/e/p/epsilon/Data/Data/harris_county/catalogs/static/harris_county,True,,"obs_lines_path: ""/proj/zefflab/projects/Flooding/Data/harris_county/catalogs/events/harvey_2017_mrms/event_validation_lines/reviewed_crs_lines/sfincs_crs_lines_REVIEWED_PLUS_AUTO_CUSTOM.xyxy"""
/proj/zefflab/projects/Flooding/pipeline/web_launcher/_audit_reports/catalog_detector_full_audit_20260612_172311.txt,754,OLD_PROJ_DATA_ROOT,POSSIBLY_LOAD_BEARING,/proj/zefflab/projects/Flooding/Data/harris_county/catalogs/static/harris_county/structures_thin_dams/AB_dams.shp,/users/e/p/epsilon/Data/Data/harris_county/catalogs/static/harris_county/structures_thin_dams/AB_dams.shp,True,,"obs_lines_path: ""/proj/zefflab/projects/Flooding/Data/harris_county/catalogs/events/harvey_2017_mrms/event_validation_lines/reviewed_crs_lines/sfincs_crs_lines_REVIEWED_PLUS_AUTO_CUSTOM.xyxy"""
/proj/zefflab/projects/Flooding/pipeline/web_launcher/_audit_reports/catalog_detector_full_audit_20260612_172311.txt,759,OLD_PROJ_DATA_ROOT,POSSIBLY_LOAD_BEARING,/proj/zefflab/projects/Flooding/Data/harris_county/catalogs/events/harvey_2017_mrms,/users/e/p/epsilon/Data/Data/harris_county/catalogs/events/harvey_2017_mrms,True,,"""/proj/zefflab/projects/Flooding/Data/harris_county/catalogs/events/harvey_2017_mrms"","
/proj/zefflab/projects/Flooding/pipeline/web_launcher/_audit_reports/catalog_detector_full_audit_20260612_172311.txt,759,OLD_PROJ_DATA_ROOT,POSSIBLY_LOAD_BEARING,/proj/zefflab/projects/Flooding/Data/harris_county/catalogs/events/harvey_2017_mrms/event_validation_lines/reviewed_crs_lines/sfincs_crs_lines_REVIEWED_PLUS_AUTO_CUSTOM.xyxy,/users/e/p/epsilon/Data/Data/harris_county/catalogs/events/harvey_2017_mrms/event_validation_lines/reviewed_crs_lines/sfincs_crs_lines_REVIEWED_PLUS_AUTO_CUSTOM.xyxy,False,,"""/proj/zefflab/projects/Flooding/Data/harris_county/catalogs/events/harvey_2017_mrms"","
/proj/zefflab/projects/Flooding/pipeline/web_launcher/_audit_reports/catalog_detector_full_audit_20260612_172311.txt,759,OLD_PROJ_DATA_ROOT,POSSIBLY_LOAD_BEARING,/proj/zefflab/projects/Flooding/Data/harris_county/catalogs/events/harvey_2017_mrms/event_validation_points/profiles/lite/sfincs_obs_points_lite.xy,/users/e/p/epsilon/Data/Data/harris_county/catalogs/events/harvey_2017_mrms/event_validation_points/profiles/lite/sfincs_obs_points_lite.xy,False,,"""/proj/zefflab/projects/Flooding/Data/harris_county/catalogs/events/harvey_2017_mrms"","
/proj/zefflab/projects/Flooding/pipeline/web_launcher/_audit_reports/catalog_detector_full_audit_20260612_172311.txt,759,OLD_PROJ_DATA_ROOT,POSSIBLY_LOAD_BEARING,/proj/zefflab/projects/Flooding/Data/harris_county/catalogs/static/harris_county,/users/e/p/epsilon/Data/Data/harris_county/catalogs/static/harris_county,True,,"""/proj/zefflab/projects/Flooding/Data/harris_county/catalogs/events/harvey_2017_mrms"","
/proj/zefflab/projects/Flooding/pipeline/web_launcher/_audit_reports/catalog_detector_full_audit_20260612_172311.txt,759,OLD_PROJ_DATA_ROOT,POSSIBLY_LOAD_BEARING,/proj/zefflab/projects/Flooding/Data/harris_county/catalogs/static/harris_county/structures_thin_dams/AB_dams.shp,/users/e/p/epsilon/Data/Data/harris_county/catalogs/static/harris_county/structures_thin_dams/AB_dams.shp,True,,"""/proj/zefflab/projects/Flooding/Data/harris_county/catalogs/events/harvey_2017_mrms"","
/proj/zefflab/projects/Flooding/pipeline/web_launcher/_audit_reports/catalog_detector_full_audit_20260612_172311.txt,759,OLD_PROJ_DATA_ROOT,POSSIBLY_LOAD_BEARING,/proj/zefflab/projects/Flooding/Data/harris_county/catalogs/static/harris_county/topobathy/HCFCD_DEM_5m_UTM.tif,/users/e/p/epsilon/Data/Data/harris_county/catalogs/static/harris_county/topobathy/HCFCD_DEM_5m_UTM.tif,True,,"""/proj/zefflab/projects/Flooding/Data/harris_county/catalogs/events/harvey_2017_mrms"","
/proj/zefflab/projects/Flooding/pipeline/web_launcher/_audit_reports/catalog_detector_full_audit_20260612_172311.txt,760,OLD_PROJ_DATA_ROOT,POSSIBLY_LOAD_BEARING,/proj/zefflab/projects/Flooding/Data/harris_county/catalogs/events/harvey_2017_mrms,/users/e/p/epsilon/Data/Data/harris_county/catalogs/events/harvey_2017_mrms,True,,"""/proj/zefflab/projects/Flooding/Data/harris_county/catalogs/static/harris_county"""
/proj/zefflab/projects/Flooding/pipeline/web_launcher/_audit_reports/catalog_detector_full_audit_20260612_172311.txt,760,OLD_PROJ_DATA_ROOT,POSSIBLY_LOAD_BEARING,/proj/zefflab/projects/Flooding/Data/harris_county/catalogs/events/harvey_2017_mrms/event_validation_lines/reviewed_crs_lines/sfincs_crs_lines_REVIEWED_PLUS_AUTO_CUSTOM.xyxy,/users/e/p/epsilon/Data/Data/harris_county/catalogs/events/harvey_2017_mrms/event_validation_lines/reviewed_crs_lines/sfincs_crs_lines_REVIEWED_PLUS_AUTO_CUSTOM.xyxy,False,,"""/proj/zefflab/projects/Flooding/Data/harris_county/catalogs/static/harris_county"""
/proj/zefflab/projects/Flooding/pipeline/web_launcher/_audit_reports/catalog_detector_full_audit_20260612_172311.txt,760,OLD_PROJ_DATA_ROOT,POSSIBLY_LOAD_BEARING,/proj/zefflab/projects/Flooding/Data/harris_county/catalogs/events/harvey_2017_mrms/event_validation_points/profiles/lite/sfincs_obs_points_lite.xy,/users/e/p/epsilon/Data/Data/harris_county/catalogs/events/harvey_2017_mrms/event_validation_points/profiles/lite/sfincs_obs_points_lite.xy,False,,"""/proj/zefflab/projects/Flooding/Data/harris_county/catalogs/static/harris_county"""
/proj/zefflab/projects/Flooding/pipeline/web_launcher/_audit_reports/catalog_detector_full_audit_20260612_172311.txt,760,OLD_PROJ_DATA_ROOT,POSSIBLY_LOAD_BEARING,/proj/zefflab/projects/Flooding/Data/harris_county/catalogs/static/harris_county,/users/e/p/epsilon/Data/Data/harris_county/catalogs/static/harris_county,True,,"""/proj/zefflab/projects/Flooding/Data/harris_county/catalogs/static/harris_county"""
/proj/zefflab/projects/Flooding/pipeline/web_launcher/_audit_reports/catalog_detector_full_audit_20260612_172311.txt,760,OLD_PROJ_DATA_ROOT,POSSIBLY_LOAD_BEARING,/proj/zefflab/projects/Flooding/Data/harris_county/catalogs/static/harris_county/landcover/NLCD_2016_Land_Cover_L48_20190424.img,/users/e/p/epsilon/Data/Data/harris_county/catalogs/static/harris_county/landcover/NLCD_2016_Land_Cover_L48_20190424.img,True,,"""/proj/zefflab/projects/Flooding/Data/harris_county/catalogs/static/harris_county"""
/proj/zefflab/projects/Flooding/pipeline/web_launcher/_audit_reports/catalog_detector_full_audit_20260612_172311.txt,760,OLD_PROJ_DATA_ROOT,POSSIBLY_LOAD_BEARING,/proj/zefflab/projects/Flooding/Data/harris_county/catalogs/static/harris_county/topobathy/HCFCD_DEM_5m_UTM.tif,/users/e/p/epsilon/Data/Data/harris_county/catalogs/static/harris_county/topobathy/HCFCD_DEM_5m_UTM.tif,True,,"""/proj/zefflab/projects/Flooding/Data/harris_county/catalogs/static/harris_county"""
/proj/zefflab/projects/Flooding/pipeline/web_launcher/_audit_reports/catalog_detector_full_audit_20260612_172311.txt,763,OLD_PROJ_DATA_ROOT,POSSIBLY_LOAD_BEARING,/proj/zefflab/projects/Flooding/Data/harris_county/catalogs/events/harvey_2017_mrms,/users/e/p/epsilon/Data/Data/harris_county/catalogs/events/harvey_2017_mrms,True,,"""/proj/zefflab/projects/Flooding/Data/harris_county/catalogs/static/harris_county/topobathy/HCFCD_DEM_5m_UTM.tif"""
/proj/zefflab/projects/Flooding/pipeline/web_launcher/_audit_reports/catalog_detector_full_audit_20260612_172311.txt,763,OLD_PROJ_DATA_ROOT,POSSIBLY_LOAD_BEARING,/proj/zefflab/projects/Flooding/Data/harris_county/catalogs/events/harvey_2017_mrms/event_discharge/harvey_houston_q_bc.csv,/users/e/p/epsilon/Data/Data/harris_county/catalogs/events/harvey_2017_mrms/event_discharge/harvey_houston_q_bc.csv,True,,"""/proj/zefflab/projects/Flooding/Data/harris_county/catalogs/static/harris_county/topobathy/HCFCD_DEM_5m_UTM.tif"""
/proj/zefflab/projects/Flooding/pipeline/web_launcher/_audit_reports/catalog_detector_full_audit_20260612_172311.txt,763,OLD_PROJ_DATA_ROOT,POSSIBLY_LOAD_BEARING,/proj/zefflab/projects/Flooding/Data/harris_county/catalogs/events/harvey_2017_mrms/event_precip/harvey_mrms.nc,/users/e/p/epsilon/Data/Data/harris_county/catalogs/events/harvey_2017_mrms/event_precip/harvey_mrms.nc,True,,"""/proj/zefflab/projects/Flooding/Data/harris_county/catalogs/static/harris_county/topobathy/HCFCD_DEM_5m_UTM.tif"""
/proj/zefflab/projects/Flooding/pipeline/web_launcher/_audit_reports/catalog_detector_full_audit_20260612_172311.txt,763,OLD_PROJ_DATA_ROOT,POSSIBLY_LOAD_BEARING,/proj/zefflab/projects/Flooding/Data/harris_county/catalogs/events/harvey_2017_mrms/event_waterlevel/harvey_houston_wl_bc.csv,/users/e/p/epsilon/Data/Data/harris_county/catalogs/events/harvey_2017_mrms/event_waterlevel/harvey_houston_wl_bc.csv,True,,"""/proj/zefflab/projects/Flooding/Data/harris_county/catalogs/static/harris_county/topobathy/HCFCD_DEM_5m_UTM.tif"""
/proj/zefflab/projects/Flooding/pipeline/web_launcher/_audit_reports/catalog_detector_full_audit_20260612_172311.txt,763,OLD_PROJ_DATA_ROOT,POSSIBLY_LOAD_BEARING,/proj/zefflab/projects/Flooding/Data/harris_county/catalogs/static/harris_county,/users/e/p/epsilon/Data/Data/harris_county/catalogs/static/harris_county,True,,"""/proj/zefflab/projects/Flooding/Data/harris_county/catalogs/static/harris_county/topobathy/HCFCD_DEM_5m_UTM.tif"""
/proj/zefflab/projects/Flooding/pipeline/web_launcher/_audit_reports/catalog_detector_full_audit_20260612_172311.txt,763,OLD_PROJ_DATA_ROOT,POSSIBLY_LOAD_BEARING,/proj/zefflab/projects/Flooding/Data/harris_county/catalogs/static/harris_county/landcover/NLCD_2016_Land_Cover_L48_20190424.img,/users/e/p/epsilon/Data/Data/harris_county/catalogs/static/harris_county/landcover/NLCD_2016_Land_Cover_L48_20190424.img,True,,"""/proj/zefflab/projects/Flooding/Data/harris_county/catalogs/static/harris_county/topobathy/HCFCD_DEM_5m_UTM.tif"""
/proj/zefflab/projects/Flooding/pipeline/web_launcher/_audit_reports/catalog_detector_full_audit_20260612_172311.txt,763,OLD_PROJ_DATA_ROOT,POSSIBLY_LOAD_BEARING,/proj/zefflab/projects/Flooding/Data/harris_county/catalogs/static/harris_county/topobathy/HCFCD_DEM_5m_UTM.tif,/users/e/p/epsilon/Data/Data/harris_county/catalogs/static/harris_county/topobathy/HCFCD_DEM_5m_UTM.tif,True,,"""/proj/zefflab/projects/Flooding/Data/harris_county/catalogs/static/harris_county/topobathy/HCFCD_DEM_5m_UTM.tif"""
/proj/zefflab/projects/Flooding/pipeline/web_launcher/_audit_reports/catalog_detector_full_audit_20260612_172311.txt,768,OLD_PROJ_DATA_ROOT,POSSIBLY_LOAD_BEARING,/proj/zefflab/projects/Flooding/Data/emes_server/lelise_INCOMING_RETRY/data/soil/gcn250/cn_avg.tif,/users/e/p/epsilon/Data/Data/emes_server/lelise_INCOMING_RETRY/data/soil/gcn250/cn_avg.tif,True,,"landcover_path: ""/proj/zefflab/projects/Flooding/Data/harris_county/catalogs/static/harris_county/landcover/NLCD_2016_Land_Cover_L48_20190424.img"""
/proj/zefflab/projects/Flooding/pipeline/web_launcher/_audit_reports/catalog_detector_full_audit_20260612_172311.txt,768,OLD_PROJ_DATA_ROOT,POSSIBLY_LOAD_BEARING,/proj/zefflab/projects/Flooding/Data/harris_county/catalogs/events/harvey_2017_mrms/event_discharge/harvey_houston_q_bc.csv,/users/e/p/epsilon/Data/Data/harris_county/catalogs/events/harvey_2017_mrms/event_discharge/harvey_houston_q_bc.csv,True,,"landcover_path: ""/proj/zefflab/projects/Flooding/Data/harris_county/catalogs/static/harris_county/landcover/NLCD_2016_Land_Cover_L48_20190424.img"""
/proj/zefflab/projects/Flooding/pipeline/web_launcher/_audit_reports/catalog_detector_full_audit_20260612_172311.txt,768,OLD_PROJ_DATA_ROOT,POSSIBLY_LOAD_BEARING,/proj/zefflab/projects/Flooding/Data/harris_county/catalogs/events/harvey_2017_mrms/event_precip/harvey_mrms.nc,/users/e/p/epsilon/Data/Data/harris_county/catalogs/events/harvey_2017_mrms/event_precip/harvey_mrms.nc,True,,"landcover_path: ""/proj/zefflab/projects/Flooding/Data/harris_county/catalogs/static/harris_county/landcover/NLCD_2016_Land_Cover_L48_20190424.img"""
/proj/zefflab/projects/Flooding/pipeline/web_launcher/_audit_reports/catalog_detector_full_audit_20260612_172311.txt,768,OLD_PROJ_DATA_ROOT,POSSIBLY_LOAD_BEARING,/proj/zefflab/projects/Flooding/Data/harris_county/catalogs/events/harvey_2017_mrms/event_source_table/event_source_table.csv,/users/e/p/epsilon/Data/Data/harris_county/catalogs/events/harvey_2017_mrms/event_source_table/event_source_table.csv,True,,"landcover_path: ""/proj/zefflab/projects/Flooding/Data/harris_county/catalogs/static/harris_county/landcover/NLCD_2016_Land_Cover_L48_20190424.img"""
/proj/zefflab/projects/Flooding/pipeline/web_launcher/_audit_reports/catalog_detector_full_audit_20260612_172311.txt,768,OLD_PROJ_DATA_ROOT,POSSIBLY_LOAD_BEARING,/proj/zefflab/projects/Flooding/Data/harris_county/catalogs/events/harvey_2017_mrms/event_validation_points/profiles/full_candidates/sfincs_obs_points_full_candidates.xy,/users/e/p/epsilon/Data/Data/harris_county/catalogs/events/harvey_2017_mrms/event_validation_points/profiles/full_candidates/sfincs_obs_points_full_candidates.xy,False,,"landcover_path: ""/proj/zefflab/projects/Flooding/Data/harris_county/catalogs/static/harris_county/landcover/NLCD_2016_Land_Cover_L48_20190424.img"""
/proj/zefflab/projects/Flooding/pipeline/web_launcher/_audit_reports/catalog_detector_full_audit_20260612_172311.txt,768,OLD_PROJ_DATA_ROOT,POSSIBLY_LOAD_BEARING,/proj/zefflab/projects/Flooding/Data/harris_county/catalogs/events/harvey_2017_mrms/event_waterlevel/harvey_houston_wl_bc.csv,/users/e/p/epsilon/Data/Data/harris_county/catalogs/events/harvey_2017_mrms/event_waterlevel/harvey_houston_wl_bc.csv,True,,"landcover_path: ""/proj/zefflab/projects/Flooding/Data/harris_county/catalogs/static/harris_county/landcover/NLCD_2016_Land_Cover_L48_20190424.img"""
/proj/zefflab/projects/Flooding/pipeline/web_launcher/_audit_reports/catalog_detector_full_audit_20260612_172311.txt,768,OLD_PROJ_DATA_ROOT,POSSIBLY_LOAD_BEARING,/proj/zefflab/projects/Flooding/Data/harris_county/catalogs/static/harris_county,/users/e/p/epsilon/Data/Data/harris_county/catalogs/static/harris_county,True,,"landcover_path: ""/proj/zefflab/projects/Flooding/Data/harris_county/catalogs/static/harris_county/landcover/NLCD_2016_Land_Cover_L48_20190424.img"""
/proj/zefflab/projects/Flooding/pipeline/web_launcher/_audit_reports/catalog_detector_full_audit_20260612_172311.txt,768,OLD_PROJ_DATA_ROOT,POSSIBLY_LOAD_BEARING,/proj/zefflab/projects/Flooding/Data/harris_county/catalogs/static/harris_county/landcover/NLCD_2016_Land_Cover_L48_20190424.img,/users/e/p/epsilon/Data/Data/harris_county/catalogs/static/harris_county/landcover/NLCD_2016_Land_Cover_L48_20190424.img,True,,"landcover_path: ""/proj/zefflab/projects/Flooding/Data/harris_county/catalogs/static/harris_county/landcover/NLCD_2016_Land_Cover_L48_20190424.img"""
/proj/zefflab/projects/Flooding/pipeline/web_launcher/_audit_reports/catalog_detector_full_audit_20260612_172311.txt,768,OLD_PROJ_DATA_ROOT,POSSIBLY_LOAD_BEARING,/proj/zefflab/projects/Flooding/Data/harris_county/catalogs/static/harris_county/topobathy/HCFCD_DEM_5m_UTM.tif,/users/e/p/epsilon/Data/Data/harris_county/catalogs/static/harris_county/topobathy/HCFCD_DEM_5m_UTM.tif,True,,"landcover_path: ""/proj/zefflab/projects/Flooding/Data/harris_county/catalogs/static/harris_county/landcover/NLCD_2016_Land_Cover_L48_20190424.img"""
/proj/zefflab/projects/Flooding/pipeline/web_launcher/_audit_reports/catalog_detector_full_audit_20260612_172311.txt,769,OLD_PROJ_DATA_ROOT,POSSIBLY_LOAD_BEARING,/proj/zefflab/projects/Flooding/Data/emes_server/lelise_INCOMING_RETRY/data/soil/gcn250/cn_avg.tif,/users/e/p/epsilon/Data/Data/emes_server/lelise_INCOMING_RETRY/data/soil/gcn250/cn_avg.tif,True,,"rainfall_path: ""/proj/zefflab/projects/Flooding/Data/harris_county/catalogs/events/harvey_2017_mrms/event_precip/harvey_mrms.nc"""
/proj/zefflab/projects/Flooding/pipeline/web_launcher/_audit_reports/catalog_detector_full_audit_20260612_172311.txt,769,OLD_PROJ_DATA_ROOT,POSSIBLY_LOAD_BEARING,/proj/zefflab/projects/Flooding/Data/harris_county/catalogs/events/harvey_2017_mrms/event_discharge/harvey_houston_q_bc.csv,/users/e/p/epsilon/Data/Data/harris_county/catalogs/events/harvey_2017_mrms/event_discharge/harvey_houston_q_bc.csv,True,,"rainfall_path: ""/proj/zefflab/projects/Flooding/Data/harris_county/catalogs/events/harvey_2017_mrms/event_precip/harvey_mrms.nc"""
/proj/zefflab/projects/Flooding/pipeline/web_launcher/_audit_reports/catalog_detector_full_audit_20260612_172311.txt,769,OLD_PROJ_DATA_ROOT,POSSIBLY_LOAD_BEARING,/proj/zefflab/projects/Flooding/Data/harris_county/catalogs/events/harvey_2017_mrms/event_precip/harvey_mrms.nc,/users/e/p/epsilon/Data/Data/harris_county/catalogs/events/harvey_2017_mrms/event_precip/harvey_mrms.nc,True,,"rainfall_path: ""/proj/zefflab/projects/Flooding/Data/harris_county/catalogs/events/harvey_2017_mrms/event_precip/harvey_mrms.nc"""
/proj/zefflab/projects/Flooding/pipeline/web_launcher/_audit_reports/catalog_detector_full_audit_20260612_172311.txt,769,OLD_PROJ_DATA_ROOT,POSSIBLY_LOAD_BEARING,/proj/zefflab/projects/Flooding/Data/harris_county/catalogs/events/harvey_2017_mrms/event_source_table/event_source_table.csv,/users/e/p/epsilon/Data/Data/harris_county/catalogs/events/harvey_2017_mrms/event_source_table/event_source_table.csv,True,,"rainfall_path: ""/proj/zefflab/projects/Flooding/Data/harris_county/catalogs/events/harvey_2017_mrms/event_precip/harvey_mrms.nc"""
/proj/zefflab/projects/Flooding/pipeline/web_launcher/_audit_reports/catalog_detector_full_audit_20260612_172311.txt,769,OLD_PROJ_DATA_ROOT,POSSIBLY_LOAD_BEARING,/proj/zefflab/projects/Flooding/Data/harris_county/catalogs/events/harvey_2017_mrms/event_validation_points/profiles/full_candidates/sfincs_obs_points_full_candidates.xy,/users/e/p/epsilon/Data/Data/harris_county/catalogs/events/harvey_2017_mrms/event_validation_points/profiles/full_candidates/sfincs_obs_points_full_candidates.xy,False,,"rainfall_path: ""/proj/zefflab/projects/Flooding/Data/harris_county/catalogs/events/harvey_2017_mrms/event_precip/harvey_mrms.nc"""
/proj/zefflab/projects/Flooding/pipeline/web_launcher/_audit_reports/catalog_detector_full_audit_20260612_172311.txt,769,OLD_PROJ_DATA_ROOT,POSSIBLY_LOAD_BEARING,/proj/zefflab/projects/Flooding/Data/harris_county/catalogs/events/harvey_2017_mrms/event_waterlevel/harvey_houston_wl_bc.csv,/users/e/p/epsilon/Data/Data/harris_county/catalogs/events/harvey_2017_mrms/event_waterlevel/harvey_houston_wl_bc.csv,True,,"rainfall_path: ""/proj/zefflab/projects/Flooding/Data/harris_county/catalogs/events/harvey_2017_mrms/event_precip/harvey_mrms.nc"""
/proj/zefflab/projects/Flooding/pipeline/web_launcher/_audit_reports/catalog_detector_full_audit_20260612_172311.txt,769,OLD_PROJ_DATA_ROOT,POSSIBLY_LOAD_BEARING,/proj/zefflab/projects/Flooding/Data/harris_county/catalogs/static/harris_county/landcover/NLCD_2016_Land_Cover_L48_20190424.img,/users/e/p/epsilon/Data/Data/harris_county/catalogs/static/harris_county/landcover/NLCD_2016_Land_Cover_L48_20190424.img,True,,"rainfall_path: ""/proj/zefflab/projects/Flooding/Data/harris_county/catalogs/events/harvey_2017_mrms/event_precip/harvey_mrms.nc"""
/proj/zefflab/projects/Flooding/pipeline/web_launcher/_audit_reports/catalog_detector_full_audit_20260612_172311.txt,769,OLD_PROJ_DATA_ROOT,POSSIBLY_LOAD_BEARING,/proj/zefflab/projects/Flooding/Data/harris_county/catalogs/static/harris_county/topobathy/HCFCD_DEM_5m_UTM.tif,/users/e/p/epsilon/Data/Data/harris_county/catalogs/static/harris_county/topobathy/HCFCD_DEM_5m_UTM.tif,True,,"rainfall_path: ""/proj/zefflab/projects/Flooding/Data/harris_county/catalogs/events/harvey_2017_mrms/event_precip/harvey_mrms.nc"""
/proj/zefflab/projects/Flooding/pipeline/web_launcher/_audit_reports/catalog_detector_full_audit_20260612_172311.txt,770,OLD_PROJ_DATA_ROOT,POSSIBLY_LOAD_BEARING,/proj/zefflab/projects/Flooding/Data/emes_server/lelise_INCOMING_RETRY/data/soil/gcn250/cn_avg.tif,/users/e/p/epsilon/Data/Data/emes_server/lelise_INCOMING_RETRY/data/soil/gcn250/cn_avg.tif,True,,"waterlevel_path: ""/proj/zefflab/projects/Flooding/Data/harris_county/catalogs/events/harvey_2017_mrms/event_waterlevel/harvey_houston_wl_bc.csv"""
/proj/zefflab/projects/Flooding/pipeline/web_launcher/_audit_reports/catalog_detector_full_audit_20260612_172311.txt,770,OLD_PROJ_DATA_ROOT,POSSIBLY_LOAD_BEARING,/proj/zefflab/projects/Flooding/Data/harris_county/catalogs/events/harvey_2017_mrms/event_discharge/harvey_houston_q_bc.csv,/users/e/p/epsilon/Data/Data/harris_county/catalogs/events/harvey_2017_mrms/event_discharge/harvey_houston_q_bc.csv,True,,"waterlevel_path: ""/proj/zefflab/projects/Flooding/Data/harris_county/catalogs/events/harvey_2017_mrms/event_waterlevel/harvey_houston_wl_bc.csv"""
/proj/zefflab/projects/Flooding/pipeline/web_launcher/_audit_reports/catalog_detector_full_audit_20260612_172311.txt,770,OLD_PROJ_DATA_ROOT,POSSIBLY_LOAD_BEARING,/proj/zefflab/projects/Flooding/Data/harris_county/catalogs/events/harvey_2017_mrms/event_precip/harvey_mrms.nc,/users/e/p/epsilon/Data/Data/harris_county/catalogs/events/harvey_2017_mrms/event_precip/harvey_mrms.nc,True,,"waterlevel_path: ""/proj/zefflab/projects/Flooding/Data/harris_county/catalogs/events/harvey_2017_mrms/event_waterlevel/harvey_houston_wl_bc.csv"""
/proj/zefflab/projects/Flooding/pipeline/web_launcher/_audit_reports/catalog_detector_full_audit_20260612_172311.txt,770,OLD_PROJ_DATA_ROOT,POSSIBLY_LOAD_BEARING,/proj/zefflab/projects/Flooding/Data/harris_county/catalogs/events/harvey_2017_mrms/event_source_table/event_source_table.csv,/users/e/p/epsilon/Data/Data/harris_county/catalogs/events/harvey_2017_mrms/event_source_table/event_source_table.csv,True,,"waterlevel_path: ""/proj/zefflab/projects/Flooding/Data/harris_county/catalogs/events/harvey_2017_mrms/event_waterlevel/harvey_houston_wl_bc.csv"""
/proj/zefflab/projects/Flooding/pipeline/web_launcher/_audit_reports/catalog_detector_full_audit_20260612_172311.txt,770,OLD_PROJ_DATA_ROOT,POSSIBLY_LOAD_BEARING,/proj/zefflab/projects/Flooding/Data/harris_county/catalogs/events/harvey_2017_mrms/event_validation_lines/reviewed_crs_lines/sfincs_crs_lines_REVIEWED_PLUS_AUTO_CUSTOM.xyxy,/users/e/p/epsilon/Data/Data/harris_county/catalogs/events/harvey_2017_mrms/event_validation_lines/reviewed_crs_lines/sfincs_crs_lines_REVIEWED_PLUS_AUTO_CUSTOM.xyxy,False,,"waterlevel_path: ""/proj/zefflab/projects/Flooding/Data/harris_county/catalogs/events/harvey_2017_mrms/event_waterlevel/harvey_houston_wl_bc.csv"""
/proj/zefflab/projects/Flooding/pipeline/web_launcher/_audit_reports/catalog_detector_full_audit_20260612_172311.txt,770,OLD_PROJ_DATA_ROOT,POSSIBLY_LOAD_BEARING,/proj/zefflab/projects/Flooding/Data/harris_county/catalogs/events/harvey_2017_mrms/event_validation_points/profiles/full_candidates/sfincs_obs_points_full_candidates.xy,/users/e/p/epsilon/Data/Data/harris_county/catalogs/events/harvey_2017_mrms/event_validation_points/profiles/full_candidates/sfincs_obs_points_full_candidates.xy,False,,"waterlevel_path: ""/proj/zefflab/projects/Flooding/Data/harris_county/catalogs/events/harvey_2017_mrms/event_waterlevel/harvey_houston_wl_bc.csv"""
/proj/zefflab/projects/Flooding/pipeline/web_launcher/_audit_reports/catalog_detector_full_audit_20260612_172311.txt,770,OLD_PROJ_DATA_ROOT,POSSIBLY_LOAD_BEARING,/proj/zefflab/projects/Flooding/Data/harris_county/catalogs/events/harvey_2017_mrms/event_waterlevel/harvey_houston_wl_bc.csv,/users/e/p/epsilon/Data/Data/harris_county/catalogs/events/harvey_2017_mrms/event_waterlevel/harvey_houston_wl_bc.csv,True,,"waterlevel_path: ""/proj/zefflab/projects/Flooding/Data/harris_county/catalogs/events/harvey_2017_mrms/event_waterlevel/harvey_houston_wl_bc.csv"""
/proj/zefflab/projects/Flooding/pipeline/web_launcher/_audit_reports/catalog_detector_full_audit_20260612_172311.txt,770,OLD_PROJ_DATA_ROOT,POSSIBLY_LOAD_BEARING,/proj/zefflab/projects/Flooding/Data/harris_county/catalogs/static/harris_county/landcover/NLCD_2016_Land_Cover_L48_20190424.img,/users/e/p/epsilon/Data/Data/harris_county/catalogs/static/harris_county/landcover/NLCD_2016_Land_Cover_L48_20190424.img,True,,"waterlevel_path: ""/proj/zefflab/projects/Flooding/Data/harris_county/catalogs/events/harvey_2017_mrms/event_waterlevel/harvey_houston_wl_bc.csv"""
/proj/zefflab/projects/Flooding/pipeline/web_launcher/_audit_reports/catalog_detector_full_audit_20260612_172311.txt,770,OLD_PROJ_DATA_ROOT,POSSIBLY_LOAD_BEARING,/proj/zefflab/projects/Flooding/Data/harris_county/catalogs/static/harris_county/topobathy/HCFCD_DEM_5m_UTM.tif,/users/e/p/epsilon/Data/Data/harris_county/catalogs/static/harris_county/topobathy/HCFCD_DEM_5m_UTM.tif,True,,"waterlevel_path: ""/proj/zefflab/projects/Flooding/Data/harris_county/catalogs/events/harvey_2017_mrms/event_waterlevel/harvey_houston_wl_bc.csv"""
/proj/zefflab/projects/Flooding/pipeline/web_launcher/_audit_reports/catalog_detector_full_audit_20260612_172311.txt,771,OLD_PROJ_DATA_ROOT,POSSIBLY_LOAD_BEARING,/proj/zefflab/projects/Flooding/Data/emes_server/lelise_INCOMING_RETRY/data/soil/gcn250/cn_avg.tif,/users/e/p/epsilon/Data/Data/emes_server/lelise_INCOMING_RETRY/data/soil/gcn250/cn_avg.tif,True,,"discharge_timeseries_csv_path: ""/proj/zefflab/projects/Flooding/Data/harris_county/catalogs/events/harvey_2017_mrms/event_discharge/harvey_houston_q_bc.csv"""
/proj/zefflab/projects/Flooding/pipeline/web_launcher/_audit_reports/catalog_detector_full_audit_20260612_172311.txt,771,OLD_PROJ_DATA_ROOT,POSSIBLY_LOAD_BEARING,/proj/zefflab/projects/Flooding/Data/harris_county/catalogs/events/harvey_2017_mrms/event_discharge/harvey_houston_q_bc.csv,/users/e/p/epsilon/Data/Data/harris_county/catalogs/events/harvey_2017_mrms/event_discharge/harvey_houston_q_bc.csv,True,,"discharge_timeseries_csv_path: ""/proj/zefflab/projects/Flooding/Data/harris_county/catalogs/events/harvey_2017_mrms/event_discharge/harvey_houston_q_bc.csv"""
/proj/zefflab/projects/Flooding/pipeline/web_launcher/_audit_reports/catalog_detector_full_audit_20260612_172311.txt,771,OLD_PROJ_DATA_ROOT,POSSIBLY_LOAD_BEARING,/proj/zefflab/projects/Flooding/Data/harris_county/catalogs/events/harvey_2017_mrms/event_precip/harvey_mrms.nc,/users/e/p/epsilon/Data/Data/harris_county/catalogs/events/harvey_2017_mrms/event_precip/harvey_mrms.nc,True,,"discharge_timeseries_csv_path: ""/proj/zefflab/projects/Flooding/Data/harris_county/catalogs/events/harvey_2017_mrms/event_discharge/harvey_houston_q_bc.csv"""
/proj/zefflab/projects/Flooding/pipeline/web_launcher/_audit_reports/catalog_detector_full_audit_20260612_172311.txt,771,OLD_PROJ_DATA_ROOT,POSSIBLY_LOAD_BEARING,/proj/zefflab/projects/Flooding/Data/harris_county/catalogs/events/harvey_2017_mrms/event_source_table/event_source_table.csv,/users/e/p/epsilon/Data/Data/harris_county/catalogs/events/harvey_2017_mrms/event_source_table/event_source_table.csv,True,,"discharge_timeseries_csv_path: ""/proj/zefflab/projects/Flooding/Data/harris_county/catalogs/events/harvey_2017_mrms/event_discharge/harvey_houston_q_bc.csv"""
/proj/zefflab/projects/Flooding/pipeline/web_launcher/_audit_reports/catalog_detector_full_audit_20260612_172311.txt,771,OLD_PROJ_DATA_ROOT,POSSIBLY_LOAD_BEARING,/proj/zefflab/projects/Flooding/Data/harris_county/catalogs/events/harvey_2017_mrms/event_validation_lines/reviewed_crs_lines/sfincs_crs_lines_REVIEWED_PLUS_AUTO_CUSTOM.xyxy,/users/e/p/epsilon/Data/Data/harris_county/catalogs/events/harvey_2017_mrms/event_validation_lines/reviewed_crs_lines/sfincs_crs_lines_REVIEWED_PLUS_AUTO_CUSTOM.xyxy,False,,"discharge_timeseries_csv_path: ""/proj/zefflab/projects/Flooding/Data/harris_county/catalogs/events/harvey_2017_mrms/event_discharge/harvey_houston_q_bc.csv"""
/proj/zefflab/projects/Flooding/pipeline/web_launcher/_audit_reports/catalog_detector_full_audit_20260612_172311.txt,771,OLD_PROJ_DATA_ROOT,POSSIBLY_LOAD_BEARING,/proj/zefflab/projects/Flooding/Data/harris_county/catalogs/events/harvey_2017_mrms/event_validation_points/profiles/full_candidates/sfincs_obs_points_full_candidates.xy,/users/e/p/epsilon/Data/Data/harris_county/catalogs/events/harvey_2017_mrms/event_validation_points/profiles/full_candidates/sfincs_obs_points_full_candidates.xy,False,,"discharge_timeseries_csv_path: ""/proj/zefflab/projects/Flooding/Data/harris_county/catalogs/events/harvey_2017_mrms/event_discharge/harvey_houston_q_bc.csv"""
/proj/zefflab/projects/Flooding/pipeline/web_launcher/_audit_reports/catalog_detector_full_audit_20260612_172311.txt,771,OLD_PROJ_DATA_ROOT,POSSIBLY_LOAD_BEARING,/proj/zefflab/projects/Flooding/Data/harris_county/catalogs/events/harvey_2017_mrms/event_waterlevel/harvey_houston_wl_bc.csv,/users/e/p/epsilon/Data/Data/harris_county/catalogs/events/harvey_2017_mrms/event_waterlevel/harvey_houston_wl_bc.csv,True,,"discharge_timeseries_csv_path: ""/proj/zefflab/projects/Flooding/Data/harris_county/catalogs/events/harvey_2017_mrms/event_discharge/harvey_houston_q_bc.csv"""
/proj/zefflab/projects/Flooding/pipeline/web_launcher/_audit_reports/catalog_detector_full_audit_20260612_172311.txt,771,OLD_PROJ_DATA_ROOT,POSSIBLY_LOAD_BEARING,/proj/zefflab/projects/Flooding/Data/harris_county/catalogs/static/harris_county/landcover/NLCD_2016_Land_Cover_L48_20190424.img,/users/e/p/epsilon/Data/Data/harris_county/catalogs/static/harris_county/landcover/NLCD_2016_Land_Cover_L48_20190424.img,True,,"discharge_timeseries_csv_path: ""/proj/zefflab/projects/Flooding/Data/harris_county/catalogs/events/harvey_2017_mrms/event_discharge/harvey_houston_q_bc.csv"""
/proj/zefflab/projects/Flooding/pipeline/web_launcher/_audit_reports/catalog_detector_full_audit_20260612_172311.txt,771,OLD_PROJ_DATA_ROOT,POSSIBLY_LOAD_BEARING,/proj/zefflab/projects/Flooding/Data/harris_county/catalogs/static/harris_county/topobathy/HCFCD_DEM_5m_UTM.tif,/users/e/p/epsilon/Data/Data/harris_county/catalogs/static/harris_county/topobathy/HCFCD_DEM_5m_UTM.tif,True,,"discharge_timeseries_csv_path: ""/proj/zefflab/projects/Flooding/Data/harris_county/catalogs/events/harvey_2017_mrms/event_discharge/harvey_houston_q_bc.csv"""
/proj/zefflab/projects/Flooding/pipeline/web_launcher/_audit_reports/catalog_detector_full_audit_20260612_172311.txt,772,OLD_PROJ_DATA_ROOT,POSSIBLY_LOAD_BEARING,/proj/zefflab/projects/Flooding/Data/emes_server/lelise_INCOMING_RETRY/data/soil/gcn250/cn_avg.tif,/users/e/p/epsilon/Data/Data/emes_server/lelise_INCOMING_RETRY/data/soil/gcn250/cn_avg.tif,True,,"discharge_points_csv_path: ""/proj/zefflab/projects/Flooding/Data/harris_county/catalogs/events/harvey_2017_mrms/event_source_table/event_source_table.csv"""
/proj/zefflab/projects/Flooding/pipeline/web_launcher/_audit_reports/catalog_detector_full_audit_20260612_172311.txt,772,OLD_PROJ_DATA_ROOT,POSSIBLY_LOAD_BEARING,/proj/zefflab/projects/Flooding/Data/harris_county/catalogs/events/harvey_2017_mrms/event_discharge/harvey_houston_q_bc.csv,/users/e/p/epsilon/Data/Data/harris_county/catalogs/events/harvey_2017_mrms/event_discharge/harvey_houston_q_bc.csv,True,,"discharge_points_csv_path: ""/proj/zefflab/projects/Flooding/Data/harris_county/catalogs/events/harvey_2017_mrms/event_source_table/event_source_table.csv"""
/proj/zefflab/projects/Flooding/pipeline/web_launcher/_audit_reports/catalog_detector_full_audit_20260612_172311.txt,772,OLD_PROJ_DATA_ROOT,POSSIBLY_LOAD_BEARING,/proj/zefflab/projects/Flooding/Data/harris_county/catalogs/events/harvey_2017_mrms/event_precip/harvey_mrms.nc,/users/e/p/epsilon/Data/Data/harris_county/catalogs/events/harvey_2017_mrms/event_precip/harvey_mrms.nc,True,,"discharge_points_csv_path: ""/proj/zefflab/projects/Flooding/Data/harris_county/catalogs/events/harvey_2017_mrms/event_source_table/event_source_table.csv"""
/proj/zefflab/projects/Flooding/pipeline/web_launcher/_audit_reports/catalog_detector_full_audit_20260612_172311.txt,772,OLD_PROJ_DATA_ROOT,POSSIBLY_LOAD_BEARING,/proj/zefflab/projects/Flooding/Data/harris_county/catalogs/events/harvey_2017_mrms/event_source_table/event_source_table.csv,/users/e/p/epsilon/Data/Data/harris_county/catalogs/events/harvey_2017_mrms/event_source_table/event_source_table.csv,True,,"discharge_points_csv_path: ""/proj/zefflab/projects/Flooding/Data/harris_county/catalogs/events/harvey_2017_mrms/event_source_table/event_source_table.csv"""
/proj/zefflab/projects/Flooding/pipeline/web_launcher/_audit_reports/catalog_detector_full_audit_20260612_172311.txt,772,OLD_PROJ_DATA_ROOT,POSSIBLY_LOAD_BEARING,/proj/zefflab/projects/Flooding/Data/harris_county/catalogs/events/harvey_2017_mrms/event_validation_lines/reviewed_crs_lines/sfincs_crs_lines_REVIEWED_PLUS_AUTO_CUSTOM.xyxy,/users/e/p/epsilon/Data/Data/harris_county/catalogs/events/harvey_2017_mrms/event_validation_lines/reviewed_crs_lines/sfincs_crs_lines_REVIEWED_PLUS_AUTO_CUSTOM.xyxy,False,,"discharge_points_csv_path: ""/proj/zefflab/projects/Flooding/Data/harris_county/catalogs/events/harvey_2017_mrms/event_source_table/event_source_table.csv"""
/proj/zefflab/projects/Flooding/pipeline/web_launcher/_audit_reports/catalog_detector_full_audit_20260612_172311.txt,772,OLD_PROJ_DATA_ROOT,POSSIBLY_LOAD_BEARING,/proj/zefflab/projects/Flooding/Data/harris_county/catalogs/events/harvey_2017_mrms/event_validation_points/profiles/full_candidates/sfincs_obs_points_full_candidates.xy,/users/e/p/epsilon/Data/Data/harris_county/catalogs/events/harvey_2017_mrms/event_validation_points/profiles/full_candidates/sfincs_obs_points_full_candidates.xy,False,,"discharge_points_csv_path: ""/proj/zefflab/projects/Flooding/Data/harris_county/catalogs/events/harvey_2017_mrms/event_source_table/event_source_table.csv"""
/proj/zefflab/projects/Flooding/pipeline/web_launcher/_audit_reports/catalog_detector_full_audit_20260612_172311.txt,772,OLD_PROJ_DATA_ROOT,POSSIBLY_LOAD_BEARING,/proj/zefflab/projects/Flooding/Data/harris_county/catalogs/events/harvey_2017_mrms/event_waterlevel/harvey_houston_wl_bc.csv,/users/e/p/epsilon/Data/Data/harris_county/catalogs/events/harvey_2017_mrms/event_waterlevel/harvey_houston_wl_bc.csv,True,,"discharge_points_csv_path: ""/proj/zefflab/projects/Flooding/Data/harris_county/catalogs/events/harvey_2017_mrms/event_source_table/event_source_table.csv"""
/proj/zefflab/projects/Flooding/pipeline/web_launcher/_audit_reports/catalog_detector_full_audit_20260612_172311.txt,772,OLD_PROJ_DATA_ROOT,POSSIBLY_LOAD_BEARING,/proj/zefflab/projects/Flooding/Data/harris_county/catalogs/static/harris_county/landcover/NLCD_2016_Land_Cover_L48_20190424.img,/users/e/p/epsilon/Data/Data/harris_county/catalogs/static/harris_county/landcover/NLCD_2016_Land_Cover_L48_20190424.img,True,,"discharge_points_csv_path: ""/proj/zefflab/projects/Flooding/Data/harris_county/catalogs/events/harvey_2017_mrms/event_source_table/event_source_table.csv"""
/proj/zefflab/projects/Flooding/pipeline/web_launcher/_audit_reports/catalog_detector_full_audit_20260612_172311.txt,775,OLD_PROJ_DATA_ROOT,POSSIBLY_LOAD_BEARING,/proj/zefflab/projects/Flooding/Data/emes_server/lelise_INCOMING_RETRY/data/soil/gcn250/cn_avg.tif,/users/e/p/epsilon/Data/Data/emes_server/lelise_INCOMING_RETRY/data/soil/gcn250/cn_avg.tif,True,,"curve_number_path: ""/proj/zefflab/projects/Flooding/Data/emes_server/lelise_INCOMING_RETRY/data/soil/gcn250/cn_avg.tif"""
/proj/zefflab/projects/Flooding/pipeline/web_launcher/_audit_reports/catalog_detector_full_audit_20260612_172311.txt,775,OLD_PROJ_DATA_ROOT,POSSIBLY_LOAD_BEARING,/proj/zefflab/projects/Flooding/Data/harris_county/catalogs/events/harvey_2017_mrms/event_discharge/harvey_houston_q_bc.csv,/users/e/p/epsilon/Data/Data/harris_county/catalogs/events/harvey_2017_mrms/event_discharge/harvey_houston_q_bc.csv,True,,"curve_number_path: ""/proj/zefflab/projects/Flooding/Data/emes_server/lelise_INCOMING_RETRY/data/soil/gcn250/cn_avg.tif"""
/proj/zefflab/projects/Flooding/pipeline/web_launcher/_audit_reports/catalog_detector_full_audit_20260612_172311.txt,775,OLD_PROJ_DATA_ROOT,POSSIBLY_LOAD_BEARING,/proj/zefflab/projects/Flooding/Data/harris_county/catalogs/events/harvey_2017_mrms/event_precip/harvey_mrms.nc,/users/e/p/epsilon/Data/Data/harris_county/catalogs/events/harvey_2017_mrms/event_precip/harvey_mrms.nc,True,,"curve_number_path: ""/proj/zefflab/projects/Flooding/Data/emes_server/lelise_INCOMING_RETRY/data/soil/gcn250/cn_avg.tif"""
/proj/zefflab/projects/Flooding/pipeline/web_launcher/_audit_reports/catalog_detector_full_audit_20260612_172311.txt,775,OLD_PROJ_DATA_ROOT,POSSIBLY_LOAD_BEARING,/proj/zefflab/projects/Flooding/Data/harris_county/catalogs/events/harvey_2017_mrms/event_source_table/event_source_table.csv,/users/e/p/epsilon/Data/Data/harris_county/catalogs/events/harvey_2017_mrms/event_source_table/event_source_table.csv,True,,"curve_number_path: ""/proj/zefflab/projects/Flooding/Data/emes_server/lelise_INCOMING_RETRY/data/soil/gcn250/cn_avg.tif"""
/proj/zefflab/projects/Flooding/pipeline/web_launcher/_audit_reports/catalog_detector_full_audit_20260612_172311.txt,775,OLD_PROJ_DATA_ROOT,POSSIBLY_LOAD_BEARING,/proj/zefflab/projects/Flooding/Data/harris_county/catalogs/events/harvey_2017_mrms/event_validation_lines/reviewed_crs_lines/sfincs_crs_lines_REVIEWED_PLUS_AUTO_CUSTOM.xyxy,/users/e/p/epsilon/Data/Data/harris_county/catalogs/events/harvey_2017_mrms/event_validation_lines/reviewed_crs_lines/sfincs_crs_lines_REVIEWED_PLUS_AUTO_CUSTOM.xyxy,False,,"curve_number_path: ""/proj/zefflab/projects/Flooding/Data/emes_server/lelise_INCOMING_RETRY/data/soil/gcn250/cn_avg.tif"""
/proj/zefflab/projects/Flooding/pipeline/web_launcher/_audit_reports/catalog_detector_full_audit_20260612_172311.txt,775,OLD_PROJ_DATA_ROOT,POSSIBLY_LOAD_BEARING,/proj/zefflab/projects/Flooding/Data/harris_county/catalogs/events/harvey_2017_mrms/event_validation_points/profiles/full_candidates/sfincs_obs_points_full_candidates.xy,/users/e/p/epsilon/Data/Data/harris_county/catalogs/events/harvey_2017_mrms/event_validation_points/profiles/full_candidates/sfincs_obs_points_full_candidates.xy,False,,"curve_number_path: ""/proj/zefflab/projects/Flooding/Data/emes_server/lelise_INCOMING_RETRY/data/soil/gcn250/cn_avg.tif"""
/proj/zefflab/projects/Flooding/pipeline/web_launcher/_audit_reports/catalog_detector_full_audit_20260612_172311.txt,775,OLD_PROJ_DATA_ROOT,POSSIBLY_LOAD_BEARING,/proj/zefflab/projects/Flooding/Data/harris_county/catalogs/events/harvey_2017_mrms/event_waterlevel/harvey_houston_wl_bc.csv,/users/e/p/epsilon/Data/Data/harris_county/catalogs/events/harvey_2017_mrms/event_waterlevel/harvey_houston_wl_bc.csv,True,,"curve_number_path: ""/proj/zefflab/projects/Flooding/Data/emes_server/lelise_INCOMING_RETRY/data/soil/gcn250/cn_avg.tif"""
/proj/zefflab/projects/Flooding/pipeline/web_launcher/_audit_reports/catalog_detector_full_audit_20260612_172311.txt,775,OLD_PROJ_DATA_ROOT,POSSIBLY_LOAD_BEARING,/proj/zefflab/projects/Flooding/Data/harris_county/catalogs/static/harris_county/landcover/NLCD_2016_Land_Cover_L48_20190424.img,/users/e/p/epsilon/Data/Data/harris_county/catalogs/static/harris_county/landcover/NLCD_2016_Land_Cover_L48_20190424.img,True,,"curve_number_path: ""/proj/zefflab/projects/Flooding/Data/emes_server/lelise_INCOMING_RETRY/data/soil/gcn250/cn_avg.tif"""
/proj/zefflab/projects/Flooding/pipeline/web_launcher/_audit_reports/catalog_detector_full_audit_20260612_172311.txt,776,OLD_PROJ_DATA_ROOT,POSSIBLY_LOAD_BEARING,/proj/zefflab/projects/Flooding/Data/emes_server/lelise_INCOMING_RETRY/data/soil/gcn250/cn_avg.tif,/users/e/p/epsilon/Data/Data/emes_server/lelise_INCOMING_RETRY/data/soil/gcn250/cn_avg.tif,True,,"obs_points_path: ""/proj/zefflab/projects/Flooding/Data/harris_county/catalogs/events/harvey_2017_mrms/event_validation_points/profiles/full_candidates/sfincs_obs_points_full_candidates.xy"""
/proj/zefflab/projects/Flooding/pipeline/web_launcher/_audit_reports/catalog_detector_full_audit_20260612_172311.txt,776,OLD_PROJ_DATA_ROOT,POSSIBLY_LOAD_BEARING,/proj/zefflab/projects/Flooding/Data/harris_county/catalogs/events/harvey_2017_mrms/event_discharge/harvey_houston_q_bc.csv,/users/e/p/epsilon/Data/Data/harris_county/catalogs/events/harvey_2017_mrms/event_discharge/harvey_houston_q_bc.csv,True,,"obs_points_path: ""/proj/zefflab/projects/Flooding/Data/harris_county/catalogs/events/harvey_2017_mrms/event_validation_points/profiles/full_candidates/sfincs_obs_points_full_candidates.xy"""
/proj/zefflab/projects/Flooding/pipeline/web_launcher/_audit_reports/catalog_detector_full_audit_20260612_172311.txt,776,OLD_PROJ_DATA_ROOT,POSSIBLY_LOAD_BEARING,/proj/zefflab/projects/Flooding/Data/harris_county/catalogs/events/harvey_2017_mrms/event_precip/harvey_mrms.nc,/users/e/p/epsilon/Data/Data/harris_county/catalogs/events/harvey_2017_mrms/event_precip/harvey_mrms.nc,True,,"obs_points_path: ""/proj/zefflab/projects/Flooding/Data/harris_county/catalogs/events/harvey_2017_mrms/event_validation_points/profiles/full_candidates/sfincs_obs_points_full_candidates.xy"""
/proj/zefflab/projects/Flooding/pipeline/web_launcher/_audit_reports/catalog_detector_full_audit_20260612_172311.txt,776,OLD_PROJ_DATA_ROOT,POSSIBLY_LOAD_BEARING,/proj/zefflab/projects/Flooding/Data/harris_county/catalogs/events/harvey_2017_mrms/event_source_table/event_source_table.csv,/users/e/p/epsilon/Data/Data/harris_county/catalogs/events/harvey_2017_mrms/event_source_table/event_source_table.csv,True,,"obs_points_path: ""/proj/zefflab/projects/Flooding/Data/harris_county/catalogs/events/harvey_2017_mrms/event_validation_points/profiles/full_candidates/sfincs_obs_points_full_candidates.xy"""
/proj/zefflab/projects/Flooding/pipeline/web_launcher/_audit_reports/catalog_detector_full_audit_20260612_172311.txt,776,OLD_PROJ_DATA_ROOT,POSSIBLY_LOAD_BEARING,/proj/zefflab/projects/Flooding/Data/harris_county/catalogs/events/harvey_2017_mrms/event_validation_lines/reviewed_crs_lines/sfincs_crs_lines_REVIEWED_PLUS_AUTO_CUSTOM.xyxy,/users/e/p/epsilon/Data/Data/harris_county/catalogs/events/harvey_2017_mrms/event_validation_lines/reviewed_crs_lines/sfincs_crs_lines_REVIEWED_PLUS_AUTO_CUSTOM.xyxy,False,,"obs_points_path: ""/proj/zefflab/projects/Flooding/Data/harris_county/catalogs/events/harvey_2017_mrms/event_validation_points/profiles/full_candidates/sfincs_obs_points_full_candidates.xy"""
/proj/zefflab/projects/Flooding/pipeline/web_launcher/_audit_reports/catalog_detector_full_audit_20260612_172311.txt,776,OLD_PROJ_DATA_ROOT,POSSIBLY_LOAD_BEARING,/proj/zefflab/projects/Flooding/Data/harris_county/catalogs/events/harvey_2017_mrms/event_validation_points/profiles/full_candidates/sfincs_obs_points_full_candidates.xy,/users/e/p/epsilon/Data/Data/harris_county/catalogs/events/harvey_2017_mrms/event_validation_points/profiles/full_candidates/sfincs_obs_points_full_candidates.xy,False,,"obs_points_path: ""/proj/zefflab/projects/Flooding/Data/harris_county/catalogs/events/harvey_2017_mrms/event_validation_points/profiles/full_candidates/sfincs_obs_points_full_candidates.xy"""
/proj/zefflab/projects/Flooding/pipeline/web_launcher/_audit_reports/catalog_detector_full_audit_20260612_172311.txt,776,OLD_PROJ_DATA_ROOT,POSSIBLY_LOAD_BEARING,/proj/zefflab/projects/Flooding/Data/harris_county/catalogs/events/harvey_2017_mrms/event_waterlevel/harvey_houston_wl_bc.csv,/users/e/p/epsilon/Data/Data/harris_county/catalogs/events/harvey_2017_mrms/event_waterlevel/harvey_houston_wl_bc.csv,True,,"obs_points_path: ""/proj/zefflab/projects/Flooding/Data/harris_county/catalogs/events/harvey_2017_mrms/event_validation_points/profiles/full_candidates/sfincs_obs_points_full_candidates.xy"""
/proj/zefflab/projects/Flooding/pipeline/web_launcher/_audit_reports/catalog_detector_full_audit_20260612_172311.txt,776,OLD_PROJ_DATA_ROOT,POSSIBLY_LOAD_BEARING,/proj/zefflab/projects/Flooding/Data/harris_county/catalogs/static/harris_county/landcover/NLCD_2016_Land_Cover_L48_20190424.img,/users/e/p/epsilon/Data/Data/harris_county/catalogs/static/harris_county/landcover/NLCD_2016_Land_Cover_L48_20190424.img,True,,"obs_points_path: ""/proj/zefflab/projects/Flooding/Data/harris_county/catalogs/events/harvey_2017_mrms/event_validation_points/profiles/full_candidates/sfincs_obs_points_full_candidates.xy"""
/proj/zefflab/projects/Flooding/pipeline/web_launcher/_audit_reports/catalog_detector_full_audit_20260612_172311.txt,778,OLD_PROJ_DATA_ROOT,POSSIBLY_LOAD_BEARING,/proj/zefflab/projects/Flooding/Data/emes_server/lelise_INCOMING_RETRY/data/soil/gcn250/cn_avg.tif,/users/e/p/epsilon/Data/Data/emes_server/lelise_INCOMING_RETRY/data/soil/gcn250/cn_avg.tif,True,,"obs_lines_path: ""/proj/zefflab/projects/Flooding/Data/harris_county/catalogs/events/harvey_2017_mrms/event_validation_lines/reviewed_crs_lines/sfincs_crs_lines_REVIEWED_PLUS_AUTO_CUSTOM.xyxy"""
/proj/zefflab/projects/Flooding/pipeline/web_launcher/_audit_reports/catalog_detector_full_audit_20260612_172311.txt,778,OLD_PROJ_DATA_ROOT,POSSIBLY_LOAD_BEARING,/proj/zefflab/projects/Flooding/Data/harris_county/catalogs/events/harvey_2017_mrms/event_discharge/harvey_houston_q_bc.csv,/users/e/p/epsilon/Data/Data/harris_county/catalogs/events/harvey_2017_mrms/event_discharge/harvey_houston_q_bc.csv,True,,"obs_lines_path: ""/proj/zefflab/projects/Flooding/Data/harris_county/catalogs/events/harvey_2017_mrms/event_validation_lines/reviewed_crs_lines/sfincs_crs_lines_REVIEWED_PLUS_AUTO_CUSTOM.xyxy"""
/proj/zefflab/projects/Flooding/pipeline/web_launcher/_audit_reports/catalog_detector_full_audit_20260612_172311.txt,778,OLD_PROJ_DATA_ROOT,POSSIBLY_LOAD_BEARING,/proj/zefflab/projects/Flooding/Data/harris_county/catalogs/events/harvey_2017_mrms/event_source_table/event_source_table.csv,/users/e/p/epsilon/Data/Data/harris_county/catalogs/events/harvey_2017_mrms/event_source_table/event_source_table.csv,True,,"obs_lines_path: ""/proj/zefflab/projects/Flooding/Data/harris_county/catalogs/events/harvey_2017_mrms/event_validation_lines/reviewed_crs_lines/sfincs_crs_lines_REVIEWED_PLUS_AUTO_CUSTOM.xyxy"""
/proj/zefflab/projects/Flooding/pipeline/web_launcher/_audit_reports/catalog_detector_full_audit_20260612_172311.txt,778,OLD_PROJ_DATA_ROOT,POSSIBLY_LOAD_BEARING,/proj/zefflab/projects/Flooding/Data/harris_county/catalogs/events/harvey_2017_mrms/event_validation_lines/reviewed_crs_lines/sfincs_crs_lines_REVIEWED_PLUS_AUTO_CUSTOM.xyxy,/users/e/p/epsilon/Data/Data/harris_county/catalogs/events/harvey_2017_mrms/event_validation_lines/reviewed_crs_lines/sfincs_crs_lines_REVIEWED_PLUS_AUTO_CUSTOM.xyxy,False,,"obs_lines_path: ""/proj/zefflab/projects/Flooding/Data/harris_county/catalogs/events/harvey_2017_mrms/event_validation_lines/reviewed_crs_lines/sfincs_crs_lines_REVIEWED_PLUS_AUTO_CUSTOM.xyxy"""
/proj/zefflab/projects/Flooding/pipeline/web_launcher/_audit_reports/catalog_detector_full_audit_20260612_172311.txt,778,OLD_PROJ_DATA_ROOT,POSSIBLY_LOAD_BEARING,/proj/zefflab/projects/Flooding/Data/harris_county/catalogs/events/harvey_2017_mrms/event_validation_points/profiles/full_candidates/sfincs_obs_points_full_candidates.xy,/users/e/p/epsilon/Data/Data/harris_county/catalogs/events/harvey_2017_mrms/event_validation_points/profiles/full_candidates/sfincs_obs_points_full_candidates.xy,False,,"obs_lines_path: ""/proj/zefflab/projects/Flooding/Data/harris_county/catalogs/events/harvey_2017_mrms/event_validation_lines/reviewed_crs_lines/sfincs_crs_lines_REVIEWED_PLUS_AUTO_CUSTOM.xyxy"""
/proj/zefflab/projects/Flooding/pipeline/web_launcher/_audit_reports/catalog_detector_full_audit_20260612_172311.txt,778,OLD_PROJ_DATA_ROOT,POSSIBLY_LOAD_BEARING,/proj/zefflab/projects/Flooding/Data/harris_county/catalogs/events/harvey_2017_mrms/event_waterlevel/harvey_houston_wl_bc.csv,/users/e/p/epsilon/Data/Data/harris_county/catalogs/events/harvey_2017_mrms/event_waterlevel/harvey_houston_wl_bc.csv,True,,"obs_lines_path: ""/proj/zefflab/projects/Flooding/Data/harris_county/catalogs/events/harvey_2017_mrms/event_validation_lines/reviewed_crs_lines/sfincs_crs_lines_REVIEWED_PLUS_AUTO_CUSTOM.xyxy"""
/proj/zefflab/projects/Flooding/pipeline/web_launcher/_audit_reports/dem_active_hole_test_20260612_195202/summary.txt,1,OLD_PROJ_DATA_ROOT,UNCLEAR_REVIEW,/proj/zefflab/projects/Flooding/Data/harris_county/catalogs/static/harris_county/topobathy/HCFCD_DEM_5m_UTM.tif,/users/e/p/epsilon/Data/Data/harris_county/catalogs/static/harris_county/topobathy/HCFCD_DEM_5m_UTM.tif,True,,DEM: /proj/zefflab/projects/Flooding/Data/harris_county/catalogs/static/harris_county/topobathy/HCFCD_DEM_5m_UTM.tif
/proj/zefflab/projects/Flooding/pipeline/web_launcher/_audit_reports/dem_active_hole_test_20260612_195202/summary.txt,1,OLD_PROJ_DATA_ROOT,UNCLEAR_REVIEW,/proj/zefflab/projects/Flooding/Data/harris_county/catalogs/static/harris_county_ppp/gis/msk.tif,/users/e/p/epsilon/Data/Data/harris_county/catalogs/static/harris_county_ppp/gis/msk.tif,True,,DEM: /proj/zefflab/projects/Flooding/Data/harris_county/catalogs/static/harris_county/topobathy/HCFCD_DEM_5m_UTM.tif
/proj/zefflab/projects/Flooding/pipeline/web_launcher/_audit_reports/dem_active_hole_test_20260612_195202/summary.txt,2,OLD_PROJ_DATA_ROOT,UNCLEAR_REVIEW,/proj/zefflab/projects/Flooding/Data/harris_county/catalogs/static/harris_county/topobathy/HCFCD_DEM_5m_UTM.tif,/users/e/p/epsilon/Data/Data/harris_county/catalogs/static/harris_county/topobathy/HCFCD_DEM_5m_UTM.tif,True,,MSK: /proj/zefflab/projects/Flooding/Data/harris_county/catalogs/static/harris_county_ppp/gis/msk.tif
/proj/zefflab/projects/Flooding/pipeline/web_launcher/_audit_reports/dem_active_hole_test_20260612_195202/summary.txt,2,OLD_PROJ_DATA_ROOT,UNCLEAR_REVIEW,/proj/zefflab/projects/Flooding/Data/harris_county/catalogs/static/harris_county_ppp/gis/msk.tif,/users/e/p/epsilon/Data/Data/harris_county/catalogs/static/harris_county_ppp/gis/msk.tif,True,,MSK: /proj/zefflab/projects/Flooding/Data/harris_county/catalogs/static/harris_county_ppp/gis/msk.tif
/proj/zefflab/projects/Flooding/pipeline/web_launcher/_audit_reports/dem_nan_coverage_20260612_194733/summary.txt,1,OLD_PROJ_DATA_ROOT,UNCLEAR_REVIEW,/proj/zefflab/projects/Flooding/Data/harris_county/catalogs/static/harris_county/topobathy/HCFCD_DEM_5m_UTM.tif,/users/e/p/epsilon/Data/Data/harris_county/catalogs/static/harris_county/topobathy/HCFCD_DEM_5m_UTM.tif,True,,DEM: /proj/zefflab/projects/Flooding/Data/harris_county/catalogs/static/harris_county/topobathy/HCFCD_DEM_5m_UTM.tif
/proj/zefflab/projects/Flooding/pipeline/web_launcher/_audit_reports/dem_nan_coverage_20260612_194733/summary.txt,12,OLD_PROJ_DATA_ROOT,UNCLEAR_REVIEW,/proj/zefflab/projects/Flooding/Data/harris_county/catalogs/static/harris_county_ppp/gis/msk.tif,/users/e/p/epsilon/Data/Data/harris_county/catalogs/static/harris_county_ppp/gis/msk.tif,True,,PPP mask: /proj/zefflab/projects/Flooding/Data/harris_county/catalogs/static/harris_county_ppp/gis/msk.tif
/proj/zefflab/projects/Flooding/Validation/Code/correlation_graph_generator.py,41,OLD_PROJ_DATA_ROOT,PROBABLY_DEFAULT_BUT_REVIEW,/proj/zefflab/projects/Flooding/Data/harris_county/catalogs/events,/users/e/p/epsilon/Data/Data/harris_county/catalogs/events,True,,"EVENTS_ROOT = Path(""/proj/zefflab/projects/Flooding/Data/harris_county/catalogs/events"")"
/proj/zefflab/projects/Flooding/Validation/Code/raw_dem_depth_correlation_graph_generator.py,61,OLD_PROJ_DATA_ROOT,PROBABLY_DEFAULT_BUT_REVIEW,/proj/zefflab/projects/Flooding/Data/harris_county/catalogs/events,/users/e/p/epsilon/Data/Data/harris_county/catalogs/events,True,,"EVENTS_ROOT = Path(""/proj/zefflab/projects/Flooding/Data/harris_county/catalogs/events"")"
/proj/zefflab/projects/Flooding/Validation/Code/raw_dem_depth_correlation_graph_generator.py,61,OLD_PROJ_DATA_ROOT,PROBABLY_DEFAULT_BUT_REVIEW,/proj/zefflab/projects/Flooding/Data/harris_county/catalogs/static/,/users/e/p/epsilon/Data/Data/harris_county/catalogs/static/,True,,"EVENTS_ROOT = Path(""/proj/zefflab/projects/Flooding/Data/harris_county/catalogs/events"")"
/proj/zefflab/projects/Flooding/Validation/Code/raw_dem_depth_correlation_graph_generator.py,69,OLD_PROJ_DATA_ROOT,PROBABLY_DEFAULT_BUT_REVIEW,/proj/zefflab/projects/Flooding/Data/harris_county/catalogs/events,/users/e/p/epsilon/Data/Data/harris_county/catalogs/events,True,,"""/proj/zefflab/projects/Flooding/Data/harris_county/catalogs/static/"""
/proj/zefflab/projects/Flooding/Validation/Code/raw_dem_depth_correlation_graph_generator.py,69,OLD_PROJ_DATA_ROOT,PROBABLY_DEFAULT_BUT_REVIEW,/proj/zefflab/projects/Flooding/Data/harris_county/catalogs/static/,/users/e/p/epsilon/Data/Data/harris_county/catalogs/static/,True,,"""/proj/zefflab/projects/Flooding/Data/harris_county/catalogs/static/"""
/proj/zefflab/projects/Flooding/Validation/Code/Data Catalog Validation Scripts/apply_harvey_3_boundary_catalog_repair.py,41,OLD_PROJ_DATA_ROOT,PROBABLY_DEFAULT_BUT_REVIEW,/proj/zefflab/projects/Flooding/Data/harris_county/catalogs/events/harvey_2017_mrms,/users/e/p/epsilon/Data/Data/harris_county/catalogs/events/harvey_2017_mrms,True,,"EVENT_ROOT = Path(""/proj/zefflab/projects/Flooding/Data/harris_county/catalogs/events/harvey_2017_mrms"")"
/proj/zefflab/projects/Flooding/Validation/Code/Data Catalog Validation Scripts/audit_14_event_boundary_point_maps.py,38,OLD_PROJ_DATA_ROOT,PROBABLY_DEFAULT_BUT_REVIEW,/proj/zefflab/projects/Flooding/Data/harris_county/catalogs/events,/users/e/p/epsilon/Data/Data/harris_county/catalogs/events,True,,"EVENTS_ROOT = Path(""/proj/zefflab/projects/Flooding/Data/harris_county/catalogs/events"")"
